qid,id,category,trial,answer,pred,response
KIIP_politics_62,KIIP_politics_62,Politics,0,B,B,"일제강점기는 1910년부터 1945년까지였으며, 일본이 제2차 세계대전에서 연합국에 항복하면서 한국은 해방을 맞이했습니다. 일본의 항복 선언일은 1945년 8월 15일로, 이 날을 광복절로 기념합니다. 따라서 정답은 B입니다.

### ANSWER
B"
KIIP_politics_63,KIIP_politics_63,Politics,0,D,D,"### ANSWER
D"
KIIP_politics_64,KIIP_politics_64,Politics,0,B,B,"한국전쟁은 1950년 6월 25일 새벽에 북한군이 38선을 넘어 남침하면서 시작되었습니다. 이 날짜는 한국 현대사에서 가장 중요한 분기점 중 하나로, 이후 유엔군의 참전과 정전 협정 체결까지 이어졌습니다. 따라서 보기 중 정답은 1950년 6월 25일입니다.

### ANSWER
B"
KIIP_politics_65,KIIP_politics_65,Politics,0,C,C,"### ANSWER
C"
KIIP_politics_66,KIIP_politics_66,Politics,0,C,C,"### ANSWER
C"
KIIP_politics_67,KIIP_politics_67,Politics,0,A,A,"남북관계 개선 이후 가장 두드러진 변화는 경제적·문화적 교류의 증가이다. 개성공단, 금강산 관광, 이산가족 상봉, 문화공연 교류 등이 대표적인 예이다. 군사적 협력이나 정치적 동맹은 완전히 성립되지 않았고, 과학기술 교류도 경제·문화 교류에 비해 제한적이었다. 따라서 정답은 A이다.

### ANSWER
A"
KIIP_politics_68,KIIP_politics_68,Politics,0,B,C,"### ANSWER
C"
KIIP_politics_69,KIIP_politics_69,Politics,0,B,B,B
KIIP_tradition_128,KIIP_tradition_128,Tradition,0,B,B,"돌잔치에서 받은 금반지는 단순히 보관만 하는 것이 아니라, 아이가 자라 결혼할 때 결혼반지로 다시 만들어 활용하는 전통이 있다. 따라서 가장 적절한 선택지는 B이다.

### ANSWER
B"
KIIP_tradition_129,KIIP_tradition_129,Tradition,0,D,D,"금값이 크게 오르면서 돌잔치에서 전통적으로 선물하던 금반지 대신 부담이 적은 현금 형태의 축의금을 주는 경우가 많아졌습니다. 따라서 정답은 축의금입니다.

### ANSWER
D"
KIIP_tradition_130,KIIP_tradition_130,Tradition,0,B,B,"### ANSWER
B"
KIIP_tradition_131,KIIP_tradition_131,Tradition,0,A,A,"한국에서는 생일을 가족이나 친구들과 함께 모여 식사를 하고 선물을 주고받는 것이 일반적입니다. 따라서 가장 적절한 선택지는 A입니다.

### ANSWER
A"
KIIP_tradition_132,KIIP_tradition_132,Tradition,0,C,C,"In Korean culture, miyeokguk (seaweed soup) is traditionally eaten on birthdays to honor the mother and symbolize health. The other options are common Korean dishes but are not specifically associated with birthday celebrations. Therefore, the correct choice is C.

### ANSWER
C"
KIIP_tradition_133,KIIP_tradition_133,Tradition,0,A,A,"한국에서는 아이의 첫 번째 생일인 돌과 60번째 생일인 환갑을 특별한 의미로 기념합니다.

### ANSWER
A"
KIIP_tradition_134,KIIP_tradition_134,Tradition,0,B,B,"한국에서는 아기가 태어난 지 100일이 되는 날을 '백일'이라고 하며, 이날 백일잔치를 열어 아기의 건강과 장수를 기원하는 전통이 있다. 따라서 정답은 100일이다.

### ANSWER
B"
KIIP_tradition_135,KIIP_tradition_135,Tradition,0,B,B,"한국에서 아기의 첫 번째 생일을 기념하는 잔치를 ‘돌잔치’라고 부릅니다. 백일잔치는 태어난 지 100일, 환갑잔치는 60세, 칠순잔치는 70세를 기념하는 행사입니다. 따라서 정답은 B입니다.

### ANSWER
B"
KIIP_law_31,KIIP_law_31,Law,0,A,A,"In Korean family law, divorce is legally achieved through either consensual divorce (협의이혼) or judicial divorce (재판이혼). Mediation, arbitration, and negotiation are not independent statutory divorce methods. Therefore, the correct answer is A.

### ANSWER
A"
KIIP_law_32,KIIP_law_32,Law,0,A,A,"이혼의 원인을 제공한 잘못 있는 배우자는 상대방의 정신적 고통에 대한 손해배상으로 위자료를 지급할 의무가 있습니다. 재산분할이나 양육비는 과실 유무와 별개로 정해지는 사항이며, 이혼 비용 전액을 부담하는 규정은 없습니다. 따라서 가장 적절한 답은 A입니다.

### ANSWER
A"
KIIP_law_33,KIIP_law_33,Law,0,A,A,"이혼 시 자녀의 양육권은 민법상 원칙적으로 부모가 협의하여 정하고, 협의가 이루어지지 않을 경우에만 가정법원이 결정합니다. 따라서 가장 기본적인 결정 방식은 당사자 간 협의입니다. 자녀의 의사는 참고 자료일 뿐 단독 기준이 아니며, 변호사가 결정하는 것도 아닙니다.

### ANSWER
A"
KIIP_law_34,KIIP_law_34,Law,0,A,A,"In Korean family law, if divorcing parents fail to reach an agreement on child custody, the Family Court decides the custody arrangement. The court prioritizes the child's best interests and welfare. While the child's opinion may be considered, it is not the sole determining factor. Lawyers do not have authority to decide custody, and the parents' agreement is absent in this scenario. Therefore, the correct answer is A.

### ANSWER
A"
KIIP_law_35,KIIP_law_35,Law,0,A,A,"자녀를 맡아 키우는 양육자는 상대방에게 자녀의 양육에 필요한 비용, 즉 양육비를 청구할 수 있다. 이는 민법상 양육비 청구권에 해당한다. 이혼 비용이나 위자료, 재산분할은 양육과 직접 관련된 것이 아니다. 따라서 자녀 양육에 필요한 비용을 요구할 수 있다.

### ANSWER
A"
KIIP_law_36,KIIP_law_36,Law,0,A,A,"### ANSWER
A"
KIIP_law_37,KIIP_law_37,Law,0,C,C,"변호사를 구하는 데 어려움이 있을 때, 경제적 이유나 법률 지식 부족으로 어려움을 겪는 사람들을 위해 국가가 설립한 대한법률구조공단에서 무료 또는 저렴한 법률 구조 서비스를 제공합니다. 외국 대사관은 자국민의 영사 보호를 위한 곳이므로 해당 사항이 없고, 국가나 개인적 연결은 일반적인 법률 구조 기관이 아닙니다. 대한법률구조공단은 변호사 선임이 어려운 사람에게 법률 상담, 소송 대리 등을 지원합니다. 따라서 대한법률구조공단이 정답입니다.

### ANSWER
C"
KIIP_law_38,KIIP_law_38,Law,0,D,D,"대한법률구조공단은 경제적 어려움을 겪는 사람들에게 법률 상담, 소송 대리, 권리 보호 등의 법률 구조 서비스를 제공하는 기관입니다. 금융 상품 판매는 법률구조공단의 역할이 아닙니다.

### ANSWER
D"
KIIP_economy_1,KIIP_economy_1,Economy,0,C,C,"### ANSWER
C"
KIIP_economy_2,KIIP_economy_2,Economy,0,A,A,"### ANSWER
A"
KIIP_economy_3,KIIP_economy_3,Economy,0,C,C,"### ANSWER
C"
KIIP_economy_4,KIIP_economy_4,Economy,0,D,D,"한강은 서울특별시를 관통하여 흐르는 강이다. 부산, 대구, 인천은 한강이 통과하는 도시가 아니다. 따라서 정답은 서울이다.

### ANSWER
D"
KIIP_economy_5,KIIP_economy_5,Economy,0,C,C,"In the 1970s, South Korea implemented the Heavy and Chemical Industry Promotion Plan, focusing on steel, shipbuilding, chemicals, and machinery. This marked a major shift from the light industry of the 1960s. Agriculture was already a traditional sector, and services expanded later. Therefore, the industry that began to develop prominently from the 1970s is the heavy chemical industry.

### ANSWER
C"
KIIP_economy_6,KIIP_economy_6,Economy,0,B,B,"### ANSWER
B"
KIIP_economy_7,KIIP_economy_7,Economy,0,B,B,"### ANSWER
B"
KIIP_economy_8,KIIP_economy_8,Economy,0,A,A,"### ANSWER
A"
Kedu_history_14,Kedu_history_14,History,0,B,B,"두레는 농촌에서 상호부조를 목적으로 만들어진 공동 노동 조직으로, 모내기·김매기·타작 등의 농사일을 함께 수행했다. 또한 일을 마친 뒤에는 함께 음식을 먹고 놀이를 즐기는 공동체 문화가 있었다. 그러나 농번기에 공동 양육과 교육을 행한 것은 두레의 일반적인 기능이 아니다. 따라서 옳지 않은 설명은 B이다.

### ANSWER
B"
Kedu_history_15,Kedu_history_15,History,0,A,A,"Gyeongbokgung was the main palace of the Joseon dynasty and was also called Bukgwol, so option A is correct. Option B is wrong because it was destroyed during the Imjin War, not the Byeongja Horan. Option C is incorrect because the banquet pavilion was Gyeonghoeru, not Yeonghoeru. Option D reverses the gate locations: Geonchunmun is on the east and Yeongchumun is on the west.

### ANSWER
A"
Kedu_history_16,Kedu_history_16,History,0,B,B,"기미독립선언문은 단독으로 유네스코 세계기록유산에 등재되지 않았으며, 동의보감, 새마을운동 기록물, 5·18 민주화운동 기록물은 모두 등재되어 있다.

### ANSWER
B"
Kedu_history_17,Kedu_history_17,History,0,D,D,"3·1운동 이후 일제는 무단통치에서 문화통치로 전환했고, 언론·출판을 일부 허용했으며, 헌병경찰제를 보통경찰제로 바꾸었다. 산미증식계획은 쌀 증산을 내세웠지만 실제로는 조선인의 식량 사정을 악화시켰으므로 옳지 않다.

### ANSWER
D"
Kedu_history_18,Kedu_history_18,History,0,A,A,"고종은 1897년 대한제국을 선포하면서 황제의 권위를 강화하기 위해 하늘에 제사를 지내는 제천의례를 거행했습니다. 이를 위해 서울에 환구단을 조성하였으며, 이는 황제국으로서의 위상을 드러내는 상징적인 장소였습니다. 참성단은 단군과 관련된 제단이고, 사직단은 토지와 곡식의 신에게 제사하던 곳입니다. 따라서 대한제국 고종이 제천의례를 위해 만든 제단은 환구단입니다.

### ANSWER
A"
Kedu_history_19,Kedu_history_19,History,0,A,A,"The 7·4 South-North Joint Statement was issued in 1972, followed by the Hanminjok Community Unification Plan in 1989, the Joint Declaration on the Denuclearization of the Korean Peninsula in 1992, and the 6·15 South-North Joint Declaration in 2000. Therefore the correct chronological order is ㄱ - ㄷ - ㄹ - ㄴ.

### ANSWER
A"
Kedu_history_20,Kedu_history_20,History,0,B,C,"### ANSWER
C"
Kedu_history_21,Kedu_history_21,History,0,B,B,"종묘는 조선시대 역대 왕과 왕비의 신위를 모신 사당으로, 처음에는 태묘라 불렸습니다. 임진왜란 때 소실된 것을 17세기 초에 중건하였고, 1995년 유네스코 세계유산으로 등재되었습니다. 그러나 정전은 태묘 서쪽에 지은 별묘가 아니라 종묘의 본전(본래 중심 건물)이며, 서쪽에 있는 별묘는 영녕전입니다. 따라서 옳지 않은 것은 B입니다.

### ANSWER
B"
KIIP_society_187,KIIP_society_187,Society,0,A,A,"맞벌이 가정이 증가하면서 어린이집과 유치원의 보육·교육 기능이 더욱 필요해졌기 때문에 그 중요성이 높아지고 있다. 다른 보기들은 중요성 증가의 직접적인 원인으로 보기 어렵다.

### ANSWER
A"
KIIP_society_188,KIIP_society_188,Society,0,A,A,"### ANSWER
A"
KIIP_society_189,KIIP_society_189,Society,0,C,C,"### ANSWER
C"
KIIP_society_190,KIIP_society_190,Society,0,A,A,"### ANSWER
A"
KIIP_society_191,KIIP_society_191,Society,0,C,C,"국·공립 교육기관은 정원이 제한되어 있어 신청 후에도 대기하거나 선발 과정을 거쳐야 하는 경우가 많습니다. 따라서 즉시 등록하거나 신청만으로 바로 등록할 수는 없습니다.

### ANSWER
C"
KIIP_society_192,KIIP_society_192,Society,0,C,C,"국·공립 교육기관은 정부의 재정 지원을 받아 운영되므로 보육료 부담이 상대적으로 낮다. 반면 사립 교육기관은 운영비를 수익자 부담에 의존하는 경우가 많아 보육료가 더 높다. 따라서 국·공립 교육기관의 보육료는 사립보다 싸다.

### ANSWER
C"
KIIP_society_193,KIIP_society_193,Society,0,A,A,"In South Korea, national and public educational institutions are generally affordable and of good quality, so high demand and limited capacity create long waiting lists after application. The application process itself is not especially difficult, and fees are relatively low. Therefore, the main difficulty is the extended waiting period.

### ANSWER
A"
KIIP_society_194,KIIP_society_194,Society,0,D,D,"국립학교는 국가의 교육 체계에 따라 설립·운영되는 학교로, 중앙 정부가 재정과 운영을 담당합니다. 따라서 설립 주체는 국가(중앙 정부)입니다.

### ANSWER
D"
KIIP_politics_70,KIIP_politics_70,Politics,0,D,D,"### ANSWER
D"
KIIP_politics_71,KIIP_politics_71,Politics,0,A,A,"한반도의 평화 통일은 남북 간 긴장을 완화하고 국제 사회의 안정에도 기여할 수 있기 때문에 많은 한국 국민과 세계인들이 바라는 목표입니다. 다른 선택지들은 평화나 희망과 거리가 먼 부정적 상황들입니다.

### ANSWER
A"
KIIP_politics_72,KIIP_politics_72,Politics,0,A,A,"한반도 주변 4강은 전통적으로 중국, 일본, 미국, 러시아를 의미합니다. 이들은 한반도의 안보와 국제관계에 큰 영향을 미치는 주요 강대국들입니다. 북한과 남한은 당사국이지 주변 4강에 포함되지 않으며, 인도도 해당되지 않습니다. 따라서 정답은 A입니다.

### ANSWER
A"
KIIP_politics_73,KIIP_politics_73,Politics,0,D,D,"The United States supported South Korea during the Korean War, providing military and economic aid to defend against the North Korean invasion. Therefore, the correct answer is 남한.

### ANSWER
D"
KIIP_politics_74,KIIP_politics_74,Politics,0,C,C,C
KIIP_politics_75,KIIP_politics_75,Politics,0,C,C,"독도 주변 해역은 한류와 난류가 교차하여 플랑크톤이 풍부하고, 이를 바탕으로 다양한 어종과 어패류가 서식한다. 따라서 이 해역은 석유나 금, 철 같은 광물 자원보다 수산자원이 특히 풍부한 곳으로 알려져 있다. 독도의 경제적 가치도 풍부한 수산자원과 관련하여 중요하게 평가된다.

### ANSWER
C"
KIIP_politics_76,KIIP_politics_76,Politics,0,B,B,"일본의 독도 영유권 주장은 국제법적으로 정당성이 인정되지 않으며, 한국의 실효적 지배가 지속되고 있다. 국제사회는 일본의 교과서 기재 시도를 지지하지 않고, 한국 정부도 이에 강력히 항의하고 있다. 따라서 일본의 행동은 국제적으로 받아들여지지 않고 있다.

### ANSWER
B"
KIIP_politics_77,KIIP_politics_77,Politics,0,C,C,"독도에 대한 최초의 문헌 기록은 삼국사기의 신라 지증왕 13년(512년) 우산국 복속 기록으로, 이후 우산국이 울릉도와 독도를 포함한 영토로 인식되었다. 따라서 독도가 한국 영토임을 증명하는 문헌은 신라 지증왕 시대부터 존재한다.

### ANSWER
C"
Kedu_history_22,Kedu_history_22,History,0,D,D,"서원은 사당, 강당, 동재, 서재 등으로 구성되며 유교 교육과 제사를 위한 공간이다. 규방은 일반 가정에서 여성들이 사용하던 공간으로 서원의 건축물에 해당하지 않는다. 따라서 정답은 D이다.

### ANSWER
D"
Kedu_history_23,Kedu_history_23,History,0,A,A,A
Kedu_history_24,Kedu_history_24,History,0,B,B,"금융실명제는 1993년, IMF 구제금융 요청은 1997년, 개성공업지구 합의서 체결은 2000년, G20 정상회담은 2010년에 이루어졌다. 따라서 순서는 ㄱ → ㄹ → ㄴ → ㄷ이다.

### ANSWER
B"
Kedu_history_25,Kedu_history_25,History,0,C,C,"숭례문은 국보 제1호로 지정되어 있으며, 보물 제1호는 서울 흥인지문이다. 따라서 “보물 1호는 숭례문이다”라는 설명은 옳지 않다. 나머지 보기는 모두 올바른 설명이다.

### ANSWER
C"
Kedu_history_26,Kedu_history_26,History,0,C,C,"### ANSWER
C"
Kedu_history_27,Kedu_history_27,History,0,D,D,"무구정광대다라니경은 8세기 통일신라 시대에 제작된 세계 최고(最古)의 목판 인쇄물이다. 초조대장경과 고려대장경은 고려 시대에 제작되었고, 직지심체요절은 목판이 아닌 금속 활자본이다. 따라서 제작 연대가 가장 앞선 목판 인쇄물은 무구정광대다라니경이다.

### ANSWER
D"
Kedu_history_28,Kedu_history_28,History,0,B,B,"조선의 3사는 사헌부, 사간원, 홍문관을 가리키며, 이 중 보기에 포함된 기관은 홍문관이다. 따라서 정답은 B이다.

### ANSWER
B"
Kedu_history_29,Kedu_history_29,History,0,C,C,"### ANSWER
C"
CSAT_korean_22_7,CSAT_korean_22_7,Textual,0,C,C,"(나)의 글쓴이는 헤겔의 예술-종교-철학 구도에서 예술의 객관성과 감각적 지각성이 철학으로 갈수록 점점 약화되고 주관성이 강화된다고 비판한다. 따라서 ㉡에서 첫 번째 범주인 예술의 특성이 강해진다는 C는 글쓴이의 관점과 반대이다. ㉠은 변증법적 종합과 수렴적 상향성을 갖추지만 ㉡은 진정한 종합에 이르지 못한다는 것이 글쓴이의 분석이다. A, B, D, E는 모두 이러한 분석에 부합한다. 그러므로 적절하지 않은 것은 C이다.

### ANSWER
C"
CSAT_korean_22_8,CSAT_korean_22_8,Textual,0,B,B,"헤겔의 변증법에서 예술은 직관과 외면성에 대응하는 초보 단계로 규정되지만, (나)의 글쓴이는 철학 이후에 완전한 주관성이 재객관화되는 단계로 예술이 자리할 수 있다고 본다. 헤겔이 괴테와 실러의 후기 작품을 최고의 지성적 통찰이 예술미로 승화된 것으로 평가한 것은, 예술이 내면적 사유를 바탕으로 한 절대정신이 될 수 있음을 보여준다. 따라서 이론상 외면성에 대응하는 예술이 현실에서는 내면성을 바탕으로 하는 절대정신일 수 있다는 내용이 가장 적절하다.

### ANSWER
B"
CSAT_korean_22_9,CSAT_korean_22_9,Textual,0,C,C,"ⓒ는 ‘일방적 승리로 끝나도 안 되고’에서 ‘끝나다’를 ‘귀결되다’로 바꾸어도 의미와 호응이 자연스럽다. 반면 ⓐ의 ‘소지하다’는 추상적 속성보다 물리적 소지에 어울리고, ⓑ·ⓓ·ⓔ는 각각 원래 표현과 의미가 잘 맞지 않는다. 따라서 가장 적절한 것은 ⓒ이다.

### ANSWER
C"
CSAT_korean_22_10,CSAT_korean_22_10,Textual,0,B,B,"글에서 트리핀의 세계 경제 위축 전망은 미국이 경상 수지 적자를 허용하지 않아 국제 유동성 공급이 중단되는 경우에 대한 것이지, 브레턴우즈 체제 붕괴 이후의 상황에 대한 전망은 아니다. 따라서 B는 본문에서 답을 찾을 수 없는 질문이다. 나머지 보기는 본문에 근거가 명확히 제시되어 있다.

### ANSWER
B"
CSAT_korean_22_11,CSAT_korean_22_11,Textual,0,E,E,"브레턴우즈 체제에서 달러는 금 1온스당 35달러로 고정되어 있었고, 다른 통화들은 달러에 대해 고정 환율을 유지했다. 마르크화가 달러화에 대해 평가 절상되면 같은 양의 마르크로 더 많은 달러를 교환할 수 있고, 그 달러로 금을 살 수 있으므로 같은 금액의 마르크로 구입 가능한 금의 양은 증가한다. 따라서 E는 감소한다고 하여 적절하지 않다. A는 닉슨 쇼크 이후 평가 절하가 가능해졌다는 점에서, B는 평가 절상 기대 때문이라는 점에서, C는 금 생산 증가가 달러 공급 없이 유동성을 늘릴 수 있다는 점에서, D는 트리핀 딜레마의 본질을 나타내므로 모두 적절하다.

### ANSWER
E"
CSAT_korean_22_12,CSAT_korean_22_12,Textual,0,E,E,"㉠ 금 본위 체제에서는 세 국가 모두 금에 통화 가치를 고정하므로 환율은 세 쌍 모두 자동 결정된다. ㉡ 브레턴우즈 체제에서는 달러화를 제외한 두 통화 사이의 교차 환율만 자동 결정되므로 가짓수는 1이다. ㉢ 기축 통화가 없으면 세 국가 간 모든 통화 쌍의 환율이 생기므로 가짓수는 3이다. 따라서 ㉡의 교차 환율 가짓수 1은 ㉢의 환율 가짓수 3보다 적다.

### ANSWER
E"
CSAT_korean_22_13,CSAT_korean_22_13,Textual,0,D,E,"### ANSWER
E"
CSAT_korean_22_14,CSAT_korean_22_14,Textual,0,D,D,"The passage states that lens distortion, where the image becomes more curved away from the center, is caused by internal camera parameters and can be corrected by setting a distortion model. This matches option D. The other options contradict the passage: multiple cameras are used, external distortion is corrected via checkerboard comparison, distortion is corrected before synthesis, and the final view is a 2D image.

### ANSWER
D"
KIIP_tradition_136,KIIP_tradition_136,Tradition,0,C,C,"한국의 전통 문화에서 60번째 생일은 환갑(還甲)이라고 부르며, 이는 태어난 해의 간지가 다시 돌아왔다는 의미를 담고 있습니다. 백일잔치는 태어난 지 100일, 돌잔치는 첫 생일, 칠순잔치는 70번째 생일을 뜻하므로, 60번째 생일을 가리키는 것은 환갑잔치입니다.

### ANSWER
C"
KIIP_tradition_137,KIIP_tradition_137,Tradition,0,A,A,"옛날에는 의학과 생활 조건이 좋지 않아 환갑까지 사는 것이 쉽지 않았기 때문에, 환갑을 맞이하는 것은 매우 드물고 복된 일로 여겨졌습니다. 그래서 가족과 마을 사람들이 함께 잔치를 열어 축하해 주었습니다. 따라서 환갑까지 사는 것은 큰 복이라고 생각했습니다.

### ANSWER
A"
KIIP_tradition_138,KIIP_tradition_138,Tradition,0,D,B,"### ANSWER
B"
KIIP_tradition_139,KIIP_tradition_139,Tradition,0,A,A,"돌잔치는 한국의 첫 생일 잔치로, 가장 대표적인 행사는 돌잡이입니다. 돌잡이는 아기가 여러 물건 중 하나를 집어 미래를 점쳐보는 전통 놀이입니다. 따라서 보기 중 돌잔치에서 치르는 행사는 돌잡이 행사입니다.

### ANSWER
A"
KIIP_tradition_140,KIIP_tradition_140,Tradition,0,A,A,"### ANSWER
A"
KIIP_tradition_141,KIIP_tradition_141,Tradition,0,B,B,"한국 전통 사회에서는 학연(같은 학교), 지연(같은 동네), 혈연(같은 성씨·가문)이 중요한 유대 관계로 작용합니다. 반면 같은 직장은 현대적 조직 관계에 해당하므로 전통적 사회관계로 보기 어렵습니다.

### ANSWER
B"
KIIP_tradition_142,KIIP_tradition_142,Tradition,0,D,D,"졸업 후에도 같은 학교 출신들이 모여 교류를 이어가는 모임을 동문회라고 한다. 학연회는 학연을 바탕으로 한 모임이지만 일반적으로 졸업생 모임을 지칭하는 말은 동문회이다. 지연회와 향우회는 지역이나 고향을 중심으로 한 모임이다. 동문회는 학교를 졸업한 사람들이 친목과 모교 발전을 위해 조직한다. 따라서 문제의 '졸업 후'라는 조건에 가장 부합하는 것은 동문회이다.

### ANSWER
D"
KIIP_tradition_143,KIIP_tradition_143,Tradition,0,B,B,"In Korean universities, students from the same high school often form high school alumni associations, while in workplaces, colleagues from the same university gather as university alumni associations. Therefore the correct pairing is high school alumni association at university and university alumni association at work.

### ANSWER
B"
KIIP_law_39,KIIP_law_39,Law,0,D,C,"### ANSWER
C"
KIIP_law_40,KIIP_law_40,Law,0,C,C,"분쟁 해결은 가능하면 당사자들이 서로의 입장을 이해하고 합의점을 찾는 것이 가장 바람직하다. 재판이나 국가에 항의하는 것은 최후의 수단이며, 변호사 상담은 도움이 될 수 있지만 직접적인 해결 방식은 아니다. 따라서 대화와 타협이 가장 효과적이고 지속 가능한 방법이다.

### ANSWER
C"
KIIP_law_41,KIIP_law_41,Law,0,A,A,"### ANSWER
A"
KIIP_law_42,KIIP_law_42,Law,0,C,C,"국민권익위원회는 부패 방지와 국민의 권익 보호 및 구제를 주요 역할로 하는 기관이다. 따라서 가장 적절한 선택지는 C이다.

### ANSWER
C"
KIIP_law_43,KIIP_law_43,Law,0,C,C,"한국소비자원은 소비자의 권익을 보호하고 합리적인 소비 생활을 지원하는 기관입니다. 따라서 소비자의 권리를 지키는 활동이 주요 역할에 해당합니다. 다른 보기들은 소비자원의 핵심 기능과 직접적으로 일치하지 않습니다.

### ANSWER
C"
KIIP_law_44,KIIP_law_44,Law,0,A,A,"국가인권위원회는 인권침해가 인정되면 법적 처벌이나 해고 같은 강제 조치를 직접 내리지 않고, 해당 기관이나 당사자에게 문제를 개선하도록 권고하는 역할을 한다. 따라서 가장 적절한 답은 A이다.

### ANSWER
A"
KIIP_law_45,KIIP_law_45,Law,0,A,A,"한국소비자원은 소비자 피해 상담과 구제를 담당하는 대표적인 공공기관이다. 소비자가 피해를 입었을 때 한국소비자원에 신고하면 상담과 피해구제 절차를 진행할 수 있다. 국가인권위원회는 인권 침해를, 주민자치센터는 지역 행정 업무를, 외국인지원센터는 외국인 지원을 주로 다룬다. 따라서 정답은 한국소비자원이다.

### ANSWER
A"
KIIP_law_46,KIIP_law_46,Law,0,B,B,"### ANSWER
B"
KIIP_economy_9,KIIP_economy_9,Economy,0,C,C,"### ANSWER
C"
KIIP_economy_10,KIIP_economy_10,Economy,0,C,C,"2000년대 이후 한국의 주력 수출 품목은 반도체, 선박, 자동차, 휴대폰, 석유 제품 등 첨단 산업 및 중공업 제품이다. 옷·신발·가발은 과거 수출 품목이며, 광물 자원도 주력이 아니다. 따라서 가장 적절한 선택지는 C이다.

### ANSWER
C"
KIIP_economy_11,KIIP_economy_11,Economy,0,D,D,"2013년 한국의 수출입 합계 무역 규모는 약 1조 달러를 넘어 세계 주요 교역국들과 비교했을 때 8위를 기록했습니다. 중국, 미국, 독일, 일본, 네덜란드, 프랑스, 영국에 이은 순위였습니다. 따라서 정답은 8번째입니다.

### ANSWER
D"
KIIP_economy_12,KIIP_economy_12,Economy,0,A,A,"Korea’s top trading partners by total trade volume are China, the United States, and Japan. China has consistently ranked first, with the U.S. and Japan also among the largest. Among the choices, only option A includes all three countries. Therefore, A is correct.

### ANSWER
A"
KIIP_economy_13,KIIP_economy_13,Economy,0,C,C,"한국은 천연자원이나 초기 자본이 풍부하지 않았기 때문에 A와 D는 적절하지 않습니다. 기술의 발달도 중요했지만, 이를 가능하게 한 근본적인 바탕은 어려운 여건 속에서도 극복하려는 의지와 높은 교육열이었습니다. 따라서 한국이 수출을 늘리며 경제 성장을 이룰 수 있었던 가장 중요한 요인은 C입니다.

### ANSWER
C"
KIIP_economy_14,KIIP_economy_14,Economy,0,C,C,"### ANSWER
C"
KIIP_economy_15,KIIP_economy_15,Economy,0,D,D,"### ANSWER
D"
KIIP_economy_16,KIIP_economy_16,Economy,0,A,A,"한국은 천연자원이 부족하여 경제 성장을 위해 인적 자본과 기술 개발에 주력해 왔다. 우수한 노동력을 확보하고 첨단 기술을 개발하는 것이 핵심 동력이다. 자원 개발이나 자본 축적은 한계가 있고, 무역 확대도 중요하지만 기술과 인력이 근간이다. 따라서 정답은 A이다.

### ANSWER
A"
KIIP_society_195,KIIP_society_195,Society,0,C,C,"### ANSWER
C"
KIIP_society_196,KIIP_society_196,Society,0,A,A,"### ANSWER
A"
KIIP_society_197,KIIP_society_197,Society,0,D,D,"### ANSWER
D"
KIIP_society_198,KIIP_society_198,Society,0,B,B,"사립 초등학교는 지원자가 정원을 초과할 경우 공정성을 위해 시험·면접보다는 추첨 방식으로 입학생을 선발하는 것이 일반적입니다. 따라서 가장 적절한 선택지는 추첨입니다.

### ANSWER
B"
KIIP_society_199,KIIP_society_199,Society,0,A,A,"일반계 고등학교 진학을 위해 치르는 시험은 고등학교 입학을 위한 선발고사 또는 학교별 입학시험이다. 국어능력시험이나 영어능력시험은 고입과 직접 관련이 없고, 수능은 대학 입학 시험이다. 따라서 가장 적절한 선택지는 A이다.

### ANSWER
A"
KIIP_society_200,KIIP_society_200,Society,0,A,A,"특수목적 고등학교는 특정 분야의 인재 양성을 목적으로 설계된 학교로, 과학고, 외국어고, 체육고, 예술고 등이 대표적입니다. 따라서 과학, 외국어, 체육, 예술 분야를 집중적으로 교육합니다. 다른 보기들은 특수목적 고등학교의 주요 교육 분야로 보기 어렵습니다.

### ANSWER
A"
KIIP_society_201,KIIP_society_201,Society,0,B,B,"가정통신문은 학교가 학부모에게 전달하는 공식적인 안내 문서로, 학사 일정이나 행사, 준비물 등 중요한 정보가 담겨 있습니다. 날씨나 식단, 성적표는 별도의 경로로 확인하는 경우가 많습니다. 따라서 가정통신문을 잘 읽어야 하는 이유는 학교에서 부모에게 전달하는 중요한 내용을 확인하기 위해서입니다.

### ANSWER
B"
KIIP_society_202,KIIP_society_202,Society,0,A,A,"초등학생의 경우 학교에서 가정으로 보내는 알림장이 매일의 학습 내용, 준비물, 가정통신문 등을 담고 있어 부모가 매일 확인해야 하는 핵심 수단입니다. 학교 웹사이트나 뉴스레터, 일정표는 주기적이거나 필요할 때 확인하는 경우가 많습니다. 따라서 매일 확인해야 하는 것은 알림장입니다.

### ANSWER
A"
CSAT_korean_19_12,CSAT_korean_19_12,Grammar,0,B,D,"### ANSWER
D"
CSAT_korean_20_11,CSAT_korean_20_11,Grammar,0,D,A,"### ANSWER
A"
CSAT_korean_20_13,CSAT_korean_20_13,Grammar,0,B,B,"(b)는 ‘거르다→걸러서’의 르 불규칙 활용인데, 보기 B의 ‘푸르다→푸르러’는 러 불규칙 활용이므로 같은 예가 아니다. 나머지는 각각 ㅡ 탈락, ㄹ 탈락, ㅎ 불규칙, ㅅ 불규칙으로 해당 교정과 일치한다.

### ANSWER
B"
CSAT_korean_20_14,CSAT_korean_20_14,Grammar,0,A,A,"(a)의 “내일은 따뜻하지만 비가 온다는”는 ‘예보’를 수식하는 관형절로 쓰였으므로, 인용절이라는 설명은 적절하지 않다. (b)와 (e)는 관형절, (c)와 (d)는 명사절로 쓰인 것이 맞다. 따라서 옳지 않은 것은 A이다.

### ANSWER
A"
CSAT_korean_13_13,CSAT_korean_13_13,Grammar,0,D,D,"(ㄹ)에서 명사절 '겨울이 오기'는 '전'이라는 의존 명사를 수식하며, '전에' 전체가 부사어로 쓰인다. 따라서 명사절 자체가 조사 없이 부사어로 쓰였다는 설명은 적절하지 않다. (ㄱ), (ㄴ), (ㄷ), (ㅁ)은 모두 명사절의 문장 성분 설명이 적절하다.

### ANSWER
D"
CSAT_korean_15_11,CSAT_korean_15_11,Grammar,0,C,C,"### ANSWER
C"
CSAT_korean_17_11,CSAT_korean_17_11,Grammar,0,D,D,"‘깨뜨리는’은 용언 어간 ‘깨뜨리-’에 관형사형 어미 ‘-는’이 결합한 형태이다. 따라서 어간을 ‘깨뜨-’로, 어미를 ‘-리는’으로 본 것은 적절하지 않다. 나머지 A, B, C, E는 각각 (ㄱ)~(ㅁ)에 맞게 설명되었다.

### ANSWER
D"
CSAT_korean_17_14,CSAT_korean_17_14,Grammar,0,B,B,"### ANSWER
B"
Kedu_history_30,Kedu_history_30,History,0,B,B,"### ANSWER
B"
Kedu_history_31,Kedu_history_31,History,0,B,D,"### ANSWER
D"
Kedu_history_32,Kedu_history_32,History,0,C,C,"고려시대에는 향신료로 후추가 중국과의 교역을 통해 유입되었다. 고추, 고구마, 땅콩은 모두 신대륙 작물로 조선시대 이후에 전래되었다. 따라서 고려시대에 유입된 것은 후추이다.

### ANSWER
C"
Kedu_history_33,Kedu_history_33,History,0,D,D,"종묘는 1995년 유네스코 세계유산으로 등재되었고, 종묘제례와 종묘제례악은 2001년 무형문화유산으로 등재되었다. 따라서 종묘가 2001년에 종묘제례·종묘제례악과 함께 무형문화유산으로 등재되었다는 설명은 옳지 않다. A, B, C는 모두 옳은 설명이다.

### ANSWER
D"
Kedu_history_34,Kedu_history_34,History,0,C,C,"### ANSWER
C"
Kedu_history_35,Kedu_history_35,History,0,A,A,"새마을운동은 1970년 정부 주도로 시작된 국가 주도 운동이므로, “민간주도 운동으로 기획되었다”는 설명은 옳지 않다. 나머지 보기는 모두 새마을운동에 대한 올바른 설명이다.

### ANSWER
A"
Kedu_history_36,Kedu_history_36,History,0,C,C,"Uigwe refers to royal ritual protocols and records, not a collection of Confucian teachings. Banchado depicts ceremonial processions, and the Joseon Dynasty Uigwe were registered as Memory of the World in 2007. Thus, the incorrect statement is C.

### ANSWER
C"
Kedu_history_37,Kedu_history_37,History,0,B,B,"<몽유도원도>는 안견이 안평대군의 꿈을 바탕으로 그린 작품으로, 세종 대에 제작되었고 여러 학자들의 찬문이 함께 전해진다. 이 작품은 화선지가 아닌 비단에 그린 수묵화이므로, 화선지에 그렸다는 설명은 옳지 않다.

### ANSWER
B"
KIIP_tradition_144,KIIP_tradition_144,Tradition,0,C,C,"한국 사회에서는 학연(學緣)이 중요한 사회적 연결망으로 작용하며, 특히 고등학교와 대학교 시절에 형성된 인맥이 사회생활에서 가장 활발하게 활용됩니다. 초등학교나 중학교 동창보다 고등학교나 대학교 동문들끼리 서로 돕고 의지하는 경우가 많습니다.

### ANSWER
C"
KIIP_tradition_145,KIIP_tradition_145,Tradition,0,A,A,"한국 문화에서 부모님을 대할 때 가장 중요하게 여겨지는 가치는 효(孝)입니다. 효는 부모에 대한 존경과 공경, 돌봄을 핵심으로 하는 전통적 가치입니다. 다른 보기들은 일반적인 덕목이지만 부모님을 대하는 태도에서 특별히 강조되는 가치는 효입니다.

### ANSWER
A"
KIIP_tradition_146,KIIP_tradition_146,Tradition,0,A,A,"명절이나 부모의 생일에 부모를 찾아뵙는 행동은 부모를 공경하고 섬기는 마음에서 비롯된 것으로, 이는 전통적인 '효' 사상에 기반한다. 예절은 그 행동을 표현하는 방식일 뿐, 근본적인 가치는 효이다. 따라서 가장 적절한 답은 효이다.

### ANSWER
A"
KIIP_tradition_147,KIIP_tradition_147,Tradition,0,B,B,"### ANSWER
B"
KIIP_tradition_148,KIIP_tradition_148,Tradition,0,B,A,"한국은 유교적 전통에서 효를 가장 중요한 가치로 강조해 왔습니다.

### ANSWER
A"
KIIP_tradition_149,KIIP_tradition_149,Tradition,0,A,A,"### ANSWER
A"
KIIP_tradition_150,KIIP_tradition_150,Tradition,0,A,A,"한국어에서 높임말은 공식적이거나 격식을 갖춘 상황에서 상대방을 존중하기 위해 사용된다. 또한 나이가 많은 사람에게는 예의를 갖추기 위해 높임말을 사용하는 것이 일반적이다. 반면 친구와 같은 사적인 자리나 나이가 적은 사람에게는 주로 반말이나 낮춤말을 사용한다. 따라서 공적인 모임과 나이가 많은 사람에게 높임말을 쓰는 A가 맞다.

### ANSWER
A"
KIIP_tradition_151,KIIP_tradition_151,Tradition,0,A,A,"한국에서는 인사를 할 때 고개를 숙이는 동작이 존중의 의미를 담고 있습니다. 이는 전통적으로 윗사람이나 처음 만나는 사람에게 예의를 갖추는 방식입니다. 손을 흔들거나 눈을 감거나 박수를 치는 것은 존중의 인사로 적절하지 않습니다.

### ANSWER
A"
KIIP_politics_78,KIIP_politics_78,Politics,0,B,B,"Dokdo has a very small civilian population. The only permanent residents are a married couple, Kim Sung-do and his wife Kim Shin-yeol. Police officers and lighthouse staff stationed there are not counted as residents. Therefore, the number of residents on Dokdo is two.

### ANSWER
B"
KIIP_politics_79,KIIP_politics_79,Politics,0,C,C,"독도에 상주하며 독도 수호 임무를 수행하는 단체는 독도경비대이다. 독도경비대는 해양경찰청 소속으로 독도에 상주하며 경비와 수호를 담당한다.

### ANSWER
C"
Kedu_politics_1,Kedu_politics_1,Politics,0,B,B,"한국에서 개최된 국제회의를 연도순으로 보면, ASEM회의는 2000년 서울에서 열렸고, APEC정상회담은 2005년 부산에서 개최되었습니다. 이후 G20정상회의가 2010년 서울에서, 핵안보정상회의가 2012년 서울에서 열렸습니다. 따라서 순서는 ㄴ → ㄹ → ㄷ → ㄱ입니다.

### ANSWER
B"
Kedu_politics_2,Kedu_politics_2,Politics,0,A,A,"7·4남북공동성명은 자주·평화·민족대단결의 3대 원칙을 담았지만 한반도 비핵화 원칙은 포함하지 않았으므로 A가 옳지 않다. 비핵화는 1992년 남북 비핵화 공동선언에서 다루어졌다.

### ANSWER
A"
Kedu_politics_3,Kedu_politics_3,Politics,0,C,C,"In South Korea, the president serves a five-year term while National Assembly members serve four-year terms, so A is incorrect. The Chief Justice of the Supreme Court is appointed by the president with the consent of the National Assembly, not by the National Assembly Speaker, so B is incorrect. Local government heads and local councils are elected every four years in simultaneous elections, which matches C. Even if the National Assembly does not adopt a confirmation hearing report, the president may still appoint ministers after a certain period, so D is incorrect. Therefore, the correct answer is C.

### ANSWER
C"
Kedu_politics_4,Kedu_politics_4,Politics,0,D,D,"한국은 콜롬비아, 오스트레일리아, 싱가포르와는 이미 FTA를 체결·발효하였다. 이스라엘은 최근에 FTA를 체결하였으나, 일반적인 교육과정이나 기존 시험에서는 FTA 체결국으로 다루지 않는 경우가 많다. 따라서 FTA를 체결한 국가가 아닌 것은 이스라엘이다.

### ANSWER
D"
Kedu_politics_5,Kedu_politics_5,Politics,0,B,B,B
KIIP_popular_1,KIIP_popular_1,Pop Culture,0,A,A,"한국은 양궁, 태권도, 쇼트트랙, 스피드 스케이팅에서 국제적으로 뛰어난 성과를 거두며 대중적 인기도 높다. 야구와 축구는 인기가 많지만 국제 성적은 상대적으로 덜 두드러진다. 따라서 정답은 A이다.

### ANSWER
A"
CSAT_korean_22_15,CSAT_korean_22_15,Textual,0,B,B,"㉡은 렌즈 왜곡과 카메라 기울어짐에 의한 왜곡이 보정된 영상이지만, 아직 시점 변환 전이므로 원근 효과는 그대로 남아 있다. 따라서 ㉡에서도 ㉠과 마찬가지로 렌즈와 격자판 사이의 거리가 멀수록 격자판이 작게 보인다. ㉢은 원근 효과를 제거한 위에서 내려다보는 시점의 영상이므로, 거리에 따른 크기 변화가 사라진다. 나머지 보기들은 렌즈 왜곡과 원근 효과, 또는 왜곡 보정과 시점 변환의 단계를 혼동하고 있다.

### ANSWER
B"
CSAT_korean_22_16,CSAT_korean_22_16,Textual,0,D,D,"시점 변환 전에는 원근 효과로 인해 멀리 있는 물체일수록 작게 보이지만, 위에서 내려다보는 시점 변환 후에는 거리와 관계없이 실물의 크기 비율이 유지된다. 따라서 A가 B보다 멀리 있다면 변환 전보다 변환 후에 B에 대한 A의 상대적 크기가 더 커진다. 다른 보기들은 원근 효과의 방향을 반대로 서술하거나, 임의의 점 p와 q가 대응 관계에 사용된다는 점, 점이 선으로 변환된다는 점에서 타당하지 않다.

### ANSWER
D"
CSAT_korean_22_17,CSAT_korean_22_17,Textual,0,A,A,"ⓐ는 빛이 렌즈를 통과하여 지나가는 공간적 이동을 뜻한다. 선택지 중 A는 버스가 교차로를 통과하는 상황으로, 물리적 공간을 지나가는 의미가 가장 유사하다. 나머지 선택지는 시간의 경과, 감정의 초월, 기준점 통과 등 추상적이거나 다른 의미로 쓰였다. 따라서 정답은 A이다.

### ANSWER
A"
CSAT_korean_22_18,CSAT_korean_22_18,Textual,0,C,C,"(가)는 고향의 가난하고 쓸쓸한 풍경을 그리며 공동체의 조화나 낙관적 전망을 제시하지 않는다. (나)는 산을 통해 그리움과 교감을 드러내지만 현실에 대한 부정적 인식이나 회의를 나타내지는 않는다. (다)는 꽃의 귀함과 천함을 둘러싼 차이가 인간의 태도에서 비롯됨을 성찰하고 있다. 따라서 자연과 인간의 관계를 통해 인간의 태도를 돌아보는 (다)의 설명이 가장 적절하다.

### ANSWER
C"
CSAT_korean_22_19,CSAT_korean_22_19,Textual,0,C,C,"[C]는 풍년이 든다는 속담과 달리 젊은이들이 뗏목을 타고 떠나 돌아오지 못하는 상황을 노래한 부분으로, 화자의 소망이 이루어진 상황이 아니라 현실의 고난과 이별을 드러낸다. 따라서 “소망이 이루어진 상황”이라고 해석한 것은 적절하지 않다.

### ANSWER
C"
CSAT_korean_22_20,CSAT_korean_22_20,Textual,0,B,B,"The speaker portrays the mountain as eternal, humble, generous, and a bridge between life and death, as well as a lifelong object of longing and learning. Option B claims the mountain has an active will to externalize human virtue, but the poem emphasizes quiet humility and not boasting, not active self-display. Therefore, B misrepresents the speaker’s attitude toward the mountain.

### ANSWER
B"
CSAT_korean_22_21,CSAT_korean_22_21,Textual,0,D,D,"(다)에서 ‘나’는 하늘이 만물을 낳을 때 사사로움이 없어 조화가 균일하다고 말한다. 또한 꽃들의 공교함과 졸렬함에 본래부터 다른 헤아림이 있었겠느냐고 반문하며, 모든 풀이 하늘의 입장에서는 가치의 우열 없이 평등하게 태어난 존재임을 드러낸다. 따라서 ‘나’는 인간의 평가에 따라 귀함과 천함이 갈릴 뿐, 하늘의 조화 속에서는 모든 풀이 균일하다고 생각한다.

### ANSWER
D"
CSAT_korean_22_22,CSAT_korean_22_22,Textual,0,A,A,"(가)에서 ‘묵화’는 박쥐 날개 아래 묻히는 황혼과 함께 등장하여 고향의 어둡고 쓸쓸한 분위기를 형성한다. (나)에서 ‘북창’을 열고 바라본 산은 ‘품’으로 표현되며, 화자가 그 품에서 자라고 묻힐 존재로 인식될 만큼 아늑하고 정겨운 공간으로 그려진다. 따라서 두 시에서 ‘묵화’와 ‘북창’이 드러내는 분위기를 대조적으로 잘 비교한 것은 A이다.

### ANSWER
A"
KIIP_law_47,KIIP_law_47,Law,0,A,A,"대한민국 대법원은 서울특별시 서초구 서초동에 위치하고 있으며, 정의의 여신상은 대법원 청사 앞에 설치되어 있다. 따라서 보기 중 정확한 위치는 서초구 서초동이다.

### ANSWER
A"
KIIP_law_48,KIIP_law_48,Law,0,A,A,"정의의 여신상은 공정함과 평등, 법의 이상을 상징합니다. 따라서 한국의 법이 추구하는 모습을 나타내는 것이 가장 적절합니다.

### ANSWER
A"
KIIP_law_49,KIIP_law_49,Law,0,A,A,"정의의 여신상은 공정함과 법을 상징하는데, 가장 대표적인 상징물은 저울입니다. 보통 칼을 함께 들지만 선택지에는 저울과 법전이 함께 있는 A가 가장 적절합니다. 방패, 왕관, 피리와 북은 정의의 여신상과 관련이 없습니다.

### ANSWER
A"
KIIP_law_50,KIIP_law_50,Law,0,A,A,"The law book symbolizes a fair trial based on legal rules, while the scales symbolize weighing both sides to reach a correct judgment. Therefore, option A best matches the symbolic meanings.

### ANSWER
A"
KIIP_law_51,KIIP_law_51,Law,0,A,A,"정의의 여신상은 보통 눈을 가린 채 법의 공평함과 중립성을 상징합니다. 그러나 두 눈을 뜬 여신상은 현실의 차이를 인식하고, 형식적 평등을 넘어 사회적 약자를 실질적으로 보호해야 한다는 의미를 담고 있습니다. 따라서 가장 적절한 선택지는 A입니다.

### ANSWER
A"
PSAT_17_1,PSAT_17_1,Law,0,A,C,"헌법재판소 재판관은 법관 자격만이 아니라 변호사 자격, 법학교수 경력 등 다양한 법조 경력자 중에서 임명될 수 있으므로 A는 틀렸다. 재판관은 탄핵결정 또는 금고 이상의 형의 선고에 의해서도 파면될 수 있으므로 B는 틀렸다. 정당해산 결정은 평의 참가 재판관의 3분의 2가 아니라 재판관 6명 이상의 찬성이 필요하므로 D는 틀렸다. 헌법재판소법상 재판관의 임기는 6년이고 정년은 65세이므로 C가 옳다.

### ANSWER
C"
PSAT_17_2,PSAT_17_2,Law,0,C,C,"C는 신뢰보호원칙에 관한 설명으로, 시혜적 소급입법은 일반적으로 허용되므로 옳지 않다. A, B, D는 법치주의의 내용으로 타당하다.

### ANSWER
C"
PSAT_17_3,PSAT_17_3,Law,0,A,A,"지방의회의 조직·권한·의원선거에 관한 사항은 조례가 아니라 법률로 정하도록 헌법이 규정하고 있으므로, A의 설명은 옳지 않다.

### ANSWER
A"
KIIP_society_203,KIIP_society_203,Society,0,A,A,A
KIIP_society_204,KIIP_society_204,Society,0,C,C,"2010년대 한국의 고등교육기관 중에서는 4년제 대학이 2년제 전문대학보다 수적으로 더 많습니다. 따라서 가장 많은 유형은 4년제 대학입니다.

### ANSWER
C"
KIIP_society_205,KIIP_society_205,Society,0,A,A,"Korean national university tuition typically ranges from about 3 to 5 million won per year, while private universities generally cost around 6 to 10 million won annually. Option A matches these commonly cited figures. The other options either overestimate or underestimate typical tuition levels. Therefore, the correct choice is A.

### ANSWER
A"
KIIP_society_206,KIIP_society_206,Society,0,A,A,"한국의 대학교에서는 등록금 부담을 줄이기 위해 성적, 경제적 상황, 특별한 재능 등을 기준으로 장학금을 지급하는 장학금 제도를 운영하고 있다. 할인 제도나 무료 교육 제도는 일반적인 대학 등록금 지원 방식이 아니며, 교육 지원금 제도는 정부 차원의 지원에 가깝다. 따라서 대학 내에서 등록금 부담을 줄이는 대표적인 제도는 장학금 제도이다.

### ANSWER
A"
KIIP_society_207,KIIP_society_207,Society,0,C,C,"초등교육은 초등학교가 담당하며, 중학교와 고등학교는 중등교육, 대학교는 고등교육을 담당한다. 따라서 초등교육을 담당하는 교육기관은 초등학교이다.

### ANSWER
C"
KIIP_society_208,KIIP_society_208,Society,0,B,B,"In South Korea, the education system consists of 6 years of elementary school, 3 years of middle school, and 3 years of high school. Middle school covers grades 7 through 9, making its duration 3 years. Therefore, the correct choice is B.

### ANSWER
B"
KIIP_society_209,KIIP_society_209,Society,0,B,B,"한국의 의무교육은 초등학교 6년과 중학교 3년을 합한 총 9년입니다. 따라서 정답은 9년입니다.

### ANSWER
B"
KIIP_society_210,KIIP_society_210,Society,0,B,B,"### ANSWER
B"
KIIP_economy_17,KIIP_economy_17,Economy,0,A,A,"2010년대 한국의 수출 품목 중 반도체가 단일 품목으로 가장 높은 비중을 차지했으며, 자동차나 석유제품, 선박보다 수출액이 컸다. 따라서 정답은 반도체이다.

### ANSWER
A"
KIIP_economy_18,KIIP_economy_18,Economy,0,C,C,"South Korea's first free trade agreement was signed with Chile, taking effect in 2004. This marked the beginning of Korea's FTA network.

### ANSWER
C"
KIIP_economy_19,KIIP_economy_19,Economy,0,A,A,"한국은 세계 주요 경제권과 자유무역협정(FTA)을 체결하여 관세를 낮추거나 없애고 있습니다. 한국의 교역 비중이 가장 큰 3대 시장은 미국, 중국, EU입니다. 따라서 이들 지역이 관세 혜택을 받는 핵심 시장입니다.

### ANSWER
A"
KIIP_economy_20,KIIP_economy_20,Economy,0,B,B,"대한민국은 1996년 12월에 OECD에 가입하였다. 따라서 보기 중 정답은 1996년이다.

### ANSWER
B"
KIIP_economy_21,KIIP_economy_21,Economy,0,B,B,"### ANSWER
B"
KIIP_economy_22,KIIP_economy_22,Economy,0,C,C,"### ANSWER
C"
KIIP_economy_23,KIIP_economy_23,Economy,0,C,C,"### ANSWER
C"
KIIP_economy_24,KIIP_economy_24,Economy,0,B,B,"### ANSWER
B"
Kedu_history_38,Kedu_history_38,History,0,C,C,"정약용이 저술한 형법서로, 조선시대 살인사건의 판례를 정리한 책은 ≪흠흠신서≫이다. 다른 선택지들은 농업서나 관리 지침서에 해당한다.

### ANSWER
C"
Kedu_history_39,Kedu_history_39,History,0,C,C,"배재학당은 최초의 근대 사립학교이지 고등교육기관은 아니며, 원산학사는 사립 교육기관이다. 육영공원은 정부가 설립한 관립 교육기관이다. 갑오개혁 이후 교육입국조서와 학부 설치 등을 통해 근대적 교육 제도가 마련되었다.

### ANSWER
C"
Kedu_history_40,Kedu_history_40,History,0,A,A,"조선왕조실록은 태조부터 철종까지 25대 왕의 재위 기간을 연월일 순서에 따라 편년체로 기록한 역사서이다. 사초는 사관이 초초, 중초, 정초의 단계를 거쳐 작성하였다. 실록청은 왕이 죽은 뒤에 설치되어 전임 왕의 실록을 편찬하였으므로 즉위 시 설치한다는 ㄷ은 틀렸다. 또한 정치적 사실만 기록한 것이 아니라 정치, 경제, 사회, 문화 등 다양한 분야를 망라하였으므로 ㄹ도 틀렸다. 따라서 옳은 것은 ㄱ, ㄴ이다.

### ANSWER
A"
Kedu_history_41,Kedu_history_41,History,0,C,C,"이제마는 사상의학을 정립한 의학자로, 《동의수세보원》을 저술하였다. 농사직설 편찬과 이앙법 개발은 그와 관련이 없는 업적이므로 연결이 옳지 않다. 나머지 문익점, 최무선, 장영실의 업적 연결은 모두 역사적으로 타당하다.

### ANSWER
C"
Kedu_history_42,Kedu_history_42,History,0,A,A,"### ANSWER
A"
Kedu_history_43,Kedu_history_43,History,0,B,B,"구인회는 1930년대 순수문학을 지향한 문인 단체로, 이상·박태원·이태준 등이 구성원으로 활동했다. 1960년대가 아니며, 카프와 같은 계급주의 문학 운동을 주도하지도 않았다. 또한 구성원은 결성 이후 교체되기도 했다.

### ANSWER
B"
Kedu_history_44,Kedu_history_44,History,0,B,B,"조선시대 왕실의 혼례는 ‘가례(嘉禮)’라고 하며, 이를 기록한 의궤가 가례도감의궤입니다. 태실의궤는 태실 관련, 보인소의궤는 도장 관련, 대사례의궤는 활쏘기 의례 관련입니다.

### ANSWER
B"
PSE_history_13_1,PSE_history_13_1,History,0,B,B,"(가)는 동예의 책화 풍습, (나)는 옥저의 가족 공동 무덤 풍습이다. 동예의 제천 행사는 10월의 무천이므로 영고는 부여의 행사이다. 옥저에는 민며느리제라는 혼인 풍속이 있었다. 따라서 옳은 것은 B이다.

### ANSWER
B"
KIIP_society_211,KIIP_society_211,Society,0,A,A,"### ANSWER
A"
KIIP_society_212,KIIP_society_212,Society,0,C,C,"In South Korea, assignment to national and public elementary schools is based on the student's residential address to ensure proximity and balanced enrollment. Academic performance, behavior, and personal preference are not used for general elementary school placement. The policy aims to guarantee equal educational opportunities and reduce commuting burden. It also prevents competition and ranking among young students. Therefore, the distance between home and school is the key factor.

### ANSWER
C"
KIIP_society_213,KIIP_society_213,Society,0,C,C,"전문계 고등학교는 직업 교육을 중심으로 학생들이 졸업 후 취업에 필요한 기술과 지식을 배우도록 하는 학교입니다. 따라서 과학, 예술, 체육보다는 직업 교육이 핵심입니다.

### ANSWER
C"
KIIP_society_214,KIIP_society_214,Society,0,A,A,"Korean high schools are traditionally classified into general academic, vocational, and special-purpose categories. Option A correctly lists these three main types. The other options either list only subtypes or incomplete classifications.

### ANSWER
A"
KIIP_society_215,KIIP_society_215,Society,0,B,B,"가정통신문은 각 반의 담임 선생님이 학생을 통해 가정에 보내는 것이 일반적이다. 따라서 정답은 B이다.

### ANSWER
B"
KIIP_society_216,KIIP_society_216,Society,0,A,A,"An 알림장 is a school-home communication notebook where teachers record daily notices for students and parents. Its most typical contents include class preparation materials (수업 준비물) and homework (숙제). While meal menus, schedules, and event information may also be communicated, they are not the primary defining contents of an 알림장. Therefore, the best answer is A.

### ANSWER
A"
KIIP_society_217,KIIP_society_217,Society,0,A,A,"### ANSWER
A"
KIIP_society_218,KIIP_society_218,Society,0,C,C,"### ANSWER
C"
KIIP_popular_2,KIIP_popular_2,Pop Culture,0,A,A,"한국에서 가장 대중적으로 인기가 높은 스포츠는 프로 리그와 관중 문화가 활성화된 야구와 축구입니다.

### ANSWER
A"
KIIP_popular_3,KIIP_popular_3,Pop Culture,0,A,A,"한국 대중음악은 트로트, 발라드, R&B 등이 널리 향유되며, 가곡도 한국적 정서에 맞는 대중적 장르로 자리 잡았다. 보기 중 A는 이러한 한국 대중음악의 대표 장르들을 포함한다. B, C, D는 클래식, 오페라, 재즈 등 대중음악보다는 서양 음악이나 특정 하위 장르에 가깝다. 따라서 A가 가장 적절하다.

### ANSWER
A"
KIIP_popular_4,KIIP_popular_4,Pop Culture,0,A,A,A
KIIP_popular_5,KIIP_popular_5,Pop Culture,0,C,C,C
KIIP_popular_6,KIIP_popular_6,Pop Culture,0,A,A,"케이팝은 아시아적 정서와 서구 대중음악의 형식을 결합하여 글로벌 팬층에 두루 어필할 수 있는 것이 강점이다. 또한 시각적 퍼포먼스도 중요하지만 음악 자체의 완성도와 체계적인 프로듀싱이 경쟁력의 바탕이 된다. 보기 중 이러한 특징을 가장 잘 설명하는 것은 아시아 문화 요소와 서구 문화 요소가 함께 담겨 있다는 점이다.

### ANSWER
A"
KIIP_popular_7,KIIP_popular_7,Pop Culture,0,A,A,"한국의 대중문화는 한류(K-Wave)로 대표되며, K-드라마와 K-팝, 그리고 관련 춤이 전 세계적으로 큰 인기를 얻고 있다. 나머지 보기들은 전통문화나 생활문화에 해당하므로 대중문화의 예로는 적합하지 않다. 따라서 정답은 A이다.

### ANSWER
A"
KIIP_popular_8,KIIP_popular_8,Pop Culture,0,B,B,"The question asks for the term describing culture enjoyed and consumed by many people. This is the definition of popular culture, or ""대중문화."" The other options refer to traditional, indigenous, or modern culture, which do not specifically imply mass consumption.

### ANSWER
B"
KIIP_popular_9,KIIP_popular_9,Pop Culture,0,A,A,"### ANSWER
A"
CSAT_korean_22_23,CSAT_korean_22_23,Textual,0,D,D,"보기는 대상을 연관된 사물이나 속성, 부분으로 대신하는 표현에 관한 것이다. (가)의 ‘호롱불’과 ‘뗏목’, (나)의 ‘장거리’, (다)의 ‘부호가의 깊은 장막 안’과 ‘소’·‘나비’는 모두 대상이나 상황을 구체적 이미지로 형상화한다. 그런데 D에서 ‘부호가의 깊은 장막 안’이 귀한 대우를 받는 삶을 나타내는 것은 맞지만, 그 공간의 분위기를 ‘적막한’ 것으로 보는 것은 본문에서 드러나지 않는다. 본문은 귀함과 천함의 대비, 인간의 차별적 대우를 말할 뿐 적막한 분위기를 환기하지 않는다. 따라서 D가 적절하지 않다.

### ANSWER
D"
CSAT_korean_22_24,CSAT_korean_22_24,Textual,0,D,D,"[A]에서는 김달채가 우산을 통해 사람들의 반응을 살피기 위해 여러 장소와 대상을 바꿔 가며 의도적인 행동을 반복한다. 이러한 행위들은 모두 ‘우산의 존재를 알리고 상대방의 반응을 확인한다’는 한 가지 목적으로 수렴된다. 따라서 서술상 특징은 인물의 의도적인 행위들을 나열하여 하나의 목적에 수렴시키는 것이다.

### ANSWER
D"
CSAT_korean_22_25,CSAT_korean_22_25,Textual,0,C,C,"김달채는 다른 행인들이 도망치는 방향과 반대로, 무언가 벌어지고 있는 시위 현장으로 흥분과 기대감을 안고 달려간다. 이후 최루 가스와 전경대의 차단 속에서도 학생들을 다루는 사복들에게 항의하지만, 우산 케이스가 통하지 않자 결국 물러선다. 따라서 그의 행동을 가장 정확히 설명한 것은 시위 현장으로 향한 것이다.

### ANSWER
C"
CSAT_korean_22_26,CSAT_korean_22_26,Textual,0,E,E,"㉠은 우산 케이스, ㉡은 무전기를 의미한다. 김달채는 우산 케이스를 무전기로 오인하게 하여 사람들의 반응을 살폈다. 대부분의 서민들은 속았지만, 진짜 무전기에 익숙한 일부에게는 통하지 않았다. 사복 청년은 케이스를 거들떠보지도 않고 김달채를 무시했으므로, 그의 의도를 알아챈 것이 아니다. 따라서 E가 적절하지 않다.

### ANSWER
E"
CSAT_korean_22_27,CSAT_korean_22_27,Textual,0,E,E,"김달채는 우산을 허구적 권력 표지로 이용해 사람들의 승인을 얻고 자신감을 키우지만, 비표를 단 청년처럼 자신의 권력 표지를 인정하지 않는 상대 앞에서는 곧바로 위축되어 물러난다. 이는 상황 논리에 따라 자신의 안전과 기득권을 지키려는 타산적 태도로 볼 수 있다. 그러나 그가 학생들과 특별한 유대 관계를 맺었다는 내용은 제시된 글에 나타나지 않으며, 단절할 만한 관계 자체가 성립되지 않았다. 따라서 학생들과의 유대 관계를 단절한다는 해석은 적절하지 않다.

### ANSWER
E"
CSAT_korean_22_28,CSAT_korean_22_28,Textual,0,B,B,"부인은 꿈속에서 학발의관을 갖춘 사람들을 보고 놀라 깨어났다는 내용이 본문에 직접 드러나 있다. 다른 선택지는 본문의 내용과 다르게 진술되었거나 사실과 맞지 않는다.

### ANSWER
B"
CSAT_korean_22_29,CSAT_korean_22_29,Textual,0,A,A,"‘금부’는 임금이 태보를 가두는 공간으로 왕권이 실현되는 곳이라 할 수 있다. 그러나 ‘한 곳’은 임금이 미복 순행 중 아이들의 노래를 몰래 듣고 신분을 숨긴 장소로, 오히려 임금의 권위가 드러나지 못하는 공간이다. 따라서 ‘한 곳’을 임금이 권위를 내세우는 공간이라고 설명한 A는 적절하지 않다. 나머지 선택지는 본문의 내용과 부합한다.

### ANSWER
A"
CSAT_korean_22_30,CSAT_korean_22_30,Textual,0,C,C,"[A]에서 제원들은 태보의 충절을 몰랐던 자신들을 탓하며 그의 강직함을 인정한다. [B]에서 태보는 자신의 뜻이 이미 정해졌고 하늘이 무너져도 변하지 않을 것이라고 말하며 소신을 지키겠다는 의지를 드러낸다. 따라서 [A]의 제원들이 칭송하는 태보의 강직함이 [B]의 다짐에서 확인된다.

### ANSWER
C"
CSAT_korean_14_12,CSAT_korean_14_12,Grammar,0,D,D,"선어말 어미 ‘-았-/-었-’의 의미 중 (b)는 과거 사건의 결과 상태가 현재까지 지속되는 경우입니다. D의 “날씨가 아주 나빴어”는 과거의 상태를 단순히 회상하는 것이므로 결과 상태의 지속이 아닙니다. 따라서 (b)에 해당하는 예로 적절하지 않습니다.

### ANSWER
D"
CSAT_korean_14_14,CSAT_korean_14_14,Grammar,0,E,B,"### ANSWER
B"
CSAT_korean_18_11,CSAT_korean_18_11,Grammar,0,C,E,"### ANSWER
E"
CSAT_korean_18_12,CSAT_korean_18_12,Grammar,0,B,C,"### ANSWER
C"
CSAT_korean_18_14,CSAT_korean_18_14,Grammar,0,C,C,"The verb ‘삼았다’ requires an object and a complement, so A is correct. In (b), ‘바다가’ is the subject of ‘파랗다’ and ‘눈이’ is the subject of ‘부시다’, so B is correct. In (c), ‘별을’ is the object of the main verb ‘응시했다’, but within the embedded clause ‘반짝이는 별’, ‘별’ is the subject, not the object, so C is incorrect. D and E are also correct statements. Therefore the inappropriate understanding is C.

### ANSWER
C"
CSAT_korean_13_12,CSAT_korean_13_12,Grammar,0,A,A,"'꽃이랑'은 합성어에서 앞말의 끝자음 뒤에 '이'가 오므로 제29항에 따라 ㄴ이 첨가되어 [꼰니랑]으로 발음된다. '꽃오목'은 받침 'ㅊ' 뒤에 '오'가 오는 실질 형태소이므로 제15항에 따라 'ㅊ'을 대표음 'ㄷ'으로 바꾸어 뒤 음절 첫소리로 발음하여 [꼬도목]이 된다.

### ANSWER
A"
CSAT_korean_13_14,CSAT_korean_13_14,Grammar,0,E,E,"### ANSWER
E"
CSAT_korean_13_15,CSAT_korean_13_15,Grammar,0,C,C,"### ANSWER
C"
KIIP_economy_25,KIIP_economy_25,Economy,0,A,A,"### ANSWER
A"
KIIP_economy_26,KIIP_economy_26,Economy,0,C,D,"### ANSWER
D"
KIIP_economy_27,KIIP_economy_27,Economy,0,A,A,"한국은 주로 경제적으로 어려운 개발도상국에 공적개발원조(ODA)를 제공하며 빈곤 퇴치와 경제 발전을 지원한다. 군사적 약함이나 인구 규모, 자원의 풍부함은 한국의 원조 대상 선정 기준이 아니다. 따라서 현재 한국이 적극적으로 돕는 나라들의 특징은 경제가 어려운 나라들이다. 이는 국제 사회의 개발 협력 방향과도 일치한다.

### ANSWER
A"
KIIP_economy_28,KIIP_economy_28,Economy,0,D,D,"Commercial banks generally offer relatively low deposit interest rates. Mutual savings banks (상호저축은행) attract customers by providing higher interest rates, though they carry greater risk. Therefore, people dissatisfied with commercial bank rates can use these institutions.

### ANSWER
D"
KIIP_economy_29,KIIP_economy_29,Economy,0,A,A,"은행 계좌를 개설하려면 본인 확인을 위한 신분증이 필요합니다. 여권, 외국인등록증, 운전면허증도 신분증의 한 종류로 사용될 수 있지만, 가장 일반적이고 포괄적인 답은 신분증입니다. 따라서 정답은 A입니다.

### ANSWER
A"
KIIP_economy_30,KIIP_economy_30,Economy,0,A,A,"한국에서는 금융 거래 시 거래자의 실제 이름을 확인하는 금융 실명제가 법적으로 의무화되어 있다. 이 제도는 금융 거래의 투명성을 높이고 탈세나 불법 자금 세탁을 방지하기 위해 도입되었다. 금융 익명제나 익명화는 실명제와 반대되는 개념으로, 현행 제도와 맞지 않는다. 따라서 정답은 금융 실명제이다.

### ANSWER
A"
KIIP_economy_31,KIIP_economy_31,Economy,0,A,A,"### ANSWER
A"
KIIP_economy_32,KIIP_economy_32,Economy,0,A,A,"보통예금, 정기적금, 정기예금은 모두 대표적인 저축 상품이며, 주식은 투자 상품으로 저축 상품에 해당하지 않는다. 따라서 주식이 포함된 선택지는 오답이다.

### ANSWER
A"
KIIP_society_219,KIIP_society_219,Society,0,B,B,"Korea is widely recognized for having one of the world’s highest levels of educational enthusiasm, with extensive private tutoring and high college enrollment rates. Alternative schools are not all accredited, so not every graduate receives recognized academic credentials. College entrance rates in Korea are very high, not low. The CSAT is not the only route to university admission, as various other admission methods exist.

### ANSWER
B"
KIIP_society_220,KIIP_society_220,Society,0,A,A,"Higher education institutions in South Korea refer to post-secondary schools, which include universities (대학교) and graduate schools (대학원). High schools, middle schools, and elementary schools are part of primary and secondary education, not higher education. Therefore, the correct choice is A.

### ANSWER
A"
KIIP_society_221,KIIP_society_221,Society,0,A,A,A
KIIP_society_222,KIIP_society_222,Society,0,A,A,"방송통신대학, 디지털대학, 사이버대학은 온라인 기반의 원격 교육 기관으로, 직장인이나 시간적 제약이 있는 학습자들이 원하는 시간에 자유롭게 수업을 들을 수 있는 것이 가장 큰 장점이다. 학비가 저렴하거나 입학·졸업이 쉬운 것도 일부 요인이 될 수 있지만, 이러한 대학의 인기 이유는 시간과 공간의 유연성에 있다. 따라서 정답은 A이다.

### ANSWER
A"
KIIP_society_223,KIIP_society_223,Society,0,D,D,"과학고등학교, 외국어고등학교, 예술고등학교는 특수목적고등학교에 해당하지만, 과학중점고등학교는 일반고등학교의 한 유형으로 특수목적고등학교에 포함되지 않습니다.

### ANSWER
D"
KIIP_society_224,KIIP_society_224,Society,0,B,B,"In South Korea, elementary and middle school education is compulsory, so students are admitted without special entrance exams, interviews, or essay tests. Admission is generally based on residence and school district assignment. Therefore, the correct choice is B.

### ANSWER
B"
KIIP_society_225,KIIP_society_225,Society,0,C,C,"한국에서 대학교에 입학하기 위해 일반적으로 치르는 시험은 대학수학능력시험, 즉 수능입니다. 토익과 토플은 영어 능력 평가 시험이고, SAT는 미국의 대학 입학 시험입니다. 따라서 한국 대학 입학을 위한 대표적인 시험은 수능입니다.

### ANSWER
C"
KIIP_society_226,KIIP_society_226,Society,0,B,B,"### ANSWER
B"
KIIP_popular_10,KIIP_popular_10,Pop Culture,0,B,B,"힙합과 댄스 음악은 일반적으로 젊은 세대의 문화적 취향과 밀접하게 연결되어 있으며, 주로 청소년과 청년층이 즐기는 장르이다.

### ANSWER
B"
KIIP_popular_11,KIIP_popular_11,Pop Culture,0,D,D,"주말 연속극, 웹드라마, 월화드라마는 모두 한국에서 방송되는 드라마의 종류입니다. 예능 프로그램은 드라마가 아닌 오락 프로그램이므로 정답입니다.

### ANSWER
D"
KIIP_popular_12,KIIP_popular_12,Pop Culture,0,A,A,"중·장년층은 일반적으로 트로트나 발라드처럼 서정적이고 감성적인 음악을 선호하는 경향이 있습니다. 힙합이나 댄스 음악은 주로 젊은 층이 즐기는 장르입니다. 클래식이나 재즈는 특정 계층이나 연령대에 국한되지 않지만 대중가요로서의 보편성은 상대적으로 낮습니다. 따라서 가장 적절한 답은 트로트나 발라드풍의 노래입니다.

### ANSWER
A"
KIIP_popular_13,KIIP_popular_13,Pop Culture,0,B,B,"Professional baseball is the most popular spectator sport in South Korea, with the largest fan base and highest television ratings among the listed options. While archery and taekwondo have international prestige, they do not match baseball's domestic popularity as a regularly watched sport.

### ANSWER
B"
KIIP_popular_14,KIIP_popular_14,Pop Culture,0,C,C,"한국에서 프로야구와 함께 가장 인기 있는 스포츠는 축구이다. KBO 리그와 K리그가 한국의 대표적인 프로 스포츠로 꼽히며, 축구는 대중적 관심과 흥행 면에서 프로야구와 견줄 만하다. 양궁과 태권도는 국제적 성과는 뛰어나지만 프로 리그의 인기에서는 축구에 미치지 못한다. 따라서 정답은 축구이다.

### ANSWER
C"
KIIP_popular_15,KIIP_popular_15,Pop Culture,0,A,A,"트로트는 한국의 대중가요 장르로, 4분의 4박자 리듬과 일본 엔카의 영향을 받은 음계 및 창법을 특징으로 합니다. 보기 중 이를 정확히 설명한 것은 A입니다.

### ANSWER
A"
KIIP_popular_16,KIIP_popular_16,Pop Culture,0,B,B,"K-pop은 한국의 대중가요를 뜻하는 용어로, 아이돌 그룹을 포함한 한국의 대중 음악 장르를 가리킨다. 전통 음악, 클래식 음악, 오페라는 K-pop에 해당하지 않는다.

### ANSWER
B"
KIIP_popular_17,KIIP_popular_17,Pop Culture,0,A,A,"K-pop refers to Korean popular music, which is broadly characterized by genres such as dance music and hip-hop, along with pop elements. Classical, jazz, rock, metal, country, and blues are not the primary genres associated with K-pop. Therefore, the correct choice is the one listing dance music and hip-hop.

### ANSWER
A"
KIIP_tradition_152,KIIP_tradition_152,Tradition,0,A,A,"### ANSWER
A"
KIIP_tradition_153,KIIP_tradition_153,Tradition,0,B,B,"한국에서 절은 명절(설날·추석)에 웃어른께 드리는 세배, 결혼식에서 부모님께 드리는 예, 장례식에서 유족에게 조문하는 예법 등 여러 상황에서 행해진다. 생일이나 크리스마스에는 일반적으로 절을 하는 관습이 없다. 따라서 명절, 결혼식, 장례식을 모두 포함한 선택지가 가장 정확하다.

### ANSWER
B"
KIIP_tradition_154,KIIP_tradition_154,Tradition,0,A,D,"이 속담은 ""먼 사촌""과 ""가까운 이웃""을 비교하여, 혈연관계라도 멀리 있으면 도움이 되기 어렵지만 가까이 사는 이웃이 실제로 더 큰 도움이 된다는 의미를 담고 있습니다. 따라서 속담의 핵심은 친척보다 이웃이 더 중요하다는 것입니다. A도 가까운 이웃의 소중함을 말하지만, 속담의 대비 구조를 고려하면 D가 가장 정확합니다.

### ANSWER
D"
KIIP_tradition_155,KIIP_tradition_155,Tradition,0,A,A,"""이웃사촌""은 이웃이 사촌처럼 가깝고 친하다는 뜻으로, 친한 이웃을 의미합니다. 따라서 가장 적절한 선택지는 A입니다.

### ANSWER
A"
KIIP_tradition_156,KIIP_tradition_156,Tradition,0,A,A,"### ANSWER
A"
KIIP_tradition_157,KIIP_tradition_157,Tradition,0,A,A,"한국에서 새 이웃에게 떡을 돌리는 것은 자신이 새로 이사 왔음을 알리고, 앞으로 이웃과 좋은 관계를 맺고 싶다는 인사와 친근감의 표현이다. 떡은 나누어 먹는 음식으로 공동체 의식을 상징한다. 따라서 부를 과시하거나 떡을 좋아한다거나 이웃을 무시하는 의미가 아니다.

### ANSWER
A"
KIIP_tradition_158,KIIP_tradition_158,Tradition,0,A,A,"In Korean culture, the concept of ""연고"" (connections) broadly encompasses blood relations, regional ties, and school ties, making it the most comprehensive choice. While 혈연 and 지연 are specific types of connections, 연고 is the overarching term that best reflects what Koreans generally value in social relationships.

### ANSWER
A"
KIIP_tradition_159,KIIP_tradition_159,Tradition,0,A,A,"### ANSWER
A"
PSAT_17_4,PSAT_17_4,Law,0,A,A,"### ANSWER
A"
PSAT_17_5,PSAT_17_5,Law,0,B,B,"The incorrect statement is B. The Constitution prohibits the tenant farming system (소작제도), not all leases of agricultural land. Article 121 requires the State to strive for the principle of ""land to the tillers"" and prohibits the tenant farming system, while lease matters are left to statute. The other options correctly reflect Articles 119(2), 124, and 126.

### ANSWER
B"
PSAT_17_6,PSAT_17_6,Law,0,D,D,"헌법 제77조 제3항은 비상계엄 선포 시 법률이 정하는 바에 따라 영장제도, 언론·출판·집회·결사의 자유, 정부나 법원의 권한에 관하여 특별한 조치를 할 수 있다고 규정한다. A는 계엄선포 요건을 긴급명령 요건과 혼동하였고, B는 승인 불가 시 소급효를 인정한다는 점에서 틀렸다. C는 긴급재정경제처분의 요건을 ‘국회 집회 불가능’으로 잘못 제시하였다. 따라서 옳은 것은 D이다.

### ANSWER
D"
PSAT_17_7,PSAT_17_7,Law,0,B,B,"B는 법률의 위헌 여부가 재판의 전제가 된 경우 대법원이 최종 심사한다고 하나, 법률의 위헌 여부는 헌법재판소가 심판한다. 대법원은 명령·규칙·처분의 위헌·위법 여부만 최종적으로 심사할 수 있다. 따라서 B가 옳지 않다.

### ANSWER
B"
PSAT_17_8,PSAT_17_8,Law,0,D,D,"### ANSWER
D"
PSAT_17_9,PSAT_17_9,Law,0,A,A,"헌법 제50조는 국회 회의 공개 원칙의 예외로 출석의원 과반수의 찬성 또는 의장의 국가안전보장 필요성을 규정하고 있는데, A는 이를 4분의 1 이상으로 잘못 제시하였다. B, C, D는 각각 의결정족수, 의안 폐기 금지, 재의결 정족수에 대해 올바르게 설명하고 있다. 따라서 옳지 않은 것은 A이다.

### ANSWER
A"
PSAT_17_10,PSAT_17_10,Law,0,C,C,"음란표현도 언론·출판의 자유의 보호영역에 포함되지만, 형사처벌 등으로 제한될 수 있다는 것이 헌법재판소의 입장이다. 따라서 음란표현이 보호영역에 해당되지 않는다는 설명은 옳지 않다.

### ANSWER
C"
PSAT_17_11,PSAT_17_11,Law,0,D,D,"### ANSWER
D"
KIIP_popular_18,KIIP_popular_18,Pop Culture,0,A,A,"K-pop's global popularity is driven by its strategic fusion of Western musical genres such as pop, hip-hop, and EDM with Asian aesthetic sensibilities. It also incorporates Korean-specific elements like language, cultural references, and meticulously choreographed dance performances. This hybrid identity allows K-pop to appeal to both international audiences and Korean fans, setting it apart from purely Western or purely Asian music. Therefore, the correct choice is A, which accurately describes this combination.

### ANSWER
A"
KIIP_popular_19,KIIP_popular_19,Pop Culture,0,A,A,"In the past, Korean popular culture was heavily influenced by imported content from the United States and Hong Kong, including films, dramas, and songs. Traditional Korean music, dance, and art were not the dominant forces in the popular culture sphere during that period. The question asks what occupied a large proportion of Korean popular culture historically. Therefore, the correct choice is A.

### ANSWER
A"
KIIP_popular_20,KIIP_popular_20,Pop Culture,0,A,A,"The question asks for the name of the phenomenon in which Korean popular culture spread across Asia from the late 1990s. This cultural wave includes K-pop, dramas, and films, and is widely known as 한류, or the Korean Wave. The other options refer to specific elements: K-pop is a genre, hanbok is traditional clothing, and hansik is Korean food. Thus, the correct answer is A.

### ANSWER
A"
KIIP_popular_21,KIIP_popular_21,Pop Culture,0,B,B,"한류는 일반적으로 1990년대 말에 한국 드라마와 대중음악이 중국, 동남아시아 등 해외에서 큰 인기를 얻으면서 시작된 것으로 평가된다. 특히 1997년 중국에서 방영된 드라마 '사랑이 뭐길래'가 큰 반향을 일으키며 한류의 시발점이 되었다. 이후 2000년대 초반에는 드라마와 K-pop이 아시아 전역으로 확산되었다. 따라서 한류가 시작된 시기는 1990년대 말이 맞다.

### ANSWER
B"
KIIP_popular_22,KIIP_popular_22,Pop Culture,0,C,C,"<대장금>은 한국 드라마로 전 세계적으로 큰 인기를 얻었으며, 특히 이란에서 시청률 80% 이상을 기록하며 폭발적인 반응을 얻었습니다. 일본, 중국, 인도네시아에서도 인기가 있었지만 80%가 넘는 시청률을 기록한 나라는 이란입니다. 따라서 정답은 C입니다.

### ANSWER
C"
KIIP_popular_23,KIIP_popular_23,Pop Culture,0,B,B,"케이팝은 1990년대에 등장했지만, 본격적인 해외 진출은 2000년대에 보아, 동방신기 등이 일본과 아시아 시장에서 활동하면서 시작되었다. 따라서 정답은 2000년대이다.

### ANSWER
B"
KIIP_popular_24,KIIP_popular_24,Pop Culture,0,B,B,"아이돌 그룹의 음악은 일반적으로 대중이 쉽게 따라 부를 수 있는 중독성 있는 멜로디를 특징으로 한다. 따라서 “따라 부르기 어려운 멜로디”는 아이돌 음악의 일반적인 특징과 반대된다. 나머지 보기는 단순한 리듬, 재미있는 가사, 뛰어난 춤 등 아이돌 음악에서 흔히 볼 수 있는 요소들이다.

### ANSWER
B"
KIIP_popular_25,KIIP_popular_25,Pop Culture,0,B,B,"Korean dramas appeal to Asian audiences mainly because they effectively address shared emotional experiences and cultural sensibilities common across many Asian countries. While Korean cultural elements, production quality, and famous actors contribute, the primary reason is the strong emotional resonance with viewers. Thus, the best answer is B.

### ANSWER
B"
PSE_history_13_2,PSE_history_13_2,History,0,D,D,"영조 때 속대전 편찬, 균역법 시행, 서원 정리와 산림을 인정하지 않은 것은 모두 실제 역사적 사실입니다. 그러나 영조는 탕평책으로 붕당 간 균형을 추구했지, 각 붕당의 주장의 옳고 그름을 가리는 적극적인 정책을 펼치지 않았습니다. 따라서 옳지 않은 것은 D입니다.

### ANSWER
D"
PSE_history_13_3,PSE_history_13_3,History,0,B,B,"신민회 회원들이 서간도 삼원보로 이주하여 독립운동 기지를 건설하면서 설립한 기관으로는 경학사, 신흥무관학교, 부민단 등이 있다. 권업회는 1908년 이상설 등이 연해주에서 한인들의 산업과 교육을 위해 설립한 단체로, 서간도 독립운동 기지 건설과 직접 관련이 없다. 따라서 해당하지 않는 것은 권업회이다.

### ANSWER
B"
PSE_history_13_4,PSE_history_13_4,History,0,A,A,"(가)는 1920년 경신년 간도 참변, (나)는 1932년 이봉창 의거를 가리킨다. 따라서 두 사건 사이 시기는 1920년대 초부터 1930년대 초까지이다. 이 시기 만주에서는 1929년 남만주를 중심으로 조선혁명군이 창설되어 항일 무장 투쟁을 전개하였다. 한국광복군은 1940년, 동북항일연군은 1936년에 조직되었고, 봉오동·청산리 전투는 1920년 (가) 이전에 일어났다. 따라서 옳은 설명은 A이다.

### ANSWER
A"
PSE_history_13_5,PSE_history_13_5,History,0,A,C,"### ANSWER
C"
PSE_history_13_6,PSE_history_13_6,History,0,B,B,"ㄴ은 371년 백제 근초고왕이 고구려 평양성을 공격한 사건이고, ㄹ은 475년 고구려가 백제 한성을 함락한 사건이다. ㄷ은 562년 신라가 대가야를 정복한 사건이며, ㄱ은 642년 백제가 신라의 대야성을 빼앗은 사건이다. 따라서 시간순은 ㄴ→ㄹ→ㄷ→ㄱ이다.

### ANSWER
B"
PSE_history_13_7,PSE_history_13_7,History,0,D,D,"### ANSWER
D"
PSE_history_13_8,PSE_history_13_8,History,0,D,B,B
PSE_history_13_9,PSE_history_13_9,History,0,C,C,"이 정치관은 임금을 보좌하고 백관을 통솔하는 재상(총재)의 역할을 강조하며, 임금의 잘못을 막고 올바른 정치로 이끌어야 한다고 주장한다. 이는 재상 중심의 정치 운영을 중시하는 입장으로, 조선에서 의정부의 권한을 강화하여 국가 중요 정책을 의정부가 논의하고 시행하도록 한 의정부 서사제와 관련이 깊다. 반면 육조 직계제는 의정부를 약화시키고 국왕 중심으로 운영되는 정책이므로 이 정치관과 반대된다.

### ANSWER
C"
KIIP_economy_33,KIIP_economy_33,Economy,0,A,A,"### ANSWER
A"
KIIP_economy_34,KIIP_economy_34,Economy,0,A,A,"시중은행과 지방은행은 안전성이 높고 지점이 많아 서비스가 편리하지만, 예금 금리가 상대적으로 낮은 단점이 있습니다. 따라서 정답은 A입니다.

### ANSWER
A"
KIIP_economy_35,KIIP_economy_35,Economy,0,A,A,"농협, 수협, 우체국은 시중은행이 아닌 대표적인 예금 취급 기관으로 개인이 안심하고 이용할 수 있다. 증권회사들은 예금이 아닌 투자 상품을 취급하므로 이 문제의 조건에 맞지 않는다. 따라서 정답은 A이다.

### ANSWER
A"
KIIP_economy_36,KIIP_economy_36,Economy,0,C,C,"상호저축은행은 시중은행보다 규모가 작고 지점 수가 적으며, 예금 금리는 상대적으로 높은 대신 안전성이 다소 떨어진다. 따라서 보기 중 C가 가장 적절한 설명이다.

### ANSWER
C"
KIIP_economy_37,KIIP_economy_37,Economy,0,B,B,"### ANSWER
B"
KIIP_economy_38,KIIP_economy_38,Economy,0,A,A,"상호저축은행은 서민금융기관으로 예금금리가 시중은행보다 높은 대신 자산 규모가 작고 안전성이 상대적으로 낮으며 지점 수가 적다. 따라서 가장 두드러진 특징은 높은 금리이다.

### ANSWER
A"
KIIP_economy_39,KIIP_economy_39,Economy,0,A,A,"증권회사는 주식과 채권 같은 유가증권의 매매와 중개를 주된 업무로 하는 금융기관이다. 따라서 증권회사를 이용하는 주요 목적은 주식이나 채권에 투자하는 것이다. 보험 가입은 보험회사, 예금과 대출은 은행의 주요 업무에 해당한다. 그러므로 정답은 A이다.

### ANSWER
A"
KIIP_economy_40,KIIP_economy_40,Economy,0,C,C,"주식과 채권의 매매는 자본시장법에 따라 증권회사를 통해 이루어집니다. 은행은 예금·대출, 보험회사는 보험상품, 상호저축은행은 서민금융을 주로 취급하므로 주식·채권 투자와 직접 관련이 없습니다. 따라서 정답은 증권회사입니다.

### ANSWER
C"
KIIP_tradition_160,KIIP_tradition_160,Tradition,0,C,C,"향우회는 같은 고향 출신 사람들이 새로운 지역에 정착한 뒤 서로 교류하고 돕기 위해 만드는 조직입니다. 따라서 새로 정착한 곳에서 만드는 조직은 향우회입니다.

### ANSWER
C"
KIIP_tradition_161,KIIP_tradition_161,Tradition,0,C,C,"한국 사회에서 학연은 주로 고등학교와 대학교 동문 관계를 중심으로 형성되며, 사회적 네트워크와 인맥 형성에 중요한 역할을 합니다. 초등학교나 중학교보다 고등학교와 대학교의 동창회가 더 활발하고, 사회생활에서도 학연이 영향을 미치는 경우가 많습니다. 따라서 정답은 C입니다.

### ANSWER
C"
Kedu_tradition_1,Kedu_tradition_1,Tradition,0,D,D,"세한삼우(歲寒三友)는 추운 겨울에도 푸르름을 유지하는 소나무, 대나무, 그리고 매화를 가리킵니다. 이는 절개와 지조를 상징하는 전통적인 소재입니다. 동백은 아름다운 겨울 꽃이지만 세한삼우에 포함되지 않습니다. 따라서 정답은 동백입니다.

### ANSWER
D"
Kedu_tradition_2,Kedu_tradition_2,Tradition,0,C,C,"장옷은 전통적으로 여성만 입던 겉옷으로, 얼굴을 가리는 용도로도 사용되었습니다. 잠방이, 등거리, 마고자는 모두 남성용 전통복식에 해당합니다. 따라서 정답은 C입니다.

### ANSWER
C"
Kedu_tradition_3,Kedu_tradition_3,Tradition,0,C,C,"전통 제례에서 강신(降神), 초헌(初獻), 독축(讀祝)은 모두 사용되는 절차이다. 반면 초례(醮禮)는 전통 혼례에서 사용되는 의식 용어이다. 따라서 제례에서 사용되지 않는 것은 초례이다.

### ANSWER
C"
Kedu_tradition_4,Kedu_tradition_4,Tradition,0,B,B,"납폐(納幣)는 신랑 집에서 신부 집으로 혼인 예물을 보내는 절차를 말합니다. 이때 예물을 담은 상자를 ‘함’이라고 하며, 함을 보내는 행위가 납폐에 해당합니다. 따라서 신랑 집에서 신부 집으로 함을 보내는 절차가 옳은 설명입니다.

### ANSWER
B"
Kedu_tradition_5,Kedu_tradition_5,Tradition,0,A,A,"노젓는소리, 모심는소리, 목도소리는 모두 일할 때 부르는 노동요이다. 나머지 보기들은 굿이나 의식, 놀이 등이 섞여 있어 기능이 같지 않다.

### ANSWER
A"
Kedu_tradition_6,Kedu_tradition_6,Tradition,0,D,D,"제사상에서 생선은 머리를 동쪽으로, 꼬리를 서쪽으로 두는 ‘동두서미(東頭西尾)’가 원칙이다. 따라서 ‘서두동미(西頭東尾)’는 일반 원칙에 어긋난다.

### ANSWER
D"
CSAT_korean_22_31,CSAT_korean_22_31,Textual,0,E,E,"### ANSWER
E"
CSAT_korean_22_32,CSAT_korean_22_32,Textual,0,D,D,"(가)는 봄을 배경으로 하여 씨앗, 베틀, 솥 등 일상적 소재를 통해 화자의 궁핍한 처지를 드러내고 있습니다. 계절의 변화나 자연물의 인식 전환, 풍속 묘사, 자연의 섭리보다는 봄이라는 특정 계절을 배경으로 화자의 가난한 삶을 부각하는 데 초점이 있습니다.

### ANSWER
D"
CSAT_korean_22_33,CSAT_korean_22_33,Textual,0,E,E,"### ANSWER
E"
CSAT_korean_22_34,CSAT_korean_22_34,Textual,0,C,D,"㉣은 비 온 뒤 밭에 난 잡초를 매면서 “차례 정한 일”에 따라 그저 매는 대로 매겠다는 태도를 드러낸다. 이는 농사일의 순서나 때를 따르려는 자연스러운 마음이지, 사회적 약속에 대한 존중을 공동체 발전의 방도로 삼는다는 의미는 아니다. 따라서 ㉣의 문맥적 의미를 사회적 약속과 연결한 D는 적절하지 않다.

### ANSWER
D"
TK_2016_5,TK_2016_5,Textual,0,A,A,"이 글은 “비타민이 가득”하고 “하루 필요한 야채가 한 병에” 들어 있다고 광고하는 내용입니다. 야채와 비타민을 한 병에 담은 음료는 주스가 가장 적절합니다. 콜라, 우유, 커피는 이러한 광고 문구와 맞지 않습니다. 따라서 정답은 주스입니다.

### ANSWER
A"
TK_2016_6,TK_2016_6,Textual,0,B,B,"이 글은 물놀이 용품을 특별 세일한다는 광고로, 여름철 물놀이 용품을 파는 곳은 주로 마트이기 때문에 정답은 마트입니다. 학원, 사진관, 세탁소는 물놀이 용품을 판매하는 곳이 아닙니다.

### ANSWER
B"
TK_2016_7,TK_2016_7,Textual,0,D,D,"이 문구는 “숨은 불씨”와 “꺼진 불씨”를 다시 확인하라는 내용으로, 불씨로 인한 화재를 막기 위한 경고입니다. 따라서 전기 절약, 날씨 정보, 건강 관리와는 관계가 없고 화재 예방에 대한 글입니다.

### ANSWER
D"
TK_2016_8,TK_2016_8,Textual,0,B,B,"### ANSWER
B"
KIIP_society_227,KIIP_society_227,Society,0,A,A,"한국 대학 입시에서 수능 외에도 수시 전형을 통해 논술, 면접, 학생부 등 다양한 전형 요소가 활용됩니다. 토익·토플, GRE·GMAT, IELTS·SAT는 주로 외국어 능력이나 해외 대학/대학원 진학에 사용되는 시험입니다. 따라서 한국 대학 진학을 위한 수능 외 과정으로는 면접과 논술 등이 가장 적절합니다.

### ANSWER
A"
KIIP_society_228,KIIP_society_228,Society,0,B,B,"### ANSWER
B"
KIIP_society_229,KIIP_society_229,Society,0,B,B,"한국에서 고등학교 교육은 의무교육이 아니지만, 대학 진학을 위해서는 고등학교 이수가 필수적이기 때문에 대학 진학을 희망하는 학생들이 많아 고등학교 이수 비율이 높다. 교육열이 높은 것도 배경이 되지만, 직접적인 이유는 대학 진학을 위한 고등학교 이수 필요성이다.

### ANSWER
B"
KIIP_society_230,KIIP_society_230,Society,0,B,D,"In South Korea, elementary and middle school are compulsory education, while high school is not legally mandatory. However, because the high school enrollment rate is extremely high, it is widely considered universal education (보편 교육) rather than optional education. The term ""선택 교육"" typically refers to elective courses, not the school level. Therefore, the correct answer is D.

### ANSWER
D"
KIIP_society_231,KIIP_society_231,Society,0,A,A,"수능은 대학 입학을 위한 시험으로, 수험생이 대학에서 공부할 수 있는 능력을 평가하는 것이 주요 목적이다. 고등학교 졸업이나 직업 능력, 외국어 능력만을 확인하는 시험은 아니다. 따라서 가장 적절한 선택지는 A이다.

### ANSWER
A"
KIIP_society_232,KIIP_society_232,Society,0,C,C,"한국은 고등교육 이수율과 대학 진학률이 OECD 회원국 중에서도 매우 높은 편에 속합니다. 특히 청년층의 고등교육 진학 비율은 지속적으로 최상위권을 유지하고 있습니다. 따라서 OECD 국가들과 비교했을 때 한국의 대학 진학률은 최고 수준에 해당합니다.

### ANSWER
C"
KIIP_society_233,KIIP_society_233,Society,0,B,B,"한국 사회에서 교육은 전통적으로 계층 이동의 주요 수단으로 인식되어 왔습니다. 학벌과 교육 수준이 직업, 소득, 사회적 지위에 큰 영향을 미친다고 여겨집니다. 따라서 교육은 개인의 사회적 지위를 상승시키는 방법으로 간주됩니다. 이러한 인식은 한국 사회의 교육열로 이어져 왔습니다.

### ANSWER
B"
KIIP_society_234,KIIP_society_234,Society,0,D,D,"In South Korea, higher educational attainment is generally associated with higher wages due to the strong credentialism in the labor market and the human capital theory, which links more education to greater productivity and better job opportunities. Therefore, the correct choice is that higher education leads to higher wages.

### ANSWER
D"
CSAT_korean_15_13,CSAT_korean_15_13,Grammar,0,E,E,"(ㅇ) '영수'는 아들의 이름으로, 현재 담화에 참여하고 있는 청자(아들)를 가리킨다. 따라서 (ㅂ) '누나'처럼 화자와 청자를 제외한 제삼자를 가리키는 것은 아니다. 나머지 보기의 설명은 모두 적절하다.

### ANSWER
E"
CSAT_korean_15_15,CSAT_korean_15_15,Grammar,0,B,B,"A는 ‘발전해’가 자동사로 쓰여 목적어를 취하지 못하므로 ‘발전시켜’가 자연스럽다. C는 ‘발달을 겪다’가 어색하고, D는 ‘요점은 … 알아야 한다’로 연결되어 문장이 완결되지 않았다. E는 ‘혼동이나 … 줄거리를 기억하지 못했다’에서 병렬 구조가 어긋난다. B는 모든 표현이 문법적으로 정확하고 자연스럽다.

### ANSWER
B"
CSAT_korean_16_11,CSAT_korean_16_11,Grammar,0,A,A,"'가깝다'의 예처럼 공간적 의미가 추상적 의미로 확장된 경우를 찾아야 한다. A의 '낮다'는 (ㄱ)에서 공간적 높이가 낮은 뜻, (ㄴ)에서 정도나 수준이 낮다는 추상적 뜻으로 쓰여 중심 의미가 주변 의미로 확장된 예에 해당한다.

### ANSWER
A"
CSAT_korean_19_13,CSAT_korean_19_13,Grammar,0,D,D,"### ANSWER
D"
CSAT_korean_20_12,CSAT_korean_20_12,Grammar,0,C,C,"‘수세미’는 본래 식물을 가리키던 말이 그릇 닦는 도구까지 가리키게 된 의미 확장의 예이고, ‘총각’은 원래 머리 모양을 뜻하던 의미가 사라지고 ‘결혼하지 않은 남자’로 바뀐 의미 변화의 예이다. 따라서 두 단어의 변화 양상이 유사하다고 보기는 어렵다.

### ANSWER
C"
CSAT_korean_15_12,CSAT_korean_15_12,Grammar,0,C,C,"*로 구분된 말들은 모두 다른 말과 결합하여 쓰이는 의존 형태소입니다. 또한 ‘은/는’은 앞말의 받침 유무에 따라, ‘듣/들’은 뒤에 오는 음운 환경에 따라, ‘았/었’은 모음 조화에 따라 형태가 바뀝니다. 따라서 공통점은 반드시 다른 말과 결합하고 음운 환경에 따라 형태가 변한다는 것입니다.

### ANSWER
C"
CSAT_korean_17_13,CSAT_korean_17_13,Grammar,0,C,C,"C의 문장에서 ‘너무’는 서술어 ‘샀다’를 수식하는 것이 아니라, 명사 ‘차’를 꾸미는 관형어 ‘헌’을 수식하는 부사어이다. 즉 ‘너무 헌 차’에서 ‘너무’는 ‘헌’을 꾸미는 역할을 한다. 따라서 ‘부사어 ‘너무’가 서술어 ‘샀다’를 수식한다’는 설명은 적절하지 않다. 나머지 보기는 부사어의 기능과 필수 성분 여부를 올바르게 설명하고 있다.

### ANSWER
C"
CSAT_korean_15_14,CSAT_korean_15_14,Grammar,0,B,B,"### ANSWER
B"
PSAT_17_12,PSAT_17_12,Law,0,C,C,"대한민국 헌법에서 대통령의 자문에 응하기 위해 반드시 두도록 규정된 기관은 국가안전보장회의입니다. 헌법 제90조는 “국가안전보장회의를 둔다”고 규정하여 필수적 자문기관으로 정하고 있습니다. 반면 민주평화통일자문회의, 국민경제자문회의, 국가원로자문회의는 “둘 수 있다”고 규정하여 임의적 기관입니다. 따라서 필수적 자문기관은 국가안전보장회의입니다.

### ANSWER
C"
PSAT_17_13,PSAT_17_13,Law,0,D,D,"국무회의는 대통령이 의장이 되고 국무총리는 부의장으로서 대통령을 보좌하므로, 국무총리가 의장으로서 주재한다는 설명은 옳지 않다. 나머지 A, B, C는 헌법과 헌법재판소의 입장에 부합한다.

### ANSWER
D"
PSAT_17_14,PSAT_17_14,Law,0,B,B,"착상 전 초기배아는 생명체로서 보호의 대상이 될 수는 있으나, 기본권의 주체인 ‘인간’ 또는 ‘사람’으로 볼 수 없다는 것이 헌법재판소의 입장이다. 따라서 성장가능성만으로 기본권 주체성이 인정된다는 설명은 옳지 않다. 나머지 보기는 기본권 주체성에 관한 일반적 원칙이나 헌법재판소 결정에 부합한다.

### ANSWER
B"
PSAT_17_15,PSAT_17_15,Law,0,D,D,"According to Article 53 of the Korean Constitution, the President, not the Prime Minister, promulgates laws. If the President fails to promulgate within the 15-day period or request reconsideration, the bill becomes law and must be promulgated by the President within 5 days after that period. Therefore, the statement in D is incorrect.

### ANSWER
D"
PSAT_17_16,PSAT_17_16,Law,0,B,B,"헌법 제63조에 따르면 국무총리 또는 국무위원의 해임건의는 국회재적의원 3분의 1 이상의 발의와 국회재적의원 과반수의 찬성이 있어야 한다. 따라서 보기 B의 '과반수의 발의와 3분의 2 이상의 찬성'은 옳지 않다. A, C, D는 각각 헌법에 규정된 특별정족수 요건에 부합한다.

### ANSWER
B"
PSAT_17_17,PSAT_17_17,Law,0,D,D,"A는 집회의 자유의 이중적 기능을 인정한 헌법재판소 입장과 일치하고, B는 집회 참가 방해·강요 금지라는 보호 내용으로 옳다. C는 집회 금지·해산이 명백한 직접 위협이 있을 때만 허용된다는 헌법재판소 결정과 부합한다. D는 외교기관 인근 집회가 중요한 보호법익과 충돌할 개연성이 높다고 볼 수 없다고 주장하나, 이는 헌법재판소가 외교기관 인근 집회의 특수성을 인정한 것과 반대되므로 옳지 않다.

### ANSWER
D"
PSAT_17_18,PSAT_17_18,Law,0,B,B,"헌법 제129조에 따르면 국회는 헌법개정안이 공고된 날로부터 60일 이내에 의결하여야 한다. 따라서 30일 이내라고 한 B는 옳지 않다.

### ANSWER
B"
PSAT_17_19,PSAT_17_19,Law,0,A,A,"헌법 제82조는 대통령의 국법상 행위에 대해 국무총리와 관계 국무위원의 부서를 요구하면서 군사에 관한 것도 또한 같다고 규정하므로, 군사를 예외로 한 A는 옳지 않다. 나머지 B, C, D는 각각 헌법 제84조, 제79조, 제67조의 내용으로 옳다.

### ANSWER
A"
KIIP_economy_41,KIIP_economy_41,Economy,0,C,C,"재래시장은 대형 마트에 비해 물건 값이 비교적 싸고, 정이 많아 상인들의 인심이 좋은 전통적 시장이다. 따라서 보기 중 특징으로 가장 적절한 것은 C이다.

### ANSWER
C"
KIIP_economy_42,KIIP_economy_42,Economy,0,A,A,"3일에 한 번씩 열리는 시장은 ‘3일장’이라고 부른다. 상설시장은 매일 열리는 시장이고, 재래시장은 전통 시장을 뜻하므로 문제의 조건에 맞는 것은 3일장이다.

### ANSWER
A"
KIIP_economy_43,KIIP_economy_43,Economy,0,B,B,"물건을 사거나 음식을 먹을 때는 소비 행위에 대해 부가가치세가 부과됩니다. 소득세는 개인의 소득, 법인세는 기업의 이익, 주민세는 지방세로 이 경우와 직접 관련이 없습니다. 따라서 정답은 부가가치세입니다.

### ANSWER
B"
KIIP_economy_44,KIIP_economy_44,Economy,0,A,A,"현금영수증은 현금 거래 내역을 국세청에 신고하여 소득공제를 받을 수 있게 해 주는 제도입니다. 따라서 나중에 연말정산이나 종합소득세 신고 때 세금을 덜 낼 수 있는 장점이 있습니다. 환불이나 교환에 영수증이 필요할 수는 있지만, 현금영수증 발급의 핵심적인 장점은 소득공제입니다.

### ANSWER
A"
KIIP_economy_45,KIIP_economy_45,Economy,0,A,A,"### ANSWER
A"
KIIP_economy_46,KIIP_economy_46,Economy,0,B,B,B
KIIP_economy_47,KIIP_economy_47,Economy,0,A,A,"The Korea Consumer Agency and similar specialized institutions focus on protecting consumer rights by investigating disputes, identifying responsible parties, and facilitating proper compensation. They do not provide price discounts, quality improvements, or delivery services. Thus, the correct answer is A.

### ANSWER
A"
KIIP_economy_48,KIIP_economy_48,Economy,0,A,A,"한국소비자원은 소비자 피해가 발생했을 때 책임 소재를 밝히고 보상을 받을 수 있도록 지원하는 기관이다. 품질 검사나 안전성 확보는 다른 기관의 역할이며, 가격 결정은 소비자원의 기능이 아니다. 따라서 소비자에게 가장 직접적인 도움은 피해 구제와 보상 지원이다.

### ANSWER
A"
Kedu_tradition_7,Kedu_tradition_7,Tradition,0,C,C,"Jeongwol Daeboreum customs include eating ogokbap, drinking gwibalgui, and cracking nuts (bureom) to prevent skin diseases and promote health. Options A, B, and D all match these traditional practices. However, eating foods made with mugwort and motherwort to avoid summer heat is a custom associated with Dano, not Jeongwol Daeboreum. Therefore, the incorrect choice is C.

### ANSWER
C"
Kedu_tradition_8,Kedu_tradition_8,Tradition,0,C,C,"습렴은 시신을 목욕시키고 수의를 갈아입힌 뒤 결속하여 입관하는 절차를 말합니다. 따라서 설명에 해당하는 절차는 습렴입니다.

### ANSWER
C"
Kedu_tradition_9,Kedu_tradition_9,Tradition,0,A,A,"향가는 4구체, 8구체, 10구체로 나뉘지만, 연(聯) 구분이 있는 것은 주로 10구체뿐이다. 따라서 모든 향가에 연 구분이 있다는 설명은 옳지 않다. 향찰로 기록되었고, <헌화가>, <제망매가>, <찬기파랑가> 등이 대표 작품이며, 《삼국유사》에 14수, 《균여전》에 11수가 전한다.

### ANSWER
A"
Kedu_tradition_10,Kedu_tradition_10,Tradition,0,A,A,"취악기는 입으로 불어서 소리를 내는 관악기를 말한다. 나발, 나각, 태평소는 모두 취악기에 해당하지만, 비파는 줄을 튕겨 연주하는 현악기이다. 따라서 취악기가 아닌 것은 비파이다.

### ANSWER
A"
Kedu_tradition_11,Kedu_tradition_11,Tradition,0,D,D,"꼭두각시놀음은 인형극으로 가면 대신 인형을 사용한다. 나머지 수영들놀음, 송파산대놀이, 고성오광대놀이는 모두 가면을 사용하는 탈놀이이다.

### ANSWER
D"
Kedu_tradition_12,Kedu_tradition_12,Tradition,0,D,D,"The correct answer is D because traditional bansang is classified by the number of side dishes as 3, 5, 7, 9, or 12 cheop, not up to 15 cheop. A correctly lists typical bansang vessels. B correctly states that a table for an elder is called jinjitsang. C correctly notes that soup and kimchi are not counted in the cheop number.

### ANSWER
D"
Kedu_tradition_13,Kedu_tradition_13,Tradition,0,B,B,"조왕신은 부엌의 화로나 아궁이를 관장하는 가신으로, 부엌에 모셔진다. 업신은 곳간이나 안방, 성주신은 대들보나 안방, 터주신은 집터나 마당에 관련된다. 따라서 연결이 옳은 것은 조왕신-부엌이다.

### ANSWER
B"
Kedu_tradition_14,Kedu_tradition_14,Tradition,0,C,C,"활옷은 혼례 때 신부가 입는 여성용 예복이므로 남성용이라는 설명은 틀렸다. 창옷은 여성의 외출용 겉옷으로 치마 안에 입는 방한복이 아니다. 속적삼은 저고리 안에 받쳐 입는 홑옷으로 설명이 옳다. 도포는 선비들이 입던 남성용 겉옷이므로 여성용 외출복이라는 설명은 틀렸다.

### ANSWER
C"
KIIP_society_235,KIIP_society_235,Society,0,C,C,"In South Korea, education is highly valued, and parents generally place great emphasis on their children's academic success. University admission is seen as a crucial step for social mobility and career prospects. Therefore, Korean parents typically support and encourage their children's pursuit of higher education. Thus, the correct answer is C.

### ANSWER
C"
KIIP_society_236,KIIP_society_236,Society,0,B,B,"한국에서는 중요한 시험을 앞둔 사람에게 선물을 주는 것이 응원과 격려의 의미를 담고 있습니다. 이는 시험을 잘 치르라는 바람을 표현하는 관습입니다. 따라서 선물의 의미는 시험을 잘 보라는 뜻입니다.

### ANSWER
B"
KIIP_society_237,KIIP_society_237,Society,0,A,A,"한국에서는 시험 합격을 기원할 때 엿과 찹쌀떡을 선물하는 전통이 있습니다. 엿은 끈적한 성질 때문에 시험에 ""붙는다""는 의미를 담고 있으며, 찹쌀떡도 마찬가지로 합격을 상징합니다. 따라서 전통적으로 합격을 기원하는 선물로 가장 적절한 것은 엿과 찹쌀떡입니다.

### ANSWER
A"
KIIP_society_238,KIIP_society_238,Society,0,D,D,"대학 입학 특별 전형은 사회적 배려 대상이나 특수한 교육적 배경을 가진 학생들을 위한 제도입니다. 농어촌학생, 재외국민, 특성화고교출신자는 모두 특별 전형의 대표적인 대상에 해당합니다. 반면 고소득층학생은 오히려 특별 전형의 혜택을 받기 어려운 일반적인 수험생 집단입니다. 따라서 특별 전형 대상에 포함되지 않는 것은 고소득층학생입니다.

### ANSWER
D"
KIIP_society_239,KIIP_society_239,Society,0,A,A,"### ANSWER
A"
KIIP_society_240,KIIP_society_240,Society,0,A,A,"한국의 교육열은 주로 대학 입시를 중심으로 형성되어 있으며, 대학 서열화와 학벌주의가 사회 전반에 영향을 미치기 때문이다. 초·중·고등학교 진학은 사실상 의무교육 단계로 큰 경쟁이 없지만, 대학 진학은 치열한 경쟁과 사교육을 유발한다. 따라서 한국 사회에서 높은 교육열의 주된 목적은 대학 진학이라고 볼 수 있다.

### ANSWER
A"
KIIP_society_241,KIIP_society_241,Society,0,A,A,"중·고등학교 시기의 사교육은 주로 대학 입시를 대비하기 위한 것이다. 한국 사회에서 대학 진학이 중요한 교육 목표로 여겨지기 때문에 부모들은 자녀의 경쟁력 향상을 위해 사교육비를 지출한다. 따라서 보기 중 가장 적절한 이유는 자녀의 대학 진학이다.

### ANSWER
A"
KIIP_society_242,KIIP_society_242,Society,0,B,B,"사교육은 한국 사회에서 학원비, 과외비 등으로 부모에게 큰 경제적 부담을 주는 대표적인 교육 형태입니다. 정규 학교교육은 의무교육이나 공교육 체계 안에서 이루어지지만, 사교육은 추가 비용이 발생합니다. 따라서 문제에서 부모들에게 상당한 부담을 주는 교육 형태는 사교육입니다.

### ANSWER
B"
TK_2016_9,TK_2016_9,Textual,0,B,B,"The festival is the 8th annual event, so it is not the first. It takes place on Saturday and Sunday, August 20–21, which is two days over the weekend. The notice says on-site application is required for the experience, not advance reservation. The food is offered as free tasting, not for purchase. Therefore, the correct choice is B.

### ANSWER
B"
TK_2016_10,TK_2016_10,Textual,0,D,D,"The passage describes a manhwa cafe as a place where people can enjoy both visual attractions and food, unlike a traditional manhwabang. It also mentions differences in atmosphere and popularity, with manhwa cafes being popular among young women. Thus, the statement that matches the passage is that a manhwa cafe is a place to enjoy both things to see and things to eat.

### ANSWER
D"
TK_2016_11,TK_2016_11,Textual,0,A,A,"The passage states that cacao contains nutrients and is effective for improving concentration, so choice A directly matches. Choice B contradicts the warning against eating too much sweet chocolate. Choice C is not supported, as the passage says cacao is hard to eat and sweet chocolate can harm health. Choice D is incorrect because the passage does not claim this fact was newly discovered.

### ANSWER
A"
TK_2016_12,TK_2016_12,Textual,0,A,A,"(가)에서 꽃차를 즐기는 사람들이 늘고 있다는 주제를 제시하고, (나)에서 그 이유를 설명합니다. 이어서 (라)에서 길가 꽃은 피해야 한다는 반전을 두고, (다)에서 깨끗하게 재배한 꽃을 사용하라는 권유로 마무리하는 것이 자연스럽습니다.

### ANSWER
A"
TK_2016_13,TK_2016_13,Textual,0,B,B,"The sequence begins with hanging the blanket and leaving, followed by sudden rain and rushing home. Upon arrival, the speaker finds a note about the blanket being kept, and then learns the neighbor had taken it in. Therefore, the correct order is (가)-(다)-(라)-(나).

### ANSWER
B"
TK_2016_14,TK_2016_14,Textual,0,C,C,"The logical sequence starts with the city officials holding a meeting about reducing trash, which is (나). The meeting resulted in agreement to implement the address real-name system, so (가) follows. Then (라) explains the rationale behind that decision, that writing addresses would foster responsibility. Finally, (다) introduces the residents' opposition due to privacy concerns, which contrasts with the earlier decision. Therefore the correct order is (나)-(가)-(라)-(다).

### ANSWER
C"
TK_2016_15,TK_2016_15,Textual,0,B,B,"악보를 외우는 대신 시간을 써야 한다는 주장과, 그 뒤에 악보를 외우면 표현력이 풍성해진다는 반박이 이어지므로 빈칸에는 ‘표현력을 높이는 데에’가 가장 자연스럽다.

### ANSWER
B"
TK_2016_16,TK_2016_16,Textual,0,C,C,"기증된 물건 중에는 다시 사용하기 어려운 것들이 많아서, 쓸 만한 물건을 골라내는 데 인력과 비용이 든다고 했다. 따라서 빈칸에는 '재사용하기 곤란한 것이'가 가장 자연스럽다. 다른 보기들은 본문의 '다시 사용할 것'이라는 문맥과 맞지 않는다. 그러므로 정답은 C이다.

### ANSWER
C"
KIIP_popular_26,KIIP_popular_26,Pop Culture,0,A,A,"### ANSWER
A"
Kedu_popular_1,Kedu_popular_1,Pop Culture,0,A,A,"### ANSWER
A"
Kedu_popular_2,Kedu_popular_2,Pop Culture,0,C,C,"이 세 노래는 모두 남녀 관계에서 여성이 주체적이고 당당한 태도를 보여주는 내용을 담고 있습니다. 투애니원의 <I don't care>는 상대의 태도에 흔들리지 않는 모습을, 미쓰에이의 <Bad Girl Good Girl>은 매력적이고 자신감 있는 여성을, 걸스데이의 <여자대통령>은 연애에서 주도권을 쥔 여성의 모습을 표현합니다. 따라서 공통점은 남녀 문제에서 여성의 당당해진 모습입니다.

### ANSWER
C"
Kedu_popular_3,Kedu_popular_3,Pop Culture,0,B,B,"1960년대에 민간 상업 방송사들이 개국한 것은 사실이나, 일본영화 상영 허용은 1970년대가 아니라 1998년부터 단계적으로 이루어졌다. 따라서 B가 옳지 않은 설명이다.

### ANSWER
B"
Kedu_popular_4,Kedu_popular_4,Pop Culture,0,B,B,"태극기 휘날리며는 한국전쟁을 배경으로 하고, 공동경비구역 JSA는 남북 분단을 다룬다. 웰컴 투 동막골도 한국전쟁을 배경으로 한 영화이다. 해운대는 쓰나미 재난 영화이고, 박하사탕은 한국전쟁이나 남북분단이 주된 배경이 아니다. 따라서 정답은 ㄱ, ㄴ, ㅁ이다.

### ANSWER
B"
Kedu_popular_5,Kedu_popular_5,Pop Culture,0,B,B,"The Vegetarian by Han Kang won the Man Booker International Prize in 2016, making the connection in option B correct. The other pairings are inaccurate: Pieta won the Golden Lion at Venice, not the Cannes Grand Prix; Seoul Station did not win the Annecy Grand Prix; and The Last Empress did not win a Tony Award.

### ANSWER
B"
Kedu_popular_6,Kedu_popular_6,Pop Culture,0,B,B,"암살은 최동훈 감독의 오리지널 각본으로 만들어진 영화로, 원작 만화가 없다. 반면 타짜, 순정만화, 공포의 외인구단은 모두 원작 만화를 바탕으로 제작된 한국 영화이다. 따라서 만화를 원작으로 하지 않은 작품은 암살이다.

### ANSWER
B"
Kedu_popular_7,Kedu_popular_7,Pop Culture,0,A,A,"쌍화점은 고려 시대를 배경으로 한 영화로, 신라 선덕여왕 시절이 아니다. 나머지 영화들은 각각 조선 인조, 연산군, 대한제국 시기와 올바르게 연결된다.

### ANSWER
A"
PSE_history_13_10,PSE_history_13_10,History,0,A,A,"The king described is Beopheung of Silla, who promulgated laws, established official court clothing, and received the surrender of Geumgwan Gaya. His notable achievement was adopting the era name “Geonwon” in 536.

### ANSWER
A"
PSE_history_13_11,PSE_history_13_11,History,0,B,B,"1987년 6월 민주항쟁과 관련된 사건들로, 박종철 사건과 4·13 호헌 조치에 반발하여 6·10 국민 대회와 민주헌법쟁취 국민운동본부가 결성되었습니다. 이에 따라 6·29 선언이 발표되었고, 그 결과 5년 단임의 대통령 직선제 개헌이 이루어졌습니다. 따라서 옳은 것은 B입니다.

### ANSWER
B"
PSE_history_13_12,PSE_history_13_12,History,0,D,D,"㉠ 종묘는 조선 왕과 왕비의 신주를 모신 사당이므로 A는 옳다. ㉡ 고인돌은 청동기시대의 대표적인 무덤이므로 B는 옳다. ㉢ 조선왕조실록은 태조부터 철종까지의 역사를 편년체로 기록한 것이므로 C는 옳다. ㉣ 직지심체요절은 병인양요 때 약탈된 것이 아니라, 후에 프랑스인 콜랭 드 플랑시가 수집하여 프랑스 국립도서관에 소장된 것이다. 따라서 옳지 않은 것은 D이다.

### ANSWER
D"
PSE_history_13_13,PSE_history_13_13,History,0,C,C,"### ANSWER
C"
PSE_history_13_14,PSE_history_13_14,History,0,C,C,"이 민요는 장돌뱅이(보부상)가 여러 장시를 돌아다니며 교역하는 모습을 보여 주며, 이는 조선 전기 지방 장시의 발달과 관련된다. 보부상이 농산물과 수공업품을 팔았다는 점, 15세기 후반 이후 장시가 확대되었다는 점, 농업 생산력 발달로 장시가 늘었다는 점은 모두 사실이다. 그러나 조선통보는 조선 전기에 주조되었지만 실제 유통은 활발하지 못했고, 동전 화폐 유통이 활발해진 것은 17세기 상평통보 이후의 일이다. 따라서 옳지 않은 것은 C이다.

### ANSWER
C"
PSE_history_13_15,PSE_history_13_15,History,0,A,A,"The described institution is the 군국기무처 (Gabo Reform council), which led the first Gabo Reform in 1894. One of its key reforms was adopting a silver standard monetary system. Option B refers to Heungseon Daewongun's restoration of 의정부 and 삼군부, while option C refers to the later Gwangmu Reform. Option D was part of the second Gabo Reform after the council was reorganized. Therefore, the correct reform promoted by this institution is the silver standard currency system.

### ANSWER
A"
PSE_history_13_16,PSE_history_13_16,History,0,D,B,"### ANSWER
B"
PSE_history_13_17,PSE_history_13_17,History,0,C,C,"율곡 이이가 제시한 향약은 향촌 자치 규약으로, 유교 윤리를 바탕으로 향촌 질서를 유지하고 상부상조를 목적으로 하였다. 그러나 상두꾼은 주로 상례 때 상여를 메는 사람들로, 이는 향약보다는 계(契)나 상조계와 같은 상부상조 조직의 특징이다. 따라서 C의 설명은 향약에 대한 설명으로 옳지 않다. A, B, D는 향약의 일반적 특징이나 부작용에 해당한다.

### ANSWER
C"
KIIP_economy_49,KIIP_economy_49,Economy,0,A,A,"한국 정부는 실업자의 재취업을 돕기 위해 직업훈련과 같은 다양한 교육 프로그램을 제공하고, 사회보장제도를 확대하는 포괄적인 노력을 기울이고 있습니다. 단순히 금전적 지원이나 일부 자리 제공만 하는 것은 정부의 전반적인 실업 대책을 대표하지 않습니다.

### ANSWER
A"
KIIP_economy_50,KIIP_economy_50,Economy,0,A,A,"한국에서 취업할 때 법적으로 반드시 해야 하는 것은 근로계약서를 작성하는 것입니다. 근로기준법에 따라 사용자는 근로자와 근로계약을 체결할 때 임금, 근로시간, 휴일 등을 명시한 서면 근로계약서를 교부해야 합니다. 이력서 제출이나 면접 준비, 증명사진 제출은 일반적인 절차일 수 있지만 법적으로 필수는 아닙니다. 따라서 정답은 A입니다.

### ANSWER
A"
KIIP_economy_51,KIIP_economy_51,Economy,0,B,B,"한국의 전체 실업률은 미국이나 유럽의 주요 선진국들보다 일반적으로 낮은 수준이다.

### ANSWER
B"
KIIP_economy_52,KIIP_economy_52,Economy,0,D,D,"한국 취업준비생들은 일반적으로 학벌, 학점, 영어 점수 등 취업 스펙을 쌓기 위해 노력한다. 취미는 취업을 위한 필수 조건이 아니므로 갖추려고 하지 않는 항목이다. 따라서 정답은 D이다.

### ANSWER
D"
KIIP_economy_53,KIIP_economy_53,Economy,0,B,B,"한국은 여성의 경제활동 참가율이 낮아 구직 단념 등으로 실업 통계에 잡히지 않는 경우가 많고, 자영업자 비중이 높아 실업률이 낮게 나타난다.

### ANSWER
B"
KIIP_economy_54,KIIP_economy_54,Economy,0,B,B,"2010년대 한국은 저성장과 청년 실업률 상승으로 취업 경쟁이 더욱 치열해졌다. 취업 준비생 수가 늘고 좋은 일자리를 얻기 위한 스펙 경쟁이 심화되었기 때문이다. 따라서 경쟁이 약해지거나 변화가 없다는 보기는 적절하지 않다.

### ANSWER
B"
KIIP_economy_55,KIIP_economy_55,Economy,0,B,C,"2010년대 한국의 비정규직 노동자 비중은 약 33% 내외로 큰 변화 없이 유지되었다. 통계청 자료에서도 비정규직 비중은 33%대에서 등락을 반복하며 뚜렷한 증가나 감소를 보이지 않았다. 비정규직 노동자는 정규직에 비해 임금, 사회보험, 근로조건 등에서 여전히 불리한 상황에 있다. 따라서 비중이 줄거나 늘었다는 보기는 사실과 맞지 않다.

### ANSWER
C"
KIIP_economy_56,KIIP_economy_56,Economy,0,A,A,A
TK_2016_17,TK_2016_17,Textual,0,D,D,"다리미를 손에서 놓으면 다리가 튀어나와 옷과의 간격을 만들어 옷이 타지 않게 하는 것은 기존의 불편함을 새로운 방식으로 해결한 것입니다. 따라서 빈칸에 가장 알맞은 내용은 ‘문제를 새로운 아이디어로 해결했기’입니다.

### ANSWER
D"
TK_2016_18,TK_2016_18,Textual,0,B,B,"The blank introduces a concession that a friend-like father is indeed needed when the child is young, before the contrasting point about adolescence. “물론” means “of course” and fits this concessive structure. The following “그런데” signals the contrast with the need for an authoritative father. The other options do not fit the logical flow.

### ANSWER
B"
TK_2016_19,TK_2016_19,Textual,0,D,D,"The passage emphasizes that while a friend-like father is needed in early childhood, an authoritative father is important during adolescence because his words and actions provide standards for judgment and guide the child. Choice D directly captures this key idea about the authoritative father's role. The other choices either contradict the passage or misattribute the guidance role.

### ANSWER
D"
TK_2016_20,TK_2016_20,Textual,0,A,A,"""담을 쌓고 지내다""는 이웃과 교류하지 않고 지내는 것을 뜻하므로, 외로움을 달래 주는 반려식물의 맥락에 맞다.

### ANSWER
A"
TK_2016_21,TK_2016_21,Textual,0,B,B,"The passage focuses on the growing trend of people choosing plants as companions, introducing the term ""반려식물."" Option B directly states this main idea, while the other options are supporting details or contradict the passage.

### ANSWER
B"
TK_2016_22,TK_2016_22,Textual,0,D,D,D
TK_2016_23,TK_2016_23,Textual,0,C,C,"The narrator hesitated because of her late age but gathered courage and started working, which matches option C.

### ANSWER
C"
TK_2016_24,TK_2016_24,Textual,0,D,D,"The headline indicates that Korean wave actors' popularity has exploded, leading to a continuous stream of overseas advertisement requests. Option D directly matches this cause-and-effect relationship. The other options either reverse the relationship, contradict the headline, or omit the popularity factor. Therefore, D is the correct choice.

### ANSWER
D"
Kedu_14_1,Kedu_14_1,Grammar,0,C,C,"한국어는 SOV 어순을 가지며 조사 덕분에 어순이 비교적 자유롭지만, SVO 언어는 아니므로 A는 틀렸다. 한국어는 주어나 목적어 같은 주성분이 문맥에 따라 자주 생략되므로 B도 틀렸다. 부사어는 문장 내에서 비교적 자유롭게 이동할 수 있는 특징이 있어 C가 옳다. 한국어의 격은 위치가 아니라 조사에 의해 결정되므로 D는 틀렸다.

### ANSWER
C"
Kedu_14_2,Kedu_14_2,Grammar,0,D,D,"ㄱ, ㄴ, ㅁ, ㅅ, ㅇ은 기본자이고, 기본자에 획을 더한 ㄷ, ㅌ, ㅂ, ㅍ, ㅈ, ㅊ, ㅋ, ㅎ 등이 가획자입니다. ㄹ은 이체자, ㅁ은 기본자, ㅆ은 병서자에 해당합니다. 따라서 가획자의 예는 ㅋ입니다.

### ANSWER
D"
Kedu_14_3,Kedu_14_3,Grammar,0,B,B,"### ANSWER
B"
Kedu_14_4,Kedu_14_4,Grammar,0,C,C,"### ANSWER
C"
Kedu_14_5,Kedu_14_5,Grammar,0,A,A,"정문의 자음은 ㅈ(경구개음), ㅇ(연구개음), ㅁ(양순음), ㄴ(치조음)으로 네 가지 조음 위치가 나타납니다. 단상은 치조음과 연구개음, 건물은 연구개음·치조음·양순음, 행복은 후음·연구개음·양순음으로 각각 세 가지 이하입니다. 따라서 조음 위치가 가장 다양한 단어는 정문입니다.

### ANSWER
A"
Kedu_14_6,Kedu_14_6,Grammar,0,D,B,"### ANSWER
B"
Kedu_14_7,Kedu_14_7,Grammar,0,B,B,"저울의 자음은 ㅈ(파찰음, 치경구개음)과 ㄹ(유음, 치경음)로 조음 방법과 위치가 다르고, 비열의 자음은 ㅂ(파열음, 양순음)과 ㄹ(유음, 치경음)로 역시 다릅니다. 따라서 두 단어 모두 단어 내 자음들의 조음 위치가 서로 다르다는 설명이 옳습니다. 첫 번째 음절 모음은 ㅓ와 ㅣ로 혀 높이가 다르고, 두 번째 음절 모음은 ㅜ와 ㅕ로 입술 모양도 다릅니다.

### ANSWER
B"
Kedu_14_8,Kedu_14_8,Grammar,0,A,A,"사진의 자음은 ㅅ(마찰음), ㅈ(파찰음), ㄴ(비음)으로 구성되어 있어 폐쇄 후 터뜨리는 파열음이 포함되지 않습니다. 통일은 ㅌ, 창고는 ㄱ, 후방은 ㅂ에서 각각 파열음이 나타납니다.

### ANSWER
A"
Kedu_popular_8,Kedu_popular_8,Pop Culture,0,D,D,"취화선은 칸 영화제, 기생충도 칸 영화제, 아제아제바라아제는 모스크바 영화제 수상작으로 모두 바르게 연결되었다. 그러나 오아시스는 베를린 영화제가 아니라 베네치아 영화제에서 수상한 작품이다. 따라서 잘못된 연결은 D이다.

### ANSWER
D"
Kedu_popular_9,Kedu_popular_9,Pop Culture,0,B,B,"<천문>은 세종대왕 시절, <왕의 남자>는 연산군 시절, <명량>은 임진왜란 시절, <사도>는 영조 시절을 배경으로 한다. 따라서 시대순은 ㄴ → ㄱ → ㄷ → ㄹ이다.

### ANSWER
B"
Kedu_popular_10,Kedu_popular_10,Pop Culture,0,D,D,"미생, 이태원 클라쓰, 나빌레라는 모두 웹툰을 원작으로 한 드라마입니다. 그러나 해를 품은 달은 소설을 원작으로 한 작품입니다. 따라서 웹툰 원작이 아닌 것은 해를 품은 달입니다.

### ANSWER
D"
Kedu_popular_11,Kedu_popular_11,Pop Culture,0,C,C,"인터넷 문화는 쌍방향 소통과 참여가 핵심적인 특징이다. 보기 C는 인터넷 공간에서 일방향 소통만 존재한다고 주장하므로, 실제 인터넷 문화와 가장 거리가 먼 설명이다. 나머지 A, B, D는 인터넷과 가상공간의 특성을 적절히 설명하고 있다.

### ANSWER
C"
Kedu_popular_12,Kedu_popular_12,Pop Culture,0,C,C,"### ANSWER
C"
Kedu_popular_13,Kedu_popular_13,Pop Culture,0,D,D,"1990년대 한국 대중문화에 해당하는 것은 서태지와 아이들의 유행, 케이블 TV 시대 개막, 부산국제영화제의 시작이다. 한강의 맨부커상 수상은 2016년의 일이므로 1990년대가 아니다. 따라서 옳지 않은 것은 D이다.

### ANSWER
D"
Kedu_popular_14,Kedu_popular_14,Pop Culture,0,D,D,"공동경비구역 JSA는 박찬욱, 쉬리는 강제규, 강철비는 양우석 감독으로 모두 남북 대립을 소재로 한 영화와 감독이 올바르게 연결되어 있다. 부당거래는 류승완 감독의 작품이지만 남북 정치적 대립이 아닌 부패와 범죄 수사를 다룬 영화이므로 주제에 맞지 않는다. 따라서 옳지 않은 연결은 D이다.

### ANSWER
D"
Kedu_popular_15,Kedu_popular_15,Pop Culture,0,D,D,"국제시장은 민주화 운동이 아니라 가족을 위한 아버지의 희생과 한국 현대사의 여러 사건을 배경으로 한 영화이다. 택시운전사는 5·18 광주 민주화 운동을 배경으로 한 실화 기반 영화이다. 따라서 두 영화 모두 민주화 운동을 주요 배경으로 한다는 설명은 옳지 않다.

### ANSWER
D"
Kedu_tradition_15,Kedu_tradition_15,Tradition,0,A,B,"앞무릎치기는 손이 아니라 무릎을 사용하는 기술이므로 손 기술로 분류하는 것은 옳지 않다. 오금당기기는 발 기술, 들배지기는 허리 기술, 밭다리걸기는 다리 기술로 올바르게 연결된다.

### ANSWER
B"
Kedu_tradition_16,Kedu_tradition_16,Tradition,0,D,D,D
Kedu_tradition_17,Kedu_tradition_17,Tradition,0,C,D,"### ANSWER
D"
Kedu_tradition_18,Kedu_tradition_18,Tradition,0,B,B,"십장생은 전통적으로 해, 산, 물, 돌, 구름, 소나무, 불로초, 거북, 학, 사슴을 가리킨다. 학과 대나무는 십장생에 포함되며, 시내는 물의 일종으로 볼 수 있다. 그러나 용은 십장생의 목록에 들어 있지 않다. 따라서 십장생에 해당하지 않는 것은 용이다.

### ANSWER
B"
Kedu_tradition_19,Kedu_tradition_19,Tradition,0,D,D,"오신채는 불교 사찰에서 강한 냄새와 성질 때문에 금하는 다섯 가지 채소로, 일반적으로 파, 마늘, 부추, 달래, 흥거 등을 포함합니다. 고추는 전통적인 오신채 목록에 포함되지 않습니다. 따라서 사찰에서 금하는 오신채가 아닌 것은 고추입니다.

### ANSWER
D"
Kedu_tradition_20,Kedu_tradition_20,Tradition,0,B,B,"삼짇날에는 화전, 정월 대보름에는 오곡밥, 동지에는 팥죽이 맞는 연결입니다. 귀밝이술은 단오가 아니라 정월 대보름에 마시는 풍속입니다. 따라서 단오와 귀밝이술의 연결이 바르지 않습니다.

### ANSWER
B"
Kedu_tradition_21,Kedu_tradition_21,Tradition,0,D,D,"### ANSWER
D"
Kedu_tradition_22,Kedu_tradition_22,Tradition,0,A,A,"온돌은 한국 고유의 전통 난방 방식으로 고대부터 사용되었으며, 고려시대 몽고 침략 때 처음 유입된 것이 아니다. 따라서 A가 옳지 않은 설명이다. B, C, D는 온돌의 구조와 특성을 올바르게 설명한다.

### ANSWER
A"
KIIP_society_243,KIIP_society_243,Society,0,A,A,"The question asks about activities students do to get into good universities in Korean society. The most typical and direct preparation method is studying late at private academies or watching online lectures. The other options are not standard college entrance preparation activities. Therefore, the correct choice is A.

### ANSWER
A"
KIIP_society_244,KIIP_society_244,Society,0,A,A,"고3병과 입시지옥은 한국에서 힘든 고등학교 생활과 입시 부담을 나타내는 대표적인 표현이다.

### ANSWER
A"
KIIP_society_245,KIIP_society_245,Society,0,B,B,"The phenomenon of ""goose fathers"" (기러기 아빠) refers to fathers who remain in Korea to work while their families go abroad for education. This trend began to increase noticeably after the 1997 Asian financial crisis, as more families sought overseas education opportunities. Therefore, the increase started in the late 1990s.

### ANSWER
B"
KIIP_society_246,KIIP_society_246,Society,0,A,A,"평생교육은 학교 교육이 끝난 후에도 변화하는 사회에 적응하고 새로운 지식과 기술을 지속적으로 습득하기 위해 필요하다. 학교 교육만으로는 인생 전반에 걸쳐 필요한 모든 지식과 기술을 얻을 수 없기 때문에 평생교육이 요구된다. 따라서 가장 적절한 답은 A이다.

### ANSWER
A"
KIIP_society_247,KIIP_society_247,Society,0,A,D,"평생교육은 학교 교육을 대체하는 것이 아니라, 학교 교육의 한계를 보완하고 전 생애에 걸쳐 교육 기회를 확장하는 특징을 가진다. 따라서 학교 교육을 보완한다는 D가 정답이다.

### ANSWER
D"
KIIP_society_248,KIIP_society_248,Society,0,A,A,"### ANSWER
A"
KIIP_society_249,KIIP_society_249,Society,0,A,A,"노년층을 위한 최근 평생교육은 디지털 격차 해소에 중점을 두고 스마트폰 사용법과 SNS 활용 교육이 대표적으로 실시되고 있다. 영어·중국어 교육이나 수학·과학 교육은 노년층의 일반적인 평생교육 사례로 보기 어렵다. 음악·미술 교육도 있지만 최근 강조되는 디지털 역량 교육이 더 적절하다. 따라서 정답은 A이다.

### ANSWER
A"
KIIP_society_250,KIIP_society_250,Society,0,C,C,"평생교육은 학교 교육에 국한되지 않고 개인의 관심사나 필요에 따라 전 생애에 걸쳐 지속적으로 학습하는 개념입니다. 따라서 학교 교육을 이어가거나 대체하거나 보완하는 것이 아니라, 본인이 필요로 하는 분야를 스스로 공부하는 것입니다. 그러므로 정답은 C입니다.

### ANSWER
C"
PSAT_17_20,PSAT_17_20,Law,0,A,A,"현행 헌법은 1987년 제9차 개정으로 탄생하였고, 전문·본문 10장 130조·부칙 6조로 구성되며, 대통령 직선제와 5년 단임제, 국회해산권 폐지 등을 도입하였다. 또한 전문에서 대한민국임시정부의 법통과 4·19민주이념의 계승을 명시하였다. 그러나 정당 조항은 현행 헌법에서 처음 규정된 것이 아니라 1962년 제5차 개정 헌법에서 처음 도입되었다. 따라서 A의 설명은 옳지 않다.

### ANSWER
A"
PSAT_17_21,PSAT_17_21,Law,0,C,C,"부재자투표시간을 오전 10시부터 오후 4시까지로 제한한 법률규정은 헌법재판소에서 선거권을 침해하여 헌법에 위반된다고 판단되었으므로, 이를 헌법에 합치된다고 설명한 C는 옳지 않다.

### ANSWER
C"
PSAT_17_22,PSAT_17_22,Law,0,D,D,"### ANSWER
D"
PSAT_17_23,PSAT_17_23,Law,0,A,A,"The question asks which statement about procedural fundamental rights is incorrect according to Constitutional Court decisions. Options B, C, and D describe provisions that the Court has upheld as not violating procedural rights. Option A asserts that a regulation violates the right to trial and is unconstitutional, which does not align with the relevant decisions. Therefore, A is the incorrect statement.

### ANSWER
A"
PSAT_17_24,PSAT_17_24,Law,0,D,D,"### ANSWER
D"
PSAT_17_25,PSAT_17_25,Law,0,B,A,"### ANSWER
A"
PSAT_18_1,PSAT_18_1,Law,0,C,C,"헌법 제60조는 주권 제약에 관한 조약도 국회 동의를 거쳐 체결할 수 있도록 허용하므로, 이를 체결할 수 없다는 C는 옳지 않다. A는 양심적 병역거부에 관한 국제관습법이 형성되지 않았다는 판례의 입장과 일치한다. B는 법률적 효력을 갖는 조약이 위헌법률심판 대상이 될 수 있다는 점에서 타당하다. D는 조약안이 국무회의 심의를 거쳐야 한다는 헌법 규정에 부합한다.

### ANSWER
C"
PSAT_18_2,PSAT_18_2,Law,0,A,A,"헌법 제31조는 “적어도 초등교육과 법률이 정하는 교육”을 받게 할 의무를 규정하고 있을 뿐, 중등교육을 명문으로 의무교육이라고 직접 규정하지는 않는다. 중등교육의 의무교육화는 법률에 의해 정해진 것이므로, 헌법이 초등교육과 중등교육을 명문으로 의무교육이라 규정하고 있다는 설명은 옳지 않다. 나머지 보기들은 판례의 입장과 부합한다.

### ANSWER
A"
KIIP_society_1,KIIP_society_1,Society,0,A,A,"### ANSWER
A"
KIIP_society_2,KIIP_society_2,Society,0,B,B,"### ANSWER
B"
KIIP_society_3,KIIP_society_3,Society,0,B,B,"The South Korean national flag is officially called the 태극기 (Taegeukgi), named after the taegeuk symbol at its center. The other options do not refer to the South Korean flag: 삼색기 means tricolor, 별기 means star flag, and 단청기 is not a recognized flag name. Therefore, the correct choice is B.

### ANSWER
B"
KIIP_society_4,KIIP_society_4,Society,0,D,D,"태극기는 흰색 바탕 위에 빨강과 파랑의 태극 문양이 중앙에 있고, 네 모서리에는 검은색 4괘가 배치됩니다. 따라서 중앙에 노란색 별이 있다는 설명은 태극기의 구성 요소로 옳지 않습니다.

### ANSWER
D"
KIIP_society_5,KIIP_society_5,Society,0,A,A,"태극기의 흰색 바탕은 한국 민족의 밝음과 순수함, 그리고 평화에 대한 사랑을 상징합니다. 이는 태극기에서 흰색이 지니는 전통적인 의미로, 국기 제정 당시부터 강조된 개념입니다. 따라서 보기 중에서 정확한 설명은 A입니다.

### ANSWER
A"
KIIP_society_6,KIIP_society_6,Society,0,A,A,"태극기의 태극 문양에서 빨강과 파랑은 음과 양을 상징하며, 이 둘이 합쳐진 것은 대립하는 힘의 균형과 우주의 조화를 나타낸다. 따라서 가장 적절한 선택지는 ‘조화로운 우주’이다.

### ANSWER
A"
KIIP_society_7,KIIP_society_7,Society,0,A,A,A
KIIP_society_8,KIIP_society_8,Society,0,A,A,"태극기는 음양의 조화와 사괘의 원리를 담아 대립과 갈등을 넘어선 평화와 화합을 상징한다. 따라서 태극기가 강조하는 가치는 평화와 화합이다.

### ANSWER
A"
PSE_history_13_18,PSE_history_13_18,History,0,B,B,"평량은 사노비였지만 외거노비로서 농사에 힘써 부를 축적할 수 있었으므로 토지 소유가 가능했고, 사노비는 주인에게 예속된 존재로 매매·증여·상속의 대상이 되었다. 반면 신공은 공노비가 국가에 바치는 것이므로 사노비인 평량의 처와는 관계가 없다.

### ANSWER
B"
PSE_history_13_19,PSE_history_13_19,History,0,C,C,"이 조치는 일제가 구 백동화를 액면가가 아닌 금 2전 5푼이라는 낮은 가격으로 교환한 화폐 정리 사업이다. 이로 인해 한국 상인들이 큰 경제적 타격을 입었고, 일본제일은행이 중앙은행 역할을 하였다. 또한 구 백동화 남발에 따른 물가 상승이 이 조치의 배경이 되었다. 따라서 액면가대로 교환해 주었다는 설명은 옳지 않다.

### ANSWER
C"
PSE_history_14_1,PSE_history_14_1,History,0,C,C,"중원고구려비는 충주 지역에서 발견된 고구려 비석으로, 고구려 군대가 신라 영토에 주둔한 정황과 신라 왕을 ‘동이 매금’이라 부르고 의복을 하사한 기록이 확인된다. 광개토왕비는 고구려의 정복 활동을 담고 있으나 위 내용과 직접 일치하지 않는다. 따라서 해당 금석문은 중원고구려비이다.

### ANSWER
C"
PSE_history_14_2,PSE_history_14_2,History,0,B,B,"이 사상은 신라 하대에 유행한 선종(禪宗)으로, 불립문자와 견성오도를 강조하였다. 선종은 중앙의 골품 귀족보다는 지방에서 새로 성장한 호족 세력의 지지를 받으며 유포되었다. 따라서 전제왕권을 강화하는 이념적 도구로 작용했다는 설명은 적절하지 않다. 선종 승려들은 주로 당나라에서 선법을 배워 왔으며, 인도까지 가서 공부한 것은 아니다. 왕실도 선종을 포섭하려는 노력을 기울였다. 그러므로 옳은 것은 B이다.

### ANSWER
B"
PSE_history_14_3,PSE_history_14_3,History,0,B,C,"### ANSWER
C"
PSE_history_14_4,PSE_history_14_4,History,0,D,D,"The Korean Liberation Army was established in 1940 with Lee Cheong-cheon as commander and Lee Beom-seok as chief of staff, making A correct. It did send troops to the India-Burma front at British request and cooperated with the US OSS, so B and C are correct. However, the declaration of war against Japan was made by the Provisional Government in 1941, and the Korean Volunteer Army was later integrated into the Liberation Army, not simply united with it to declare war. Therefore, D is incorrect.

### ANSWER
D"
PSE_history_14_5,PSE_history_14_5,History,0,D,D,"여운형이 중심이 된 정당은 진보적 민주주의와 좌우합작을 내세운 조선인민당이다. 송진우 등이 중심이 되어 인민공화국을 부정하고 임시정부 법통을 계승하려 한 정당은 한국민주당이다. 안재홍 등이 중심이 되어 신민족주의와 평등사회 건설을 주장한 정당은 국민당이다. 따라서 ㄱ-조선인민당, ㄴ-한국민주당, ㄷ-국민당으로 연결된다.

### ANSWER
D"
PSE_history_14_6,PSE_history_14_6,History,0,B,B,"1960년대 전반 남한에서는 공주 석장리 유적이 발굴되어 구석기 시대 존재를 확인시켜 주었고, 북한에서는 웅기 굴포리 유적이 조사되어 구석기 유적으로 확인되었다. 다른 보기들은 시기나 유적의 성격이 문제의 조건과 맞지 않는다.

### ANSWER
B"
KIIP_economy_57,KIIP_economy_57,Economy,0,B,B,"근로계약서는 근로조건을 명확히 하고 노동자의 권리를 법적으로 보호하는 필수 서류이다. 취업 시 근로계약서를 작성하지 않으면 임금 체불이나 부당한 대우를 받아도 권리 구제가 어려워진다. 따라서 노동자 권리 보호를 위해 반드시 근로계약서를 작성해야 한다.

### ANSWER
B"
Kedu_economy_1,Kedu_economy_1,Economy,0,C,C,"1960~70년대 한국 경제정책은 수출 주도 공업화와 중화학공업 육성이 중심이었다. 수입대체산업 육성은 1950년대의 정책으로, 1970년대의 설명으로는 옳지 않다. 따라서 정답은 C이다.

### ANSWER
C"
Kedu_economy_2,Kedu_economy_2,Economy,0,D,D,"제1차 경제개발 5개년 계획(1962~1966)은 농업생산력 증대, 전력·석탄 등 에너지 공급원 확충, 국제수지 개선의 기반 확립, 핵심산업 육성 등을 중점과제로 삼았다. 반면 소득계층 간·지역 간 균형 발전에 의한 국민복지 증진은 이후 경제개발 계획에서 강조된 내용이다.

### ANSWER
D"
CSAT_geography_06_2,CSAT_geography_06_2,Geography,0,E,E,"### ANSWER
E"
CSAT_geography_07_2,CSAT_geography_07_2,Geography,0,B,B,"이 섬은 해저에서 약 3,150m 솟아오른 화산섬으로, 직경 약 12km이고 오각형 모양인 울릉도를 가리킨다. 울릉도에는 화산 활동으로 형성된 나리분지가 있어 분지 지형이 나타난다. 석호나 공룡 발자국 화석은 울릉도와 관련이 없으며, 섬은 주로 화강암이 아닌 화산암으로 이루어져 있다. 또한 울릉도는 수심이 깊은 바다로 둘러싸여 있어 최후빙기에도 육지와 연결되지 않았다.

### ANSWER
B"
CSAT_geography_07_3,CSAT_geography_07_3,Geography,0,E,E,"부산은 김천보다 거리는 멀지만 버스 배차 간격이 짧아 더 많은 교통 서비스가 제공된다. 이는 도시의 규모나 기능에 따라 도시 간 상호 작용의 정도가 다르기 때문이다. 이러한 현상은 도시들이 위계를 이루며 체계를 형성한다는 도시 체계 개념과 관련된다. 따라서 학습 목표로는 도시 간 상호 작용에 따른 도시 체계 형성을 이해하는 것이 가장 적절하다.

### ANSWER
E"
CSAT_geography_07_4,CSAT_geography_07_4,Geography,0,B,B,"### ANSWER
B"
CSAT_geography_07_5,CSAT_geography_07_5,Geography,0,B,B,"### ANSWER
B"
Kedu_tradition_23,Kedu_tradition_23,Tradition,0,C,C,"광포전설은 전국 여러 지역에 걸쳐 비슷한 내용으로 전승되는 전설을 뜻한다. 아기장수 전설, 장자못 전설, 오뉘힘내기 전설은 여러 지역에서 발견되는 대표적인 광포전설이다. 반면 설문대할망 전설은 제주도에서만 전해지는 지역 전설에 해당한다. 따라서 광포전설이 아닌 것은 설문대할망 전설이다.

### ANSWER
C"
Kedu_tradition_24,Kedu_tradition_24,Tradition,0,D,D,"### ANSWER
D"
Kedu_tradition_25,Kedu_tradition_25,Tradition,0,C,D,"판소리는 진양조부터 휘모리까지 다양한 장단을 사용하며, ‘아니리’는 창이 아닌 말로 연행하는 부분이고, ‘발림’은 몸짓으로 인물의 행동을 표현하는 것이다. 또한 신재효가 판소리를 다섯 바탕으로 정리한 것은 사실이며, ‘박타령’은 ‘흥보가’를 달리 부르는 이름이다. 따라서 ㄱ, ㄴ, ㄷ, ㄹ 모두 옳은 설명이다.

### ANSWER
D"
Kedu_tradition_26,Kedu_tradition_26,Tradition,0,C,C,"대취타는 군악으로, 주로 태평소·나발·나각 같은 관악기와 징·장구·북·자바라 등의 타악기가 편성됩니다. 보기 중 이러한 대취타 편성에 해당하는 악기 조합은 태평소, 나발, 장구, 징입니다. 나머지 보기는 궁중 정악이나 제례악에 쓰이는 악기들이 포함되어 있어 대취타와 맞지 않습니다.

### ANSWER
C"
Kedu_tradition_27,Kedu_tradition_27,Tradition,0,D,D,"마고자, 장옷, 동정에 대한 설명은 모두 전통 의복에 맞는 내용이다. 당의는 여성들이 예복으로 저고리 위에 덧입는 옷이지만, 저고리보다 짧게 입는 것이 아니라 저고리보다 길게 입는 것이 일반적이다. 따라서 설명이 옳지 않은 것은 D이다.

### ANSWER
D"
Kedu_tradition_28,Kedu_tradition_28,Tradition,0,C,C,"### ANSWER
C"
Kedu_tradition_29,Kedu_tradition_29,Tradition,0,D,D,"강강술래는 임진왜란 때 이순신 장군과 관련된 기원설이 있으며, 권율과 관련된 기원설은 옳지 않다.

### ANSWER
D"
Kedu_tradition_30,Kedu_tradition_30,Tradition,0,A,A,"A는 해방 이전부터 맥주가 존재했으므로 옳지 않습니다. B, C, D는 한국 식생활사에서 사실에 부합합니다.

### ANSWER
A"
TK_2016_25,TK_2016_25,Textual,0,A,A,"### ANSWER
A"
TK_2016_26,TK_2016_26,Textual,0,D,D,"### ANSWER
D"
TK_2016_27,TK_2016_27,Textual,0,C,C,"아이에게 맞는 색이 따로 있으므로, 색을 활용할 때는 아이의 성격이나 성향을 고려해야 한다. 소극적인 아이에게는 밝고 따뜻한 색을, 공격적인 아이에게는 초록색을 권하는 내용이 이를 뒷받침한다. 따라서 빈칸에 가장 알맞은 표현은 ‘아이의 성향에 맞게’이다.

### ANSWER
C"
TK_2016_28,TK_2016_28,Textual,0,A,A,"사람도서관은 전문적인 지식과 경험을 가진 사람을 ‘사람책’으로 등록하여 독자가 대출해 활용하는 제도이므로, 각 분야의 전문가를 활용하는 도서관이라는 의미가 가장 자연스럽다. 다른 보기들은 양성, 교육, 파견 등으로 사람책의 활용 방식과 맞지 않는다.

### ANSWER
A"
TK_2016_29,TK_2016_29,Textual,0,B,B,"The context shows that consumers understand calorie amounts better when expressed as physical activity, such as running 9 km. Therefore, the blank should indicate how much the body must move to burn the calories. Option B matches this meaning.

### ANSWER
B"
TK_2016_30,TK_2016_30,Textual,0,A,A,"### ANSWER
A"
TK_2016_31,TK_2016_31,Textual,0,D,D,"The passage explains that too many animals in a limited space cause stress, and that reducing the number of lions lowered their stress. This directly matches the idea that overcrowding in a narrow space increases animal stress.

### ANSWER
D"
TK_2016_32,TK_2016_32,Textual,0,D,D,"The passage explains that people increasingly value resting at home and remodel spaces like living rooms or bathrooms for comfort. It also says they spend on expensive furniture for high-quality rest. Thus, the matching statement is that more people are remodeling home spaces for rest.

### ANSWER
D"
KIIP_society_251,KIIP_society_251,Society,0,C,C,"평생교육 프로그램은 공공기관이나 지자체가 운영하는 경우가 많아 수강료가 비교적 저렴하게 책정되는 편이다. 완전히 무료인 경우도 있지만 일반적으로 유료이며, 사설 교육기관보다 비용 부담이 적다. 따라서 가장 적절한 답은 ""비교적 싸다""이다.

### ANSWER
C"
KIIP_society_252,KIIP_society_252,Society,0,B,B,"인터넷과 미디어를 활용한 평생교육은 시간과 장소의 제약을 크게 줄여 준다. 특히 학습자가 자신의 일정에 맞춰 원하는 시간에 수업을 들을 수 있다는 점이 가장 큰 장점이다. 따라서 이러한 특성이 평생교육 참여를 증가시키는 핵심 이유로 볼 수 있다.

### ANSWER
B"
KIIP_society_253,KIIP_society_253,Society,0,D,D,"SNS (Social Networking Service) refers to platforms that facilitate social interaction and user-generated content sharing. Twitter and Facebook are classic examples of SNS. KakaoTalk is primarily a messaging application, though it has some social features, it is generally classified as a messenger rather than a full SNS. Naver Webtoon is a digital comics platform, not a social networking service. Therefore, the option that is not classified as SNS is Naver Webtoon.

### ANSWER
D"
KIIP_society_254,KIIP_society_254,Society,0,A,A,"카카오톡은 한국에서 국민 메신저이자 사실상의 SNS 플랫폼으로, 사용자 수와 일상적 활용도 면에서 다른 선택지보다 압도적으로 높다. 트위터, 페이스북, 인스타그램도 사용되지만 카카오톡만큼 보편적이지 않다.

### ANSWER
A"
KIIP_society_255,KIIP_society_255,Society,0,B,B,"아파트 단지는 일반적으로 수백 가구에서 수천 가구 규모로 조성되는 경우가 많습니다. 소규모 단지도 있지만, 대체로 아파트는 여러 동으로 구성되어 수백~수천 가구가 한 단지를 이룹니다. 따라서 가장 적절한 선택지는 B입니다.

### ANSWER
B"
KIIP_society_256,KIIP_society_256,Society,0,D,D,"부동산 중개인은 주택 매매 및 임대 정보를 제공하는 전문가입니다. 이웃은 동네의 빈집이나 방을 소개해 줄 수 있습니다. 인터넷 부동산 사이트나 커뮤니티에서도 집 구하는 정보를 쉽게 찾을 수 있습니다. 반면 코인노래방은 노래를 즐기는 시설로 집 구하는 정보를 얻을 수 있는 곳이 아닙니다. 따라서 정답은 D입니다.

### ANSWER
D"
KIIP_society_257,KIIP_society_257,Society,0,A,A,"### ANSWER
A"
KIIP_society_258,KIIP_society_258,Society,0,A,A,"전세는 집주인에게 보증금을 맡기고 계약 기간 동안 월세 없이 집을 빌려 사는 방식이다. 따라서 보증금을 맡기고 계약기간 동안 집을 빌려 생활하는 A가 정답이다.

### ANSWER
A"
KIIP_society_9,KIIP_society_9,Society,0,A,A,"태극기는 국경일이나 국가기념일과 같은 국가적 의미가 있는 날에 주로 게양합니다.

### ANSWER
A"
KIIP_society_10,KIIP_society_10,Society,0,B,B,"대한민국의 국가는 '애국가'이다. 애국가는 한국의 공식 국가로, 안익태가 작곡한 곡에 윤치호 또는 안창호가 작사한 것으로 알려져 있다. 다른 선택지인 국민가, 통일가, 민주가는 대한민국의 국가가 아니다. 따라서 정답은 B이다.

### ANSWER
B"
KIIP_society_11,KIIP_society_11,Society,0,C,C,"### ANSWER
C"
KIIP_society_12,KIIP_society_12,Society,0,C,C,"한국에서는 중요한 행사 때 국가가 연주되는 동안 태극기를 향해 경례를 합니다. 태극기는 대한민국의 상징이므로 이에 대한 경례가 이루어집니다. 따라서 정답은 태극기입니다.

### ANSWER
C"
KIIP_society_13,KIIP_society_13,Society,0,C,C,"In South Korea, the pledge recited at important national events is the ""Pledge of Allegiance to the Taegeukgi"" (태극기에 대한 맹세), which expresses loyalty to the national flag. The other options do not correspond to the standard ceremonial pledge used in such settings.

### ANSWER
C"
KIIP_society_14,KIIP_society_14,Society,0,B,B,"### ANSWER
B"
KIIP_society_15,KIIP_society_15,Society,0,B,B,"애국가의 가사는 1896년경 독립운동의 일환으로 처음 만들어져 사용되기 시작했습니다. 현재 시점에서 보면 약 100년에서 130년 전에 해당하므로, 제시된 선택지 중 가장 가까운 것은 ""약 100년 전""입니다. 다른 보기인 50년, 150년, 200년 전은 역사적 사실과 맞지 않습니다.

### ANSWER
B"
KIIP_society_16,KIIP_society_16,Society,0,B,B,"애국가에서 '애국'은 '나라를 사랑함'을 뜻하며, '가'는 '노래'를 의미합니다. 따라서 애국가는 나라를 사랑하는 마음을 담은 노래입니다. 다른 선택지들은 애국가의 직접적인 의미와 맞지 않습니다.

### ANSWER
B"
Kedu_14_9,Kedu_14_9,Grammar,0,A,A,"'지위'는 ㅣ, ㅟ로 모두 고모음이고, '구름'은 ㅜ, ㅡ로 모두 고모음입니다. 다른 보기는 서로 다른 혀 높이의 모음이 섞여 있습니다.

### ANSWER
A"
Kedu_14_10,Kedu_14_10,Grammar,0,B,B,"### ANSWER
B"
Kedu_14_11,Kedu_14_11,Grammar,0,A,A,"### ANSWER
A"
Kedu_14_12,Kedu_14_12,Grammar,0,D,D,"### ANSWER
D"
Kedu_14_13,Kedu_14_13,Grammar,0,B,B,"제약은 종성의 음운론적 강도가 초성보다 크면 안 된다는 것으로, 장애음>비음>유음 순서에 따라 비음화나 유음화가 일어난다. A는 비음 ㄴ이 유음 ㄹ보다 강해 ㄹ로 바뀌는 유음화, C는 장애음 ㅂ이 유음 ㄹ보다 강해 비음화, D는 장애음 ㄷ이 비음 ㄴ보다 강해 비음화된 예이다. 그러나 B의 닳지→[달치]는 ㅎ과 ㅈ의 결합에 의한 거센소리되기 현상으로, 강도 제약에 의한 변동이 아니다.

### ANSWER
B"
Kedu_14_14,Kedu_14_14,Grammar,0,A,A,"### ANSWER
A"
Kedu_14_15,Kedu_14_15,Grammar,0,C,C,"'슬기롭다'의 '슬기'는 '지혜'라는 뜻으로 단독으로 쓰일 수 있는 자립 형태소입니다. 반면 '오솔길'의 '오솔', '착하다'의 '착', '느닷없다'의 '느닷'은 단독으로 쓰이지 못하고 특정 단어에만 나타나는 특이 형태소입니다. 따라서 특이 형태소가 포함되어 있지 않은 것은 '슬기롭다'입니다.

### ANSWER
C"
Kedu_14_16,Kedu_14_16,Grammar,0,D,D,"한자어 합성어의 구성 요소가 현대 국어에서 단어로 쓰이는지 비자립적 어근인지 판단해야 한다. 창문은 ‘창’과 ‘문’이 모두 단어로 쓰일 수 있지만, 차비의 ‘비(費)’는 단독으로 쓰이지 않으므로 A는 틀렸다. 안경은 ‘안(眼)’과 ‘경(鏡)’이 모두 비자립적 어근이고, 상장은 ‘상(賞)’은 단어, ‘장(狀)’은 비자립적 어근이므로 B는 틀렸다. 우정과 대문은 비자립적 어근+단어이지만 군비는 ‘군(軍)’이 단어, ‘비(備)’가 비자립적 어근이므로 C는 틀렸다. 노인과 정원은 모두 비자립적 어근+비자립적 어근으로 구성되므로 D가 옳다.

### ANSWER
D"
TK_2016_33,TK_2016_33,Textual,0,C,C,"The context states that citizens voluntarily began fundraising to preserve culturally and historically valuable assets that the state does not manage, and this effort led to the preservation of a rare plant. Choice C directly matches this idea. The other choices contradict the context or introduce unsupported details.

### ANSWER
C"
TK_2016_34,TK_2016_34,Textual,0,A,A,"이 글은 통신 수단이 없던 시대에 위급 상황을 알리기 위해 불과 연기를 사용한 방법을 설명하고 있습니다. 다섯 등급으로 위급 정도를 전달했고, 날씨의 영향을 받는 한계가 있었지만 국가적 긴급 상황에 중요한 역할을 했다는 내용입니다. 따라서 주제는 불이나 연기가 위험 상황을 알리는 주요 통신 수단이었다는 것입니다.

### ANSWER
A"
TK_2016_35,TK_2016_35,Textual,0,D,D,"The passage emphasizes that numerical ability significantly impacts business success and suggests cultivating number-usage skills to succeed. Option D directly matches this main idea, while the other choices focus on specific examples or narrower points.

### ANSWER
D"
TK_2016_36,TK_2016_36,Textual,0,C,C,"The passage focuses on developing 고독력 by learning to accept and face loneliness rather than fearing it. While it mentions negative outcomes like depression or hostility, these support the main idea that accepting loneliness is essential.

### ANSWER
C"
TK_2016_37,TK_2016_37,Textual,0,B,B,"글은 무료 경품이 소비자 구매를 유도하기도 하지만, 오히려 소비자들이 경품의 가치를 낮게 평가하여 판매에 부정적 영향을 줄 수 있다고 설명한다. 따라서 주제는 무료 경품이 제품 판매에 나쁜 영향을 줄 수 있다는 것이다. A와 D는 세부 내용이고, C는 글의 내용과 반대이다.

### ANSWER
B"
TK_2016_38,TK_2016_38,Textual,0,B,C,"보기는 과거의 순차적 독서 방식이 바뀌고 있다는 내용을 추가로 제시한다. 앞에서 소리 내어 읽던 방식이 혼자 읽는 방식으로 바뀌었다는 내용이 나온 뒤에, 이어서 순차적 읽기 방식도 바뀐다는 내용이 연결되어야 자연스럽다. 따라서 첫 번째 변화가 제시된 ㉢ 뒤에 오는 것이 가장 적절하다.

### ANSWER
C"
TK_2016_39,TK_2016_39,Textual,0,B,C,"이 문장은 ‘그리고’로 시작하므로 앞의 내용과 자연스럽게 이어져야 합니다. 앞부분에서 길을 따라 사람들의 일상을 보며 포기하고 좌절했던 자신의 모습이 부끄러워진다는 내용이 나오므로, 그 뒤에 이어져 다시 일어나 걸을 용기를 얻는다는 표현이 자연스럽습니다. 따라서 ㉢에 들어가는 것이 가장 적절합니다.

### ANSWER
C"
TK_2016_40,TK_2016_40,Textual,0,B,B,"The sentence explains why combining history with fiction became popular: it makes rigid history easy and enjoyable for the public. This directly supports the statement in ㉡ that the method has spread across popular culture and gained great popularity.

### ANSWER
B"
KIIP_society_17,KIIP_society_17,Society,0,C,C,"한국의 중요한 국가 행사에서는 국기나 국가에 대한 예를 표하기 위해 경례를 하는 것이 일반적입니다. 다른 보기들은 일반적인 인사나 축하, 박수에 해당하므로 국가 행사의 공식적인 행동으로는 경례가 가장 적절합니다.

### ANSWER
C"
KIIP_society_18,KIIP_society_18,Society,0,A,A,"The official pledge to the Taegeukgi includes the phrase ""조국과 민족의 무궁한 영광을 위하여,"" meaning loyalty is pledged for the eternal glory of the Republic of Korea. This matches choice A directly. The other options are not part of the pledge text.

### ANSWER
A"
KIIP_society_19,KIIP_society_19,Society,0,A,A,"### ANSWER
A"
KIIP_society_20,KIIP_society_20,Society,0,A,A,"### ANSWER
A"
KIIP_society_21,KIIP_society_21,Society,0,A,A,"### ANSWER
A"
KIIP_society_22,KIIP_society_22,Society,0,A,A,"삼일절은 1919년 3월 1일에 일제의 식민 통치에 맞서 전국적으로 일어난 독립만세운동을 기념하는 날입니다. 이는 한국의 대표적인 국경일 중 하나로, 민족의 독립 의지를 드높인 역사적 사건을 기리고 있습니다. 따라서 보기 중에서 이를 정확히 설명한 것은 A입니다.

### ANSWER
A"
KIIP_society_23,KIIP_society_23,Society,0,B,B,"현충일은 나라를 위해 목숨을 바친 순국선열과 호국영령을 기리는 날입니다. 보기 중 A는 삼일절, C는 제헌절, D는 광복절을 나타내므로 정답은 B입니다.

### ANSWER
B"
KIIP_society_24,KIIP_society_24,Society,0,C,C,"제헌절은 대한민국 헌법이 제정된 것을 기념하는 국경일이다. 1948년 7월 17일에 대한민국 최초의 헌법이 공포되었다. 따라서 제헌절은 헌법 제정을 기념하는 날이다. 다른 보기는 삼일절, 현충일, 광복절에 해당한다.

### ANSWER
C"
Kedu_tradition_31,Kedu_tradition_31,Tradition,0,C,C,"절기의 순서는 입춘, 우수, 경칩, 춘분, 청명, 곡우, 입하, 소만, 망종, 하지, 소서, 대서, 입추, 처서, 백로, 추분, 한로, 상강 순입니다.  
보기 C는 백로 → 추분 → 한로 → 상강 순서로 올바르게 배열되어 있습니다.  
나머지 보기는 순서가 뒤바뀌어 있습니다.

### ANSWER
C"
Kedu_tradition_32,Kedu_tradition_32,Tradition,0,A,C,"### ANSWER
C"
Kedu_tradition_33,Kedu_tradition_33,Tradition,0,B,A,"놋다리밟기는 공민왕이 소야천을 건널 때 여성들이 몸으로 다리를 만들어 도왔다는 전설에서 유래한 여성 중심의 민속놀이이다.

### ANSWER
A"
Kedu_tradition_34,Kedu_tradition_34,Tradition,0,A,B,"오행에서 수(水)는 북(北)과 흑(黑)에 해당한다. 화(火)는 남(南)과 적(赤), 목(木)은 동(東)과 청(靑), 금(金)은 서(西)와 백(白)이다. 따라서 바르게 연결된 것은 B이다.

### ANSWER
B"
Kedu_tradition_35,Kedu_tradition_35,Tradition,0,A,C,"The given lyrics describe clouds drifting in a blue sky and pearls shining after harsh storms, which are distinctive images from the Korean art song ""꽃구름 속에."" This song is known for its poetic nature imagery and emotional resilience. The other options do not match these specific lyrics. Therefore, the correct choice is C.

### ANSWER
C"
Kedu_tradition_36,Kedu_tradition_36,Tradition,0,C,C,"성복제는 장례 초기에 상복을 입는 의식이고, 반혼제는 장사 후 신주를 집으로 모셔오는 제사이며, 삼우제는 장사 후 지내는 우제 중 세 번째 제사, 졸곡제는 그 이후에 지내는 제사이다. 따라서 순서는 성복제 → 반혼제 → 삼우제 → 졸곡제이다.

### ANSWER
C"
Kedu_tradition_37,Kedu_tradition_37,Tradition,0,A,A,"누마루는 다락처럼 높게 만들어 습기를 피하고 통풍이 잘 되도록 한 마루로, 사랑채 가장자리에 위치하는 특징이 있다.

### ANSWER
A"
Kedu_tradition_38,Kedu_tradition_38,Tradition,0,B,B,"민간신앙에서 가신은 집안에 모셔지는 신을 의미한다. 성주는 집터와 집안을 지키는 신이고, 조왕은 부엌을 관장하는 신으로 모두 가신에 해당한다. 반면 장승은 마을 입구에 세워 마을을 지키는 신이고, 당신은 마을의 당에 모셔지는 신이므로 가신이 아니다. 따라서 정답은 ㄱ과 ㄷ을 포함한 B이다.

### ANSWER
B"
PSE_history_14_7,PSE_history_14_7,History,0,B,B,"‘이것’은 신문왕 때 폐지되었다가 경덕왕 때 부활한 통일신라의 녹읍이다. 녹읍은 수급자가 토지에서 조(租)를 받을 뿐 아니라 그 지역의 백성까지 지배할 수 있는 토지였다. 따라서 이를 설명한 것은 B이다.

### ANSWER
B"
PSE_history_14_8,PSE_history_14_8,History,0,D,B,"### ANSWER
B"
PSE_history_14_9,PSE_history_14_9,History,0,A,A,"고려의 형률 제도는 기본적으로 당률을 수용하되, 고려의 사회 실정과 풍속에 맞게 수정·보완하여 시행하였다. 행정과 사법이 명확히 분리·독립된 것은 아니었고, 실형보다 배상제를 우위에 두었다는 설명도 적절하지 않다. 형벌 체계는 태형·장형·도형·유형·사형의 오형을 기본으로 하였다. 따라서 옳은 것은 A이다.

### ANSWER
A"
PSE_history_14_10,PSE_history_14_10,History,0,D,D,"향리(鄕吏)는 고려시대 중간 계층에 속했지만, 과거 응시나 공을 세우는 등의 방법으로 양반 신분으로 상승할 수 있는 길이 완전히 차단되지는 않았다. 따라서 “향리에게는 양반으로 신분을 상승시킬 수 있는 길을 열어 놓지 않았다”는 설명은 옳지 않다. 남반, 하급 장교, 서리에 대한 설명은 모두 중간 계층의 특징으로 적절하다.

### ANSWER
D"
PSE_history_14_11,PSE_history_14_11,History,0,C,D,"이 국왕은 영조이다. 영조는 탕평책을 실시하고 척신 세력을 제거하였으며, 백성들의 의견을 듣기 위해 신문고를 부활하였다. 금위영 설치는 숙종 때, 북벌 추진은 효종 때, 시전 상인 특권 폐지는 정조 때의 정책이다.

### ANSWER
D"
PSE_history_14_12,PSE_history_14_12,History,0,B,A,"### ANSWER
A"
PSE_history_14_13,PSE_history_14_13,History,0,A,A,"『농사직설』은 세종 때 조선의 풍토에 맞게 편찬된 농서이다. 세종 대에는 안견이 몽유도원도를 그렸다. 조계종 성립은 고려 시대, 윤휴의 사문난적 논쟁은 17세기, 진경산수화와 풍속화 유행은 18세기의 일이다. 따라서 이 시기의 문화로 옳은 것은 몽유도원도 제작이다.

### ANSWER
A"
PSE_history_14_14,PSE_history_14_14,History,0,A,A,"The document is the Goryeo cheopjang sent by the Sambyeolcho after they moved their base to Jindo to continue resisting the Mongols. The Sambyeolcho originated from the Yabyeolcho, which was organized by Choi Woo to guard against thieves and later expanded into the Left, Right, and Sinui units. Therefore, the correct description is that it originated from an organization Choi Woo created to deal with thieves.

### ANSWER
A"
CSAT_geography_07_6,CSAT_geography_07_6,Geography,0,E,E,"E는 교외화의 개념을 “중심 도시의 인구와 기능이 주변 지역으로 확산되는 과정”으로 정확히 정의하였고, 수도권의 경지 면적 변화는 교외화로 인한 농지 감소를 뒷받침하는 적절한 조사 내용이다. A는 다핵화와 녹지 공간이 관련성이 낮고, B는 침상도시의 개념이 자족적 도시로 잘못 정의되었다. C는 탈공업화의 개념이 제조업 중심으로 변화한다고 반대로 서술되었으며, D는 열섬현상의 개념과 조사 내용이 모두 부적절하다.

### ANSWER
E"
CSAT_geography_09_2,CSAT_geography_09_2,Geography,0,D,D,"제주도의 세계 자연 유산에는 한라산, 성산 일출봉, 거문오름 용암동굴계가 포함된다. 한라산은 순상화산체로 점성이 낮은 용암에 의해 형성되었으며, 성산 일출봉은 화산 쇄설물이 쌓여 만들어진 오름이다. 거문오름 용암동굴은 용암이 흘러 만들어진 동굴이므로 지하수의 용식 작용과는 관계가 없다. 따라서 ᄅ에 해당하는 오름에 대한 설명인 D가 옳다.

### ANSWER
D"
CSAT_geography_09_3,CSAT_geography_09_3,Geography,0,B,B,"(가)는 산업 단지의 집적으로 환경 문제가 발생한 사례, (나)는 수도권으로의 공업 집중에 따른 규제 사례로, 둘 다 공업의 과도한 집적으로 인한 부정적 영향을 다루고 있다.

### ANSWER
B"
CSAT_geography_09_4,CSAT_geography_09_4,Geography,0,D,D,"ᄀ은 해식애로 파랑의 차별 침식으로 시스택이 형성될 수 있고, ᄂ은 해안단구로 지반 융기와 해수면 변동의 영향을 받아 형성된다. ᄃ은 해빈으로 양식장이나 염전 이용은 주로 갯벌에 해당하므로 옳지 않다. ᄅ은 석호로 하천 퇴적과 매립으로 규모가 작아지는 것이 맞다. 따라서 옳은 것은 ᄀ, ᄂ, ᄅ이다.

### ANSWER
D"
CSAT_geography_09_5,CSAT_geography_09_5,Geography,0,D,D,"### ANSWER
D"
CSAT_geography_10_2,CSAT_geography_10_2,Geography,0,A,A,"ᄀ은 원생대 말~고생대 전기에 형성된 퇴적층(조선 누층군)이고, 무연탄이 매장된 층은 고생대 후기의 평안 누층군이므로 ᄀ이 더 먼저 형성되었다. 따라서 “나중에 형성되었다”는 옳지 않다. 나머지 보기는 대보 조산 운동, 대보 화강암, 오랜 침식에 의한 평탄화, 경동 지괴 운동에 의한 감입 곡류와 관련된 타당한 설명이다.

### ANSWER
A"
CSAT_geography_10_3,CSAT_geography_10_3,Geography,0,B,B,"(가)는 석회암 동굴, (나)는 용암 동굴이다. 석회암 지역에서는 용식 와지가 나타나므로 ᄀ은 옳다. 석회암 지역 토양은 적색, 현무암 지역 토양은 흑갈색이므로 ᄂ은 틀렸다. 석회암과 현무암 지역 모두 물이 잘 스며들어 건천이 나타나므로 ᄃ은 옳고, 석회암 동굴은 외인적 작용, 용암 동굴은 내인적 작용에 의해 생성되므로 ᄅ은 틀렸다.

### ANSWER
B"
CSAT_geography_10_4,CSAT_geography_10_4,Geography,0,D,D,"자료에서 평균 기온이 평년보다 높았으므로 열대야 발생 일수가 증가했을 것이라는 을의 답변은 적절하다. 또한 강수량은 비슷하지만 강수 일수와 시간당 30mm 이상 강수일수가 증가했으므로 집중호우성 강수의 발생 횟수가 증가했다는 정의 답변도 적절하다. 일조 시간은 강수 일수 증가로 감소했을 것이므로 갑은 부적절하고, 고온 다습한 날씨는 북태평양 기단의 세력이 강했음을 의미하므로 병도 부적절하다.

### ANSWER
D"
PSAT_18_3,PSAT_18_3,Law,0,B,B,B
PSAT_18_4,PSAT_18_4,Law,0,C,C,"대통령은 법률안의 일부를 수정하여 재의를 요구할 수 없으며, 법률안 전체에 대해서만 이의서를 붙여 국회로 환부할 수 있다. 따라서 C의 설명은 헌법 제53조에 위배된다. A, B, D는 각각 법률안 제출 주체, 본회의 상정 시기, 정부 법률안의 국무회의 심의에 관한 올바른 설명이다.

### ANSWER
C"
PSAT_18_5,PSAT_18_5,Law,0,B,D,"### ANSWER
D"
PSAT_18_6,PSAT_18_6,Law,0,C,C,"### ANSWER
C"
PSAT_18_7,PSAT_18_7,Law,0,B,A,"### ANSWER
A"
PSAT_18_8,PSAT_18_8,Law,0,A,A,"### ANSWER
A"
PSAT_18_10,PSAT_18_10,Law,0,D,D,"The correct statement is D. Under the Korean Constitution, the National Assembly cannot increase any item of expenditure or create new items in the government-submitted budget without the government's consent. A is wrong because reserve funds are approved as a lump sum and require post-hoc approval, not prior consent. B is wrong because only the government submits the budget bill, not lawmakers. C is wrong because expenditures before budget passage are limited to the previous year's budget, not the unpassed budget bill.

### ANSWER
D"
PSAT_18_11,PSAT_18_11,Law,0,C,C,"A는 국적법상 부모가 모두 분명하지 않은 상태에서 대한민국에서 출생한 자가 국적을 취득한다는 내용으로 옳다. B는 외국인의 국적 선택권이 자연권이나 헌법상 권리로 인정되지 않는다는 판례의 입장으로 옳다. D는 자진하여 외국 국적을 취득한 경우 국적 상실이 거주·이전의 자유나 행복추구권을 침해하지 않는다는 판례의 입장으로 옳다. 그러나 C는 국적이 국가의 생성과 더불어 발생하지만 국가의 소멸은 국적 상실 사유가 아니라는 주장인데, 국적은 국가와 국민 사이의 법률관계이므로 국가가 소멸하면 국적도 소멸한다는 점에서 옳지 않다.

### ANSWER
C"
KIIP_society_259,KIIP_society_259,Society,0,D,D,"월세 거주에서는 보증금, 월세, 관리비가 일반적으로 발생합니다. 전세금은 전세 계약 시 거주자가 임대인에게 맡기는 보증금으로, 월세 거주와는 관련이 없습니다. 따라서 월세 거주의 비용이 아닌 것은 전세금입니다.

### ANSWER
D"
KIIP_society_260,KIIP_society_260,Society,0,A,A,"### ANSWER
A"
KIIP_society_261,KIIP_society_261,Society,0,A,A,"반전세는 전세와 월세의 중간 형태로, 보증금은 전세보다 적고 일반 월세보다 많은 수준에서 결정됩니다. 따라서 정답은 A입니다.

### ANSWER
A"
KIIP_society_262,KIIP_society_262,Society,0,A,A,A
KIIP_society_263,KIIP_society_263,Society,0,B,B,"전세는 월세와 달리 매달 내는 월세가 없고, 그 대신 큰 금액의 보증금을 맡기는 주거 형태입니다. 따라서 일반적으로 전세의 보증금이 월세의 보증금보다 더 많습니다.

### ANSWER
B"
KIIP_society_264,KIIP_society_264,Society,0,B,B,"Using a licensed real estate agent (공인중개사) is the safest method because they are legally required to verify property ownership, check for restrictions, and explain contract terms. This reduces the risk of fraud, contract errors, or hidden problems. Direct, internet-based, or friend-mediated contracts lack these professional safeguards and legal accountability.

### ANSWER
B"
KIIP_society_265,KIIP_society_265,Society,0,A,A,"한국의 주택 유형은 크게 단독주택과 공동주택으로 나눌 수 있으며, 공동주택에는 아파트, 빌라, 연립주택 등이 포함됩니다. 따라서 가장 포괄적이고 정확한 분류는 A입니다.

### ANSWER
A"
KIIP_society_266,KIIP_society_266,Society,0,D,B,"2000년대 중반 이후 1인 가구가 증가하면서 소규모 주거 수요가 늘었고, 이에 따라 다가구주택에 거주하는 가구 수가 증가하였다. 단독주택은 감소 추세이며, 아파트는 지속적 증가였지만 이 시기의 특징적 변화는 다가구주택 증가이다.

### ANSWER
B"
KIIP_society_25,KIIP_society_25,Society,0,D,D,"광복절은 1945년 일본의 지배에서 벗어나 독립을 맞이한 날을 기념하는 국경일입니다. 1919년 독립만세운동은 3·1절, 순국선열 기념은 현충일, 헌법 제정은 제헌절에 해당합니다.

### ANSWER
D"
KIIP_society_26,KIIP_society_26,Society,0,D,D,"개천절은 단군이 고조선을 세운 것을 기념하는 날로, 한반도에 최초의 국가가 건국된 것을 기념하는 국경일입니다. 따라서 보기 중 정답은 D입니다.

### ANSWER
D"
KIIP_society_27,KIIP_society_27,Society,0,D,D,"한글날은 세종대왕이 한글을 창제하고 반포한 것을 기념하는 날이다. 다른 보기들은 독립운동, 순국선열, 헌법 제정과 관련된 날들이다.

### ANSWER
D"
KIIP_society_28,KIIP_society_28,Society,0,C,C,"무궁화는 대한민국의 나라꽃으로, 예로부터 한민족의 상징으로 여겨져 왔습니다. 다른 보기인 장미, 튤립, 벚꽃은 한국의 국화가 아닙니다. 따라서 정답은 무궁화입니다.

### ANSWER
C"
KIIP_society_29,KIIP_society_29,Society,0,C,C,"무궁화는 대한민국의 국화로, 나라를 상징하는 꽃입니다. 따라서 정답은 C입니다.

### ANSWER
C"
KIIP_society_30,KIIP_society_30,Society,0,A,A,"무궁화는 대한민국의 국화로, 국가를 상징하는 문장에 활짝 핀 모양이 표현되어 있습니다. 대한민국 국가 문장은 무궁화 꽃잎 모양을 기본 디자인으로 하고 있습니다. 국기에는 태극과 사괘가 들어가며, 국가와 헌법은 문장과 관련이 없습니다. 따라서 정답은 A입니다.

### ANSWER
A"
KIIP_society_31,KIIP_society_31,Society,0,D,D,"무궁화는 한국의 국화로, 한국을 상징하는 꽃으로 널리 알려져 있다. 따라서 정답은 한국이다.

### ANSWER
D"
KIIP_society_32,KIIP_society_32,Society,0,C,C,"The fully bloomed mugunghwa flower shape is used as the official symbol of the South Korean government. It is distinct from the national flag, which is the Taegeukgi, and the national anthem, which is the Aegukga. The national emblem includes a taegeuk surrounded by mugunghwa petals, whereas the government emblem is a full mugunghwa flower. Therefore, the correct answer is the government.

### ANSWER
C"
TK_2016_41,TK_2016_41,Textual,0,A,A,"아버지는 아들이 장례식에 오지 못하겠다는 뜻을 알게 되자 목소리에 힘이 빠진 채 “못 오겠냐아?”라고 되묻습니다. 이는 아들이 오지 않을 것에 대해 섭섭하고 서운한 마음을 드러내는 표현입니다. 아버지가 탓하거나 화내지 않고 약한 목소리로 받아들이려는 태도를 보이는 점에서 서운함이 가장 적절합니다.

### ANSWER
A"
TK_2016_42,TK_2016_42,Textual,0,B,B,"아버지는 낙천이 아저씨의 부고를 알리고 장례에 올 테냐고 물었지만, 화자는 오늘 점심 약속, 회의, 간담회, 인터뷰 등 바쁜 일정을 떠올리며 시골집에 가는 것을 망설이고 있다. 화자가 “눈이 많이 오네요”라고 말을 돌리자 아버지는 “못 오겠냐아?”라고 물었고, 화자는 몸에 힘이 빠진다. 따라서 “나는 오늘 일이 많아서 시골집에 가는 것이 망설여진다”가 글의 내용과 일치한다.

### ANSWER
B"
TK_2016_43,TK_2016_43,Textual,0,A,A,"이 글은 추상 활동이 대상의 특성을 뽑아내어 파악하는 활동임을 정의하고, 피카소의 황소 연작 과정을 예로 들어 설명한다. 피카소는 황소를 관찰하고 사실적으로 묘사한 뒤, 특징을 살린 단순한 선과 강조를 통해 ‘황소다움’의 본질을 드러냈다. 따라서 글의 주제는 추상 활동이 관찰을 바탕으로 대상을 이해하는 것이라는 점이다. C는 창작 과정의 예시적 역할을 말할 뿐 핵심 주제가 아니고, B와 D는 부분적인 내용에 불과하다.

### ANSWER
A"
TK_2016_44,TK_2016_44,Textual,0,C,C,"The passage explains that abstraction involves simplifying forms while still capturing the essential characteristics of the object, as seen in Picasso’s bull series. The final result comes from reducing and simplifying the form rather than distorting or realistically depicting it.

### ANSWER
C"
TK_2016_45,TK_2016_45,Textual,0,C,B,"### ANSWER
B"
TK_2016_46,TK_2016_46,Textual,0,B,D,"본문은 정부의 드론 산업 투자 결정으로 드론 산업이 본격화되고 대중화 시기가 앞당겨질 것이라고 하였다. 이는 정부가 드론 기술에 관심을 보임에 따라 드론 산업이 가속화되었다는 내용과 일치한다.

### ANSWER
D"
TK_2016_47,TK_2016_47,Textual,0,D,D,"이 글은 실리콘밸리 모델을 한국 도시에 적용한 인주시의 사례를 소개하면서, 각 도시가 자신의 여건에 맞는 창의적 기업 지원책을 마련해야 한다는 점을 강조하고 있습니다. 따라서 글의 목적은 단순히 사례 소개나 방안 제시가 아니라, 지역 여건에 맞는 경제 환경 조성의 중요성을 드러내는 것입니다.

### ANSWER
D"
TK_2016_48,TK_2016_48,Textual,0,D,D,"이 문장은 실리콘밸리가 젊은 인재들의 아이디어와 기술 혁신을 바탕으로 성공한 사례를 설명하고 있습니다. 따라서 빈칸에는 창의적인 환경을 강조하는 표현이 가장 자연스럽습니다. ‘창의성이 발휘될 수 있는’은 앞서 언급된 혁신과 아이디어의 흐름과 잘 연결됩니다.

### ANSWER
D"
KIIP_society_267,KIIP_society_267,Society,0,D,D,"도시화로 인해 인구가 도시에 집중되면서 좁은 토지에 많은 인구를 수용할 수 있는 대규모 고층 아파트가 크게 증가하였다.

### ANSWER
D"
KIIP_society_268,KIIP_society_268,Society,0,D,D,"In contemporary South Korea, apartments are the most common and preferred housing type due to their modern amenities, security, and convenient urban locations. The majority of Korean households reside in apartment complexes, especially in cities. Other housing types such as single-family homes, multi-family houses, and row houses are less prevalent and less preferred. Therefore, the correct choice is apartments.

### ANSWER
D"
KIIP_society_269,KIIP_society_269,Society,0,B,B,"한국인들이 아파트를 선호하는 가장 대표적인 이유는 교통이 편리하고 다양한 편의시설이 제공되기 때문입니다. 아파트 단지는 대중교통 접근성이 좋고, 주차장, 상가, 공원 등 생활 인프라가 잘 갖춰져 있습니다. 가격이 저렴하거나 크기 때문이라는 설명은 일반적인 현실과 맞지 않습니다. 안전성도 중요하지만, 아파트 선호의 핵심 요인은 주거 편의성이라고 볼 수 있습니다.

### ANSWER
B"
KIIP_society_270,KIIP_society_270,Society,0,B,B,"한국의 대도시에서 서민들이 집을 구하기 어려운 가장 직접적인 이유는 주택 가격이 높기 때문이다. 임대료 상승도 원인이지만, 집값 자체가 비싼 것이 더 포괄적이고 일반적인 설명이다.

### ANSWER
B"
KIIP_society_271,KIIP_society_271,Society,0,A,A,"한국 정부는 서민 주거 안정을 위해 다양한 주택 정책을 종합적으로 추진해 왔으며, 임대료 인하나 주택 공급 확대 등은 그 정책들의 일부 수단에 해당한다. 따라서 가장 포괄적인 답은 다양한 주택 정책 마련이다.

### ANSWER
A"
KIIP_society_272,KIIP_society_272,Society,0,A,B,"경제적으로 어려운 사람들을 위한 주택 정책은 주거비 부담을 줄이는 데 초점을 두므로, 시세보다 낮은 임대료로 공급하는 정책이 핵심이다. 따라서 보기 중 저소득층의 주거 안정을 직접 지원하는 것은 임대료 인하에 해당한다.

### ANSWER
B"
KIIP_society_273,KIIP_society_273,Society,0,D,D,"국민임대주택, 공공임대주택, 보금자리주택은 모두 한국 정부의 공공 주택 정책이다. 단기경매주택은 정부의 주택 정책이 아니라 경매 물건 유형에 해당하므로 정답은 D이다.

### ANSWER
D"
KIIP_society_274,KIIP_society_274,Society,0,B,B,"한국 정부의 주택공급 정책은 주로 주거 취약계층인 저소득층과 무주택 서민들의 주거 안정을 목표로 합니다. 다주택자나 고소득층은 규제 대상이거나 시장에서 해결할 수 있는 계층으로 보며, 외국인은 정책의 주된 대상이 아닙니다. 따라서 정책의 핵심 수혜 대상은 집이 없는 서민들입니다.

### ANSWER
B"
Kedu_tradition_39,Kedu_tradition_39,Tradition,0,D,D,"꼭두각시놀음은 남사당패가 공연한 전통 인형극으로, 고정된 대본이 아닌 즉흥적 연행에 가깝다. 유네스코 세계기록유산이 아니라 남사당놀이가 무형문화유산으로 등재되었다. 대잡이는 반주자가 아니라 인형을 조종하는 인형극 연기자를 가리킨다. 꼭두각시놀음에는 여인을 희롱하는 승려가 등장하여 파계승을 풍자하는 장면이 포함된다.

### ANSWER
D"
Kedu_tradition_40,Kedu_tradition_40,Tradition,0,D,D,"하례(賀禮)는 축하하는 예절로, 죽음과 관련된 부의·근조·추모와 다르다.

### ANSWER
D"
Kedu_tradition_41,Kedu_tradition_41,Tradition,0,A,A,"판소리 장단은 진양조, 중모리, 중중모리, 자진모리, 휘모리 순으로 점점 빨라지므로 A가 옳다. B의 목풀기 노래는 단가이며, C의 발림은 창자가 한다. D의 12마당에는 <콩쥐팥쥐>가 포함되지 않는다.

### ANSWER
A"
Kedu_tradition_42,Kedu_tradition_42,Tradition,0,B,B,"전통 통과의례에서 출산 후 금줄을 치는 것, 혼례 때 신랑이 신부 집에 가는 초행, 명절 차례는 모두 맞는 설명이다. 그러나 조선시대 성인 의례는 남자의 관례와 여자의 계례를 말하며, '진새례'라는 표현은 옳지 않다. 따라서 정답은 B이다.

### ANSWER
B"
Kedu_tradition_43,Kedu_tradition_43,Tradition,0,A,A,"### ANSWER
A"
Kedu_tradition_44,Kedu_tradition_44,Tradition,0,B,B,"Yeongsan Hoesang is a traditional Korean instrumental suite that includes movements such as 가락덜이 and 염불도드리. 대취타 is a separate military music piece, and 산조 is an independent solo genre, so they are not part of the suite. Thus the correct combination is ㄱ and ㄹ.

### ANSWER
B"
Kedu_tradition_45,Kedu_tradition_45,Tradition,0,D,D,"Geumjul is a traditional Korean custom involving a straw rope hung to ward off evil spirits and mark taboos, especially during childbirth, ancestral rites, and when making jang or liquor. It is also called injul, so A, B, and C are correct. However, similar customs exist in other cultures, such as Japan's shimenawa, so the claim that it appears only on the Korean Peninsula is false.

### ANSWER
D"
Kedu_tradition_46,Kedu_tradition_46,Tradition,0,B,B,"산대놀이는 서울과 경기 지역에서 전승된 가면극으로, 중국 사신 영접 시 공연되기도 하였고 시간 제한 없이 새벽까지 이어지기도 하였다. 해서탈춤과 유사하지만 산대놀이에는 노장과장이 포함되어 있으므로, 노장과장이 빠져 있다는 설명은 옳지 않다.

### ANSWER
B"
Kedu_14_17,Kedu_14_17,Grammar,0,B,B,"'-겠-'은 여러 용법이 있는데, '이제 들어가도 좋겠습니까'는 상대방에게 허락을 구하는 표현으로, 직접적인 질문을 부드럽게 완곡하게 말하는 태도를 나타낸다. A는 감탄이나 놀라움을 나타내는 경우이고, C는 의지를 전달하는 인용문이며, D는 추측이나 당연함을 나타내는 경우이다. 따라서 '-겠-'의 용법이 올바르게 연결된 것은 B이다.

### ANSWER
B"
Kedu_14_18,Kedu_14_18,Grammar,0,D,D,"The predicate ""움직인다"" is an intransitive verb that requires only a subject, making it a one-place predicate. ""거북이처럼"" is an adverbial phrase using the particle ""처럼"", not an adverbial clause. No transitive verb or connective ending appears in the sentence. Therefore, the correct structural description is that a one-place predicate is used.

### ANSWER
D"
Kedu_14_19,Kedu_14_19,Grammar,0,C,C,"마개는 동사 ‘막다’에 접미사 ‘-개’가, 우레는 동사 ‘울다’에 ‘-에’가, 검댕은 형용사 ‘검다’에 ‘-댕’이 결합한 파생어입니다. 반면 톱질은 명사 ‘톱’에 접미사 ‘-질’이 결합한 파생어로, 어기의 품사가 다릅니다.

### ANSWER
C"
Kedu_14_20,Kedu_14_20,Grammar,0,B,B,"### ANSWER
B"
Kedu_14_21,Kedu_14_21,Grammar,0,C,C,"The bracketed expressions are all honorific verb forms, but A, B, and D are object-honorific humble forms used to elevate the person receiving the action. In contrast, C uses subject honorification with “-시-” to elevate the subject, 할아버지.

### ANSWER
C"
Kedu_14_22,Kedu_14_22,Grammar,0,D,D,"### ANSWER
D"
Kedu_14_23,Kedu_14_23,Grammar,0,A,B,"합성어는 형성 절차에 따라 통사적 합성어와 비통사적 합성어로 나뉜다.  
B의 ‘늦더위’는 어간 ‘늦-’과 명사 ‘더위’가 직접 결합한 비통사적 합성어이고, ‘고무신’도 명사 ‘고무’와 ‘신’이 직접 결합한 비통사적 합성어이다.  
나머지 보기들은 관형사형이나 연결어미 등이 개입한 통사적 합성어가 섞여 있어 형성 절차가 같지 않다.

### ANSWER
B"
Kedu_14_24,Kedu_14_24,Grammar,0,D,D,"A, B, C에서 ‘와’는 격조사로 각각 동반이나 비교의 대상을 나타내지만, D의 ‘와’는 두 명사를 대등하게 연결하는 접속조사이다. 따라서 A, B, C와 달리 기능이 다른 것은 D이다.

### ANSWER
D"
KIIP_society_33,KIIP_society_33,Society,0,D,D,"무궁화는 대한민국의 국화로, 한국의 역사와 문화에서 중요한 상징입니다. 따라서 정답은 대한민국입니다.

### ANSWER
D"
KIIP_society_34,KIIP_society_34,Society,0,B,B,"한글은 1443년에 세종대왕이 창제하였고, 1446년에 반포되었습니다. 21세기 기준으로 약 580년이 지났으므로, 가장 가까운 보기는 600년 전입니다. 따라서 정답은 B입니다.

### ANSWER
B"
KIIP_society_35,KIIP_society_35,Society,0,B,B,"한글의 기본 자음은 14개, 기본 모음은 10개로 구성됩니다. 따라서 보기 중 정답은 B입니다.

### ANSWER
B"
KIIP_society_36,KIIP_society_36,Society,0,C,C,"한글의 모음은 천(하늘), 지(땅), 인(사람)의 세 요소를 본떠 만들어졌습니다. 점(·)은 하늘, 가로선(ㅡ)은 땅, 세로선(ㅣ)은 사람을 상징합니다. 따라서 정답은 C입니다.

### ANSWER
C"
KIIP_society_37,KIIP_society_37,Society,0,C,C,"한글의 기본 자음은 14개, 기본 모음은 10개이므로 합하면 총 24개입니다. 따라서 정답은 24개입니다.

### ANSWER
C"
KIIP_society_38,KIIP_society_38,Society,0,B,B,"한글은 쉽게 배울 수 있는 문자로 창제되어 일반 백성들도 읽고 쓸 수 있게 되었다. 이로 인해 문맹률이 낮아지고 문화 발전에도 큰 기여를 하였다. 따라서 정답은 문맹이 줄었다이다.

### ANSWER
B"
KIIP_society_39,KIIP_society_39,Society,0,A,A,"### ANSWER
A"
KIIP_society_40,KIIP_society_40,Society,0,A,A,"천지인은 한글의 기본 모음(·, ㅡ, ㅣ)을 활용한 대표적인 휴대폰 자판 방식으로, 한글을 구성할 수 있는 자판의 이름이다. 나랏글, 세종, 훈민정음은 자판 이름이 아니다.

### ANSWER
A"
PSE_history_14_15,PSE_history_14_15,History,0,B,B,"이 글은 순조가 홍경래 난(가산 토적의 변란)을 언급하며 백성들에게 사죄한 내용이다. 순조 재위 중인 1801년에 공노비 6만 6천여 명을 양인으로 해방시켰다. 따라서 옳은 것은 B이다.

### ANSWER
B"
PSE_history_14_16,PSE_history_14_16,History,0,A,A,"정약전이 흑산도로 유배된 것은 1801년 신유사옥 때이며, 그곳에서 《자산어보》를 저술하였다. 따라서 기해사옥 때 유배되었다는 설명은 사실과 다르다. 안정복의 《천학문답》, 윤지충의 1791년 사건, 황사영의 백서는 모두 천주교 역사와 관련된 옳은 설명이다.

### ANSWER
A"
PSE_history_14_17,PSE_history_14_17,History,0,C,C,"정도전은 성리학적 이상 국가를 세우고자 한 인물로 다양한 사상을 포용했다고 보기 어렵다. 이황은 사회 모순 극복보다는 성리학 이론 정립에 힘썼다. 18세기 호론과 낙론은 인물성동이론을 두고 대립하였는데, 호론은 인간과 사물의 본성이 다르다고 주장하였다. 유형원과 이익의 토지개혁론을 계승한 것은 김정희가 아니라 정약용 등이다. 따라서 옳은 것은 C이다.

### ANSWER
C"
PSE_history_14_18,PSE_history_14_18,History,0,D,D,"이 사건은 1919년 3·1 운동으로, 일제의 무단통치에 항거한 대규모 만세 운동이었다. 3·1 운동 이후 일제는 무단통치를 문화통치로 전환하였고, 이 운동은 국내외 독립운동에 큰 영향을 주었다. 그러나 파리강화회의에 대표로 파견된 인물은 신규식이 아니라 김규식이므로, 이를 언급한 D는 옳지 않은 설명이다.

### ANSWER
D"
PSE_history_14_19,PSE_history_14_19,History,0,D,D,"4.19 혁명 이후 제2공화국이 출범하면서 내각 책임제와 양원제를 골자로 하는 개헌이 이루어졌다. 따라서 옳은 설명은 D이다.

### ANSWER
D"
PSE_history_15_1,PSE_history_15_1,History,0,D,D,"고려 시대 향·부곡·소의 백성은 일반 군현민과 동일한 대우를 받지 못했으며, 차별과 더 무거운 부담을 지는 경우가 많았다. 따라서 “일반 군현민과 동일한 수준의 조세”를 부담했다는 설명은 옳지 않다. 이의민의 신분 상승, 외거 노비의 경제적 성장, 향리 자제의 과거를 통한 진출은 모두 고려 사회의 실제 모습으로 적절하다.

### ANSWER
D"
PSE_history_15_2,PSE_history_15_2,History,0,D,C,"사림은 15~16세기에 향촌 사회를 주도하기 위해 소학 보급, 향사례·향음주례 실시, 향약과 서원 건립 등을 추진하였다. 향회는 사림의 새로운 동향이라기보다 기존의 향촌 자치 기구로, 사림이 주도한 대표적 활동으로 보기 어렵다. 따라서 옳지 않은 것은 C이다.

### ANSWER
C"
PSE_history_15_3,PSE_history_15_3,History,0,B,A,"### ANSWER
A"
CSAT_geography_11_2,CSAT_geography_11_2,Geography,0,D,E,"이 암석은 밝은 색을 띠는 화강암으로, 관악산·북한산·금강산 등에서 관찰되며 양파껍질 모양의 풍화 작용이 나타난다. 화강암은 주로 중생대에 관입한 후 차별적인 풍화·침식을 받으며 지표에 드러난 경우가 많다. 주상 절리는 현무암 등 화산암에서, 용식 와지는 석회암에서 나타나는 특징이므로 옳지 않다.

### ANSWER
E"
CSAT_geography_11_3,CSAT_geography_11_3,Geography,0,A,E,"(가)는 정부와 한국관광공사, 민간 자본이 대규모로 투입된 국제 수준의 관광단지 개발이다. 반면 (나)는 생태 마을 체험 축제로, 대규모 자본보다 지역 주민이 주체가 되어 생태 자원을 보전하며 주민 소득을 창출하는 주민 참여형 개발이다. 따라서 (나)는 (가)에 비해 지역 주민의 개발 주체성과 참여 정도가 높다고 볼 수 있다.

### ANSWER
E"
CSAT_geography_12_2,CSAT_geography_12_2,Geography,0,D,D,"ㄱ은 조선 누층군, ㄴ은 평안 누층군, ㄷ은 대동 누층군, ㄹ은 경상 누층군, ㅁ은 신생대 제3기층에 해당한다. 무연탄은 평안 누층군에 매장되므로 A는 틀렸고, 평안 누층군은 함경북도가 아닌 평안남도·강원도 등에 분포하므로 B도 틀렸다. 경동성 요곡 운동은 신생대에 일어난 일로 대동 누층군 시기와 무관하므로 C는 틀렸다. 경상 누층군은 지각 변동을 심하게 받지 않아 보존 상태가 양호하므로 D가 옳다. 신생대 제3기층은 갈탄을 매장하지만 분포 면적이 가장 넓은 것은 경상 누층군이므로 E는 틀렸다.

### ANSWER
D"
CSAT_geography_13_2,CSAT_geography_13_2,Geography,0,A,A,"읍·면은 하위 중심지로 배후 지역이 작고, 중소 도시는 그보다 넓은 배후 지역을 가진다. 따라서 ᄀ이 ᄂ보다 배후 지역이 넓다는 설명은 옳지 않다. 나머지 보기는 도시 계층 구조와 중심지 이론에 부합한다.

### ANSWER
A"
CSAT_geography_15_2,CSAT_geography_15_2,Geography,0,B,B,"(가)는 신흥 주거 지역으로 인구가 증가하고 출근 시간대 유출이 많은 반면, (나)는 오래된 도심 지역으로 인구 공동화가 나타나지만 업무 기능이 집중되어 있다. 따라서 (나)는 (가)에 비해 주간 인구 지수가 높고 업무 용지의 평균 지가가 높을 것으로 추론할 수 있다. 대기업 본사 수는 도심인 (나)가 더 많을 가능성이 높으며, 출근 시간대 순 유출 인구는 주거 지역인 (가)가 더 많다. 그러므로 적절한 것은 ㄱ과 ㄷ이다.

### ANSWER
B"
CSAT_geography_16_2,CSAT_geography_16_2,Geography,0,A,C,"### ANSWER
C"
CSAT_geography_16_3,CSAT_geography_16_3,Geography,0,D,D,"(가)는 벼농사 지역의 집촌으로 협동 노동에 유리하고, (나)는 산간 지역에 흩어져 분포하는 산촌이다. 동족촌은 일반적으로 집촌 형태로 나타나므로 ㄴ은 옳지 않다. 집촌은 가옥과 경지의 결합도가 낮고, 산촌은 경지 규모가 작은 산간 지역에 많으므로 ㄷ과 ㄹ은 옳다.

### ANSWER
D"
CSAT_geography_17_2,CSAT_geography_17_2,Geography,0,A,A,"(가)는 철원 지역으로, 유동성이 큰 용암이 하곡을 메워 형성된 용암대지 지형이 나타난다. (나)는 울릉도, (다)는 제주도에 해당한다. 제주도의 백록담은 화구호이지 칼데라호가 아니며, 용암 동굴은 제주도가 울릉도보다 더 발달하였다. 따라서 옳은 설명은 A이다.

### ANSWER
A"
TK_2016_49,TK_2016_49,Textual,0,A,A,"필자는 실리콘밸리 모델을 한국의 여러 도시에서 다양한 형태로 적용하려는 움직임을 “고무적이다”라고 표현하며 긍정적으로 평가하고 있습니다. 이는 경제 활성화를 위한 다양한 시도가 지니는 긍정적 측면을 인정하는 태도로 볼 수 있습니다. 경계하거나 비판하는 태도는 나타나지 않으며, 단순히 감탄하는 것보다는 실제 적용 가능성에 대한 기대를 담고 있습니다. 따라서 가장 알맞은 것은 A입니다.

### ANSWER
A"
TK_2017_5,TK_2017_5,Textual,0,B,B,B
TK_2017_6,TK_2017_6,Textual,0,B,B,"The advertisement highlights fresh ingredients, reasonable prices, and group reservations for family gatherings, which are typical features of a restaurant. Banks, laundromats, and convenience stores do not advertise fresh food or family dining in this way.

### ANSWER
B"
TK_2017_7,TK_2017_7,Textual,0,A,A,"푸른 숲과 맑은 강을 함께 지키자는 내용으로, 자연 보호에 관한 글입니다.

### ANSWER
A"
TK_2017_8,TK_2017_8,Textual,0,B,B,"구매 주문 시 당일 배송 가능 여부와 지연 가능성을 안내하는 내용이므로, 배달 안내에 해당합니다.

### ANSWER
B"
TK_2017_9,TK_2017_9,Textual,0,A,A,"The notice excludes magazines and language textbooks from the books that can be requested, so there are indeed types of books that cannot be applied for. It also states that arrival notifications are sent by email, not phone, and applications are made through the library homepage, not by email. The application period is only April 17–30, not the entire month.

### ANSWER
A"
TK_2017_10,TK_2017_10,Textual,0,A,A,"관광객 장 씨는 지갑을 잃어버렸지만 경찰의 도움으로 찾았고, 이후 감사 편지를 보냈습니다. 따라서 관광객이 경찰에게 감사하는 마음을 표현했다는 내용이 글과 일치합니다.

### ANSWER
A"
TK_2017_11,TK_2017_11,Textual,0,B,B,"혼자 공연을 보는 사람들이 늘어났고, 그 이유는 함께 간 사람에게 신경 쓰지 않고 공연에 집중할 수 있기 때문이라고 했다. 따라서 보기 중 이 내용과 일치하는 것은 혼자 공연을 보면 공연에 집중할 수 있다는 장점이다.

### ANSWER
B"
KIIP_society_41,KIIP_society_41,Society,0,B,B,"한글은 조선 제4대 임금인 세종대왕이 백성들의 문자 생활을 위해 창제하였다. 따라서 한글을 창제한 사람은 세종이다.

### ANSWER
B"
KIIP_society_42,KIIP_society_42,Society,0,A,A,"### ANSWER
A"
KIIP_society_43,KIIP_society_43,Society,0,A,A,"### ANSWER
A"
KIIP_society_44,KIIP_society_44,Society,0,C,C,"한국의 평균 초혼 연령은 지속적으로 상승하고 있으며, 2020년 기준으로도 이러한 추세가 이어지고 있다. 경제적 부담과 주거 문제, 가치관 변화 등으로 결혼을 늦추는 경향이 반영된 결과이다. 따라서 결혼 연령대는 점점 높아지고 있다고 볼 수 있다.

### ANSWER
C"
KIIP_society_45,KIIP_society_45,Society,0,B,A,"1980년대 한국은 경제 발전과 산아제한 정책의 영향으로 출산율이 급격히 낮아졌습니다. 1980년대 초반 합계출산율은 약 2.8명에서 후반에는 1.6명 수준으로 감소했습니다. 따라서 당시 일반적인 가족의 자녀 수는 1~2명이었습니다.

### ANSWER
A"
KIIP_society_46,KIIP_society_46,Society,0,A,A,"In traditional Korean family culture, the eldest son was expected to support and live with his parents after marriage. This patrilocal living arrangement was common in the 1980s, as the eldest son carried responsibility for ancestral rites and care of aging parents. Daughters typically moved into their husband's family after marriage. Therefore, the correct choice is the first son.

### ANSWER
A"
KIIP_society_47,KIIP_society_47,Society,0,B,A,"### ANSWER
A"
KIIP_society_48,KIIP_society_48,Society,0,A,A,"산업화와 도시화는 전통적인 대가족 구조를 약화시키고, 성인 자녀가 부모와 분리되어 사는 핵가족 및 1인 가구를 증가시켰다. 따라서 보기 중 옳은 변화는 자녀들이 부모와 떨어져 생활하게 된 것이다.

### ANSWER
A"
KIIP_society_275,KIIP_society_275,Society,0,A,A,"한국 정부의 주택 정책은 공공주택 공급, 분양가 상한제, 임대주택 확대 등을 통해 국민이 주변 시세보다 낮은 가격으로 주택을 임대하거나 구매할 수 있게 하는 데 목적이 있습니다. 따라서 정책을 통해 얻을 수 있는 직접적인 이점은 시세보다 저렴한 주거 마련 기회입니다.

### ANSWER
A"
KIIP_society_276,KIIP_society_276,Society,0,A,A,"전입신고는 새로운 주소지로 이사한 후 그 사실을 행정기관에 신고하여 주민등록부에 기록하는 절차를 의미한다. 따라서 법원, 이웃, 부동산 중개인에게 알리는 것이 아니라 주민등록부에 기록하는 것이 정답이다.

### ANSWER
A"
KIIP_society_277,KIIP_society_277,Society,0,B,B,"확정일자는 주택임대차계약서에 계약 체결일을 공적으로 확인받기 위한 날짜로, 임차인의 대항력과 우선변제권 확보에 중요한 역할을 합니다. 따라서 주택임대차 계약을 한 날짜를 확인하기 위한 날짜라는 의미가 가장 정확합니다.

### ANSWER
B"
KIIP_society_278,KIIP_society_278,Society,0,C,C,"등기부는 부동산의 물리적 특성이 아니라 법률상 권리관계를 공시하는 장부입니다. 소유권, 저당권, 전세권 등의 권리 변동을 기록하여 거래의 안전을 보호합니다. 따라서 위치·가격·면적을 기록하는 장부가 아니라 권리 관계를 기록하는 장부입니다.

### ANSWER
C"
KIIP_society_279,KIIP_society_279,Society,0,A,A,A
KIIP_society_280,KIIP_society_280,Society,0,B,B,"### ANSWER
B"
KIIP_society_281,KIIP_society_281,Society,0,A,A,"‘손 없는 날’은 이사하기 좋은 날로 여겨져 많은 사람들이 이사를 몰아서 하기 때문에, 이삿짐 차량과 인력의 수요가 급증한다. 따라서 이사에 필요한 차량이나 인력을 구하기 어려운 문제가 발생할 수 있다. 다른 선택지들도 일부 관련이 있을 수 있지만, 가장 직접적인 어려움은 차량과 인력 확보의 어려움이다.

### ANSWER
A"
KIIP_society_282,KIIP_society_282,Society,0,B,B,"짐이 많고 시간이 부족한 상황에서는 짐을 정리하고 운반까지 대신해 주는 포장이사 서비스가 가장 편리합니다. 택배나 배달 서비스는 많은 짐을 한 번에 처리하기 어렵고, 대리운전은 짐 운반과 관련이 없습니다.

### ANSWER
B"
KIIP_society_49,KIIP_society_49,Society,0,A,C,"2010년대 한국에서는 1인 가구가 급격히 증가하여 가장 보편적인 가구 형태가 되었습니다. 따라서 주요 가족 형태는 1인 가구입니다.

### ANSWER
C"
KIIP_society_50,KIIP_society_50,Society,0,B,B,"### ANSWER
B"
KIIP_society_51,KIIP_society_51,Society,0,C,C,"2010년대 한국 사회에서는 혼인율 감소, 고령화, 개인주의 확산 등으로 1인 가구가 급격히 증가하였다. 통계청 자료에서도 1인 가구가 가장 보편적인 가구 형태로 부상하였다. 따라서 늘어나는 가족 형태는 1인 가구이다.

### ANSWER
C"
KIIP_society_52,KIIP_society_52,Society,0,A,A,"장남은 부모가 낳은 자녀 중에서 가장 먼저 태어난 아들을 의미한다. 한국 사회에서 전통적으로 가족의 상속이나 제사 등에서 중요한 역할을 담당해 왔다. 따라서 자녀 중 첫째 아들을 가리키는 개념이다.

### ANSWER
A"
KIIP_society_53,KIIP_society_53,Society,0,A,A,"핵가족은 부부와 그들의 미혼 자녀로 구성된 가족 형태를 의미한다. 따라서 보기 중 A가 정확한 정의이다.

### ANSWER
A"
KIIP_society_54,KIIP_society_54,Society,0,C,C,"1인 가구는 혼자서 생계를 유지하며 독립된 가정을 이루는 사람을 의미한다. 보기 중 부부와 자녀로 구성된 가족, 여러 세대가 함께 사는 가족, 부부만 사는 가구는 모두 1인 가구의 정의에 해당하지 않는다. 따라서 혼자서 가정을 이루어 살아가는 사람이 정답이다.

### ANSWER
C"
KIIP_society_55,KIIP_society_55,Society,0,B,B,"In Korean, the expression ""장가간다"" is specifically used when a man gets married, meaning he takes a wife. ""시집간다"" is the corresponding term used for a woman. ""혼인한다"" is a general formal term for marriage, not gender-specific. Therefore, the correct choice for a man is ""장가간다.""

### ANSWER
B"
KIIP_society_56,KIIP_society_56,Society,0,B,B,"### ANSWER
B"
PSAT_18_12,PSAT_18_12,Law,0,B,B,"### ANSWER
B"
PSAT_18_13,PSAT_18_13,Law,0,C,C,"헌법재판소 재판관을 역임한 사람이 대법관이 되는 것이 절대적으로 불가능하다는 내용은 옳지 않다. 대법관 자격 요건을 법률로 정하고 있으며, 헌법재판소 재판관 경력 자체가 금지 사유가 아니므로 법률이 정한 요건을 갖추면 대법관이 될 수 있다. A, B, D는 헌법과 법률 규정에 부합한다.

### ANSWER
C"
PSAT_18_14,PSAT_18_14,Law,0,A,A,"헌법소원심판의 청구기간에 대해 헌법재판소법은 제68조제2항에 따른 헌법소원을 위헌여부심판 제청신청 기각 결정을 통지받은 날부터 30일 이내에 청구하도록 규정하고 있다. 따라서 60일 이내라고 한 A는 옳지 않다. 나머지 B, C, D는 헌법재판소법상 타당한 설명이다.

### ANSWER
A"
PSAT_18_15,PSAT_18_15,Law,0,D,D,"### ANSWER
D"
PSAT_18_16,PSAT_18_16,Law,0,A,A,A는 헌법
PSAT_18_17,PSAT_18_17,Law,0,D,B,"### ANSWER
B"
PSAT_18_18,PSAT_18_18,Law,0,C,D,"### ANSWER
D"
PSAT_18_19,PSAT_18_19,Law,0,B,A,"### ANSWER
A"
Kedu_tradition_47,Kedu_tradition_47,Tradition,0,C,C,"시나위는 무속음악에 뿌리를 둔 민속 기악합주 음악으로, 무대화된 연주 형태를 띠며 심방곡 또는 신방곡으로도 불립니다. 그러나 정악이나 당악은 궁중 음악이나 당나라 계통 음악을 가리키는 분류이므로, 시나위를 정악 혹은 당악으로 분류하는 것은 옳지 않습니다.

### ANSWER
C"
Kedu_tradition_48,Kedu_tradition_48,Tradition,0,C,C,"고춧가루는 임진왜란 이후에 우리나라에 전래된 것으로 알려져 있으며, 신라시대부터 김치에 고춧가루를 넣었다는 설명은 사실이 아니다. 김치는 채소를 소금에 절여 양념과 함께 발효시킨 음식으로, 예전에는 딤채·짐채 등으로도 불렸다. 고려시대 문헌인 ≪동국이상국집≫에도 김치와 관련된 기록이 나타난다. 따라서 옳지 않은 것은 C이다.

### ANSWER
C"
Kedu_tradition_49,Kedu_tradition_49,Tradition,0,D,D,"### ANSWER
D"
Kedu_tradition_50,Kedu_tradition_50,Tradition,0,B,B,"기능요는 노동요, 의식요, 유희요로 분류되므로 ㄱ은 옳다. 선후창에서는 선창자가 사설을 메기고 후창자가 받는 구조이므로 가사 선택 권리는 선창자에게 있다. 지신밟기요는 의식요에 해당하므로 유희요라는 ㄷ은 틀렸다. 상여메기노래는 노동요이면서 의식요이므로 ㄹ은 옳다. 따라서 옳은 것은 ㄱ, ㄹ이다.

### ANSWER
B"
Kedu_tradition_51,Kedu_tradition_51,Tradition,0,D,D,"윤달은 음력에서 평년보다 한 달을 더 추가한 달로, 주기가 일정하지 않게 나타난다. 또한 묘지 이장이나 이사 등에 길한 달로 여겨져 왔다. 그러나 금줄치기와 팥죽 쑤기는 윤달의 대표 풍속이 아니라 다른 세시 풍속에 해당하므로 옳지 않다.

### ANSWER
D"
Kedu_tradition_52,Kedu_tradition_52,Tradition,0,D,C,"하회별신굿탈놀이는 대사 없이 동작과 몸짓으로만 내용을 전달하는 한국의 대표적인 묵극 가면극이다.

### ANSWER
C"
Kedu_tradition_53,Kedu_tradition_53,Tradition,0,A,,"가곡창은 5장, 시조창은 3장 형식으로"
Kedu_tradition_54,Kedu_tradition_54,Tradition,0,C,C,"### ANSWER
C"
PSE_history_15_4,PSE_history_15_4,History,0,B,B,"신라가 순장을 금지하고 흙인형을 대용으로 사용한 것은, 농업 생산력이 높아지면서 사람의 노동력을 중요하게 여겼기 때문으로 해석된다. 따라서 노동력 중시라는 보기가 가장 적절하다.

### ANSWER
B"
PSE_history_15_5,PSE_history_15_5,History,0,C,C,"### ANSWER
C"
PSE_history_15_6,PSE_history_15_6,History,0,C,C,"조선 전기에는 붕당이 형성되었고, 삼사가 언론과 탄핵 기능으로 권력 남용을 견제하였다. 또한 과거 제도 등을 바탕으로 합리적인 인사 행정이 발달하였다. 그러나 환국정치는 조선 후기, 특히 17~18세기에 나타난 정치 현상으로 15~16세기 조선 전기의 설명으로는 적절하지 않다. 따라서 옳지 않은 것은 C이다.

### ANSWER
C"
PSE_history_15_7,PSE_history_15_7,History,0,C,C,"최승로의 시무 28조 중 외관 설치 건의를 받아들인 왕은 고려 성종이다. 성종은 지방 통치 강화를 위해 12목을 설치하고, 지방 교육을 위해 경학박사를 파견하였다. 따라서 옳은 정책은 지방 교육을 위해 경학박사를 파견한 것이다.

### ANSWER
C"
PSE_history_15_8,PSE_history_15_8,History,0,A,A,"### ANSWER
A"
PSE_history_15_9,PSE_history_15_9,History,0,C,C,"독립의군부는 1912년 임병찬이 고종의 밀지를 받아 조직한 비밀 결사로, 의병 운동을 계승하였다. 대한광복회는 1915년 박상진을 중심으로 국내에서 결성된 비밀 단체로, 공화정 수립을 지향하였다. 두 단체 모두 1910년대 국내에서 결성된 비밀 결사 단체라는 공통점이 있다. 따라서 두 단체에 대한 설명으로 옳은 것은 ㉠과 ㉡이 모두 1910년대 국내에서 결성된 단체라는 것이다.

### ANSWER
C"
PSE_history_15_10,PSE_history_15_10,History,0,C,C,"통일신라의 9주 5소경 체제에서 9주에는 도독을 두었고, 5소경에는 사신을 두어 행정을 관할하게 하였다. 따라서 5소경의 행정을 도독이 관할하였다는 설명은 옳지 않다. 신문왕 대에 9주 5소경이 정비되었고, 주에는 외사정이 파견되어 감찰 역할을 하였으며, 촌 외에 향·부곡이 존재한 것은 모두 사실이다.

### ANSWER
C"
PSE_history_15_11,PSE_history_15_11,History,0,A,A,"광학보는 고려의 국자감 학생들을 위한 교육 기금으로, 농민 자제의 과거 시험을 위한 기금이 아니므로 옳지 않습니다. 나머지 보기는 고려가 농민을 위해 시행한 정책으로 적절합니다.

### ANSWER
A"
TK_2017_12,TK_2017_12,Textual,0,A,A,"(가)에서 개와 고양이의 관계가 나쁘다고 소개한 뒤, (라)에서 그 이유가 표현을 서로 다르게 받아들이기 때문임을 밝힙니다. 이어서 (나)에서 개의 앞발 드는 행동의 의미를 설명하고, (다)에서 고양이가 이를 공격으로 오해한다고 구체적으로 연결합니다. 따라서 자연스러운 순서는 (가)-(라)-(나)-(다)입니다.

### ANSWER
A"
TK_2017_13,TK_2017_13,Textual,0,B,B,"The passage introduces the purpose of company dinners, then explains past customs, contrasts them with recent trends, and concludes with the overall change in culture. Therefore, the correct order is (나)-(다)-(라)-(가).

### ANSWER
B"
TK_2017_14,TK_2017_14,Textual,0,C,C,"The story begins with the father’s death and his claim that treasure is buried in the field, so (다) comes first. The son then digs the field but finds nothing, which is (가). After being disappointed, he decides to sow seeds because the digging was already done, matching (나). Finally, time passes and the harvest reveals the father’s true intention, which is (라). Therefore the correct order is (다)-(가)-(나)-(라).

### ANSWER
C"
TK_2017_15,TK_2017_15,Textual,0,B,B,"쓴맛을 위험한 독성 물질과 연결 지어 거부하는 것은 생존을 위해 몸을 지키려는 본능이다. 따라서 빈칸에 가장 알맞은 표현은 “자신의 몸을 보호하려는”이다.

### ANSWER
B"
TK_2017_16,TK_2017_16,Textual,0,B,B,"대화 중 상대방에게 경청하고 있음을 보여주는 비언어적 행동으로 고개를 끄덕이는 것이 적절하다. 본문은 '머리를 위아래로 움직이는 행동'이 긍정을 나타내고 상대방을 존중하며 공감한다는 인상을 준다고 설명한다. 이는 곧 고개를 끄덕이는 행동을 의미한다. 따라서 빈칸에 가장 알맞은 것은 '고개를 끄덕이는'이다.

### ANSWER
B"
TK_2017_17,TK_2017_17,Textual,0,C,C,"The passage describes people who cannot throw away objects and store them even if unused, which becomes a disorder when it interferes with life. The research links this excessive attachment to objects to a lack of love in relationships, so finding stability in relationships can eliminate this hoarding behavior. Among the choices, ""물건들을 집에 쌓아 두는"" (piling up objects at home) directly matches the behavior described. The other options do not fit the context.

### ANSWER
C"
TK_2017_18,TK_2017_18,Textual,0,B,B,"The blank connects two additional security requirements: using special characters and changing passwords periodically. This requires a conjunctive adverb meaning ""in addition"" or ""moreover."" ""게다가"" fits this meaning, while the other options express sequence, contrast, or manner.

### ANSWER
B"
TK_2017_19,TK_2017_19,Textual,0,A,A,"### ANSWER
A"
KIIP_society_283,KIIP_society_283,Society,0,C,D,"포장이사는 짐을 포장하고 운반하는 것에 그치지 않고, 새 집에서 짐을 풀고 정리하는 서비스까지 포함하는 개념입니다. 따라서 보기 중 모든 과정을 포함한 D가 가장 정확합니다.

### ANSWER
D"
KIIP_society_284,KIIP_society_284,Society,0,A,A,"한국의 주요 주거 형태는 크게 자가, 전세, 월세로 구분됩니다. 자가는 주택을 소유한 형태이고, 전세는 보증금을 맡기고 월세 없이 거주하는 방식입니다. 월세는 보증금과 함께 매달 임대료를 내는 방식입니다. 반전세는 월세의 변형으로 볼 수 있으므로 기본적인 세 가지 유형에 포함되지 않습니다. 따라서 정답은 A입니다.

### ANSWER
A"
Kedu_Society_1,Kedu_Society_1,Society,0,B,B,"1960년대 초 한국은 전통사회형 인구피라미드로 높은 출산율과 높은 사망률을 보였다. 이후 1990년대에는 출산율과 사망률이 모두 낮아져 종형 구조로 변화하였다.

### ANSWER
B"
Kedu_Society_2,Kedu_Society_2,Society,0,D,D,"1990년대 신세대는 물질적 풍요와 개인적 자유의 확대, 권위주의의 약화, 디지털 매체의 확산과 밀접한 관련이 있다. 냉전 질서의 강화는 해당 시기와 맞지 않으며, 영상문화에서 문자중심 문화로의 전환은 오히려 반대 방향이다.

### ANSWER
D"
Kedu_Society_3,Kedu_Society_3,Society,0,A,D,"The options refer to ancestral table arrangement rules, not kinship titles. Among them, the correct fish placement rule is 동두서미 (head east, tail west), so 서두동미 is incorrect.

### ANSWER
D"
Kedu_Society_4,Kedu_Society_4,Society,0,D,D,"A는 독립신문이 19세기 말에 창간되었고 애국가류 가사가 20세기 초에 실렸으므로 틀렸다. B는 안익태의 한국환상곡이 1935년 작곡되었지만 일제강점기부터 애국가 멜로디로 쓰이지는 않았다. C는 올드랭사인이 독일 노래가 아니라 스코틀랜드 민요이므로 틀렸다. D는 2010년 국민의례 규정에서 애국가를 1~4절 또는 1절만 제창하도록 규정한 내용으로 옳다.

### ANSWER
D"
Kedu_Society_5,Kedu_Society_5,Society,0,B,B,"인척은 혼인으로 맺어진 친족 관계를 뜻한다. 사위, 며느리, 장모, 장인, 숙모, 외숙모는 인척에 해당하고, 이모, 백부, 외조모는 혈족이다. 따라서 모든 항목이 인척으로만 나열된 것은 B이다.

### ANSWER
B"
Kedu_Society_6,Kedu_Society_6,Society,0,A,A,"스크린쿼터제는 한국 영화산업 보호를 위해 유지되어 온 제도로, 최근 폐지된 사실이 없다. 따라서 A는 실제 사회문화 현상으로 볼 수 없다. 나머지 보기들은 스마트폰 창작, OSMU 활성화, 주5일제에 따른 여가 증가 등 최근 현상에 해당한다.

### ANSWER
A"
Kedu_14_25,Kedu_14_25,Grammar,0,A,A,"### ANSWER
A"
Kedu_14_26,Kedu_14_26,Grammar,0,D,D,"### ANSWER
D"
Kedu_14_27,Kedu_14_27,Grammar,0,C,C,"### ANSWER
C"
Kedu_14_28,Kedu_14_28,Grammar,0,A,A,"ㄱ의 ‘누워 있었다’는 ‘-아/어 있다’가 완료상(결과 상태의 지속)을 나타내고 ‘었’으로 과거 시제를 나타내므로 ‘과거 시제, 완료상’이 맞다. ㄴ은 현재 시제에 완료상, ㄷ은 현재 시제에 진행상, ㄹ은 과거 시제에 진행상이므로 각각 틀렸다. 따라서 옳은 것은 A이다.

### ANSWER
A"
Kedu_14_29,Kedu_14_29,Grammar,0,C,C,"'-길래'는 화자가 원인이 되는 상황을 직접 경험하거나 관찰했을 때 사용할 수 있는 연결어미이다. (ㄱ)은 화자가 사과가 비싼 것을 직접 보고 판단한 상황이므로 ‘-길래’와 ‘-아서/어서’를 모두 쓸 수 있다. 그러나 (ㄴ)은 세종이 한글을 창제한 역사적 사실을 화자가 직접 경험한 것이 아니므로 ‘-길래’를 쓰면 비문이 된다. 따라서 ‘-길래’는 원인이 되는 사태를 화자가 직접 경험한 것이어야 한다는 설명이 옳다.

### ANSWER
C"
Kedu_14_30,Kedu_14_30,Grammar,0,D,D,"""논밭""은 논과 밭을 아울러 이르는 말로, 문자 그대로의 의미 외에 다른 비유적 의미를 갖지 않습니다. 반면 ""흑백""은 흑백(黑白)과 옳고 그름, ""밤낮""은 밤과 낮이라는 뜻과 쉬지 않고 계속, ""앞뒤""는 앞과 뒤라는 뜻과 말이나 행동의 일관성을 뜻하는 다의적 용법으로 쓰입니다. 따라서 다의적인 용법으로 사용되지 않은 것은 D입니다.

### ANSWER
D"
Kedu_14_31,Kedu_14_31,Grammar,0,C,C,"""국수를 먹다""와 ""구멍이 뚫리다""는 문자 그대로 해석되는 투명한 표현입니다. ""바가지를 긁다""는 관용적 의미로 쓰이지만 구성 요소가 익숙한 어휘입니다. 반면 ""시치미를 떼다""는 '시치미'라는 생소한 어휘와 관용적 의미가 결합되어 의미 해석의 투명성이 가장 낮습니다.

### ANSWER
C"
Kedu_14_32,Kedu_14_32,Grammar,0,C,C,"### ANSWER
C"
KIIP_society_57,KIIP_society_57,Society,0,C,C,"### ANSWER
C"
KIIP_society_58,KIIP_society_58,Society,0,D,D,"### ANSWER
D"
KIIP_society_59,KIIP_society_59,Society,0,D,D,"### ANSWER
D"
KIIP_society_60,KIIP_society_60,Society,0,A,A,"In Korean society, married couples commonly address each other using terms like ""여보"" (honey/dear) and ""당신"" (you), which are typical spousal terms of endearment. The other options refer to parental roles, sibling terms, or using personal names, which are not standard for spouses. Therefore, the correct answer is A.

### ANSWER
A"
KIIP_society_61,KIIP_society_61,Society,0,B,B,"A husband in Korean traditionally refers to his wife’s father as “장인어른” and his wife’s mother as “장모님,” which are the standard respectful terms for in-laws from the husband’s perspective. The other options either refer to one’s own parents, informal terms, or grandparents.

### ANSWER
B"
KIIP_society_62,KIIP_society_62,Society,0,B,B,"시부모가 며느리를 부를 때, 아직 아이를 낳지 않은 새 며느리는 ‘새아가’라고 부르는 것이 전통적인 한국의 호칭입니다. ‘며느리’는 일반적인 지칭이고, ‘아들의 아내’는 설명적인 표현입니다. 따라서 이 질문에 가장 적합한 답은 ‘(새)아가’입니다.

### ANSWER
B"
KIIP_society_63,KIIP_society_63,Society,0,C,C,"### ANSWER
C"
KIIP_society_64,KIIP_society_64,Society,0,C,C,"한국 전통 호칭에서 아내의 부모는 사위를 성씨를 붙여 “김서방” 또는 “김서방님”이라고 부릅니다. “사위”는 일반적인 지칭어이며 직접 부를 때는 “서방”을 사용합니다. 따라서 정답은 C입니다.

### ANSWER
C"
CSAT_geography_17_3,CSAT_geography_17_3,Geography,0,C,C,"(가)는 강풍과 침수 대비 내용으로 보아 태풍, (나)는 염화칼슘 살포와 비닐하우스 눈 치우기로 보아 대설에 해당한다. 태풍은 해일 피해를 유발할 수 있지만 대설은 해일과 관련이 없다. 따라서 (가)가 (나)보다 해일 피해를 유발하는 경우가 많다는 설명이 옳다.

### ANSWER
C"
CSAT_geography_18_2,CSAT_geography_18_2,Geography,0,C,D,"### ANSWER
D"
CSAT_geography_19_2,CSAT_geography_19_2,Geography,0,A,A,"### ANSWER
A"
CSAT_geography_19_3,CSAT_geography_19_3,Geography,0,C,C,"(가)는 2002년 관광 특구로 지정되고 2008년 이후 중단되었던 금강산 관광을 의미하며, (나)는 정상에서 천지를 배경으로 기념 촬영한 백두산이다. 백두산 정상부에는 분화구가 함몰되어 형성된 칼데라호인 천지가 있다. 따라서 (나)에 대한 설명으로 옳은 것은 C이다.

### ANSWER
C"
CSAT_geography_20_2,CSAT_geography_20_2,Geography,0,D,D,"### ANSWER
D"
CSAT_geography_21_2,CSAT_geography_21_2,Geography,0,B,B,"### ANSWER
B"
CSAT_geography_22_2,CSAT_geography_22_2,Geography,0,D,E,"### ANSWER
E"
CSAT_geography_22_3,CSAT_geography_22_3,Geography,0,C,C,"ㄱ은 제1차 국토종합개발계획(1972~1981)으로 성장 거점 개발과 수출 주도 공업화를 추진했고, ㄴ은 제4차 국토종합계획(2000~2020)으로 세계적 경쟁력 강화와 자연친화적 국토 조성을 목표로 했다. 따라서 ㄱ이 ㄴ보다 시행 시기가 이르다. KTX 개통은 2004년, 개발제한구역 최초 지정은 1971년으로 각각 해당 시기와 맞지 않으며, 수도권 인구 집중률은 시간이 지날수록 높아졌다. 그러므로 옳은 것은 C이다.

### ANSWER
C"
Kedu_tradition_55,Kedu_tradition_55,Tradition,0,D,D,"### ANSWER
D"
Kedu_tradition_56,Kedu_tradition_56,Tradition,0,A,A,"철릭은 상의와 하의를 따로 만들어 허리에서 연결한 전통 의복으로, 주로 무관이 공복으로 착용하였다. 장옷은 여성의 외출용 겉옷, 배자는 조끼형 옷, 활옷은 혼례복이므로 정답은 철릭이다.

### ANSWER
A"
Kedu_tradition_57,Kedu_tradition_57,Tradition,0,D,D,"윷놀이에서 도는 돼지, 개는 개, 걸은 양, 윷은 소, 모는 말로 불리며, 걸음 수는 각각 1, 2, 3, 4, 5보입니다. 따라서 D의 “윷은 말, 모는 코끼리”라는 설명은 사실과 다릅니다. 나머지 A, B, C는 윷놀이에 대한 올바른 설명입니다.

### ANSWER
D"
Kedu_tradition_58,Kedu_tradition_58,Tradition,0,B,B,"설문대 할망 신화, 삼성신화, 천지왕 신화는 모두 제주도 신화의 내용으로 옳다. 자청비는 제주 농경신 중 중세경에 해당하므로 상세경이라는 설명은 옳지 않다.

### ANSWER
B"
Kedu_tradition_59,Kedu_tradition_59,Tradition,0,B,B,"### ANSWER
B"
Kedu_tradition_60,Kedu_tradition_60,Tradition,0,D,D,"The traditional functions of a Korean mudang include divination (예언), healing (治病), and ritual performances that often serve communal entertainment (娛樂). However, judicial functions (司法) are not traditionally associated with mudang in Korean culture. Therefore, the correct answer is D.

### ANSWER
D"
Kedu_tradition_61,Kedu_tradition_61,Tradition,0,A,A,"진양조는 판소리 장단 중 가장 느린 장단으로, 슬프고 처절한 장면에서 쓰인다. <춘향가>의 '옥중가'는 춘향이 옥에 갇혀 한탄하는 대목으로 진양조로 불린다. 동편제는 섬진강 동쪽에서 전승되었지만 장단이 느리고 발림이 풍부한 것은 서편제의 특징이다. 고수는 발림이 아니라 추임새와 장단을 맡는다. 창자의 몸짓 흉내는 '아니리'가 아니라 '발림'이다. 따라서 옳은 것은 A이다.

### ANSWER
A"
CSAT_korean_07_6,CSAT_korean_07_6,Functional,0,C,C,"<보기>는 배낭 꾸리기에서 목적지와 일정 고려, 무게 제한, 무게 분산, 물건 배치 원리를 제시한다. 이를 학습에 적용하면 목표와 시간을 고려한 학습 내용 선정(E), 과도한 학습량 지양(B), 부담을 줄이기 위한 분산 학습(A), 어렵고 쉬운 공부의 안배(D)를 이끌어 낼 수 있다. 그러나 여러 학습 방법을 비교하여 최선의 방법을 찾는 내용은 보기에 나타나 있지 않다. 따라서 C가 적절하지 않다.

### ANSWER
C"
Kedu_Society_7,Kedu_Society_7,Society,0,B,B,"1960년대 이후 산업화는 농촌 인구 감소, 도시 인구 증가, 농어업 종사자 비율 하락, 소비 구조 변화 등을 가져왔다. 그러나 대기업과 중소기업 간의 양극화는 완화되기보다 오히려 심화되는 경향이 있었다.

### ANSWER
B"
Kedu_Society_8,Kedu_Society_8,Society,0,D,D,"한국의 베이비붐 세대는 한국전쟁 이후 출산율이 높았던 시기에 태어나 인구가 많았고, 이로 인해 교육과 취업 등에서 치열한 경쟁을 경험한 세대이다. 따라서 D가 옳다.

### ANSWER
D"
Kedu_Society_9,Kedu_Society_9,Society,0,A,A,"스마트폰 보급과 인터넷 사용 증가는 쌍방향 소통 활성화, 재택근무 증가, 외국과의 접촉 증가 등 정보화 사회의 긍정적 현상과 관련이 깊다. 환경오염 심화는 주로 산업화나 에너지 소비 증가와 관련되며, 스마트폰·인터넷 사용 증가의 직접적 결과로 보기 어렵다.

### ANSWER
A"
Kedu_Society_10,Kedu_Society_10,Society,0,C,C,"서울은 1394년 조선 태조 때 한양으로 도읍을 정했으므로, 정도 600년이 되는 해는 1994년이다. 따라서 1992년이라고 한 설명은 옳지 않다. 경성에서 서울로 개칭된 것은 1945년, 지하철 최초 개통은 1974년, 2013년 기준 자치구 25개는 모두 맞는 설명이다.

### ANSWER
C"
Kedu_Society_11,Kedu_Society_11,Society,0,D,D,"남도 갯길은 전라남도 해안선을 따라 조성된 걷기 여행길로, 관광 상품으로 개발된 대표적인 길이다. DMZ를 주제로 한 길은 ‘DMZ 평화의 길’이며, 지리산을 주제로 한 길은 ‘지리산 둘레길’이다. 백두대간과 동해를 잇는 길은 ‘백두대간 트레일’ 등으로 불린다. 따라서 옳은 것은 D이다.

### ANSWER
D"
Kedu_Society_12,Kedu_Society_12,Society,0,D,C,"기초노령연금법은 2007년에 제정되어 2008년부터 시행되었지만, 2014년에 기초연금법으로 대체되어 현재는 시행되고 있지 않습니다. 따라서 “현재 시행되고 있다”는 C의 내용은 옳지 않습니다. A와 B는 고령화로 인한 사회·재정적 문제로 타당하며, D는 고령화의 일반적 영향에 해당합니다. 그러므로 정답은 C입니다.

### ANSWER
C"
Kedu_Society_13,Kedu_Society_13,Society,0,A,A,"태극기의 네 괘는 건(乾), 곤(坤), 감(坎), 리(離)이며 각각 하늘, 땅, 물, 불을 상징합니다. 따라서 건-곤-감-리 순서에 맞는 의미는 하늘-땅-물-불입니다. 보기 중 A가 정확한 순서입니다.

### ANSWER
A"
Kedu_Society_14,Kedu_Society_14,Society,0,D,D,"The question asks which option is least related to the causes of low birth rate in Korea. Individualism, excessive child-rearing costs, and the increase in dual-income couples are widely recognized factors contributing to low fertility. In contrast, the introduction of remote work is generally viewed as a supportive policy that could help work-life balance rather than a cause of low birth rates.

### ANSWER
D"
TK_2017_20,TK_2017_20,Textual,0,D,D,"빈칸은 청소년들이 학교생활을 소홀히 하면서도 연예인을 무조건 쫓아다니는 모습을 부정적으로 보는 이유를 나타낸다. ‘앞뒤를 가리지 않고’는 생각이나 상황을 살피지 않고 무조건 행동함을 뜻하므로 문맥에 맞다. ‘앞뒤를 재고’는 신중히 생각한다는 뜻이라 반대이고, ‘발을 빼지 않고’나 ‘발걸음을 맞추고’는 의미가 자연스럽지 않다. 따라서 정답은 D이다.

### ANSWER
D"
TK_2017_21,TK_2017_21,Textual,0,D,D,"이 글은 연예인을 좋아하는 청소년을 부정적으로 보는 시각을 반박하고, 그 활동이 친구 관계 형성이나 스트레스 해소에 도움이 될 수 있음을 설명한다. 따라서 청소년을 무조건 나쁘게 보지 말고 이해하려는 태도가 필요하다는 것이 중심 생각이다.

### ANSWER
D"
TK_2017_22,TK_2017_22,Textual,0,C,C,"아버지의 손등 상처를 보고서야 아버지도 다치셨다는 것을 알게 되었고, 자신의 상처는 돌보지 않으신 아버지께 화를 낸 것이 미안하고 후회스럽다.

### ANSWER
C"
TK_2017_23,TK_2017_23,Textual,0,B,B,B
TK_2017_24,TK_2017_24,Textual,0,A,A,"이 제목은 소비 심리가 회복되는 것을 ‘봄바람’에 비유하고, 백화점 매출이 점차 살아나는 것을 ‘기지개’로 표현한 것입니다. 즉, 소비자들의 구매 의욕이 되살아나면서 백화점 매출이 증가하고 있다는 뜻입니다. 날씨나 행사, 매출 전략에 대한 언급은 제목에 없으므로 A가 가장 적절합니다.

### ANSWER
A"
TK_2017_25,TK_2017_25,Textual,0,C,C,"연휴 마지막 날 고속도로에 차량이 몰려 심한 정체가 빚어졌다는 기사 제목이다. 보기 C는 연휴가 끝나는 날 고속도로에 차들이 몰려 길이 막혔다는 내용으로 제목과 가장 잘 부합한다. A는 교통사고, B는 공사, D는 도로 확장에 관한 내용으로 제목에 나타나지 않았다. 따라서 정답은 C이다.

### ANSWER
C"
TK_2017_26,TK_2017_26,Textual,0,D,D,"### ANSWER
D"
TK_2017_27,TK_2017_27,Textual,0,C,C,"손톱 주변을 자극하는 활동을 하면 세포 활동이 활발해져 손톱이 더 빨리 자란다는 내용입니다. 컴퓨터나 휴대전화 자판을 누르는 행동이 손가락 끝을 자극하는 예로 제시되었습니다.

### ANSWER
C"
PSE_history_15_12,PSE_history_15_12,History,0,D,D,"자료는 조선 후기 포구 상업의 발달을 보여 주며, 이 시기에는 강경·원산 등이 상업 중심지로 성장하고 객주·여각이 활발히 활동하였다. 그러나 삼한통보는 고려 시대의 화폐로, 조선 후기에는 상평통보가 유통되었다. 따라서 옳지 않은 것은 D이다.

### ANSWER
D"
PSE_history_15_13,PSE_history_15_13,History,0,D,D,"### ANSWER
D"
PSE_history_15_14,PSE_history_15_14,History,0,B,B,B
PSE_history_15_15,PSE_history_15_15,History,0,B,B,"농사직설은 조선 세종 때 정초 등이 왕명을 받아 우리나라의 실제 농사 경험을 바탕으로 편찬한 농서이다. 농가집성은 이암이 원에서 들여온 농상집요와 관련이 있으며, 산림경제는 홍만선이 저술한 책이다. 과농소초는 박지원이 저술한 농서이므로 설명이 옳은 것은 B이다.

### ANSWER
B"
PSE_history_15_16,PSE_history_15_16,History,0,D,D,"이 기록은 영조 때 시행된 균역법에 관한 내용으로, 양역의 부담을 1필로 줄여 백성의 부담을 완화하려 한 정책이다. 영조는 붕당 간의 대립을 완화하기 위해 여러 당파의 인재를 고루 등용하는 탕평책을 추진하였다. 따라서 이 왕대의 정치 변화는 탕평책과 관련이 깊다.

### ANSWER
D"
PSE_history_15_17,PSE_history_15_17,History,0,A,A,"The passage describes the middle class (중인) of Joseon, who were originally scholar-officials but became hereditary technical officials such as medical officers and interpreters. This group collectively petitioned to be allowed into high-ranking government posts (청요직 허통). Therefore, the correct activity is A.

### ANSWER
A"
PSE_history_15_18,PSE_history_15_18,History,0,C,C,"(가)는 1941년 대한민국 건국 강령, (나)는 1945년 10월 독립촉성중앙협의회 발족, (라)는 1948년 제헌 헌법 제정이다. 따라서 (다)는 1945년 말에서 1948년 사이의 사건이어야 한다. 조선건국준비위원회는 1945년 8월 15일 직후 조직되어 (나)보다 앞선 시기의 사건이므로 (다)에 들어갈 수 없다.

### ANSWER
C"
PSE_history_16_1,PSE_history_16_1,History,0,C,C,"(가)는 고려 인종 때 김부식이 편찬한 《삼국사기》이고, (나)는 충렬왕 때 일연이 저술한 《삼국유사》이다. 《삼국유사》는 단군 신화와 민간 설화, 불교 이야기를 담아 민족적 자주의식을 고양한 역사서이다. 따라서 (나)에 대한 설명으로 옳은 것은 ‘민족적 자주의식을 고양하였다’이다.

### ANSWER
C"
CSAT_geography_22_4,CSAT_geography_22_4,Geography,0,C,C,"석회 동굴 주변은 석회암 지대라 물이 잘 빠져 밭농사에 유리하므로 A는 틀렸다. 돌리네는 석회암 풍화토가 나타나므로 현무암 풍화토라는 B는 틀렸다. 주상절리는 용암이 냉각되며 수축해 형성된 다각형 절리이므로 C가 옳다. 거문오름은 칼데라가 아닌 화산체이므로 D는 틀렸고, 석회암과 화산 쇄설물은 투수성이 높아 지표수가 잘 형성되지 않으므로 E도 틀렸다.

### ANSWER
C"
KIIP_geography_1,KIIP_geography_1,Geography,0,C,C,"Korea has four distinct seasons: spring, summer, autumn, and winter. This is a well-known characteristic of the Korean climate.

### ANSWER
C"
KIIP_geography_2,KIIP_geography_2,Geography,0,B,B,"### ANSWER
B"
KIIP_geography_3,KIIP_geography_3,Geography,0,B,B,"황사는 미세먼지로 인한 대기 오염 현상으로, 호흡기 건강에 해롭다. 따라서 외출을 삼가거나 마스크를 착용하고, 집에서는 창문을 닫아 실내 유입을 막는 것이 올바른 대비책이다. 우산을 쓰는 것은 비를 막는 도구일 뿐 황사 입자를 차단하지 못하므로 적절하지 않다. 그러므로 정답은 B이다.

### ANSWER
B"
KIIP_geography_4,KIIP_geography_4,Geography,0,D,D,"Korea's summer is characterized by a hot and humid climate with heavy rainfall due to the East Asian monsoon. This matches the description of being muggy and receiving a lot of rain. The other options describe winter or dry conditions, which are not typical of Korean summers.

### ANSWER
D"
KIIP_geography_5,KIIP_geography_5,Geography,0,C,C,"한국의 가을은 이동성 고기압의 영향으로 맑고 건조한 날씨가 나타나는 것이 특징입니다. 따라서 ""건조하고 화창하다""가 정답입니다.

### ANSWER
C"
KIIP_geography_6,KIIP_geography_6,Geography,0,D,D,"늦은 가을은 나뭇잎이 떨어지는 계절로, 한국 거리에서 낙엽을 쉽게 볼 수 있다. 눈은 겨울, 꽃은 봄에 주로 볼 수 있고, 비는 계절과 관계없이 내릴 수 있다. 따라서 정답은 낙엽이다.

### ANSWER
D"
KIIP_geography_7,KIIP_geography_7,Geography,0,C,C,"### ANSWER
C"
KIIP_society_65,KIIP_society_65,Society,0,D,B,"### ANSWER
B"
KIIP_society_66,KIIP_society_66,Society,0,A,A,"In Korean culture, a wife typically addresses her husband's parents using the respectful terms ""아버님"" and ""어머님."" The terms ""장인어른"" and ""장모님"" refer to the wife's own parents from the husband's perspective. ""아빠, 엄마"" are informal terms used by children, while ""할아버지, 할머니"" mean grandfather and grandmother. Thus, the correct answer is A.

### ANSWER
A"
KIIP_society_67,KIIP_society_67,Society,0,B,B,"### ANSWER
B"
KIIP_society_68,KIIP_society_68,Society,0,C,C,"In Korean kinship terms, a wife calls her husband's older brother ""아주버님"" and her husband's younger brother ""서방님"" (or ""도련님"" if unmarried). Since the question specifies the husband's younger brother is married, the correct term is ""서방님"". ""아드님"" means son, and ""형님"" refers to an older sister-in-law or older brother-in-law in different contexts.

### ANSWER
C"
KIIP_society_69,KIIP_society_69,Society,0,C,D,"### ANSWER
D"
KIIP_society_70,KIIP_society_70,Society,0,A,A,"한국에서는 가족과 친척 사이의 관계를 촌수로 표시합니다. 촌수는 부모와 자식 사이를 1촌으로 하여 관계의远近을 나타내는 단위입니다. 따라서 가족과 친척 관계를 나타내는 방법은 촌수입니다.

### ANSWER
A"
KIIP_society_71,KIIP_society_71,Society,0,A,A,"### ANSWER
A"
KIIP_society_72,KIIP_society_72,Society,0,C,C,"### ANSWER
C"
TK_2017_28,TK_2017_28,Textual,0,B,B,"The passage states that roots, stems, and leaves symbolize ancestors, parents, and descendants, showing that a family is formed through the connection of generations. This directly matches the idea of linking ancestors and descendants.

### ANSWER
B"
TK_2017_29,TK_2017_29,Textual,0,C,C,"전자레인지는 물 분자의 진동으로 열을 발생시키므로, 물 분자가 움직여야 가열된다. 얼음은 물 분자가 고정되어 움직이지 못하기 때문에 전자파가 닿아도 진동하지 않아 녹지 않는다. 따라서 빈칸에 가장 알맞은 것은 '움직이지 못하기'이다.

### ANSWER
C"
TK_2017_30,TK_2017_30,Textual,0,D,D,"대기업들이 계열사를 분리하고 최종 결정 권한을 각 회사에 넘기는 이유는 복잡한 결재 절차를 줄여 시장 변화에 빠르게 대응하기 위해서입니다. 따라서 ( )에 들어갈 내용은 의사 결정 단계를 단순화하려는 것입니다.

### ANSWER
D"
TK_2017_31,TK_2017_31,Textual,0,A,A,"점묘법은 점을 찍어 색을 표현하며, 멀리서 보면 색이 섞여 보인다. 지문에서 이 기법으로 표현한 색은 더 맑고 부드러운 느낌을 준다고 했다. 따라서 '이 기법으로 그림을 그리면 그림이 부드럽게 느껴진다'는 내용이 지문과 일치한다. 나머지 보기는 지문의 내용과 다르다.

### ANSWER
A"
TK_2017_32,TK_2017_32,Textual,0,C,C,"지표 생물에 대한 설명에서 나팔꽃은 대기 오염을, 물고기는 수질 오염을 나타낸다고 했다. 특히 은어는 1급수, 미꾸라지는 3급수에서 산다고 하여 물고기의 종류로 물의 오염 정도를 알 수 있다고 했다. 따라서 물속에 사는 물고기의 종류로 물이 오염되었는지 파악할 수 있다는 내용이 같다.

### ANSWER
C"
TK_2017_33,TK_2017_33,Textual,0,D,D,"The context explains that the service lets medical institutions check patients' prescription histories online before prescribing, in order to prevent side effects from incompatible or duplicate medications. This directly corresponds to preventing inappropriate prescriptions. The other options misstate who uses the service, when it is available, or introduce unrelated claims about remote prescriptions.

### ANSWER
D"
TK_2017_34,TK_2017_34,Textual,0,D,D,D
TK_2017_35,TK_2017_35,Textual,0,B,B,"The passage focuses on the qualities required of the leader bird in a migratory flock, specifically experience and quick judgment. It does not primarily discuss speed, flocking for safety, or how to become leader. Therefore, the main topic is the leader's necessary abilities.

### ANSWER
B"
PSE_history_16_2,PSE_history_16_2,History,0,D,D,"공민왕은 즉위 후 정방을 폐지하고 사림원을 설치하는 관제 개혁을 추진하였으며, 권문세족의 농장을 견제하고 소금 전매제를 실시하여 재정을 확충하고자 하였다. 또한 기철 등 부원 세력을 숙청하고 자주적 반원 개혁을 추진한 인물이다. 따라서 ‘그’는 공민왕이며, 이를 설명한 것은 D이다.

### ANSWER
D"
PSE_history_16_3,PSE_history_16_3,History,0,C,A,"사료는 과거 사실 그 자체가 아니라 역사가에 의해 선택·기록된 주관적 산물이므로, 이를 곧 객관적 ‘사실로서의 역사’로 단정하는 것은 옳지 않다. 따라서 A가 옳지 않은 태도이다.

### ANSWER
A"
PSE_history_16_4,PSE_history_16_4,History,0,C,A,"해당 결정문은 1945년 12월 모스크바 3국 외무장관 회의에서 채택된 내용으로, 한반도에 임시 민주주의 정부를 수립하기 위해 미·소 공동위원회를 개최하기로 한 데 근거가 된다. 따라서 이 결정에 따라 실행된 사실은 미·소 공동위원회의 개최이다. 건국준비위원회는 해방 직후 조직되었고, 유엔 감시 총선거와 군정 시작은 이후의 과정이므로 해당 결정문과 직접 연결되지 않는다.

### ANSWER
A"
PSE_history_16_5,PSE_history_16_5,History,0,B,B,"이 사건은 1884년 개화당이 일본 공사관의 지원을 받아 경복궁을 점령하고 개혁 정부를 수립하려 한 갑신정변이다. 개화당은 일본군과 함께 경복궁에 침입하여 수구파 대신들을 제거하였다. 이후 청군의 개입으로 정변은 3일 만에 실패하였다. 따라서 ‘일본군과 함께 경복궁을 침범하였다’는 설명이 옳다.

### ANSWER
B"
PSE_history_16_6,PSE_history_16_6,History,0,C,A,"1876년 조일통상장정에는 방곡령 규정이 합의된 것이 아니라, 이후 조선 정부가 곡물 유출을 막기 위해 방곡령을 시행했으나 일본의 반발로 철회된 사례가 있었다. 따라서 A의 설명은 옳지 않다. 나머지 B, C, D는 개항기 통상 협약의 내용으로 타당하다.

### ANSWER
A"
PSE_history_16_7,PSE_history_16_7,History,0,D,D,"The passage describes powerful Silla aristocrats who possessed many slaves, private soldiers, and economic dominance through land and grain lending. This corresponds to the true-bone (진골) nobility of Unified Silla, whose wealth was based on land grants such as 식읍 and 전장. Choice A describes the promotion limit for the six-head rank (6두품), not the true-bone class. Therefore, the correct answer is D.

### ANSWER
D"
PSE_history_16_8,PSE_history_16_8,History,0,A,D,"임진왜란의 주요 전투 순서는 한산도 대첩(1592년 7월) → 진주성 방어전(1592년 10월) → 평양성 탈환(1593년 1월) → 행주산성 대첩(1593년 2월)이다. 따라서 ㄹ → ㄷ → ㄴ → ㄱ 순서가 맞다.

### ANSWER
D"
PSE_history_16_9,PSE_history_16_9,History,0,B,B,"이 법은 ‘대동법’이다. 대동법은 광해군 때인 1608년에 경기도에서 처음 시행되었으며, 이후 강원도, 충청도, 전라도 등으로 확대되었다. 따라서 ‘인조 때 처음으로 경기도에서 시행하였다’는 설명은 옳지 않다. 대동법은 토지 결수를 기준으로 공물을 징수하였고, 선혜청을 설치하여 운영하였다. 또한 대동법 시행 후에도 왕실에 대한 진상은 계속되었다.

### ANSWER
B"
PSAT_18_20,PSAT_18_20,Law,0,C,D,"### ANSWER
D"
PSAT_18_21,PSAT_18_21,Law,0,D,D,"감사원은 대통령 소속이나 직무 독립이 인정되고, 감사원장과 감사위원의 임기는 4년이며 1차 중임이 가능하다. 직무감찰은 행정기관과 그 소속 공무원을 대상으로 하므로 국회·법원·헌법재판소 소속 공무원은 대상이 아니다. 적극행정 면책은 중대한 과실이 없는 경우에만 적용되므로, 중대한 과실이 있더라도 책임을 묻지 않는다는 D는 옳지 않다.

### ANSWER
D"
PSAT_18_22,PSAT_18_22,Law,0,C,C,"헌법 제11조 제1항은 차별금지 사유로 성별·종교·사회적 신분을 명시하고 있을 뿐, 인종은 명시하지 않는다. 따라서 인종을 포함한 C는 옳지 않다.

### ANSWER
C"
PSAT_18_23,PSAT_18_23,Law,0,B,A,"### ANSWER
A"
PSAT_18_24,PSAT_18_24,Law,0,A,B,"### ANSWER
B"
PSAT_18_25,PSAT_18_25,Law,0,B,B,"### ANSWER
B"
PSAT_19_1,PSAT_19_1,Law,0,D,D,"조세법률주의는 과세요건과 조세의 부과·징수 절차를 법률로 규정해야 한다는 원칙이다. A, B, C는 판례와 학설에 부합하는 설명이다. 그러나 실효된 법률조항을 유효한 것으로 해석하여 과세의 근거로 삼는 것은 조세법률주의와 권력분립원칙에 반한다. 따라서 D가 옳지 않다.

### ANSWER
D"
PSAT_19_2,PSAT_19_2,Law,0,C,C,"### ANSWER
C"
Kedu_Society_15,Kedu_Society_15,Society,0,B,B,"자이툰 부대는 아프가니스탄이 아니라 이라크에 파견되어 평화 재건 활동을 수행하였다. 따라서 이 설명은 옳지 않다.

### ANSWER
B"
Kedu_Society_16,Kedu_Society_16,Society,0,B,B,"장기체류 외국인의 국적별 비중은 중국 국적자가 가장 높으므로, 미국인이 가장 많다는 설명은 옳지 않다. 안산 외국인 거리, 수도권 집중, 다문화가족지원센터의 한국어교육 수행은 모두 사실에 부합한다. 따라서 정답은 B이다.

### ANSWER
B"
Kedu_Society_17,Kedu_Society_17,Society,0,A,A,"컬러텔레비전 방송은 1980년, SBS는 1990년, 종합 유선 방송은 1995년, 종합편성 채널과 보도전문 채널은 2011년에 시작되었다. 따라서 순서는 ㄱ-ㄴ-ㄷ-ㄹ이다.

### ANSWER
A"
Kedu_Society_18,Kedu_Society_18,Society,0,B,B,B
Kedu_Society_19,Kedu_Society_19,Society,0,C,C,"### ANSWER
C"
Kedu_Society_20,Kedu_Society_20,Society,0,D,D,"### ANSWER
D"
Kedu_Society_21,Kedu_Society_21,Society,0,C,C,"자매는 형제자매 관계로 2촌이므로 1촌이 아니다. 고모는 아버지의 자매로 3촌이다. 종숙(당숙)은 종조부의 아들로, 아버지의 사촌형제를 의미한다. 외삼촌은 어머니의 남자 형제이지 조모의 남자 형제가 아니다. 따라서 옳은 설명은 C이다.

### ANSWER
C"
Kedu_Society_22,Kedu_Society_22,Society,0,D,D,"### ANSWER
D"
Kedu_14_33,Kedu_14_33,Grammar,0,D,D,"하필(何必), 모자(帽子), 하마(河馬), 미안(未安)은 모두 한자어입니다. 동살은 고유어 ‘살’이 포함된 혼종어이고, 울력은 한자어로만 이루어진 단어가 아닙니다. 따라서 한자어만으로 묶인 것은 ㄷ, ㅁ, ㅂ입니다.

### ANSWER
D"
Kedu_14_34,Kedu_14_34,Grammar,0,D,D,"""사령탑""은 원래 군대의 지휘소를 뜻하지만, 여기서는 축구팀을 지휘하는 감독의 역할을 가리키는 의미로 확대되어 사용되었다. 다른 보기들은 단어의 원래 의미 그대로 쓰였다.

### ANSWER
D"
Kedu_14_35,Kedu_14_35,Grammar,0,C,C,"완곡어법은 불쾌한 대상을 부드럽게 돌려 말하는 표현이다. 변소-화장실, 죽다-운명하다, 불구자-장애인은 모두 완곡한 표현으로 같은 대상을 가리키는 동의어 관계이다. 그러나 망하다와 부도나다는 의미 범위가 다르다. 망하다는 일반적으로 ‘망가지다/실패하다’의 뜻으로 쓰이지만, 부도나다는 어음이나 채무를 갚지 못하는 금융적 상황을 가리키는 전문 용어이다. 따라서 완곡어법에 의한 동의어가 아닌 것은 C이다.

### ANSWER
C"
Kedu_14_36,Kedu_14_36,Grammar,0,A,A,"괄호 안의 단어들의 품사를 비교해 보겠습니다. B의 '느린'은 형용사 '느리다'의 관형사형이고, C의 '큰'은 '크다'의 관형사형, D의 '높은'은 '높다'의 관형사형입니다. 이들은 모두 형용사가 활용된 형태로 뒤의 명사를 수식합니다. 그러나 A의 '다른'은 '다르다'의 활용형처럼 보일 수 있지만, 표준국어대사전에서 관형사로 처리되는 별도의 단어입니다. 따라서 '다른'만 품사가 관형사이고 나머지는 형용사의 활용형이므로 정답은 A입니다.

### ANSWER
A"
Kedu_14_37,Kedu_14_37,Grammar,0,D,D,"### ANSWER
D"
Kedu_14_38,Kedu_14_38,Grammar,0,B,B,"""쌀을 안치다""는 솥에 쌀을 넣어 끓이기 시작하는 올바른 표현이고, ""자리에 앉히다""는 앉게 하다는 뜻의 사동 표현으로 옳다. A는 '흥정을 붙이다', '힘이 붙다'가 맞고, C는 '우산을 받치다'가 맞으며, D는 '구름이 걷히다', '대구를 걷어 오다'가 맞다. 따라서 B가 옳다.

### ANSWER
B"
Kedu_14_39,Kedu_14_39,Grammar,0,B,B,"### ANSWER
B"
Kedu_14_41,Kedu_14_41,Grammar,0,B,B,"""머리를 감다""와 ""장갑을 끼다""는 각각 '머리를 씻다', '장갑을 손에 끼우다'라는 의미가 그대로 결합된 연어(연어적 결합)입니다. 반면 다른 보기들은 관용적 의미를 지닌 표현들이 포함되어 있습니다. 따라서 연어로만 묶인 것은 B입니다.

### ANSWER
B"
CSAT_korean_07_7,CSAT_korean_07_7,Functional,0,C,C,"The writing plan focuses on establishing systematic children's health promotion as a future growth engine, emphasizing future socioeconomic value and comprehensive system building. Surveying parents' preferences for childcare institutions does not directly support the argument about children's health's impact on future society, making it irrelevant to the topic and strategy.

### ANSWER
C"
CSAT_korean_07_8,CSAT_korean_07_8,Functional,0,D,D,"D는 비유적 표현(“수호신이 되었습니다”), 역사적 사실(의병들의 흔적), 완곡한 권유(“일러 주지 않으시렵니까?”)를 모두 포함합니다. 다른 선택지는 비유나 역사적 사실, 완곡한 권유 중 빠진 조건이 있습니다.

### ANSWER
D"
CSAT_korean_07_9,CSAT_korean_07_9,Functional,0,B,B,"글감 ㄱ과 ㄴ은 선진국과 우리나라의 평가 주체 차이를 보여 주고, ㄷ은 왜곡된 평가 결과 사례로, 모두 환경 영향 평가의 객관성 부족이라는 제도상 문제를 뒷받침한다. 따라서 ‘Ⅱ-2-가’에 ‘환경 영향 평가의 객관성 부족’이라는 하위 항목을 설정하는 것이 가장 적절하다.

### ANSWER
B"
CSAT_korean_07_10,CSAT_korean_07_10,Functional,0,B,B,"(ㄴ)은 ‘환경오염이 심각해지고 자연 생태계가 파괴됨에 따라’처럼 연결되는 구조가 자연스러우며, ‘자연 생태계의 파괴’로 바꾸면 앞의 ‘-고’와 연결 관계가 어색해진다. 따라서 이 의견은 적절하지 않다.

### ANSWER
B"
CSAT_korean_06_6,CSAT_korean_06_6,Functional,0,A,A,"The professor specifically mentioned ""말 잇기"" (word chaining) as a key feature of the traditional song just played. Choice A follows the same chain structure, with each line connecting to the next word: 등 굽어 → 길마 → 네 구멍 → 시루 → 검지. The other choices do not show this sequential word-linking pattern. Therefore, the next song should be A.

### ANSWER
A"
CSAT_korean_06_7,CSAT_korean_06_7,Functional,0,B,B,"손전등을 꽃에 가까이하면 그림자가 커지는 것은 타인과 가까워질수록 그 의미가 더 커짐을 나타내야지, ""객관화된다""는 해석은 그림자의 크기와 논리적으로 맞지 않는다. 따라서 B가 적절하지 않다.

### ANSWER
B"
CSAT_korean_06_8,CSAT_korean_06_8,Functional,0,C,C,"건의문의 목적은 자전거 전용 도로 설치를 요청하는 것이므로, 내용 선정은 도로 설치의 필요성과 효과에 초점을 맞추어야 합니다. 자전거 분실 문제나 안전 교육 문제는 자전거 전용 도로 설치와 직접적인 관련이 낮은 별개의 사안입니다. 따라서 이를 개선 사항으로 제시한 것은 건의문의 목적에 부합하지 않습니다. 나머지 전략, 자료 수집, 기대 효과, 표현 계획은 모두 건의문 작성 계획으로 적절합니다.

### ANSWER
C"
CSAT_korean_09_6,CSAT_korean_09_6,Functional,0,B,E,"### ANSWER
E"
KIIP_geography_8,KIIP_geography_8,Geography,0,B,B,"In Korea, winter preparation traditionally includes kimjang, the process of making and storing kimchi for the cold season. This practice is most associated with the start of winter, as households prepare large quantities of kimchi to last through the months. The other options correspond to different seasons or activities. Therefore, the correct choice is B.

### ANSWER
B"
KIIP_geography_9,KIIP_geography_9,Geography,0,C,C,"가을은 단풍이 드는 계절로, 한국인들은 산이나 공원에서 단풍을 감상하는 단풍놀이를 즐깁니다. 벚꽃놀이는 봄, 물놀이는 여름, 스키는 겨울의 대표적인 활동입니다. 따라서 가을에 해당하는 활동은 단풍놀이입니다.

### ANSWER
C"
KIIP_geography_10,KIIP_geography_10,Geography,0,A,A,"여름철에는 더위를 식히기 위한 상품이 주로 판매됩니다. 에어컨과 선풍기는 대표적인 냉방 기기이고, 냉면은 차가운 음식으로 여름에 인기가 많습니다. 전기장판과 온풍기는 겨울용품이며, 단풍놀이용품은 가을, 봄꽃놀이용품은 봄에 해당합니다. 따라서 여름에 주로 판매되는 상품은 A입니다.

### ANSWER
A"
KIIP_geography_11,KIIP_geography_11,Geography,0,B,B,"겨울철에는 난방용품의 수요가 높아지므로 전기장판과 온풍기가 주로 판매됩니다. 에어컨, 선풍기, 냉면은 여름철 상품이고, 단풍놀이용품은 가을, 봄꽃놀이용품은 봄에 해당합니다. 따라서 겨울에 가장 적합한 선택지는 B입니다.

### ANSWER
B"
KIIP_geography_12,KIIP_geography_12,Geography,0,B,B,"산경표는 조선 후기 실학자 신경준이 편찬한 대표적인 지리서로, 한반도의 산맥 체계를 정리한 책입니다. 영조 때 편찬되었지만 편찬자는 영조가 아니라 신경준입니다. 백두대간은 산경표에서 강조된 산줄기 개념이지 편찬자가 아닙니다. 조선은 시대를 나타내는 말로 편찬자와 무관합니다. 따라서 정답은 B입니다.

### ANSWER
B"
KIIP_geography_13,KIIP_geography_13,Geography,0,A,A,"### ANSWER
A"
KIIP_geography_14,KIIP_geography_14,Geography,0,A,A,"한국의 지형은 대체로 동쪽이 높고 서쪽이 낮은 특징을 보인다. 동쪽에는 태백산맥 등 높은 산지가 발달하고, 서쪽으로 갈수록 낮은 구릉과 평야가 나타난다. 따라서 한국의 지형 특성을 가장 잘 설명한 것은 동고서저이다.

### ANSWER
A"
KIIP_geography_15,KIIP_geography_15,Geography,0,B,B,"### ANSWER
B"
KIIP_society_73,KIIP_society_73,Society,0,D,D,"### ANSWER
D"
KIIP_society_74,KIIP_society_74,Society,0,B,B,"남편이나 아내의 형제자매에게서 태어난 아이들은 서로 사촌 관계에 해당한다. 따라서 정답은 사촌이다.

### ANSWER
B"
KIIP_society_75,KIIP_society_75,Society,0,C,C,"아내의 남자 형제는 내 아이에게 외삼촌이 되며, 외삼촌의 자녀는 내 아이와 외사촌 관계입니다. 친사촌은 아버지 형제의 자녀, 고종사촌은 고모의 자녀, 이종사촌은 이모의 자녀를 가리킵니다. 따라서 정답은 외사촌입니다.

### ANSWER
C"
KIIP_society_76,KIIP_society_76,Society,0,B,B,"### ANSWER
B"
KIIP_society_77,KIIP_society_77,Society,0,B,B,"In South Korea, the typical mandatory retirement age at most workplaces is between 55 and 60, especially with the legal retirement age set at 60 for many companies during the 2010s. While some workers leave their main jobs earlier, the question asks about most people retiring from the workplace, which aligns with the 55–60 range.

### ANSWER
B"
KIIP_society_78,KIIP_society_78,Society,0,C,C,"### ANSWER
C"
KIIP_society_79,KIIP_society_79,Society,0,A,C,"### ANSWER
C"
KIIP_society_80,KIIP_society_80,Society,0,A,A,"20세기 초반에 비해 한국에서는 여성의 사회 진출이 크게 늘어나면서 여성의 경제활동 참가율이 높아졌고, 그 결과 남성과의 경제활동 비율 격차가 줄어들었다. 남성의 사회 진출 감소나 인구수 증가, 경제활동 자체의 감소는 격차 축소의 직접적인 원인으로 보기 어렵다. 따라서 가장 적절한 선택지는 A이다.

### ANSWER
A"
Kedu_Society_23,Kedu_Society_23,Society,0,B,B,"### ANSWER
B"
Kedu_Society_24,Kedu_Society_24,Society,0,C,C,"유교적 전통은 혈통과 신분을 중시하며 동성동본 혼인을 금기시하는 등 다른 계층이나 민족과의 결혼을 오히려 배타적으로 대하는 경향이 있었다. 따라서 한국인들이 오래 전부터 다른 계층·민족과의 결혼을 쉽게 받아들였다는 설명은 사실과 다르다. 나머지 보기는 다문화 가족과 한국 사회의 변화에 관한 옳은 설명이다.

### ANSWER
C"
Kedu_Society_25,Kedu_Society_25,Society,0,C,C,"2002 한일 월드컵 당시 길거리 응원은 한국에서 자생적으로 크게 확산된 문화였지, 서양에서 시작된 응원 문화가 수입된 것이 아니다. 따라서 C는 옳지 않은 설명이다. 나머지 A, B, D는 한국 응원 문화의 지속성, 집단적 격려 기능, 인터넷 매체 발달에 따른 조직화를 올바르게 서술하고 있다.

### ANSWER
C"
KIIP_tradition_1,KIIP_tradition_1,Tradition,0,C,C,"### ANSWER
C"
KIIP_tradition_2,KIIP_tradition_2,Tradition,0,C,C,"조선시대 남성의 외출복으로는 두루마기가 대표적이다. 두루마기는 저고리 위에 입는 겉옷으로, 공식적인 자리나 외출 시 착용하였다. 치마는 여성용, 장옷은 여성의 외출용 옷이므로 남자와 관련이 없다.

### ANSWER
C"
KIIP_tradition_3,KIIP_tradition_3,Tradition,0,D,D,"### ANSWER
D"
KIIP_tradition_4,KIIP_tradition_4,Tradition,0,C,C,"조선시대 한복을 입을 때 남녀 모두 발에는 버선을 신었습니다. 버선은 한복과 함께 착용하는 전통적인 양말로, 신발은 그 위에 신었습니다. 따라서 정답은 버선입니다.

### ANSWER
C"
KIIP_tradition_5,KIIP_tradition_5,Tradition,0,A,A,A
TK_2017_36,TK_2017_36,Textual,0,C,C,"The passage emphasizes that boredom is often dismissed as trivial, but it can cause serious problems like deviant behavior and depression. Thus, the main point is that we should recognize the seriousness of boredom rather than overlook it. This aligns with option C.

### ANSWER
C"
TK_2017_37,TK_2017_37,Textual,0,A,A,"The passage emphasizes that a sincere apology requires taking responsibility for the consequences of one's actions, regardless of whether the intention was good or bad. This directly matches the idea that true apology is about accepting responsibility for the outcome. Therefore, the best choice is A.

### ANSWER
A"
TK_2017_38,TK_2017_38,Textual,0,D,D,"보기는 “악취에 동일한 양의 다른 냄새들을 더해 악취를 느끼지 못하게 하는 것이 목표이다”라는 내용으로, 바로 앞 문장에서 언급한 ‘악취를 없애는 기술’의 구체적인 목표를 설명한다. 따라서 “여기에서 착안해 악취를 없애는 기술을 연구하고 있다” 다음인 ㉣에 들어가는 것이 가장 자연스럽다. 그 뒤의 “이 기술이 개발되면”이라는 문장도 이어지는 흐름이 매끄럽다.

### ANSWER
D"
TK_2017_39,TK_2017_39,Textual,0,D,D,D
TK_2017_40,TK_2017_40,Textual,0,C,C,"<보기>의 문장은 산업 구조 변화가 일자리 변동성을 키운다는 내용으로, 앞 문장의 ‘산업 구조가 크게 바뀐다’는 진술을 받아 뒤 문장의 ‘그래서’와 자연스럽게 연결됩니다. 따라서 ㉢에 들어가는 것이 가장 적절합니다.

### ANSWER
C"
TK_2017_41,TK_2017_41,Textual,0,C,C,"선생님이 ‘나’의 공부 못하는 서러움을 정확히 이해해 주었고, 그것이 처음 있는 일이라 감동을 받았다. 마음이 흐물흐물해지고 눈물이 날 뻔한 것은 감격스러운 심정을 보여 준다. 따라서 ‘나’의 심정은 감격스럽다.

### ANSWER
C"
TK_2017_42,TK_2017_42,Textual,0,A,A,"The narrator explicitly wants to make a good impression on the new teacher, which matches option A. The passage says the class became the cleanest, so B is incorrect. It also says students did not listen to the previous teacher, so C is incorrect. The teacher understood the narrator's sadness rather than being angry, so D is incorrect.

### ANSWER
A"
TK_2017_43,TK_2017_43,Textual,0,C,C,"이 글은 보편적 디자인의 개념과 등장 배경을 설명하며, 성별·연령·장애 유무와 관계없이 모든 사람이 편리하게 이용할 수 있도록 다양한 계층을 고려하는 디자인임을 강조한다. 저상 버스 사례가 이를 뒷받침한다. 따라서 주제는 보편적 디자인이 사회 여러 계층을 고려한 디자인이라는 것이다.

### ANSWER
C"
KIIP_geography_16,KIIP_geography_16,Geography,0,B,B,"### ANSWER
B"
KIIP_geography_17,KIIP_geography_17,Geography,0,A,A,"### ANSWER
A"
KIIP_geography_18,KIIP_geography_18,Geography,0,A,A,"The highest mountain in South Korea is Hallasan, a shield volcano located on Jeju Island. Its summit reaches 1,947 meters above sea level, making it the tallest peak in the country. The other provinces listed do not have a mountain higher than Hallasan. Therefore, the correct location is Jeju Island.

### ANSWER
A"
KIIP_geography_19,KIIP_geography_19,Geography,0,D,D,"호남평야, 나주평야, 김포평야는 모두 쌀 생산이 활발한 평야이지만, 강원평야는 강원도 지역으로 산지가 많아 쌀 생산 평야로 꼽히지 않는다.

### ANSWER
D"
KIIP_geography_20,KIIP_geography_20,Geography,0,A,A,"### ANSWER
A"
KIIP_geography_21,KIIP_geography_21,Geography,0,A,A,"한국의 갯벌은 조차가 크고 해안선이 복잡하며 퇴적물이 많은 서해안과 남해안에 주로 발달한다. 동해안은 수심이 깊고 해안이 급경사여서 갯벌이 거의 나타나지 않는다. 따라서 정답은 서해안과 남해안이다.

### ANSWER
A"
KIIP_geography_22,KIIP_geography_22,Geography,0,A,A,"한반도는 동쪽으로 동해, 남쪽으로 남해, 서쪽으로 황해에 접해 있어 다양한 해안 지형이 나타난다. 북쪽은 대륙과 연결되어 바다에 직접 접하지 않는다. 따라서 바다에 접한 방향은 동쪽, 남쪽, 서쪽이다.

### ANSWER
A"
KIIP_geography_23,KIIP_geography_23,Geography,0,A,A,"Seoul, formerly Hanyang, became the capital when the Joseon dynasty was founded in 1392. This was the first time Seoul served as the capital of a unified Korean state. The other dates do not correspond to this event.

### ANSWER
A"
KIIP_society_81,KIIP_society_81,Society,0,C,C,"2010년대 한국에서는 높은 임금과 고용 안정성, 사회적 인식 때문에 많은 사람들이 대기업 취업을 선호했습니다. 중소기업이나 스타트업은 상대적으로 불안정한 고용 환경으로 인식되었고, 외국기업도 선호되지만 대기업만큼 보편적이지는 않았습니다. 따라서 가장 많은 사람들이 원하는 기업 유형은 대기업입니다.

### ANSWER
C"
KIIP_society_82,KIIP_society_82,Society,0,B,B,"1980년대 한국의 공식 노동시장에서는 남성의 경제활동 참가율이 압도적으로 높았고, 여성·어린이·노인의 비중은 상대적으로 낮았다. 따라서 일하는 사람들의 대부분은 남성이었다.

### ANSWER
B"
KIIP_society_83,KIIP_society_83,Society,0,D,D,"초·중·고등학교 진학률은 사실상 전 국민이 진학하므로 성별 차이가 거의 없다. 반면 대학 진학률은 과거에 남성 비율이 더 높았으나 이후 여성의 진학률이 높아지면서 성별 격차가 줄어들었다. 따라서 해당하는 것은 대학 진학률이다.

### ANSWER
D"
KIIP_society_84,KIIP_society_84,Society,0,A,A,"한국 사회에서 맞벌이 부부는 경제 활동 참여 증가와 생활비 부담 등으로 가장 일반적인 부부 유형이 되었다. 전업주부 부부나 모두 일하지 않는 부부는 상대적으로 적은 비중을 차지한다. 따라서 가장 많은 부부 유형은 맞벌이 부부이다.

### ANSWER
A"
KIIP_society_85,KIIP_society_85,Society,0,A,A,"한국 직장문화는 서양 국가들에 비해 개인의 업무 성과나 효율성보다 조직 내 인간관계와 화합을 중시하는 경향이 강합니다. 한국 사회에서는 동료 및 상사와의 원만한 관계가 승진과 업무 수행에 중요한 요소로 작용합니다. 따라서 다른 나라와 비교했을 때 특히 한국 사람들이 직장생활에서 중시하는 것은 인간관계라고 볼 수 있습니다.

### ANSWER
A"
KIIP_society_86,KIIP_society_86,Society,0,A,A,"한국 사회에서 기혼 여성의 경력 단절은 주로 출산과 육아로 인해 발생합니다. 육아 부담이 여성의 노동시장 이탈에 가장 큰 영향을 미치기 때문입니다. 따라서 정답은 A입니다.

### ANSWER
A"
KIIP_society_87,KIIP_society_87,Society,0,A,A,"Women who want to return to work after raising children typically face significant barriers in finding a new job due to career interruptions, outdated skills, and employer biases. The question specifically asks about difficulties these women experience when re-entering the workforce, not about child-rearing or workplace conditions. Therefore, the most direct and accurate answer is that they have difficulty getting re-employed. Thus, option A is the correct choice.

### ANSWER
A"
KIIP_society_88,KIIP_society_88,Society,0,B,A,"### ANSWER
A"
Kedu_14_42,Kedu_14_42,Grammar,0,A,A,"리치의 의미 유형 중에서 화자의 의도에 따라 어순을 바꾸거나 초점과 강조를 통해 전달되는 의미는 주제적 의미(thematic meaning)에 해당합니다.

### ANSWER
A"
Kedu_14_43,Kedu_14_43,Grammar,0,D,D,"열쇠-키는 고유어와 영어 외래어, 목숨-생명은 고유어와 한자어, 목도리-머플러는 고유어와 영어 외래어의 결합입니다. 반면 하루살이와 날파리는 둘 다 고유어로, 어휘가 만들어진 배경이 다른 경우입니다. 따라서 정답은 D입니다.

### ANSWER
D"
Kedu_14_44,Kedu_14_44,Grammar,0,C,C,"‘크다’와 ‘작다’는 등급 반의어로, 판단 기준이 대상에 따라 달라진다. 예를 들어 ‘큰 쥐’와 ‘작은 코끼리’에서 알 수 있듯이 같은 기준이 적용되지 않는다. 따라서 C의 설명은 옳지 않다.

### ANSWER
C"
Kedu_14_45,Kedu_14_45,Grammar,0,B,B,"### ANSWER
B"
Kedu_14_46,Kedu_14_46,Grammar,0,C,C,"ㄱ은 '사과'가 둘 다 한자어, ㄹ은 '비(碑)'가 한자어이므로 제외된다. ㄴ의 '풀', ㄷ의 '재', ㅁ의 '가마'는 각각 모두 고유어 동음어이다.

### ANSWER
C"
Kedu_14_47,Kedu_14_47,Grammar,0,C,C,"The sentence uses ""집에서는"" to contrast home with other places, implying that Cheolsu speaks well at home but not elsewhere. Option C directly captures this contrast. The other options are not implied by the statement.

### ANSWER
C"
Kedu_14_48,Kedu_14_48,Grammar,0,B,B,"Conversational implicatures are characterized by cancellability: the speaker can cancel an implicature by adding further information without contradiction. Conventional implicatures, however, are not cancellable, so option A is incorrect. What is said, or sentence meaning, is also not cancellable, ruling out options C and D. Therefore, the correct statement is that the implicated speaker meaning can be cancelled.

### ANSWER
B"
Kedu_14_49,Kedu_14_49,Grammar,0,A,A,"### ANSWER
A"
KIIP_geography_24,KIIP_geography_24,Geography,0,B,B,"### ANSWER
B"
KIIP_geography_25,KIIP_geography_25,Geography,0,C,C,"### ANSWER
C"
KIIP_geography_26,KIIP_geography_26,Geography,0,D,D,"### ANSWER
D"
KIIP_geography_27,KIIP_geography_27,Geography,0,A,B,"동대문 시장은 대표적인 의류 도매 시장이고, 가락시장은 서울의 대규모 농수산물 도매 시장이다. 다른 선택지들은 전통 시장이나 지역 농수산물 시장에 가깝다.

### ANSWER
B"
KIIP_geography_28,KIIP_geography_28,Geography,0,D,D,D
KIIP_geography_29,KIIP_geography_29,Geography,0,A,A,"수도권은 대한민국의 경제와 교육 중심지로, 많은 기업 본사와 대학교가 집중되어 있습니다. 농장과 목장, 산과 강, 해변과 섬은 수도권의 특징적인 집중 요소가 아닙니다. 따라서 정답은 각종 기업과 학교입니다.

### ANSWER
A"
KIIP_geography_30,KIIP_geography_30,Geography,0,D,D,"인천에는 한국에서 가장 유명한 차이나타운이 있으며, 부산에도 부산역 인근에 차이나타운이 있다. 서울에도 명동 일대에 차이나타운이 존재한다. 반면 광주에는 대표적인 차이나타운이 없다. 따라서 차이나타운이 위치하지 않은 도시는 광주이다.

### ANSWER
D"
KIIP_geography_31,KIIP_geography_31,Geography,0,A,A,"인천 차이나타운은 한국에 정착한 화교(중국계 이주민)들이 모여 살면서 형성된 지역이다. 이곳에는 중국식 건축물, 음식, 명절 풍습 등 화교 고유의 문화와 풍습이 보존되어 있다. 따라서 정답은 A이다.

### ANSWER
A"
CSAT_korean_09_7,CSAT_korean_09_7,Functional,0,D,D,"(ㄹ)은 ‘사회적 관심 제고를 위한 캠페인 실시’로, 장애 요인인 ‘학교 휴식 공간에 대한 사회적 무관심’을 해결하는 방안으로 적절하다. 이를 ‘낙후된 교실 환경에 대한 사회적 관심 촉구’로 바꾸면 주제인 ‘학교 옥외 쉼터 조성’과 무관해진다. 따라서 D가 적절하지 않다.

### ANSWER
D"
CSAT_korean_09_8,CSAT_korean_09_8,Functional,0,D,D,"### ANSWER
D"
CSAT_korean_09_9,CSAT_korean_09_9,Functional,0,E,E,"(ㅁ)의 문장은 ‘간이역은 지난날을 회상하게 한다’가 자연스러운 표현으로, ‘회상한다’로 바꾸면 간이역이 스스로 회상하는 듯한 어색한 문장이 된다. 따라서 주어와의 호응을 고려해 ‘회상한다’로 고치는 방안은 적절하지 않다. 나머지 방안들은 문맥상 타당하다.

### ANSWER
E"
CSAT_korean_09_10,CSAT_korean_09_10,Functional,0,C,C,"의도는 대출 도서를 훼손하지 않도록 하는 것이므로, 책에 낙서하거나 흔적을 남기는 행위를 경계하는 내용이어야 한다. ‘제 몸 곳곳에 늘어나는 상처’는 책이 스스로 말하는 의인화이며, ‘당신의 양심에 새겨지는 낙서’와 대구를 이루어 책 훼손의 문제를 효과적으로 전달한다. 따라서 조건에 가장 부합하는 것은 C이다.

### ANSWER
C"
CSAT_korean_08_6,CSAT_korean_08_6,Functional,0,C,C,"②의 추출한 의미는 ‘위치가 다르면 가치가 달라짐’인데, 연상한 내용은 ‘어느 곳이든 좋은 사람이 있게 마련이다’로 의미와 연결되지 않는다. 나머지 ①, ③, ④는 각각 추출한 의미와 자연스럽게 이어진다. 따라서 적절하지 않은 것은 ②이다.

### ANSWER
C"
CSAT_korean_08_8,CSAT_korean_08_8,Functional,0,D,D,"(ㄹ)은 ‘정책적 차원’의 하위 항목으로 보기에 적절하지 않으며, ‘기업과 소비자의 의식 전환’ 역시 정책적 차원에 해당하지 않으므로 수정 방안으로 적절하지 않다.

### ANSWER
D"
CSAT_korean_08_9,CSAT_korean_08_9,Functional,0,D,D,"(ㄱ)은 ‘방치한’으로 바꾸는 것이 자연스럽고, (ㄴ)은 앞 문장과 자리를 바꾸는 것이 좋다. (ㄷ)은 ‘이를 위해’로 바꾸는 것이 연결에 적절하며, (ㅁ)은 ‘추진할’로 고치는 것이 호응에 맞다. 그러나 (ㄹ)은 ‘밑그림을 그리다’가 자연스러운 표현이고 중복된 내용이 없으므로 ‘밑그림과 채색을 할 것’으로 바꾸는 것은 적절하지 않다.

### ANSWER
D"
CSAT_korean_08_10,CSAT_korean_08_10,Functional,0,E,E,"이 활동은 참여 학생들에게 마을에 대한 자부심과 협동 정신을 심어 준다고 하여 교육적 효과를 드러내고 있습니다. 또한 개선된 생활공간에서 주민들이 활발히 교류하고 문화에 대한 관심을 높이게 된다고 하여 주민들의 생활상 변화를 제시하고 있습니다. 따라서 보기의 두 조건을 모두 충족하는 것은 E입니다.

### ANSWER
E"
PSE_history_16_10,PSE_history_16_10,History,0,C,C,"The passage refers to King Sosurim of Goguryeo, during whose reign Buddhism was officially introduced from Former Qin. King Sosurim also established the Confucian educational institution Taehak in 372. The other options describe events from different kings or periods, such as the compilation of Sinjip, the Jindaebeop relief system, and the transmission of paper and ink to Japan. Therefore, the correct fact about this king is the establishment of Taehak.

### ANSWER
C"
PSE_history_16_11,PSE_history_16_11,History,0,A,D,"### ANSWER
D"
PSE_history_16_12,PSE_history_16_12,History,0,A,C,"자료는 조선 후기에 군역을 회피하고 호적을 위조하여 양반 행세를 하는 등 신분 질서가 흔들리는 사회상을 보여 준다. 이 시기에는 향회가 수령의 부세 자문 기구로 변질되었고, 부농층이 관권과 결탁하여 향임직에 진출하는 현상이 나타났다. 그러나 경재소는 조선 전기에 유향소를 통제하기 위해 설치된 기구로, 조선 후기의 사회 모습과는 맞지 않는다. 따라서 옳지 않은 것은 C이다.

### ANSWER
C"
PSE_history_16_13,PSE_history_16_13,History,0,A,C,"이 인물은 이황이다. 그는 34세에 문과에 급제하였고, 을사사화 이후 관직을 접고 학문에 전념하다가 풍기군수로 재직하며 백운동서원에 사액을 청원하여 소수서원이 되게 하였다. 이황은 주희의 성리설을 계승하여 이기이원론을 바탕으로 이(理)가 기(氣)에 우선하고 주재한다고 보았다. 따라서 이(理)의 절대성을 주장한 선택지가 옳다.

### ANSWER
C"
PSE_history_16_14,PSE_history_16_14,History,0,D,B,"### ANSWER
B"
PSE_history_16_15,PSE_history_16_15,History,0,A,B,"### ANSWER
B"
PSE_history_16_16,PSE_history_16_16,History,0,B,D,"### ANSWER
D"
PSE_history_16_17,PSE_history_16_17,History,0,B,B,"토지조사령은 임시토지조사국을 설치하고 토지대장과 지도를 작성하게 하였으며, 토지 소유자로 하여금 지목·지적·결수·등급 등을 신고하도록 하였다. 임야는 별도의 임야조사령으로 조사되었고, 지세율 1.3%는 지세령의 내용이며, 토지가옥증명규칙은 별도의 규칙으로 공포되었다. 따라서 옳은 설명은 B이다.

### ANSWER
B"
KIIP_tradition_6,KIIP_tradition_6,Tradition,0,B,B,"In traditional Korean culture, kimchi was stored in large earthenware jars (onggi) that were buried in the ground. This method kept the kimchi at a consistent cool temperature during winter, allowing it to ferment slowly and stay fresh. Therefore, the correct answer is B.

### ANSWER
B"
KIIP_tradition_7,KIIP_tradition_7,Tradition,0,A,A,"한국의 전통적인 주식은 쌀로 지은 밥입니다. 반찬과 함께 기본 식사로 제공되며, 빵·면·고기는 주식이 아닙니다.

### ANSWER
A"
KIIP_tradition_8,KIIP_tradition_8,Tradition,0,A,A,"한국의 전형적인 식사는 밥, 국, 그리고 여러 가지 반찬으로 구성됩니다.

### ANSWER
A"
KIIP_tradition_9,KIIP_tradition_9,Tradition,0,A,A,"반찬은 한국 식사에서 곁들여 먹는 작은 접시 요리로, 나물과 김치가 대표적인 반찬이다.

### ANSWER
A"
KIIP_tradition_10,KIIP_tradition_10,Tradition,0,A,A,"김치는 배추나 무를 소금에 절인 후 양념과 함께 발효시킨 전통 발효식품이다. 라면, 떡볶이, 비빔밥은 발효 과정을 거치지 않은 음식이다. 김치는 유산균이 풍부하여 건강에도 좋다. 따라서 한국의 대표적인 발효식품은 김치이다.

### ANSWER
A"
KIIP_tradition_11,KIIP_tradition_11,Tradition,0,A,A,"김장은 겨울 동안 먹을 김치를 미리 담가 두는 한국의 전통 문화로, 기온이 낮아지기 전인 늦가을에 주로 행해진다. 따라서 추운 겨울이 되기 전에 김장을 하는 것이 맞다.

### ANSWER
A"
KIIP_tradition_12,KIIP_tradition_12,Tradition,0,C,C,"### ANSWER
C"
KIIP_tradition_13,KIIP_tradition_13,Tradition,0,A,A,"떡은 한국에서 오랜 역사를 가진 전통 음식으로, 통닭, la갈비, 라면은 현대에 들어온 음식이다. 따라서 정답은 떡이다.

### ANSWER
A"
KIIP_society_89,KIIP_society_89,Society,0,A,A,"편의점은 연중무휴 24시간 운영하는 경우가 많아 명절에도 영업하는 곳이 일반적이다. 도서관은 정기휴관일이나 공휴일에 문을 닫는 경우가 많고, 동사무소는 주말과 공휴일에 휴무한다. 체육관도 운영 시간이 제한적이거나 휴관일이 있을 수 있다. 따라서 명절 등을 제외하고 거의 매일 영업하는 곳은 편의점이다.

### ANSWER
A"
KIIP_society_90,KIIP_society_90,Society,0,B,B,"In Korean workplace culture, addressing colleagues by their job titles (직급) such as 과장, 부장, or 대리 is the most common practice. While 호칭 is a broader term for titles, the specific method used is based on one's position or rank. Names are typically reserved for close peers or after permission, and nicknames are informal. Therefore, the best answer is 직급.

### ANSWER
B"
KIIP_society_91,KIIP_society_91,Society,0,C,C,"In Korean workplaces, close colleagues often use kinship terms like ""형님"" (hyung) or ""언니"" (unnie) or call each other by name to build intimacy, rather than using formal job titles. This reflects a more personal and affectionate workplace culture among peers.

### ANSWER
C"
KIIP_society_92,KIIP_society_92,Society,0,A,A,"한국 직장에서는 동호회나 소모임을 통해 직원들이 함께 취미를 공유하는 문화가 일반적입니다. 업무 토론이나 학문 연구보다는 등산, 운동, 요리 등과 같은 취미생활을 즐기는 모임이 주를 이룹니다. 따라서 가장 적절한 선택지는 취미생활입니다.

### ANSWER
A"
KIIP_society_93,KIIP_society_93,Society,0,C,C,C
KIIP_society_94,KIIP_society_94,Society,0,B,B,"한국에서는 여름 휴가철에 더위를 피하기 위해 바다나 계곡을 찾는 사람들이 많습니다. 해수욕장과 계곡은 대표적인 여름 휴양지로 꼽힙니다. 따라서 가장 적절한 선택지는 해수욕장이나 계곡입니다.

### ANSWER
B"
KIIP_society_95,KIIP_society_95,Society,0,B,B,B
KIIP_society_96,KIIP_society_96,Society,0,B,B,"In South Korea, most offices and public institutions have lunch breaks around noon, typically from 12:00 to 1:00 PM. Therefore, the correct answer is 12시.

### ANSWER
B"
TK_2017_44,TK_2017_44,Textual,0,D,D,"산업혁명 시대에는 대량 생산과 효율성을 중시했기 때문에, 디자인할 때 소수의 예외보다는 다수의 표준에 맞춘 제품을 만들었을 것이다. 그 결과 표준에 속하지 못한 사람들이 불편을 겪었고, 이를 비판하며 보편적 디자인이 등장했다. 따라서 문맥상 ‘표준이라 여기는 다수만을 기준으로 하였다’가 가장 적절하다.

### ANSWER
D"
TK_2017_45,TK_2017_45,Textual,0,A,A,"㉠은 첫 문장에서 보수와 진보의 개념이 경제 분야에서도 사용된다고 한 뒤, 이어서 보수와 진보가 경제 문제에 대해 서로 다른 입장을 보인다는 내용이 들어가기에 적절하다. 이후 문장에서 보수주의자와 진보주의자의 구체적인 입장이 각각 제시되므로, ㉠이 주제를 이끄는 위치에 해당한다. 다른 위치들은 이미 제시된 입장을 정리하거나 결론을 맺는 부분이므로 <보기>의 문장이 들어가기에 가장 알맞은 곳은 ㉠이다.

### ANSWER
A"
TK_2017_46,TK_2017_46,Textual,0,D,D,"이 글은 보수와 진보의 경제관을 비교하며, 경제 발전에는 보수의 자유주의적 시장 접근이 필요하고, 발전 과정에서 생기는 불평등 같은 문제 해결에는 진보의 국가 개입 정책이 필요하다고 본다. 따라서 경제 성장으로 인한 문제 해결에 진보적 관점이 필요하다는 내용이 글과 일치한다. 나머지 보기는 국가 주도, 시장 유일성, 진보의 자유 중시 등 본문의 내용과 맞지 않는다.

### ANSWER
D"
TK_2017_47,TK_2017_47,Textual,0,D,D,"글은 특허의 본래 취지를 설명한 뒤, 최근 기술 개발보다 독점권 확보를 우선하는 무분별한 특허 출원의 문제를 지적하고 있다. 특히 신기술 개발에 성공한 사람들이 권리를 확보하지 못하는 사례를 들며 특허의 본래 취지가 훼손된다고 주장한다. 따라서 글쓴이의 목적은 특허 출원 남용의 문제를 제기하는 것이다.

### ANSWER
D"
TK_2017_48,TK_2017_48,Textual,0,C,C,"### ANSWER
C"
TK_2018_5,TK_2018_5,Textual,0,C,C,"### ANSWER
C"
TK_2018_6,TK_2018_6,Textual,0,D,D,"이 글은 “큰 이불도 세탁부터 건조까지 한 번에 해결”이라고 말하고 있어, 이불을 빨고 말리는 서비스를 제공하는 곳을 광고하는 내용입니다. 우체국, 여행사, 편의점은 이러한 세탁·건조 서비스와 관련이 없습니다. 따라서 정답은 빨래방입니다.

### ANSWER
D"
TK_2018_7,TK_2018_7,Textual,0,C,C,"The notice advises hikers to leave cigarettes and lighters behind, which are common sources of fire. It emphasizes that small actions protect the mountains from damage. This directly relates to preventing wildfires and forest fires. Therefore, the correct choice is fire prevention.

### ANSWER
C"
PSAT_19_3,PSAT_19_3,Law,0,B,B,"헌법상 보호되는 양심은 개인의 진지한 윤리적 판단에 기초한 것으로, 반드시 법질서나 도덕에 부합하는 다수의 양심만을 의미하지 않는다. 판례는 소수적이거나 기존 질서에 반하는 양심도 보호대상이 될 수 있다고 본다. 따라서 B는 옳지 않은 설명이다.

### ANSWER
B"
PSAT_19_4,PSAT_19_4,Law,0,B,B,"### ANSWER
B"
PSAT_19_5,PSAT_19_5,Law,0,C,A,"### ANSWER
A"
PSAT_19_6,PSAT_19_6,Law,0,D,A,"A는 일반감형이 “특별한 규정이 없는 경우”에만 형을 변경한다고 표현했으나, 사면법상 일반감형은 원칙적으로 형 자체를 변경하고, 특별감형은 특별한 사정이 있는 경우를 제외하고 형의 집행을 경감한다. 따라서 A의 서술은 법률 내용과 맞지 않다. 나머지 B, C, D는 사면법 규정에 부합한다.

### ANSWER
A"
PSAT_19_7,PSAT_19_7,Law,0,A,A,"헌법 제24조의 법률유보는 선거권 행사에 필요한 사항을 법률로 정할 수 있다는 의미일 뿐, 입법자가 선거권을 자유롭게 제한할 수 있는 포괄적 입법권의 유보를 뜻하지 않는다는 것이 헌법재판소의 입장이다. 따라서 A의 설명은 옳지 않다.

### ANSWER
A"
PSAT_19_8,PSAT_19_8,Law,0,B,A,"### ANSWER
A"
PSAT_19_9,PSAT_19_9,Law,0,A,A,"### ANSWER
A"
PSAT_19_10,PSAT_19_10,Law,0,D,C,"### ANSWER
C"
KIIP_geography_32,KIIP_geography_32,Geography,0,A,A,"### ANSWER
A"
KIIP_geography_33,KIIP_geography_33,Geography,0,A,A,"분당, 일산, 군포 등의 신도시는 1980년대 후반 서울의 인구와 주택 문제를 해결하기 위해 건설되었습니다. 서울로의 인구 집중을 분산하고 주택난을 완화하는 것이 주요 목적이었습니다. 따라서 경기도나 교통 문제보다는 서울의 인구 집중 문제 해결이 핵심입니다.

### ANSWER
A"
KIIP_geography_34,KIIP_geography_34,Geography,0,A,A,"경기도는 서울과 인접해 있어 서비스업과 공업이 발달했고, 도시 근교에서 근교 농업도 이루어지는 지역이다. 광업·어업·임업이나 관광업은 경기도의 대표적인 산업으로 보기 어렵다. 따라서 가장 적절한 것은 A이다.

### ANSWER
A"
KIIP_geography_35,KIIP_geography_35,Geography,0,C,C,"수도권에서 서울을 제외한 도시 중 인구 규모가 가장 큰 곳은 인천광역시입니다. 인천은 약 300만 명의 인구를 가진 광역시로, 수원이나 용인보다 훨씬 큽니다. 광명은 인구가 가장 적은 편에 속합니다. 따라서 정답은 인천입니다.

### ANSWER
C"
KIIP_geography_36,KIIP_geography_36,Geography,0,C,C,"Incheon was historically opened as a port and served as a major gateway for trade and transportation throughout the 20th century. Its role as a port city is the most defining characteristic in Korean geography. Although it also developed industries, the port function is the primary answer. Therefore, the correct choice is C.

### ANSWER
C"
KIIP_geography_37,KIIP_geography_37,Geography,0,D,D,"인천국제공항은 대한민국에서 가장 큰 공항으로, 국제선의 주요 관문 역할을 하며 여객 및 화물 처리량이 가장 많습니다. 김포공항은 주로 국내선과 일부 국제선을 담당하고, 제주와 부산공항은 규모가 작습니다. 따라서 정답은 인천국제공항입니다.

### ANSWER
D"
KIIP_geography_38,KIIP_geography_38,Geography,0,B,B,"### ANSWER
B"
KIIP_geography_39,KIIP_geography_39,Geography,0,B,B,"Gangwon-do is located along the eastern coast of the Korean Peninsula, bordering the East Sea. This places it clearly in the eastern part of the region. Therefore, the correct choice is east.

### ANSWER
B"
PSE_history_17_1,PSE_history_17_1,History,0,A,A,"ㄱ은 설총, ㄴ은 최치원으로 둘 다 신라 6두품 출신이다. 6두품은 진골이 독점한 최고 관직이나 왕위에 오를 수 없었고, 관등 승진에서 중위제의 적용을 받아 승진에 제한이 있었다. 따라서 공통된 신분상 특징은 중위제 적용이다. 자색 공복, 중앙 관부 최고 책임자 독점, 왕위 가능성은 진골의 특징이다.

### ANSWER
A"
PSE_history_17_2,PSE_history_17_2,History,0,B,B,"(가)는 미천왕 때 낙랑군을 차지한 사건이고, (다)는 장수왕 때 평양 천도와 한성 함락이다. 따라서 (나)는 그 사이 시기인 소수림왕·광개토대왕 때의 일이다. 소수림왕 때 태학을 설립하였고, 광개토대왕 때 신라를 도와 왜를 격퇴하였다. 진대법은 그 이전, 천리장성은 그 이후의 일이므로 ㄱ과 ㄹ만 옳다.

### ANSWER
B"
PSE_history_17_3,PSE_history_17_3,History,0,A,A,"### ANSWER
A"
PSE_history_17_4,PSE_history_17_4,History,0,D,D,"이 글은 독립운동 세력의 분열을 극복하기 위해 민의를 모아 국민대표회의 소집을 제창한 내용이다. 1923년에 개최된 국민대표회의에서는 임시정부의 개편을 둘러싸고 창조파와 개조파가 대립하였다. 따라서 ㄱ에 대한 설명으로 옳은 것은 창조파와 개조파 등의 주장이 대립되었다는 것이다.

### ANSWER
D"
PSE_history_17_5,PSE_history_17_5,History,0,A,A,"### ANSWER
A"
PSE_history_17_6,PSE_history_17_6,History,0,C,C,"독립협회가 1898년에 결의한 ‘헌의 6조’ 이후의 사실을 묻는 문제이다. 서재필의 독립신문 창간(1896), 고종의 러시아 공사관 피신(1896), 군국기무처 개혁(1894)은 모두 이보다 앞선 사건이다. 반면 원수부는 대한제국 시기인 1899년에 황제권 강화를 위해 설치되었으므로 이후의 사실에 해당한다.

### ANSWER
C"
PSE_history_17_7,PSE_history_17_7,History,0,B,B,"이 기구는 고려 우왕 때 최무선의 건의로 설치된 화통도감이다. 화통도감은 화약과 화포를 제작하여 왜구에 대비하였다. 같은 시기인 1377년에 흥덕사에서 직지심체요절이 간행되었다.

### ANSWER
B"
PSE_history_17_8,PSE_history_17_8,History,0,C,C,"갑신정변 이후에는 톈진조약 체결, 거문도 사건, 부들러의 중립화 제안 등이 있었다. 그러나 조·청 상민수륙무역장정은 1882년 임오군란 직후에 체결된 것으로, 갑신정변 이후의 정세가 아니다.

### ANSWER
C"
KIIP_tradition_14,KIIP_tradition_14,Tradition,0,A,A,"한국의 결혼식, 제사, 명절, 생일 등 중요한 날에는 떡이 빠지지 않고 사용됩니다. 떡은 예로부터 의례와 축하의 의미를 담은 음식으로 여겨졌습니다. 특히 혼례와 제사상, 돌잔치 등에 필수적으로 올라갑니다. 따라서 정답은 떡입니다.

### ANSWER
A"
KIIP_tradition_15,KIIP_tradition_15,Tradition,0,C,C,"백설기, 인절미, 절편은 모두 쌀로 만든 전통 떡이다. 약과는 밀가루와 꿀을 반죽해 튀긴 유밀과로, 떡이 아닌 한과이다. 따라서 정답은 C이다.

### ANSWER
C"
KIIP_tradition_16,KIIP_tradition_16,Tradition,0,A,A,A
KIIP_tradition_17,KIIP_tradition_17,Tradition,0,C,C,"추수는 농작물을 거두어들이는 일로, 일반적으로 곡식이 익는 계절인 가을에 이루어집니다. 따라서 정답은 가을입니다.

### ANSWER
C"
KIIP_tradition_18,KIIP_tradition_18,Tradition,0,D,D,"양반은 조선 시대의 지배 계층을 가리키는 말입니다. 고구려, 백제, 신라는 그 이전의 고대 왕국들이므로 정답은 조선 시대입니다.

### ANSWER
D"
KIIP_tradition_19,KIIP_tradition_19,Tradition,0,B,B,"온돌은 한국 전통의 바닥 난방 방식으로, 방바닥 아래로 열을 전달하여 실내를 따뜻하게 하는 기능을 한다. 따라서 방을 시원하게 하거나 음식을 요리하거나 물을 끓이는 용도가 아니라, 주로 겨울철에 방을 난방하는 데 사용된다. 온돌은 구들장과 아궁이를 이용해 열을 저장하고 방출하는 원리이다. 이러한 점에서 보기 중 정답은 '방을 따뜻하게 해주는 것'이다.

### ANSWER
B"
KIIP_tradition_20,KIIP_tradition_20,Tradition,0,C,C,"### ANSWER
C"
KIIP_tradition_21,KIIP_tradition_21,Tradition,0,C,C,"양반은 조선 시대의 지배층이자 사대부 계층으로, 관직과 학문을 독점하며 사회적·정치적 특권을 누렸습니다. 따라서 일반 백성이나 중간 계층과 구별되는 최상위 신분이었습니다. 이러한 역사적 의미를 고려할 때 양반은 상류층을 가리킵니다.

### ANSWER
C"
TK_2018_8,TK_2018_8,Textual,0,B,B,"This is a notice explaining what to avoid before a medical examination, such as not eating after 9 PM and not drinking alcohol. These are instructions to be careful about, so it is about precautions.

### ANSWER
B"
TK_2018_9,TK_2018_9,Textual,0,D,D,"The passage states the school changed uniforms because students found the formal uniform uncomfortable, and the new uniform is cheaper and popular with parents. This matches the idea that the school accepted students' opinions and changed the uniform. The other options contradict the passage.

### ANSWER
D"
TK_2018_10,TK_2018_10,Textual,0,A,A,"이 글에서는 주민들이 처음에는 관심이 없다가 나중에 카페에 음료와 간식을 제공하며 도움을 주고 있다고 했다. 따라서 간식을 가져다주는 주민들이 생겼다는 내용이 가장 같다.

### ANSWER
A"
TK_2018_11,TK_2018_11,Textual,0,B,B,"The store is introduced first, then its sales method, followed by the container requirement, and finally the lending service for those without containers.

### ANSWER
B"
TK_2018_12,TK_2018_12,Textual,0,C,C,"(다)에서 버스를 타고, (가)에서 요금을 내려다 지갑이 없음을 발견하고, (라)에서 아주머니가 대신 요금을 내 주셨으며, (나)에서 감사 인사를 전하는 순서가 자연스럽다.

### ANSWER
C"
TK_2018_13,TK_2018_13,Textual,0,D,D,"(라)는 눈 밑 떨림에 대한 일반적인 도입이고, (나)는 주된 원인인 피로와 휴식의 효과를 설명한다. (가)는 쉬어도 계속될 때 마그네슘 부족 가능성을 제기하며, (다)는 그런 사람들에게 좋은 음식을 권한다. 따라서 자연스러운 순서는 (라)-(나)-(가)-(다)이다.

### ANSWER
D"
TK_2018_14,TK_2018_14,Textual,0,A,A,"### ANSWER
A"
TK_2018_15,TK_2018_15,Textual,0,B,B,"The context emphasizes finding happiness in ordinary, small aspects of daily life rather than only in grand achievements. The phrase ""현실 속의 작고 소소한"" best matches this idea of small, everyday joys.

### ANSWER
B"
CSAT_korean_10_6,CSAT_korean_10_6,Functional,0,A,A,"보기는 좋은 재료 선택, 재료 손질, 부분들의 조화, 장인의 음감과 정성을 강조하고 있다. 이를 문학 창작에 비유하면 좋은 글감 선별(C), 글감 다듬기(D), 요소 간 짜임새(E), 문학적 감수성(B)으로 연결할 수 있다. 그러나 예상 독자의 평가를 받는 내용은 보기에 언급되지 않았으므로 A가 적절하지 않다.

### ANSWER
A"
CSAT_korean_10_7,CSAT_korean_10_7,Functional,0,D,D,"(다)는 인터넷 사용 시간과 이용 유형에 대한 통계일 뿐, 리셋 증후군을 보이는 청소년들의 대인 관계 유형별 비율을 보여 주지 않는다. 따라서 (가)와 (다)를 통해 “원만한 대인 관계를 맺지 못하는 유형이 가장 많다”고 제시하는 것은 자료의 범위를 벗어난 비약이다. 나머지 선택지들은 각 자료의 내용을 증상 제시, 예방 방안, 원인 관련성 측면에서 적절하게 활용하고 있다.

### ANSWER
D"
CSAT_korean_10_8,CSAT_korean_10_8,Functional,0,D,D,"(ㄱ)은 ‘의의’라기보다 배경 요구에 가까워 A의 수정안도 의의로 바꾸지 못하므로 부적절하다. (ㄴ)과 (ㄷ)은 서로 다른 의의이므로 중복이라는 B는 틀렸다. (ㄹ)은 하위 항목들을 ‘문제점’으로 잘 포괄하므로 C는 적절하지 않다. Ⅱ의 문제점 3번(학년 간 중복)에 대응하는 개선 방향이 Ⅲ에 없으므로 D의 검토 내용은 타당하고, ‘학년 간 체험 활동 내용의 차별화’를 추가하는 수정 방안도 적절하다. (ㅂ)은 주제와 관련된 결론이므로 E는 틀렸다.

### ANSWER
D"
CSAT_korean_10_9,CSAT_korean_10_9,Functional,0,C,A,"### ANSWER
A"
CSAT_korean_10_10,CSAT_korean_10_10,Functional,0,A,A,"폐휴대전화의 양면성(자원 vs. 환경오염)을 대구 형식으로 대비한 것은 A의 “자원 활용은 두 배로, 환경오염은 반으로”이며, “지구가 아프지 않게”에서 지구를 사람처럼 표현한 활유법도 사용되었습니다. 다른 보기들은 대구나 활유 중 한 가지 조건을 충족하지 못합니다.

### ANSWER
A"
CSAT_korean_11_6,CSAT_korean_11_6,Functional,0,C,C,"메모에서 (ㄷ)에 해당하는 특별한 체험은 ‘지역 봉사 단체가 운영하는 초등학생 과학 교실에서 학습 도우미로 활동한 일’이다. 이 활동은 과학 지식을 습득하기 위한 목적이 아니라, 아이들을 도와주고 보람을 느낀 봉사 경험이다. 따라서 ‘과학 지식을 습득하기 위해 관련 단체에서 활동함’이라고 표현한 C는 메모의 내용과 맞지 않다.

### ANSWER
C"
CSAT_korean_11_8,CSAT_korean_11_8,Functional,0,D,D,"### ANSWER
D"
CSAT_korean_11_9,CSAT_korean_11_9,Functional,0,C,B,"### ANSWER
B"
KIIP_society_97,KIIP_society_97,Society,0,C,C,"In South Korea, the standard workday is 8 hours, based on the 40-hour workweek mandated by labor law. Government offices and companies typically operate from 9 AM to 6 PM, with a one-hour lunch break, totaling 8 working hours. Thus, the correct choice is 8 hours.

### ANSWER
C"
KIIP_society_98,KIIP_society_98,Society,0,C,C,"The standard workweek in South Korea is five days, typically Monday through Friday, with weekends off. This system, known as ""주 5일제,"" is the norm in most workplaces. A 6-day or 7-day workweek is not standard, and a 4-day workweek is not yet common. Therefore, the correct choice is C.

### ANSWER
C"
KIIP_society_99,KIIP_society_99,Society,0,B,B,"회식은 한국 직장 문화에서 근무 후 직원들이 함께 식사하거나 술자리를 가지는 모임을 뜻합니다. 다른 보기들은 업무 후 직원 모임과 관련이 없습니다.

### ANSWER
B"
KIIP_society_100,KIIP_society_100,Society,0,A,A,"In Korean workplace culture, 회식 (hoesik) is primarily a social event for relieving stress and celebrating with colleagues, which helps strengthen team cohesion. It is not mainly for formal project discussions, family communication, or exercise. Therefore, the best answer is stress relief and celebration.

### ANSWER
A"
KIIP_society_101,KIIP_society_101,Society,0,C,C,"한국의 회식은 직장 동료들이 함께 식사하고 술을 마시며 친목을 도모하는 자리이다. 영화 보기나 게임하기는 회식의 주요 활동이 아니며, 노래방을 가기도 하지만 가장 기본적이고 보편적인 활동은 식사와 음주이다. 따라서 정답은 C이다.

### ANSWER
C"
KIIP_society_102,KIIP_society_102,Society,0,A,A,"편의점은 한국에서 대부분 24시간 영업하는 대표적인 상점이다. 도서관, 지하철역, 학원은 운영 시간이 정해져 있거나 폐쇄되는 시간이 있다. 따라서 24시간 영업하는 곳은 편의점이다.

### ANSWER
A"
KIIP_society_103,KIIP_society_103,Society,0,A,A,"### ANSWER
A"
KIIP_society_104,KIIP_society_104,Society,0,A,A,"서울 지하철은 1~9호선이 기본적으로 운행되며, 분당선과 신분당선도 서울과 수도권을 연결하는 주요 노선입니다. 보기 중 1~10호선이나 신도림선은 존재하지 않고, 1~5호선만 언급한 것은 불완전합니다. 따라서 가장 정확한 선택지는 A입니다.

### ANSWER
A"
KIIP_tradition_22,KIIP_tradition_22,Tradition,0,C,C,"온돌은 부엌의 아궁이에 불을 때면 방 바닥 아래로 열기가 전달되어 방 전체를 따뜻하게 하는 전통 난방 방식이다. 따라서 정답은 부엌의 아궁이이다.

### ANSWER
C"
KIIP_tradition_23,KIIP_tradition_23,Tradition,0,B,B,"한옥마을은 전통 한옥이 보존된 마을로, 대표적으로 전주한옥마을과 서울 북촌한옥마을이 유명합니다. 다른 도시들에도 한옥이 있지만, 한옥마을로 가장 잘 알려진 도시는 전주와 서울입니다. 따라서 정답은 B입니다.

### ANSWER
B"
KIIP_tradition_24,KIIP_tradition_24,Tradition,0,A,A,"### ANSWER
A"
KIIP_tradition_25,KIIP_tradition_25,Tradition,0,C,C,"한옥은 한국의 전통 건축 양식으로, 자연과 조화를 이루는 곡선 지붕과 온돌 등의 특징을 지닌다. 따라서 정답은 한국이다.

### ANSWER
C"
KIIP_tradition_26,KIIP_tradition_26,Tradition,0,C,C,"한옥은 지붕을 덮는 재료에 따라 기와집, 초가집, 너와집, 굴피집 등으로 분류된다. 따라서 크기, 위치, 건축 연도가 아닌 지붕 재료가 기준이다.

### ANSWER
C"
KIIP_tradition_27,KIIP_tradition_27,Tradition,0,A,A,"### ANSWER
A"
KIIP_tradition_28,KIIP_tradition_28,Tradition,0,C,C,"초가집은 한국 전통 가옥의 한 형태로, 지붕을 볏짚으로 엮어 덮은 집이다. 기와는 기와집에 사용되는 재료이고, 철이나 나무는 초가집 지붕의 일반적인 재료가 아니다. 따라서 초가집 지붕에 사용된 재료는 볏짚이다.

### ANSWER
C"
KIIP_tradition_29,KIIP_tradition_29,Tradition,0,C,C,"한복은 한국의 전통 의복으로, 한민족의 고유한 문화유산이다. 따라서 정답은 한국이다.

### ANSWER
C"
KIIP_society_105,KIIP_society_105,Society,0,A,A,"지하철은 도시 내부에서 많은 사람들이 이동할 수 있도록 건설된 대중교통 수단입니다. 인구가 많고 교통량이 많은 대도시에서 주로 운영되며, 시골이나 산책로, 해변에는 지하철이 거의 설치되지 않습니다. 따라서 지하철을 주로 이용하는 장소는 대도시입니다.

### ANSWER
A"
KIIP_society_106,KIIP_society_106,Society,0,C,C,"도시 밖으로 먼 거리를 이동할 때는 시외버스, 고속버스, 기차 같은 대중교통이 주로 이용됩니다. 택시는 단거리 도시 이동에 적합하고, 자전거는 근거리 이동 수단이며, 지하철은 도시 내부 교통수단입니다. 따라서 장거리 이동에 해당하는 보기는 시외버스, 고속버스, 기차입니다.

### ANSWER
C"
KIIP_society_107,KIIP_society_107,Society,0,A,A,"시내버스를 타기 위해서는 버스가 정차하는 지정된 장소인 버스 정류장에서 기다려야 합니다. 지하철역은 지하철을 이용하는 곳이고, 택시 승강장은 택시를 타는 곳이며, 비행기 승강장은 비행기를 이용하는 곳입니다. 따라서 시내버스 이용 장소는 버스 정류장입니다.

### ANSWER
A"
KIIP_society_108,KIIP_society_108,Society,0,A,A,"시내버스 도착 시간은 휴대전화 앱이나 버스 정류장의 전광판을 통해 실시간으로 확인할 수 있다. 신문, 라디오, 텔레비전은 이러한 실시간 정보를 제공하지 않는다. 따라서 정답은 A이다.

### ANSWER
A"
KIIP_society_109,KIIP_society_109,Society,0,D,D,"교통카드는 지하철과 시내버스에서 기본적으로 사용할 수 있고, 택시에서도 교통카드 결제가 가능합니다. 그러나 KTX는 별도의 승차권을 구매해야 하므로 교통카드로 이용할 수 없습니다. 따라서 정답은 D입니다.

### ANSWER
D"
KIIP_society_110,KIIP_society_110,Society,0,A,A,"한국에서 지하철이 운행되는 주요 도시는 서울(수도권 포함), 부산, 대구, 광주, 대전이다. 보기 A는 이 모든 도시를 포함하고 있다. 다른 보기들은 광주나 대전 등 일부 도시가 빠져 있다. 따라서 정답은 A이다.

### ANSWER
A"
KIIP_society_111,KIIP_society_111,Society,0,D,D,"교통카드 기능은 신용카드, 체크카드, 휴대전화에 통합될 수 있지만, 신분증에는 교통카드 기능이 포함되지 않습니다. 따라서 정답은 신분증입니다.

### ANSWER
D"
KIIP_society_112,KIIP_society_112,Society,0,B,B,"모범택시는 일반택시보다 높은 서비스 품질을 제공하는 택시로, 운전자의 자질과 차량 상태가 우수하고 친절 서비스를 강조합니다. 요금은 일반택시보다 비싸며 차량도 더 크고 고급스러운 경우가 많습니다. 따라서 보기 중 일반택시보다 높은 서비스를 제공한다는 B가 맞습니다.

### ANSWER
B"
Kedu_14_50,Kedu_14_50,Grammar,0,D,A,"### ANSWER
A"
Kedu_14_51,Kedu_14_51,Grammar,0,B,B,"### ANSWER
B"
Kedu_14_52,Kedu_14_52,Grammar,0,A,A,"### ANSWER
A"
Kedu_14_53,Kedu_14_53,Grammar,0,C,B,"### ANSWER
B"
Kedu_14_54,Kedu_14_54,Grammar,0,B,B,"### ANSWER
B"
Kedu_14_55,Kedu_14_55,Grammar,0,A,A,"A의 '할 만하다'는 보조 용언 '만하다'를 띄어 쓴 올바른 표현입니다. B는 '너밖에 없다'로 붙여 써야 하고, C는 '올지를'로 붙여 써야 하며, D는 '채영신 씨는'으로 띄어 써야 합니다. 따라서 정답은 A입니다.

### ANSWER
A"
Kedu_14_56,Kedu_14_56,Grammar,0,D,D,"### ANSWER
D"
Kedu_14_57,Kedu_14_57,Grammar,0,B,B,"### ANSWER
B"
KIIP_geography_40,KIIP_geography_40,Geography,0,B,B,"### ANSWER
B"
KIIP_geography_41,KIIP_geography_41,Geography,0,B,B,"강릉의 대표적인 문화유산으로는 오죽헌이 가장 잘 알려져 있습니다. 오죽헌은 율곡 이이와 신사임당과 관련된 역사적 장소로, 국가 지정 문화재입니다. 경포대는 강릉의 명소이지만 문화유산으로는 오죽헌이 더 대표적입니다. 설악산과 삼척해변은 강릉이 아닌 다른 지역에 속합니다.

### ANSWER
B"
KIIP_geography_42,KIIP_geography_42,Geography,0,B,B,"강원도는 산악 지형과 겨울철 많은 적설량 덕분에 국내에서 스키장이 가장 많이 분포한 지역이다. 따라서 정답은 스키장이다.

### ANSWER
B"
KIIP_geography_43,KIIP_geography_43,Geography,0,A,A,"### ANSWER
A"
KIIP_geography_44,KIIP_geography_44,Geography,0,A,A,"### ANSWER
A"
KIIP_geography_45,KIIP_geography_45,Geography,0,A,A,"### ANSWER
A"
KIIP_geography_46,KIIP_geography_46,Geography,0,A,A,"1993년 대전에서 개최된 국제 행사는 과학 기술을 주제로 한 박람회였습니다. 이는 '대전 엑스포'로 널리 알려져 있으며, 세계 각국이 과학 발전과 미래 비전을 전시했습니다. 따라서 보기 중 '세계과학엑스포'가 이에 해당합니다.

### ANSWER
A"
KIIP_geography_47,KIIP_geography_47,Geography,0,C,C,"### ANSWER
C"
PSE_history_17_9,PSE_history_17_9,History,0,B,B,"### ANSWER
B"
PSE_history_17_10,PSE_history_17_10,History,0,C,B,"은 1근으로 우리나라 지형을 본떠 만든 화폐는 고려 숙종 때 주조된 은병(활구)이다. 이 시기 고려에서는 개경을 중심으로 시전이 발달하였고, 동시전이 설치되어 시장을 감독하였다. 청해진은 통일신라 시기의 일이고, 이앙법 전국 보급은 조선 후기의 일이므로 해당되지 않는다. 따라서 옳은 것은 동시전 설치이다.

### ANSWER
B"
PSE_history_17_11,PSE_history_17_11,History,0,D,D,"‘그’는 조선 개국 공신이자 재상 중심 정치를 주장하고 『불씨잡변』을 쓴 정도전이다. 정도전은 『조선경국전』을 편찬하여 조선 왕조의 통치 규범을 마련하였다. 나머지 보기는 각각 이종무, 세종, 김종서 등 다른 인물의 업적이다.

### ANSWER
D"
PSE_history_17_12,PSE_history_17_12,History,0,D,D,"### ANSWER
D"
PSE_history_17_13,PSE_history_17_13,History,0,C,C,"### ANSWER
C"
PSE_history_17_14,PSE_history_17_14,History,0,D,D,"### ANSWER
D"
PSE_history_17_15,PSE_history_17_15,History,0,B,B,"헤이그 특사 사건과 고종 퇴위는 1907년, 통감 추천 일본인 관리 임명은 같은 해 1907년의 정미7조약에 해당하며, 사법권과 감옥 사무 장악은 1909년의 일이다. 메가타 재정 고문과 스티븐스 외교 고문 임명은 1904년으로 가장 이르다. 따라서 순서는 ㄴ → ㄱ → ㄹ → ㄷ이다.

### ANSWER
B"
PSE_history_17_16,PSE_history_17_16,History,0,A,A,"자료는 조선 후기 금광 개발과 상업 발달을 보여준다. 이 시기에는 상품 작물 재배, 도조법, 밭농사의 견종법이 나타났다. 그러나 사패전은 공신에게 지급한 토지로, 개간 장려를 위해 부농층에게 분급한 것이 아니다. 따라서 옳지 않은 것은 A이다.

### ANSWER
A"
TK_2018_16,TK_2018_16,Textual,0,C,C,"The context describes researchers traveling nationwide to find and evaluate seeds for preservation, which is best described as collecting seeds.

### ANSWER
C"
TK_2018_17,TK_2018_17,Textual,0,C,C,"The blank introduces a conditional situation: if the guide dog leaves its owner and approaches a passerby, it signals danger. The word ""만약"" means ""if"" and fits naturally with the conditional verb ending ""-다면."" The other options do not express a condition.

### ANSWER
C"
TK_2018_18,TK_2018_18,Textual,0,C,C,"The passage explains that a guide dog approaching a passerby indicates the owner is in danger, as the dog is trained to seek help from nearby people. This directly matches choice C. The other choices contradict the information given.

### ANSWER
C"
TK_2018_19,TK_2018_19,Textual,0,D,D,"부모들이 자녀의 조기 문자 교육에 적극적으로 열중하는 상황을 나타내야 합니다. “열을 올린다”는 어떤 일에 몰입하거나 열성을 보인다는 뜻으로 문맥에 가장 적합합니다. 다른 선택지는 그만두거나, 분노하거나, 관계를 차단하는 의미로 어울리지 않습니다.

### ANSWER
D"
TK_2018_20,TK_2018_20,Textual,0,C,C,"이 글은 이른 문자 교육을 강조하는 부모들의 생각을 소개하지만, 어린아이들은 감각을 통해 정보를 얻고 다양한 능력이 발달 중이므로 글자 읽기에 집중하면 다른 감각 사용 기회가 줄어 균형 있는 발달에 문제가 생길 수 있다고 지적한다. 따라서 중심 생각은 이른 문자 교육이 아이의 발달을 방해할 수 있다는 것이다.

### ANSWER
C"
TK_2018_21,TK_2018_21,Textual,0,D,D,"The narrator realizes she judged her father’s preference based on her own assumptions, not on what he actually wanted. Seeing him happily prepare to go to the movie theater makes her feel regret and guilt for misunderstanding him. This feeling is best described as being sorry or apologetic toward her father. Therefore, the correct choice is 죄송스럽다.

### ANSWER
D"
TK_2018_22,TK_2018_22,Textual,0,B,B,"아버지는 내가 영화 보러 가실래요?라고 물었을 때 손사래를 치지 않고 가만히 계셨다. 이는 질문에 아무 말도 하지 않은 것과 일치한다. 다른 선택지들은 내용과 맞지 않는다. 따라서 정답은 B이다.

### ANSWER
B"
TK_2018_23,TK_2018_23,Textual,0,A,A,"기사 제목은 출산율이 다시 하락했고 정부 대책이 효과가 없었다는 뜻이다. 이는 정부가 대책을 세워 노력했지만 출산율 하락을 막지 못했음을 의미한다. 선택지 A가 이 내용을 가장 잘 설명한다.

### ANSWER
A"
CSAT_korean_11_10,CSAT_korean_11_10,Functional,0,A,A,"The plan requires the final section to be an appreciation using both an idiomatic expression and personification. Option A uses personification (“꽃살문은 … 말해 주었다”) and an idiom (“백문이 불여일견”), and its appreciation about directly experiencing cultural heritage fits the context. Other options either lack personification, use inappropriate idioms, or introduce ideas not supported by the draft.

### ANSWER
A"
CSAT_korean_12_6,CSAT_korean_12_6,Functional,0,E,E,"(ㄱ)~(ㄹ)은 모두 ‘외부 개입≒쇠못’, ‘내부 합의≒짜 맞춤’이라는 착안점에 따라 조직의 화합을 적절하게 비유하고 있습니다. 그러나 (ㅁ)은 장인들의 아이디어와 땀을 ‘구성원 개개인의 능력 향상’으로 바꾸어 표현한 것으로, 원문의 의미와 착안점에 부합하지 않습니다.

### ANSWER
E"
CSAT_korean_12_7,CSAT_korean_12_7,Functional,0,D,D,"(다)의 새로운 기술은 수도관에 센서를 미리 부착하여 누수를 즉시 탐지하는 방법이지, 누수가 진행 중인 지점에 센서를 부착해 노후 수도관의 부식을 막는 기술이 아니다. 따라서 (나)와 (다)를 활용해 ‘센서 부착으로 부식을 막을 수 있다’고 강조하는 D는 자료 활용 방안으로 적절하지 않다.

### ANSWER
D"
CSAT_korean_12_8,CSAT_korean_12_8,Functional,0,B,B,"(나)는 정책 입안자를 대상으로 정책 수립과 지원 요청을 목적으로 하므로, 각 항목이 이 목적에 부합해야 한다. A는 주민 무관심을 장애 요인으로 포함하는 것이 적절하고, C는 중요성을 필요성 항목으로 옮기는 것이 적절하다. D는 타 지역 사례를 프로그램 개발 방안의 예로 제시하는 것이 적절하며, E는 결론을 정책 지원 촉구로 수정하는 것이 목적에 부합한다. 그러나 B는 낮은 참여율을 해결하기 위해 ‘생활 체육 참여가 지역 발전에 미치는 영향’을 Ⅲ(활성화 방안)에 추가하는 것인데, 이는 방안이 아니라 필요성이나 효과에 해당하므로 적절하지 않다.

### ANSWER
B"
CSAT_korean_12_9,CSAT_korean_12_9,Functional,0,C,C,"(C)는 (ㄷ)에 ‘악보를 읽을 줄 모르시나요?’를 추가하면 뒤에 이어지는 기타 구비에 관한 내용과 자연스럽게 연결되지 않으므로 적절하지 않습니다. 나머지 방안들은 문맥과 통일성, 맞춤법, 글의 흐름을 고려할 때 모두 타당합니다.

### ANSWER
C"
CSAT_korean_12_10,CSAT_korean_12_10,Functional,0,E,E,"The context highlights the club’s unique social service activities, which distinguishes it from other music clubs. Option E mentions “마음의 평안” as an emotional benefit of guitar playing, states that only ‘소리샘’ offers both music and social service, and ends with a climactic progression from self to neighbor to society. Other options miss at least one required condition.

### ANSWER
E"
CSAT_korean_14_7,CSAT_korean_14_7,Functional,0,B,B,"초고에는 친환경 농산물 인증 표시 제도의 도입 배경이 실제로 언급되어 있으므로 (a)는 부적절하다. 또한 초고는 소비 증가 대비 공급 부족이라는 설문 결과 대신 소비자들의 인식 부족을 문제점으로 제시하고 있으므로 (b)는 적절하다. (c)는 첫 문단에서 종류와 기준을 설명했다는 내용이 초고와 맞지 않고, (d)는 신뢰성이나 심사 통과의 어려움이 초고에 없다. (e)는 초고가 한계와 해결 방안이 아닌 바르게 알고 소비하는 의의로 마무리하므로 부적절하다.

### ANSWER
B"
CSAT_korean_13_7,CSAT_korean_13_7,Functional,0,D,D,"D는 자연을 다음 세대에 물려줄 유산이라는 근거를 바탕으로 생태계를 보호해야 한다는 주장을 제시하고, 정해진 탐방로를 이용하라는 구체적인 실천 방안까지 제시한다. 또한 ‘관광객의 태도 측면’이라는 개선 방안 항목에 해당하며, ‘근거-주장-구체적인 실천 방안’의 순서도 정확히 따른다.

### ANSWER
D"
PSAT_19_11,PSAT_19_11,Law,0,C,C,"A는 국회의원 수가 헌법에 규정되어 있다고 하나, 실제로는 법률로 정한다. B는 면책특권이 국회 내가 아니라 국회 외에서 책임을 지지 않는 것이므로 틀렸다. C는 헌법 제46조에 따라 국회의원의 청렴 의무와 지위 남용 금지를 규정한 내용으로 옳다. D는 임시회 집회 요구가 재적의원 4분의 1 이상이어야 하는데 5분의 1이라고 하여 틀렸다.

### ANSWER
C"
PSAT_19_12,PSAT_19_12,Law,0,C,C,"국무회의는 헌법 제88조에 따라 설치되는 필수적 헌법기관이지만, 국민경제자문회의는 헌법 제93조에서 “필요한 경우 대통령이 설치할 수 있다”고 규정하여 임의적 기관이다. 따라서 두 기관 모두를 필수적 헌법기관이라고 한 C는 옳지 않다. A는 국무위원의 정무직 지위와 의안 제출·소집 요구권에 관한 법령 규정에 부합하고, B는 헌법 제89조 제4호의 국유재산처분 기본계획 심의 사항에 해당하며, D는 정부조직법상 국무회의 출석·발언 규정에 부합한다.

### ANSWER
C"
PSAT_19_14,PSAT_19_14,Law,0,D,D,"### ANSWER
D"
PSAT_19_15,PSAT_19_15,Law,0,D,D,"대한민국 국적법상 출생 당시 부 또는 모가 한국 국민이면 출생과 동시에 국적을 취득하므로 A는 옳다. 기아가 한국에서 발견되면 한국 출생으로 추정하므로 B도 옳다. 인지나 귀화는 후천적 국적 취득 방법이므로 C도 옳다. 그러나 부모 중 한쪽만 무국적이고 다른 쪽이 외국 국적이면 한국 국적을 취득하지 않으며, 양쪽 모두 무국적이거나 부모가 모두 불명인 경우에 한국 출생자가 국적을 취득한다. 따라서 D가 옳지 않다.

### ANSWER
D"
PSAT_19_16,PSAT_19_16,Law,0,B,B,"### ANSWER
B"
PSAT_19_17,PSAT_19_17,Law,0,B,D,"### ANSWER
D"
PSAT_19_18,PSAT_19_18,Law,0,C,,"헌법 제110조 제4항은 비상계엄하의 군사재판에서 단심이 허용되는 경우를 제한하면서, 사형을 선고한 경우에는 단심으로 할 수 없다고"
PSAT_19_19,PSAT_19_19,Law,0,C,C,"국무총리는 국무회의의 부의장이며, 의장은 대통령이다. 따라서 “국무총리는 국무회의의 의장이 된다”는 설명은 옳지 않다. 행정각부 통할에 관한 부분은 헌법에 부합한다. 나머지 보기는 모두 국무총리의 권한에 대한 올바른 설명이다.

### ANSWER
C"
KIIP_tradition_30,KIIP_tradition_30,Tradition,0,D,D,"The current hanbok is directly descended from the clothing of the Joseon Dynasty, which established the distinctive jeogori and chima styles. Although earlier kingdoms like Goguryeo, Baekje, and Silla had their own traditional garments, the modern hanbok's form and conventions were largely codified during the Joseon period. The Joseon era also saw the shortening of the jeogori and the fuller skirts that characterize today's hanbok. Therefore, the correct answer is Joseon.

### ANSWER
D"
KIIP_tradition_31,KIIP_tradition_31,Tradition,0,C,C,"한복은 계절에 따라 재료를 달리하였는데, 여름에는 시원한 삼베나 모시를 사용하고 겨울에는 보온성이 좋은 비단을 주로 사용하였다. 비단은 두껍고 따뜻하며 고급스러워 겨울철 한복 재료로 적합하였다. 따라서 겨울 한복에 사용된 재료는 비단이다.

### ANSWER
C"
KIIP_tradition_32,KIIP_tradition_32,Tradition,0,B,B,"한복은 전통 의복으로, 현재에는 주로 설날이나 추석 같은 명절에 입는다. 일상생활에서는 대부분 양복이나 편한 옷을 입기 때문에 일상, 출근, 운동은 해당되지 않는다. 따라서 정답은 명절이다.

### ANSWER
B"
KIIP_tradition_33,KIIP_tradition_33,Tradition,0,C,C,"생활한복은 전통 한복의 미를 살리면서 일상생활에서 편하게 입을 수 있도록 개량된 형태로, 실용성과 대중성 덕분에 현재 꾸준한 인기를 얻고 있다. 명절한복, 결혼식한복, 돌잔치한복은 특정 행사용으로 수요가 제한적이다.

### ANSWER
C"
KIIP_tradition_34,KIIP_tradition_34,Tradition,0,D,D,"한복의 바지와 치마는 전통적으로 온돌 바닥에 앉아 생활하는 좌식 생활 방식에 맞게 설계되었습니다. 바지는 통이 넓어 앉을 때 편안하고, 치마는 앉았다 일어나기 쉽도록 여유 있게 만들어졌습니다. 따라서 서서 생활하거나 걷기, 달리기보다는 앉아서 생활하는 습관에 맞춰 제작된 것입니다.

### ANSWER
D"
KIIP_tradition_35,KIIP_tradition_35,Tradition,0,B,B,"2010년대 이후 한국에서는 명절에 자녀들이 고향을 찾아가는 대신, 부모님들이 수도권 등 대도시에 있는 자녀를 찾아가는 ‘역귀성’ 현상이 늘어나고 있습니다. 이는 인구의 수도권 집중과 교통 혼잡, 명절 문화 변화 등이 배경으로 작용한 결과입니다. 따라서 정답은 부모들이 대도시를 찾아가는 현상입니다.

### ANSWER
B"
KIIP_tradition_36,KIIP_tradition_36,Tradition,0,C,B,"### ANSWER
B"
KIIP_tradition_37,KIIP_tradition_37,Tradition,0,B,B,"설날은 한국의 대표적인 명절로, 음력 새해 첫날을 의미합니다. 양력 1월 1일은 신정으로 따로 기념하지만, 전통적인 설날은 음력 1월 1일에 해당합니다. 따라서 보기 중 정답은 음력 1월 1일입니다.

### ANSWER
B"
KIIP_society_113,KIIP_society_113,Society,0,C,C,"KTX는 한국의 고속철도로, 일반 열차보다 훨씬 빠른 속도로 운행된다. 따라서 '가장 느린 기차'나 '가장 저렴한 요금'은 KTX의 특징이 아니다. KTX의 핵심 특징은 고속 주행을 통한 빠른 이동이다. 그러므로 정답은 '가장 빠른 기차'이다.

### ANSWER
C"
KIIP_society_114,KIIP_society_114,Society,0,B,B,"한국 대중교통에서는 버스와 지하철에서 교통카드가 가장 보편적으로 사용됩니다. T-money나 캐시비 같은 교통카드는 현금보다 편리하고 널리 보급되어 있습니다. 신용카드나 체크카드도 사용 가능하지만, 주된 결제 수단은 교통카드입니다. 따라서 정답은 B입니다.

### ANSWER
B"
KIIP_society_115,KIIP_society_115,Society,0,A,A,"한국에서는 교통카드를 지하철역이나 편의점 등 충전소에서 현금이나 카드로 충전할 수 있습니다. 또한 신용카드나 체크카드에 교통카드 기능을 넣어 별도 충전 없이 사용할 수도 있습니다. 인터넷이나 은행, 휴대폰으로만 충전하는 방식은 일반적이지 않습니다. 따라서 가장 포괄적이고 정확한 설명은 A입니다.

### ANSWER
A"
KIIP_society_116,KIIP_society_116,Society,0,B,B,"Large taxis are advantageous primarily because their larger size allows them to carry more luggage and accommodate more passengers comfortably. The other options do not describe typical benefits of a large taxi: it is not small, its speed is not inherently faster, and its fare is not necessarily cheaper. Therefore, the correct choice is the one about carrying lots of luggage.

### ANSWER
B"
KIIP_society_117,KIIP_society_117,Society,0,A,A,"인터넷 예매는 시간과 장소에 구애받지 않고 좌석을 미리 확보할 수 있어 가장 편리하다. 현장 구매는 대기 시간이 길고 매진 위험이 있으며, 전화 예매는 인터넷보다 불편하고 우편 예매는 즉시 처리가 어렵다. 따라서 시외버스, 고속버스, 기차 이용 시 인터넷 사전 예매가 가장 효율적이다.

### ANSWER
A"
KIIP_society_118,KIIP_society_118,Society,0,A,A,"한국의 기차 종류에는 KTX, 새마을호, 무궁화호, 누리로호가 포함된다. 나머지 보기는 기차가 아닌 교통수단이다.

### ANSWER
A"
KIIP_society_119,KIIP_society_119,Society,0,B,B,"한국에서는 버스와 지하철 같은 대중교통을 이용할 때 교통카드가 가장 보편적으로 사용됩니다. 교통카드는 환승 할인과 간편한 결제 기능을 제공하여 현금이나 신용카드보다 많이 이용됩니다. 따라서 정답은 교통카드입니다.

### ANSWER
B"
KIIP_society_120,KIIP_society_120,Society,0,A,A,"환승제도는 대중교통을 갈아탈 때 추가 요금 부담을 줄여 주는 제도이므로, 이용자는 요금 할인 혜택을 받을 수 있다. 다른 보기들은 환승제도와 직접적인 관련이 없다.

### ANSWER
A"
KIIP_geography_48,KIIP_geography_48,Geography,0,C,C,"세종특별자치시는 행정중심복합도시로 조성되어 많은 중앙행정기관이 이전하였다. 따라서 주요 행정부처의 일부가 이전한 도시는 세종이다.

### ANSWER
C"
KIIP_geography_49,KIIP_geography_49,Geography,0,C,C,"### ANSWER
C"
KIIP_geography_50,KIIP_geography_50,Geography,0,A,A,"충청북도는 강원도, 경상북도, 전라북도, 충청남도 등과 접하고 있지만, 전라남도와는 국경을 접하지 않는다. 따라서 정답은 A이다.

### ANSWER
A"
KIIP_geography_51,KIIP_geography_51,Geography,0,B,B,"### ANSWER
B"
KIIP_geography_52,KIIP_geography_52,Geography,0,A,A,"충청남도는 배, 포도, 사과 같은 과일 재배가 활발한 지역으로, 예산 사과, 천안 포도, 아산 배 등이 유명하다. 따라서 정답은 A이다.

### ANSWER
A"
KIIP_geography_53,KIIP_geography_53,Geography,0,C,C,"충청지역은 대한민국 중부에 위치하며, 대전광역시가 충청권의 대표적인 대도시이자 행정·교통의 중심지 역할을 한다. 서울과 인천은 수도권, 부산은 영남권에 속하므로 충청지역의 대표 도시는 대전이다.

### ANSWER
C"
KIIP_geography_54,KIIP_geography_54,Geography,0,B,B,"Daejeon is widely known as South Korea's hub for science and technology, particularly due to the Daedeok Innopolis research and development complex. This area hosts numerous national research institutes and high-tech companies, making the science industrial complex the most significant in the city. The other options do not align with Daejeon's primary industrial identity.

### ANSWER
B"
KIIP_geography_55,KIIP_geography_55,Geography,0,D,D,"경상지역은 한반도의 동남부에 해당하므로 동남쪽이 맞다.

### ANSWER
D"
TK_2018_24,TK_2018_24,Textual,0,C,C,C
TK_2018_25,TK_2018_25,Textual,0,B,B,"### ANSWER
B"
TK_2018_26,TK_2018_26,Textual,0,B,B,"The passage explains that game-based quizzes increase participation and help students learn terms and concepts through immediate scoring. This method primarily encourages students to stay engaged and pay closer attention to the lesson. Therefore, the most appropriate phrase is ""수업에 보다 집중할.""

### ANSWER
B"
TK_2018_27,TK_2018_27,Textual,0,D,D,"이 상품들은 단순한 디자인이나 기능 때문이 아니라, 사회 문제에 대한 메시지를 담고 있습니다. 구매자는 이를 일상에서 사용함으로써 자신의 입장을 표현하고 주변의 관심을 유도합니다. 따라서 구매 이유는 자신의 가치관을 드러낼 수 있기 때문입니다.

### ANSWER
D"
TK_2018_28,TK_2018_28,Textual,0,B,B,"The passage explains that the safety glass was inspired by a bottle whose fragments were held together by a dried film on its surface. This indicates the key innovation was applying a film to the glass to prevent shards from scattering. Thus the most appropriate phrase is ""유리에 막을 입힌.""

### ANSWER
B"
TK_2018_29,TK_2018_29,Textual,0,A,A,"무한대는 일반적인 수학 개념과 달리 기호가 먼저 등장한 경우입니다. 본문에서 ""정반대""라고 했으므로, 개념이 먼저 정립되는 대신 기호가 먼저 만들어진 뒤에도 개념이 정립되지 못했다는 뜻입니다. 따라서 빈칸에는 '기호가 만들어진'이 가장 적절합니다.

### ANSWER
A"
TK_2018_30,TK_2018_30,Textual,0,C,C,"하루살이 성충은 입이 퇴화하여 먹이를 섭취하지 못하고, 애벌레 때 저장해 둔 영양분을 사용해 산다고 했으므로 내용이 같은 것은 C입니다.

### ANSWER
C"
TK_2018_31,TK_2018_31,Textual,0,C,C,"The passage states that sad tears contain antimicrobial substances and stress-related harmful substances, so option C correctly reflects this. Option A incorrectly links proteins to mood improvement, while option B contradicts the presence of antimicrobial substances. Option D is unsupported because sad tears contain both antimicrobial and stress-related components.

### ANSWER
C"
KIIP_tradition_38,KIIP_tradition_38,Tradition,0,A,A,"설날 아침에는 조상께 차례를 지내는 의식을 행합니다. 세배는 어른께 드리는 인사이고, 성묘는 산소를 찾는 일이며, 떡국 먹기는 음식과 관련된 풍습입니다. 따라서 정답은 차례입니다.

### ANSWER
A"
KIIP_tradition_39,KIIP_tradition_39,Tradition,0,C,C,"세배는 설날에 집안의 어른들에게 큰절을 올리며 새해 인사를 드리는 한국 전통 예절입니다. 차례는 조상에게 지내는 제사, 성묘는 조상의 산소를 찾아보는 행위, 떡국 먹기는 설날 음식과 관련된 풍습입니다. 따라서 어른들에게 큰절을 올리는 것은 세배입니다.

### ANSWER
C"
KIIP_tradition_40,KIIP_tradition_40,Tradition,0,C,C,"설날에는 아이들이 어른들에게 세배를 하고, 어른들은 그 답례로 아이들에게 세뱃돈을 줍니다. 떡국은 설날에 먹는 음식, 설빔은 새 옷, 윷놀이는 놀이에 해당합니다. 따라서 어른들이 아이들에게 주는 것은 세뱃돈입니다.

### ANSWER
C"
KIIP_tradition_41,KIIP_tradition_41,Tradition,0,B,B,"설날에 아이들에게 새 옷을 입히는 풍습을 ‘설빔’이라고 합니다. 떡국은 음식, 세뱃돈은 돈, 윷놀이는 놀이에 해당하므로 정답은 설빔입니다.

### ANSWER
B"
KIIP_tradition_42,KIIP_tradition_42,Tradition,0,B,B,B
KIIP_tradition_43,KIIP_tradition_43,Tradition,0,C,C,"떡국은 설날에 먹는 대표적인 음식으로, 한 그릇을 먹으면 나이 한 살을 더 먹는다는 의미를 지닌다. 이는 한국의 전통적인 나이 계산 방식과 연결되어 있다. 따라서 설날에 떡국을 먹는 것은 나이를 한 살 더 먹는다는 뜻이다. 정답은 C이다.

### ANSWER
C"
KIIP_tradition_44,KIIP_tradition_44,Tradition,0,A,A,"Seollal is a traditional Korean holiday, and yutnori is the classic folk game played by families during this time. The other options are modern sports and are not associated with Seollal customs. Therefore, the correct answer is A.

### ANSWER
A"
KIIP_tradition_45,KIIP_tradition_45,Tradition,0,A,A,"성묘는 조상의 무덤을 찾아가 돌보는 전통적인 예법으로, 벌초나 묘소 정리 등을 포함합니다. 따라서 보기 중 가장 적절한 것은 A입니다.

### ANSWER
A"
KIIP_geography_56,KIIP_geography_56,Geography,0,B,B,"The Gyeongsang region is located in southeastern South Korea and includes the major metropolitan cities of Busan, Daegu, and Ulsan. The other options list cities belonging to different regions such as Gyeonggi, Chungcheong, or Honam. Therefore, the correct choice is B.

### ANSWER
B"
KIIP_geography_57,KIIP_geography_57,Geography,0,B,B,"경상지역은 경상북도와 경상남도를 포함하며, 울릉도와 독도는 행정구역상 경상북도 울릉군에 속합니다. 제주도는 제주특별자치도, 강화도와 월미도는 인천광역시에 속하므로 해당되지 않습니다. 따라서 경상지역에 속한 섬은 독도와 울릉도입니다.

### ANSWER
B"
KIIP_geography_58,KIIP_geography_58,Geography,0,D,D,"The Gyeongsang region is historically and currently a major center of South Korea's manufacturing sector. Key industries such as steel production in Pohang, shipbuilding in Ulsan and Geoje, and automobile manufacturing in Ulsan are concentrated there. These heavy industries were actively promoted by government-led economic development policies. Therefore, the industry that developed in the Gyeongsang region is manufacturing, or 공업.

### ANSWER
D"
KIIP_geography_59,KIIP_geography_59,Geography,0,A,A,"구미는 국가산업단지 조성 이후 섬유 산업이 발달했고, 이후 전자 산업의 중심지로 성장하여 반도체 등 전자 산업이 크게 발달했다.

### ANSWER
A"
KIIP_geography_60,KIIP_geography_60,Geography,0,A,A,"포항은 POSCO 제철소가 있어 제철 산업이 대표적이며, 울산은 현대중공업과 현대자동차 등이 위치해 조선 및 자동차 산업이 발달했습니다. 따라서 두 도시를 함께 묶은 보기는 제철소와 조선소 및 자동차 공장입니다.

### ANSWER
A"
KIIP_geography_61,KIIP_geography_61,Geography,0,A,A,"### ANSWER
A"
KIIP_geography_62,KIIP_geography_62,Geography,0,C,C,"경주는 신라의 수도였던 곳으로, 불국사, 석굴암, 천마총 등 신라 시대의 문화유산이 많이 남아 있다.

### ANSWER
C"
KIIP_geography_63,KIIP_geography_63,Geography,0,D,D,"### ANSWER
D"
CSAT_korean_17_6,CSAT_korean_17_6,Functional,0,E,C,"### ANSWER
C"
CSAT_korean_14_1,CSAT_korean_14_1,Functional,0,A,A,"Option A is not appropriate because the student’s question “이 그림은 별자리인가요?” is asked before the professor explains the back of the bill, so it is not a confirmation of understanding of the professor’s prior explanation. The other options are clearly supported: the student reacts positively, the professor checks prior knowledge, evokes the student’s learning experience, and adds details upon request. Therefore, A is the incorrect description.

### ANSWER
A"
CSAT_korean_14_2,CSAT_korean_14_2,Functional,0,B,B,"인터뷰에서 박사님은 먼저 천원권의 ‘계상정거도’(조선 후기)를 설명하고, 이후 만원권의 ‘용비어천가’와 ‘천상열차분야지도’(조선 초)를 설명하셨다. 따라서 설명 순서는 시대순이 아니며, B안은 “설명 순서대로”와 “시대순으로”라는 서로 맞지 않는 기준을 함께 제시하고 있다. 나머지 선택지는 인터뷰 내용을 바탕으로 한 기사 구성 방식으로 모두 적절하다.

### ANSWER
B"
CSAT_korean_14_3,CSAT_korean_14_3,Functional,0,E,E,"학생들은 신문 기사에서 아름시장의 특징과 관련 없는 전국 전통 시장 분포 내용은 제외하고, 아름시장의 장점을 부각할 수 있는 설문 결과와 우수 사례 기사를 활용하기로 하였다. 이는 자료가 발표 주제인 아름시장의 특징을 제시하는 데 필요한지 판단한 것이다. 따라서 가장 적절한 설명은 E이다.

### ANSWER
E"
CSAT_korean_14_4,CSAT_korean_14_4,Functional,0,C,C,"(ㄷ)은 청중의 이해 정도를 확인하기 위한 질문이 아니라, 청중의 흥미와 호기심을 유발하기 위한 표현이다. 따라서 ‘청중의 이해 정도를 확인하기 위해 질문의 방식을 사용하고 있다’는 설명은 적절하지 않다.

### ANSWER
C"
CSAT_korean_14_5,CSAT_korean_14_5,Functional,0,D,D,"청자 1은 아름시장의 시도들을 긍정적으로 평가했지만 실제 행동 변화를 언급하지 않았고, 청자 3은 야금장터의 예술가 참여에 대해 비판적이며 단순한 볼거리에 그칠 것이라고 우려했다. 따라서 야금장터 설명이 청자의 행동 변화를 유도하는 데 효과적이었다고 보기는 어렵다. 다른 보기들은 각 청자의 반응을 타당하게 분석하고 있다.

### ANSWER
D"
CSAT_korean_14_6,CSAT_korean_14_6,Functional,0,A,A,"(가)에서 글쓴이는 친환경 농산물 인증 표시에 대한 궁금증을 바탕으로 자료를 조사하여 글을 쓰게 되었고, (나)에서 독자에게 정보를 전달하고자 한다. 이는 일상생활에서 문제를 발견하고 해결하려는 활동이며, 사회적 관심사인 친환경 농산물을 화제로 삼고 있다. 또한 그림 자료를 활용하여 내용 전달의 효과를 높이고 있다. 그러나 글쓰기 전부터 지니고 있던 배경 지식을 배제한다는 것은 작문의 특성으로 적절하지 않다.

### ANSWER
A"
CSAT_korean_14_8,CSAT_korean_14_8,Functional,0,C,C,"(ㄱ)은 ‘표시가 부착될’로 피동 표현이 자연스럽고, (ㄴ)은 ‘나뉘어진다’가 이중 피동이므로 ‘나뉜다’가 적절하다. (ㄹ)은 ‘기준의 1/2’로 조사가 바르며, (ㅁ)은 ‘실감하는’보다 ‘실천하는’이 문맥에 맞다. 그러나 (ㄷ)은 유기농과 무농약의 차이를 대조하므로 ‘그러나’가 오히려 자연스럽고, ‘그런데’로 바꿀 필요가 없다. 따라서 적절하지 않은 것은 C이다.

### ANSWER
C"
Kedu_15_1,Kedu_15_1,Grammar,0,B,B,"'좁쌀'의 'ㅂ'은 의미를 가지는 형태소가 아니라 단순한 음운에 해당하므로, 형태소의 예로 옳지 않다. 나머지 보기는 각각 음운, 단어, 절의 예로 적절하다.

### ANSWER
B"
Kedu_15_2,Kedu_15_2,Grammar,0,D,D,"한국어는 조사와 어미가 발달한 교착어이며, 파생접미사가 접두사보다 많고, 모음조화를 어기는 반복합성어도 존재한다. 그러나 조사는 이형태를 가지지만 항상 생략이 불가능한 것은 아니다. 구어에서 목적격 조사나 주격 조사가 생략되는 경우가 있다. 따라서 옳지 않은 설명은 D이다.

### ANSWER
D"
Kedu_15_3,Kedu_15_3,Grammar,0,D,D,"한국어는 SOV 어순, 주격/목적격 중출, 주체 높임의 조사·어미 실현이 특징이다. 그러나 관형어는 피수식어 앞에 고정적으로 위치해야 하며 자유롭게 이동할 수 없다.

### ANSWER
D"
Kedu_15_4,Kedu_15_4,Grammar,0,A,A,"파생 접미사는 어근에 결합하여 새 단어를 만들고 품사를 바꿀 수 있으며 결합 제약이 큰 반면, 어미는 용언의 어간에 붙어 문법적 기능을 하며 단어 형성에 참여하지 않고 품사도 바꾸지 않는다. 따라서 B, C, D는 일반적 설명으로 옳다. A의 “파생 접미사는 의미가 일정하지만, 어미는 의미가 일정하지 않다”는 일반적 설명으로 적절하지 않다. 파생 접미사도 여러 의미를 가질 수 있고, 어미도 문법적 의미가 비교적 일정하게 쓰이기 때문이다.

### ANSWER
A"
Kedu_15_5,Kedu_15_5,Grammar,0,A,A,"바람과 보람은 첫 음절의 모음 /a/와 /o/만 다르고 나머지 음운 환경이 동일하여 의미가 달라지는 최소대립쌍이다. 나머지 보기들은 발음이 같거나 두 개 이상의 음운 차이를 보인다.

### ANSWER
A"
Kedu_15_6,Kedu_15_6,Grammar,0,B,B,"ㅔ is a mid front unrounded vowel, while ㅗ is a mid back rounded vowel. They differ in both tongue frontness/backness and lip rounding, which are two separate classification criteria. The other pairs differ by only one criterion each. Therefore, the pair opposed by two or more classification criteria is ㅔ : ㅗ.

### ANSWER
B"
Kedu_15_7,Kedu_15_7,Grammar,0,D,D,"표준어 단모음은 ㅏ, ㅐ, ㅓ, ㅔ, ㅗ, ㅚ, ㅜ, ㅟ, ㅡ, ㅣ 등이 있고, 이중모음은 ㅑ, ㅒ, ㅕ, ㅖ, ㅛ, ㅠ의 ‘ㅣ(j)’계와 ㅘ, ㅙ, ㅝ, ㅞ의 ‘ㅜ(w)’계, 그리고 ㅢ가 있다. 따라서 ‘ㅜ(w)’계 이중모음이 ‘ㅣ(j)’계 이중모음보다 더 많다는 설명은 옳지 않다. A, B, C는 표준어 모음 체계에 부합하는 옳은 설명이다.

### ANSWER
D"
Kedu_15_8,Kedu_15_8,Grammar,0,C,D,"### ANSWER
D"
KIIP_society_121,KIIP_society_121,Society,0,D,D,"### ANSWER
D"
KIIP_society_122,KIIP_society_122,Society,0,B,B,"### ANSWER
B"
KIIP_society_123,KIIP_society_123,Society,0,A,A,"우편물이나 짐, 상품을 원하는 장소까지 배달하는 업무는 우체국이 담당한다. 다른 보기는 통신, 금융, 치안 업무와 관련되어 있다.

### ANSWER
A"
KIIP_society_124,KIIP_society_124,Society,0,A,A,"보이스 피싱은 전화를 이용해 상대방을 속여 개인정보나 금융정보를 빼내는 사기 수법입니다. 주민등록번호 등을 알아내 범죄에 이용하는 행위가 핵심이므로 A가 정답입니다.

### ANSWER
A"
KIIP_society_125,KIIP_society_125,Society,0,B,B,"### ANSWER
B"
KIIP_society_126,KIIP_society_126,Society,0,D,B,"신문은 주로 지하철역, 편의점, 대형 마트 등에서 판매된다. 버스 정류장에는 신문을 판매하는 판매대나 점포가 일반적으로 없다. 따라서 신문을 구입할 수 없는 곳은 버스 정류장이다.

### ANSWER
B"
KIIP_society_127,KIIP_society_127,Society,0,C,C,C
KIIP_society_128,KIIP_society_128,Society,0,A,A,"### ANSWER
A"
PSE_history_17_17,PSE_history_17_17,History,0,C,C,"제시된 자료는 묘청이 서경 천도를 주장하며 인종을 설득한 내용으로, 풍수도참 사상에 바탕을 둔 것이다. 이러한 사상은 서경 천도 운동의 배경이 되었고, 고려 문종 때 남경 설치, 공민왕·우왕 때 한양 천도 주장의 근거로도 활용되었다. 반면 초제는 도교에서 하늘에 제사를 지내는 의식으로, 풍수도참 사상과 직접적인 관련이 없다. 따라서 옳지 않은 것은 C이다.

### ANSWER
C"
PSE_history_17_18,PSE_history_17_18,History,0,C,C,"### ANSWER
C"
PSE_history_17_19,PSE_history_17_19,History,0,A,A,"### ANSWER
A"
PSE_history_18_1,PSE_history_18_1,History,0,A,A,"통일신라에서는 지방의 촌락을 촌주가 다스렸으며, 이는 촌의 행정을 촌주가 담당하였다는 설명과 일치한다. 발해는 5경 15부 62주 체제였고, 고려의 면리제는 조선에서 확립되었으며, 사심관은 고려 초기에 호족을 통제하기 위해 파견된 제도이다. 따라서 옳은 것은 A이다.

### ANSWER
A"
PSE_history_18_2,PSE_history_18_2,History,0,B,C,"이 담판은 993년 고려의 서희가 거란(요)의 소손녕과 벌인 외교 협상이다. 거란은 고구려 땅을 자신들의 소유라 주장했고, 고려는 자신이 고구려 계승국임을 내세워 맞섰다. 협상 결과 고려는 압록강 동쪽의 강동 6주를 확보하게 되었다. 따라서 이후 (을)의 활동으로 옳은 것은 강동 6주 경략이다.

### ANSWER
C"
PSE_history_18_3,PSE_history_18_3,History,0,A,A,"The passage describes King Gwanggaeto the Great of Goguryeo sending troops to aid Silla in 400 CE. This military intervention allowed Goguryeo to expand its influence over the Korean peninsula and interfere more directly in Silla’s internal affairs. Therefore, the correct result of ㉠ is that Goguryeo strengthened its intervention in Silla’s domestic matters.

### ANSWER
A"
PSE_history_18_4,PSE_history_18_4,History,0,C,C,"### ANSWER
C"
PSE_history_18_5,PSE_history_18_5,History,0,C,B,"(가)는 고려의 팔관회로, 성종이 폐지하였다가 최항의 건의로 부활되었다. 팔관회는 음력 11월 15일에 열렸으며, 국제 교류의 장이자 토속 신에게 제사를 지내는 행사였다. 또한 훈요 10조에서 그 시행이 강조되었다. 따라서 정월 보름에 개최되었다는 설명은 연등회에 해당하므로 옳지 않다.

### ANSWER
B"
KIIP_geography_64,KIIP_geography_64,Geography,0,A,A,"### ANSWER
A"
KIIP_geography_65,KIIP_geography_65,Geography,0,B,B,"The event associated with Daegu among the choices is the World Athletics Championships, which is the only option linked to Daegu. The other choices are connected to different cities or are not major Daegu-hosted events. Therefore, the best answer is B.

### ANSWER
B"
KIIP_geography_66,KIIP_geography_66,Geography,0,B,B,"### ANSWER
B"
KIIP_geography_67,KIIP_geography_67,Geography,0,D,D,"제주도에 위치한 가장 높은 산은 한라산이며, 이는 대한민국에서도 가장 높은 산이다. 설악산과 지리산은 한반도 본토에, 백두산은 북쪽에 있어 제주도의 산이 아니다.

### ANSWER
D"
KIIP_geography_68,KIIP_geography_68,Geography,0,C,C,"### ANSWER
C"
KIIP_geography_69,KIIP_geography_69,Geography,0,A,A,"### ANSWER
A"
KIIP_geography_70,KIIP_geography_70,Geography,0,D,D,"제주 화산섬과 용암동굴은 유네스코 세계자연유산으로, 한라산 천연보호구역, 성산일출봉, 거문오름 용암동굴계가 포함됩니다. 남산은 제주도에 위치하지 않으며 이 유산에 포함되지 않습니다. 따라서 정답은 남산입니다.

### ANSWER
D"
KIIP_geography_71,KIIP_geography_71,Geography,0,C,C,"전라지역은 한반도의 서남부에 해당하며, 전라북도와 전라남도를 포함한다. 지리적으로 서쪽은 황해, 남쪽은 남해에 접해 있어 서남부 방향에 위치한다. 따라서 정답은 C이다.

### ANSWER
C"
TK_2018_32,TK_2018_32,Textual,0,A,A,"The passage states that differing local times caused problems for railroad use, and a Canadian railroad engineer proposed standard time based on longitude to solve this. This directly matches the idea that the need for standard time was raised in the railroad field. The other options incorrectly describe who decided time, when standard time was used, or the effect of standard time on passengers.

### ANSWER
A"
TK_2018_33,TK_2018_33,Textual,0,C,C,C
TK_2018_34,TK_2018_34,Textual,0,B,B,"이 글은 요약형 정보의 장점을 인정하면서도, 그러한 정보에만 의존할 경우 관찰·분석 능력과 비판적 사고력이 약화될 수 있음을 우려하고 있습니다. 따라서 주제는 요약형 정보가 사고력 저하를 초래할 수 있다는 점입니다.

### ANSWER
B"
TK_2018_35,TK_2018_35,Textual,0,D,D,"The passage warns that as visual media increasingly influence novel writing and publishing, the unique qualities of pure literature may disappear. This points to a potential crisis for pure literature caused by the growing power of visual media. Therefore, option D best expresses the main topic.

### ANSWER
D"
TK_2018_36,TK_2018_36,Textual,0,D,D,"분자 요리가 과학을 응용해 식재료의 물리적 제약을 넘어 새로운 형태와 식감을 만들고, 고유의 맛과 향을 유지하면서 새로운 요리 문화를 이끌 것으로 기대된다는 내용이 핵심이다. 따라서 주제는 분자 요리가 새로운 요리 문화를 이끌 요리법으로 주목받고 있다는 것이다.

### ANSWER
D"
TK_2018_37,TK_2018_37,Textual,0,A,A,"The sentence in <보기> presents a negative view of commercial streets, which contrasts with the positive claim that follows “하지만.” Placing it at ㉠ after the initial observation creates a natural flow: streets are full of shops, some frown at this, but shops actually play a positive role.

### ANSWER
A"
TK_2018_38,TK_2018_38,Textual,0,B,A,A
TK_2018_39,TK_2018_39,Textual,0,D,D,"### ANSWER
D"
KIIP_tradition_46,KIIP_tradition_46,Tradition,0,B,B,"윷놀이는 한국의 전통 놀이로, 네 개의 윷가락을 던져 나온 결과에 따라 말판 위의 말을 이동시키는 놀이입니다. 따라서 보기 중에서 정확한 설명은 B입니다.

### ANSWER
B"
KIIP_tradition_47,KIIP_tradition_47,Tradition,0,A,A,"연날리기는 한국의 전통 놀이 중 하나로, 대나무 가지에 종이를 붙여 만든 연을 하늘에 띄우는 활동입니다. 이 놀이는 바람을 이용해 연을 높이 날리는 것이 특징입니다. 보기 중에서 대나무 가지에 종이를 붙여 만든 연을 하늘에 띄우는 놀이는 A가 유일합니다. 따라서 정답은 A입니다.

### ANSWER
A"
KIIP_tradition_48,KIIP_tradition_48,Tradition,0,A,A,"Flying kites on Daeboreum is a traditional Korean custom meant to cast off bad luck and misfortune. By releasing the kite into the sky, people symbolically send negative energy away. This practice is not about attracting good luck or communicating with gods. Therefore, the correct choice is A.

### ANSWER
A"
KIIP_tradition_49,KIIP_tradition_49,Tradition,0,B,B,"정월대보름은 음력 1월 15일로, 새해 첫 보름달을 기념하는 날입니다. ""정월""은 음력 1월을 뜻하며, ""대보름""은 보름달이 뜨는 15일을 가리킵니다. 따라서 다른 선택지들은 정월대보름의 날짜가 아닙니다.

### ANSWER
B"
KIIP_tradition_50,KIIP_tradition_50,Tradition,0,B,B,"정월대보름 아침에 더위를 먹지 않기 위해 “내 더위 사가라”라고 외치는 전통 풍습이 있습니다.

### ANSWER
B"
KIIP_tradition_51,KIIP_tradition_51,Tradition,0,A,A,"Daeboreum, the first full moon of the lunar year, is traditionally celebrated with ogokbap (five-grain rice) and muk-eun namul (dried vegetable side dishes). These foods symbolize health and a good harvest. Tteokguk is associated with Seollal, while samgyetang is eaten in summer. Therefore, the correct answer is A.

### ANSWER
A"
KIIP_tradition_52,KIIP_tradition_52,Tradition,0,A,A,A
KIIP_tradition_53,KIIP_tradition_53,Tradition,0,A,A,"The custom of eating nuts on Jeongwol Daeboreum is called ""bureom."" It is traditionally believed to prevent boils and skin diseases and to keep one's teeth healthy. This practice reflects folk beliefs about warding off illness in the new year. Among the options, only A matches this traditional reason.

### ANSWER
A"
CSAT_korean_14_9,CSAT_korean_14_9,Functional,0,E,E,"'오리 토끼’ 그림, 선입견의 위험성, 다양한 관점의 중요성을 모두 포함하고 있으며, ‘동굴’과 ‘틀’이라는 비유를 활용해 학문 탐구의 태도를 효과적으로 드러내고 있다.

### ANSWER
E"
CSAT_korean_14_10,CSAT_korean_14_10,Functional,0,D,D,"글에는 참가 동기(ㄱ), 시간 순서에 따른 체험 내용(ㄴ), 깨달음(ㄷ), 참여 권유(ㅁ)가 모두 나타난다. 그러나 대학 측에 바라는 점(ㄹ)은 글 어디에도 제시되지 않았다. 따라서 반영되지 않은 것은 (ㄹ)이다.

### ANSWER
D"
CSAT_korean_18_1,CSAT_korean_18_1,Functional,0,A,A,"진행자는 사연을 읽은 뒤 사연 내용을 요약하고, 사연 신청자의 마음을 따뜻하게 느낀다고 말하며 공감하고 있다. 이후 자존감에 대한 설명과 도움 방법을 제시하지만, 이는 사연 정리와 공감을 바탕으로 한 것이다. 다음 방송 예고, 사연 선정 동기, 자신의 경력 소개, 다양한 관점 유도는 나타나지 않는다. 따라서 가장 적절한 것은 A이다.

### ANSWER
A"
CSAT_korean_18_2,CSAT_korean_18_2,Functional,0,C,C,"방송에서 자존감의 의미를 설명하고(ㄱ), 자존감이 낮은 일반적 원인을 제시한 뒤 사연에 적용했으며(ㄴ), ‘장점 말해 주기’와 ‘감정 헤아려 주기’ 방법을 예와 효과와 함께 안내했습니다(ㄹ, ㅁ). 그러나 사연과 유사한 다른 문제 상황을 추가로 제시한 부분은 없습니다. 따라서 방송에 반영되지 않은 것은 (ㄷ)입니다.

### ANSWER
C"
CSAT_korean_18_3,CSAT_korean_18_3,Functional,0,C,C,"청취자 3은 자신의 딸에게 긍정적인 면을 말해 주겠다고 다짐하고 있을 뿐, 다른 사람들에게 그 방법을 권유하는 내용은 아니다. 따라서 “다른 사람들에게 권유하고 적용할 것을 다짐하고 있군”이라는 분석은 적절하지 않다. 나머지 청취자들의 반응은 방송 내용을 바탕으로 한 분석으로 적절하다.

### ANSWER
C"
CSAT_korean_18_4,CSAT_korean_18_4,Functional,0,D,D,"(라)는 선생님들도 응원 메시지를 직접 써서 가슴에 달고 뛰었다는 사실을 반영해야 한다는 논의를 따르지 않고, 여전히 학생들만 응원 메시지를 직접 써서 달고 뛴 것으로 서술하고 있어 적절하지 않다. 나머지 계획들은 회의에서 논의된 수정 방향과 일치한다.

### ANSWER
D"
CSAT_korean_18_5,CSAT_korean_18_5,Functional,0,D,D,"The discussion specifies that the final part should include the student council president’s interview about difficulties in organizing the event, content revealing harmony, and post-event results. Option D includes all three: the president mentions difficulty with venue booking, the event is described as teachers and students becoming one, and the donated money was delivered to K’s family. Other options omit at least one required element, such as the difficulty interview or the post-event result.

### ANSWER
D"
CSAT_korean_18_6,CSAT_korean_18_6,Functional,0,E,E,"(ㄱ)은 표제의 문제를 설명해 달라는 요청이고, (ㄴ)은 상대 제안이 기사 의도와 어긋난다고 판단해 반대하는 발화이며, (ㄷ)은 의도가 본문에 드러났는지 확인하는 발화, (ㄹ)은 이전 논의를 환기하는 발화로 모두 적절하다. 그러나 (ㅁ)은 학생 1의 분량 고려 의견에 동의하면서 지면이 한정적이라는 이유를 덧붙인 것이지, 상반된 의견을 드러낸 것이 아니다. 따라서 (ㅁ)에 대한 이해가 적절하지 않다.

### ANSWER
E"
PSAT_19_20,PSAT_19_20,Law,0,A,A,"The incorrect statement is A, because statutory limits on sentencing set by the legislature do not violate judicial independence; judges are bound by law. The other choices correctly describe the binding effect of superior court judgments, non-reappointment for poor performance, and the Chief Justice's assignment authority.

### ANSWER
A"
PSAT_19_21,PSAT_19_21,Law,0,B,D,"### ANSWER
D"
PSAT_19_22,PSAT_19_22,Law,0,B,B,"### ANSWER
B"
PSAT_19_23,PSAT_19_23,Law,0,D,B,"국회법상 총선거 후 첫 집회는 의원 임기 개시 후 7일 이내에 집회하도록 규정되어 있다. 따라서 “7일에 집회한다”라고 한 B는 옳지 않다. A, C, D는 각각 휴회 중 회의 재개, 회의 공개 원칙의 예외, 운영위원회의 본회의 중 개회 제한에 관한 규정으로 타당하다.

### ANSWER
B"
PSAT_19_25,PSAT_19_25,Law,0,D,D,"### ANSWER
D"
PSAT_20_1,PSAT_20_1,Law,0,D,A,"### ANSWER
A"
PSAT_20_2,PSAT_20_2,Law,0,B,B,"B는 헌법 제109조에 따라 심리 비공개가 법원의 결정으로 가능하지만, 당사자의 청구가 있어야만 가능하다고 한 점이 틀렸다. A는 헌법 제107조 제3항의 행정심판 규정으로 옳고, C는 국민참여재판이 헌법상 재판받을 권리에 포함되지 않는다는 판례에 부합한다. D는 비상계엄 하에서 군사법원이 군인이 아닌 국민도 일정한 범죄에 대해 재판할 수 있다는 점에서 옳다.

### ANSWER
B"
PSAT_20_3,PSAT_20_3,Law,0,D,D,"### ANSWER
D"
KIIP_society_129,KIIP_society_129,Society,0,A,A,"EBS는 한국교육방송공사로, 주로 교육 관련 프로그램을 방송한다. 따라서 정답은 교육이다.

### ANSWER
A"
KIIP_society_130,KIIP_society_130,Society,0,C,C,"'강남스타일' 뮤직비디오는 유튜브에 업로드되어 전 세계적으로 유명해졌습니다. 네이버와 다음은 포털 사이트이고, 페이스북은 SNS이므로 정답은 유튜브입니다.

### ANSWER
C"
KIIP_society_131,KIIP_society_131,Society,0,A,A,"조선일보, 중앙일보, 동아일보, 한국일보, 한겨레, 경향신문은 모두 전국적으로 발행되는 종합 일간지로, 정치·경제·사회·문화 등 다양한 분야를 보도하는 일반신문에 해당합니다. 스포츠나 경제 분야에 특화된 신문도 아니고, 특정 지역만을 대상으로 하는 지방지도 아니며, 인터넷 전용 매체도 아닙니다. 따라서 정답은 일반신문입니다.

### ANSWER
A"
KIIP_society_132,KIIP_society_132,Society,0,C,C,"### ANSWER
C"
KIIP_society_133,KIIP_society_133,Society,0,A,A,"공영방송은 공공의 이익을 위해 공공 기관이 운영하는 방송을 의미하며, 국가가 직접 운영하는 국영방송과는 구별됩니다. 따라서 정답은 A입니다.

### ANSWER
A"
KIIP_society_134,KIIP_society_134,Society,0,D,D,"공중파(지상파) 방송 채널에는 KBS, MBC, EBS, SBS가 해당합니다. JTBC는 종합편성채널로 케이블·IPTV를 통해 송출되는 유료 방송이므로 공중파 채널이 아닙니다. 따라서 정답은 D입니다.

### ANSWER
D"
KIIP_society_135,KIIP_society_135,Society,0,B,B,"Naver is the dominant portal site in South Korea, with the largest market share among search engines and web portals. As of 2020, it remains the most widely used portal, surpassing Daum, Nate, and Yahoo. Therefore the correct choice is B.

### ANSWER
B"
KIIP_society_136,KIIP_society_136,Society,0,A,A,"강남스타일은 싸이(PSY)의 대표적인 노래로, 2012년에 발매되어 전 세계적으로 큰 인기를 얻었다. 따라서 정답은 싸이이다.

### ANSWER
A"
KIIP_geography_72,KIIP_geography_72,Geography,0,A,A,"전주는 전통 한옥 마을로 유명하며, 조선 시대 양식의 한옥들이 잘 보존되어 있다. 따라서 정답은 전통한옥이다.

### ANSWER
A"
KIIP_geography_73,KIIP_geography_73,Geography,0,A,A,"Gwangju is widely known for its automobile manufacturing industry, particularly with Kia Motors' plant located there. Gwangyang is famous for the POSCO steelworks, one of the largest steel production facilities in the world. Therefore, the industries that developed in both cities are automobiles and steel. The other options do not correspond to the dominant industries of these two cities.

### ANSWER
A"
KIIP_geography_74,KIIP_geography_74,Geography,0,D,B,"2010년대 전라지역은 인구 유출과 고령화로 인구가 감소하는 추세였으며, 인구증가는 발전 요인이 아니었다. 교통 인프라 개선, 기업 투자 유치, 특산물 홍보는 지역 발전에 기여한 요인으로 볼 수 있다. 따라서 정답은 B이다.

### ANSWER
B"
KIIP_geography_75,KIIP_geography_75,Geography,0,C,C,"제주도는 대한민국에서 가장 큰 섬으로, 면적이 약 1,833km²에 달합니다. 울릉도, 독도, 거제도는 모두 제주도보다 면적이 작습니다. 따라서 한국에서 가장 큰 섬은 제주도입니다.

### ANSWER
C"
KIIP_geography_76,KIIP_geography_76,Geography,0,D,D,"한라산은 제주도에 위치한 남한에서 가장 높은 산으로 해발 약 1,947m이다. 지리산은 약 1,915m, 설악산은 약 1,708m, 북한산은 약 836m로 모두 한라산보다 낮다. 따라서 정답은 한라산이다.

### ANSWER
D"
KIIP_geography_77,KIIP_geography_77,Geography,0,A,A,"제주도는 예로부터 ‘삼다도’라 불리며 바람, 돌, 여자가 많다고 알려져 있습니다. 이와 관련된 속담과 이야기가 많이 전해져 내려옵니다.

### ANSWER
A"
KIIP_geography_78,KIIP_geography_78,Geography,0,A,D,"### ANSWER
D"
KIIP_geography_79,KIIP_geography_79,Geography,0,C,C,"### ANSWER
C"
TK_2018_40,TK_2018_40,Textual,0,B,B,"어머니는 가게를 연 당일 주영이 나와서 돕지 않은 것에 대해 가족인데 왜 돕지 않느냐는 섭섭함을 느끼고 있다. 따라서 가장 알맞은 감정은 ‘서운하다’이다.

### ANSWER
B"
TK_2018_41,TK_2018_41,Textual,0,D,D,"부모님은 본사 지원 인력의 지시에 따라 겁먹은 눈으로 “예, 예” 하며 굽실거렸다고 했으므로, D가 내용과 일치한다.

### ANSWER
D"
TK_2018_42,TK_2018_42,Textual,0,D,D,"글은 시간에 쫓기면 한 가지에만 집중하게 되어 다른 중요한 일들을 놓칠 수 있다고 말한다. 소방관의 안전벨트 예를 통해 시간 부족이 위험한 결과를 초래할 수 있음을 보여 준다. 따라서 시간 부족이 반드시 효율적이거나 긍정적이지만은 않다는 것이 주제이다. 이는 선택지 D와 일치한다.

### ANSWER
D"
TK_2018_43,TK_2018_43,Textual,0,B,D,"시간에 쫓기면 한 가지에만 집중하고 다른 것들을 놓치게 된다는 문맥이므로, 빈칸은 ‘전적으로 하나에만 매달리는’이 가장 적절하다.

### ANSWER
D"
TK_2018_44,TK_2018_44,Textual,0,A,A,"### ANSWER
A"
TK_2018_45,TK_2018_45,Textual,0,D,A,"The passage states that adhesive tape could not withstand the extreme temperature changes in space, which aligns with choice A. The harpoon was a physical-force tool, not an adhesive-based alternative, so B is incorrect. The passage explicitly says space garbage collection differs from Earth, contradicting C. Finally, researchers recently succeeded in developing an adhesive tool, so D is false.

### ANSWER
A"
TK_2018_46,TK_2018_46,Textual,0,B,B,"The writer highlights that the current tax support conditions may only benefit large companies and suggests easing them to truly encourage research and development. This shows the main purpose is to point out problems with the tax support conditions.

### ANSWER
B"
TK_2018_47,TK_2018_47,Textual,0,A,A,"The blank fits the context of the government placing conditions on tax support, such as requiring a dedicated research department and domestic core technology. These are restrictions, so the government is imposing certain constraints. The phrase ""혜택이 큰 만큼"" logically connects to understanding the need for such restrictions. Therefore, A is the correct choice.

### ANSWER
A"
KIIP_tradition_54,KIIP_tradition_54,Tradition,0,B,B,"### ANSWER
B"
KIIP_tradition_55,KIIP_tradition_55,Tradition,0,B,B,"### ANSWER
B"
KIIP_tradition_56,KIIP_tradition_56,Tradition,0,C,C,"명절에는 가족과 친척들이 모이는 전통이 있어, 많은 사람들이 자신이 태어나고 자란 고향을 찾아갑니다. 따라서 명절 이동의 주요 목적지는 고향입니다.

### ANSWER
C"
KIIP_tradition_57,KIIP_tradition_57,Tradition,0,B,B,"추석은 한국의 대표적인 명절로 음력 8월 15일에 해당한다.

### ANSWER
B"
KIIP_tradition_58,KIIP_tradition_58,Tradition,0,B,B,"### ANSWER
B"
KIIP_tradition_59,KIIP_tradition_59,Tradition,0,B,B,"추석은 조상께 감사하는 차례를 지내는 명절로, 가족이 함께 송편을 만들고 성묘를 하는 전통이 있다. 불꽃놀이나 농사 시작은 추석의 핵심 행사가 아니다. 따라서 추석에 하는 행사로 가장 적절한 것은 차례를 지내는 것이다.

### ANSWER
B"
KIIP_tradition_60,KIIP_tradition_60,Tradition,0,C,C,"추석 전에는 조상의 산소를 정리하는 벌초를 하는 것이 일반적인 전통 행사입니다. 차례는 추석 당일에 지내는 제사이므로 시기상 맞지 않습니다. 불꽃놀이나 축제는 추석의 대표적인 전통 행사가 아닙니다. 따라서 정답은 벌초를 하는 것입니다.

### ANSWER
C"
KIIP_tradition_61,KIIP_tradition_61,Tradition,0,A,A,"### ANSWER
A"
Kedu_15_9,Kedu_15_9,Grammar,0,C,C,"### ANSWER
C"
Kedu_15_10,Kedu_15_10,Grammar,0,A,A,"A는 ‘닭똥[닥똥]’에서 자음군단순화는 적용되지만, ‘똥’은 원래부터 경음 ‘ㄸ’로 시작하므로 경음화가 적용되지 않는다. B는 ‘ㄲ’이 ‘ㄱ’으로 평폐쇄음화된 후 ‘ㄴ’ 앞에서 ‘ㅇ’으로 비음화된 것이 맞고, C는 ‘ㄴ’ 첨가 후 ‘ㅅ’이 ‘ㄷ’으로 평폐쇄음화되고 다시 비음화된 것이 맞다. D는 ‘ㄿ’이 자음군단순화로 ‘ㅍ’이 되고, ‘ㅍ’이 ‘ㅂ’으로 평폐쇄음화된 후 ‘ㄴ’ 앞에서 ‘ㅁ’으로 비음화된 것이 맞다. 따라서 옳지 않은 것은 A이다.

### ANSWER
A"
Kedu_15_11,Kedu_15_11,Grammar,0,B,B,"입학생의 표준발음은 [이팍쌩]이다. 입학에서 ㅂ과 ㅎ이 만나 ㅍ이 되는 격음화가 1회 일어나고, 학의 받침 ㄱ 뒤에 생의 ㅅ이 ㅆ이 되는 경음화가 1회 일어난다. 따라서 음운변동은 총 2회 적용된다.

### ANSWER
B"
Kedu_15_12,Kedu_15_12,Grammar,0,D,D,"㉠은 비음화, ㉡은 거센소리되기, ㉢과 ㉣은 ㅎ탈락이다.  
삼라만상은 비음화, 집합은 거센소리되기, 낳아는 ㅎ탈락으로 각각 같다.  
그러나 막는은 [망는]으로 비음화이므로 ㉣의 ㅎ탈락과 다르다.

### ANSWER
D"
Kedu_15_13,Kedu_15_13,Grammar,0,C,C,"### ANSWER
C"
Kedu_15_14,Kedu_15_14,Grammar,0,B,B,"주격 조사 ‘이’와 ‘가’는 앞말의 받침 유무에 따라 교체되는 이형태이고, 연결 어미 ‘-면’과 ‘-으면’, 명령형 종결 어미 ‘-아라’와 ‘-여라’도 환경에 따라 교체되는 이형태입니다. 그러나 부사격 조사 ‘에’와 ‘에서’는 의미와 기능이 서로 다른 별개의 조사이므로 이형태 관계가 아닙니다.

### ANSWER
B"
Kedu_15_15,Kedu_15_15,Grammar,0,C,C,"### ANSWER
C"
Kedu_15_16,Kedu_15_16,Grammar,0,A,C,"### ANSWER
C"
PSE_history_18_6,PSE_history_18_6,History,0,A,B,"### ANSWER
B"
PSE_history_18_7,PSE_history_18_7,History,0,A,A,"The passage refers to King Jungjong, during whose reign Jo Gwang-jo promoted Confucian reforms including the publication of ""이륜행실"" to supplement ""삼강행실."" Among the options, Ju Sebung founded Baekundong Seowon in 1543, which falls within Jungjong's reign. The other events belong to different reigns: Kim Si-seup's work was earlier, the compilation of ""국조오례의"" and ""동국여지승람"" was under Seongjong, and Jiphyeonjeon was established under Sejong. Thus the correct event during Jungjong's reign is A.

### ANSWER
A"
PSE_history_18_8,PSE_history_18_8,History,0,C,B,"주어진 법률은 1938년 제정된 국가총동원법으로, 이에 근거하여 물자통제령, 금속류회수령, 국민징용령 등이 시행되었다. 육군특별지원병령은 조선인을 일본군에 지원병으로 참여시키는 별도의 군사 정책으로, 국가총동원법에 따른 노무 동원 정책이 아니다. 따라서 옳지 않은 것은 B이다.

### ANSWER
B"
PSE_history_18_9,PSE_history_18_9,History,0,B,B,"(가)는 일제강점기 초기의 토지조사사업을 담당한 토지조사국이다. 토지조사사업은 1910년대에 시행되었으므로, 이 시기에 볼 수 있었던 사실을 골라야 한다. 이광수의 소설 《무정》은 1917년에 《매일신보》에 연재되었으므로 1910년대의 모습에 해당한다. 다른 선택지들은 1920년대 이후의 상황이므로 적절하지 않다.

### ANSWER
B"
PSE_history_18_10,PSE_history_18_10,History,0,D,B,"### ANSWER
B"
PSE_history_18_11,PSE_history_18_11,History,0,B,C,"주어진 기록은 신문왕 원년(681) 김흠돌 등의 반역 사건과 9년(689) 달구벌 천도 시도 실패를 가리키므로, 이 왕은 신라 신문왕입니다. 신문왕 재위 중인 682년에 국학을 설치하여 유학을 교육하였습니다. 따라서 옳은 사실은 국학 설치입니다.

### ANSWER
C"
PSE_history_18_12,PSE_history_18_12,History,0,B,B,"발해가 고구려를 계승한 독자적 국가임을 보여주려면 중국이나 러시아의 영향이 아닌 한국 고유의 문화적 증거가 필요하다. 상경성에서 출토된 온돌 장치는 한국 고유의 난방 문화로, 발해의 한국적 정체성을 증명한다. 주자감이나 3성 6부는 중국 제도의 수용으로 오히려 중국 측 주장에 부합할 수 있고, 신라와의 교통로는 독립성 증거로는 약하다.

### ANSWER
B"
PSE_history_18_13,PSE_history_18_13,History,0,D,D,"### ANSWER
D"
KIIP_society_137,KIIP_society_137,Society,0,D,D,"카카오톡, 트위터, 페이스북은 모두 한국에서 널리 사용되는 SNS 플랫폼입니다. 아마존은 온라인 쇼핑몰이지 SNS가 아닙니다. 따라서 SNS로 옳지 않은 것은 아마존입니다.

### ANSWER
D"
KIIP_society_138,KIIP_society_138,Society,0,A,A,"한국은 세계적으로도 손꼽히는 초고속 인터넷 인프라를 갖추고 있으며, 도시와 농어촌을 포함한 전국 대부분 지역에서 인터넷을 이용할 수 있다. 또한 인터넷 보급률과 이용률이 매우 높아 일상생활에서 인터넷이 보편화되어 있다. 따라서 인터넷이 제한적이거나 전혀 보급되지 않았다는 보기는 사실과 다르다. 가장 적절한 답은 한국 전역에 인터넷이 널리 보급되어 있다는 내용이다.

### ANSWER
A"
KIIP_society_139,KIIP_society_139,Society,0,D,D,D
KIIP_society_140,KIIP_society_140,Society,0,A,A,"블로그는 개인이 자신의 관심사나 일상을 글이나 사진으로 표현하는 공간으로, 한국에서도 주로 관심 있는 내용을 표현하는 데 사용됩니다. 온라인 게임, 영화 감상, 음악 감상은 블로그의 주된 활동이 아닙니다.

### ANSWER
A"
KIIP_society_141,KIIP_society_141,Society,0,A,A,"한국 사회복지제도는 사회보험, 공공부조, 사회복지 서비스의 세 영역으로 구분된다. 사회보험은 보험료를 기반으로 하고, 공공부조는 국가 재정으로 최저생활을 보장하며, 사회복지 서비스는 대인적 지원을 제공한다. 따라서 정답은 A이다.

### ANSWER
A"
KIIP_society_142,KIIP_society_142,Society,0,A,A,"사회보험은 건강보험, 고용보험, 국민연금, 산업재해보상보험의 네 가지로 구성된다. 공공부조나 사회복지 서비스는 사회보험에 포함되지 않는다. 따라서 정답은 A이다.

### ANSWER
A"
KIIP_society_143,KIIP_society_143,Society,0,C,C,"### ANSWER
C"
KIIP_society_144,KIIP_society_144,Society,0,A,A,"사회보험은 질병, 실업, 노령, 산업재해 등 국민 개개인이 감당하기 어려운 사회적 위험이 발생했을 때 소득을 보장하고 생활을 안정시키기 위한 제도입니다. 이러한 위험은 현재보다는 주로 미래에 발생할 가능성이 높기 때문에, 사회보험은 미래의 위험에 대비하여 사전적으로 가입하는 공적 보험입니다. 따라서 정답은 A입니다.

### ANSWER
A"
KIIP_tradition_62,KIIP_tradition_62,Tradition,0,C,C,"추석을 대표하는 전통 음식은 송편이다.

### ANSWER
C"
KIIP_tradition_63,KIIP_tradition_63,Tradition,0,B,B,"송편은 한국의 전통 떡으로, 반달 모양으로 빚는 것이 특징이다. 이는 풍요와 조상의 은혜를 상징한다. 따라서 별, 해, 꽃 모양이 아닌 달 모양이 정답이다.

### ANSWER
B"
KIIP_tradition_64,KIIP_tradition_64,Tradition,0,A,A,A
KIIP_tradition_65,KIIP_tradition_65,Tradition,0,C,C,"추석은 음력 8월 15일로, 이때 보름달이 떠서 일년 중 가장 크고 밝게 보입니다. 따라서 정답은 추석입니다.

### ANSWER
C"
KIIP_tradition_66,KIIP_tradition_66,Tradition,0,B,B,"추석은 음력 8월 15일 보름달이 뜨는 날로, 전통적으로 달을 맞이하며 강강술래 같은 놀이를 즐깁니다. 불꽃놀이, 눈싸움, 나무 등반은 추석의 전통적인 활동이 아닙니다.

### ANSWER
B"
KIIP_tradition_67,KIIP_tradition_67,Tradition,0,B,B,"송편은 한국의 전통 떡으로, 주재료는 멥쌀가루입니다. 쌀가루를 반죽하여 소를 넣고 빚어서 찌는 방식으로 만듭니다. 따라서 보기 중 송편의 주재료는 쌀입니다.

### ANSWER
B"
KIIP_tradition_68,KIIP_tradition_68,Tradition,0,C,C,"추석 밤에는 둥근 보름달을 바라보며 가족의 건강과 풍요를 기원하는 소원을 비는 전통이 있다. 보름달은 소원 성취와 행운을 상징한다. 노래 부르기나 춤추기는 추석 달맞이의 일반적인 풍습이 아니다. 따라서 정답은 소원 빌기이다.

### ANSWER
C"
KIIP_tradition_69,KIIP_tradition_69,Tradition,0,A,B,"2015년 인구주택총조사 기준으로 종교를 가진 사람들 중에서는 개신교의 비율이 가장 높습니다. 불교, 천주교, 유교보다 개신교 신자가 더 많습니다. 따라서 정답은 개신교입니다.

### ANSWER
B"
CSAT_korean_18_7,CSAT_korean_18_7,Functional,0,C,C,"[A]에서 학생 3은 학생 1과 학생 2의 의견이 대립하자 절충안을 제시한 것이 아니라, 학생 1의 비유적 표현 활용 의견을 선택하여 수용한다. [B]에서 학생 2는 학생 3이 선생님들의 응원 메시지 참여 사실을 누락한 것을 비판하고, 학생 1은 이에 동의한다. 학생 3은 학생 2의 지적을 받아들여 수정하겠다고 한다. 따라서 [A]에서는 학생 1의 의견을, [B]에서는 학생 2의 의견을 학생 3이 수용한 C가 적절하다.

### ANSWER
C"
CSAT_korean_18_8,CSAT_korean_18_8,Functional,0,B,B,"(다)에서 로봇세의 개념과 납부 주체를 설명한 부분은 (ㄱ)에, 로봇세 도입의 목적을 언급한 부분은 (ㄴ)에 대응한다. 또한 로봇세와 기술 개발의 관계 및 역사적 일자리 증가 사실을 제시한 것은 (ㄷ)의 반대 견해를 고려한 전략이다. 그런데 B는 (ㄴ)의 ‘로봇세 도입 목적’에 대한 궁금증을 해소하는 것이 아니라, 로봇세가 편안한 삶을 지연시킨다는 주장을 펼치는 것이므로 (ㄴ)을 고려한 전략으로 적절하지 않다. 따라서 정답은 B이다.

### ANSWER
B"
CSAT_korean_18_9,CSAT_korean_18_9,Functional,0,B,B,"Option B is incorrect because (b) describes historical cases where new machines reduced some jobs but increased overall industry employment; the student uses this to argue that robot-induced job loss is unlikely, not to claim that robot tax is double taxation. The double-taxation argument is based on existing corporate and income taxes, not on (b). Options A, C, D, and E accurately match the student’s use of the corresponding materials. Therefore, the inappropriate description is B.

### ANSWER
B"
CSAT_korean_18_10,CSAT_korean_18_10,Functional,0,B,B,"[A]는 과거 산업 혁명 사례를 근거로 일자리가 줄지 않을 것이라고 주장하지만, <보기>는 로봇의 생산 능력 향상으로 대체 규모가 기하급수적으로 커질 수 있음을 지적한다. 따라서 과거 사례만으로 미래를 단정하는 것은 성급하다는 반박이 가장 적절하다.

### ANSWER
B"
CSAT_korean_13_1,CSAT_korean_13_1,Functional,0,D,D,D
CSAT_korean_13_2,CSAT_korean_13_2,Functional,0,C,C,"(ㄱ)은 회사 측이 지역 주민 채용을 제시하며 공장 이전 허가를 요구하는 발화로, 자신의 요구를 직접 드러내고 있다. (ㄴ)은 시청 측의 채용 인원 확대 요구에 대해 더 이상 양보할 수 없는 한계를 밝히며 상대방의 이해를 구하는 발화이다. 따라서 (ㄱ)은 자신의 요구를 드러내고, (ㄴ)은 더 이상 양보할 수 없는 한계를 제시하는 것으로 설명한 C가 가장 적절하다.

### ANSWER
C"
CSAT_korean_13_4,CSAT_korean_13_4,Functional,0,D,A,"### ANSWER
A"
CSAT_korean_13_5,CSAT_korean_13_5,Functional,0,A,A,"발표자는 청중에게 그림을 보여 주며 “혹시 보신 적 있으신가요?”, “궁금하시죠?”, “어디선가 본 것 같지 않나요?” 등의 질문을 던지고, 청중의 대답을 확인하며 발표를 진행한다. 이는 청중의 참여를 유도하고 반응을 살피는 상호 작용을 강화한 것이다. 또한 “과연 어떤 그림이었을까요?”라고 물은 뒤 청중의 반응을 듣고 정답을 확인해 주는 방식도 상호 작용에 해당한다. 예술적 의미 강조, 비유적 표현, 발표 순서 안내, 사적 호칭어 사용은 나타나지 않았다. 따라서 가장 적절한 평가는 A이다.

### ANSWER
A"
KIIP_geography_80,KIIP_geography_80,Geography,0,A,A,"강원지역 동해안은 경포대, 낙산 등 모래사장이 발달한 해수욕장이 많다. 서해안과 남해안은 갯벌이나 암석 해안이 많아 모래사장이 상대적으로 적다.

### ANSWER
A"
KIIP_geography_81,KIIP_geography_81,Geography,0,C,C,"우포늪은 경상남도 창녕군에 위치한 국내 최대의 자연 늪지이다. 경상남도는 경상지역에 속하므로 정답은 경상지역이다.

### ANSWER
C"
KIIP_geography_82,KIIP_geography_82,Geography,0,C,C,"### ANSWER
C"
KIIP_geography_83,KIIP_geography_83,Geography,0,C,C,"### ANSWER
C"
KIIP_geography_84,KIIP_geography_84,Geography,0,D,D,"### ANSWER
D"
KIIP_geography_85,KIIP_geography_85,Geography,0,A,A,"### ANSWER
A"
KIIP_geography_86,KIIP_geography_86,Geography,0,B,B,"고양시는 고양국제꽃박람회로 유명하며, 이는 세계 꽃 박람회에 해당한다. 다른 보기들은 고양시의 대표 축제와 맞지 않는다.

### ANSWER
B"
KIIP_geography_87,KIIP_geography_87,Geography,0,A,A,"경복궁, 창덕궁, 덕수궁의 야간개장 행사는 가을에 열리며 사전 예약이 필요합니다. 다른 보기들은 예약 없이 관람할 수 있는 축제나 엑스포입니다.

### ANSWER
A"
TK_2018_48,TK_2018_48,Textual,0,D,D,"The quoted sentence explicitly calls the tax reduction for new growth technology research “encouraging,” which directly shows a positive evaluation of the policy. Although the author later raises concerns about eligibility conditions, the attitude in that specific sentence is favorable. Thus, the author is positively assessing the tax support policy for new growth technologies.

### ANSWER
D"
TK_2019_5,TK_2019_5,Textual,0,A,A,"이 글은 더위를 없애고 자연바람을 선물한다는 광고 문구로, 실내를 시원하게 해주는 가전제품을 홍보하는 내용입니다. 청소기, 냉장고, 세탁기는 더위나 바람과 직접적인 관련이 없습니다. 따라서 정답은 에어컨입니다.

### ANSWER
A"
TK_2019_6,TK_2019_6,Textual,0,B,B,"### ANSWER
B"
TK_2019_7,TK_2019_7,Textual,0,D,D,"### ANSWER
D"
TK_2019_8,TK_2019_8,Textual,0,A,A,"### ANSWER
A"
TK_2019_9,TK_2019_9,Textual,0,B,B,"The notice states this is the 3rd event, not the first. It also says there are no participation restrictions, so anyone can join. The participation fee is free, and the walk starts at Citizens' Park and ends at Inju Memorial Hall. Therefore, the correct choice is B.

### ANSWER
B"
TK_2019_10,TK_2019_10,Textual,0,A,A,"소비자 온라인 투표로 수상 브랜드가 선정되었다고 했으므로 A가 맞다. 기업이 투표에 참여했다는 내용은 없고, 지난해와 같은 100개 브랜드가 선정되었으며, 친환경 화장품 브랜드 두 개가 포함되었다고 했으므로 나머지는 모두 틀리다.

### ANSWER
A"
TK_2019_11,TK_2019_11,Textual,0,C,C,"The tomb owner was already identified as a king, so A is incorrect. There is no mention of increased visitors, so B is incorrect. The text explicitly states the paintings' colors were preserved almost as they were, which matches C. The letters and paintings were found on the walls, not the floor, so D is incorrect.

### ANSWER
C"
PSAT_20_4,PSAT_20_4,Law,0,C,A,"### ANSWER
A"
PSAT_20_5,PSAT_20_5,Law,0,B,B,"대통령은 법률안의 일부에 대해서도 재의를 요구할 수 없고, 법률안을 수정하여 재의를 요구할 수도 없다. 따라서 B의 설명은 옳지 않다.

### ANSWER
B"
PSAT_20_6,PSAT_20_6,Law,0,A,A,"헌법 제112조 제2항은 헌법재판소 재판관이 탄핵 또는 금고 이상의 형의 선고에 의하지 아니하고는 파면되지 아니한다고 규정하고 있다. 지정재판부는 법률에 따라 헌법재판소에 두는 것이며, 재판관 임명은 헌법재판소장의 제청이 아니라 대통령이 국회 선출·대법원장 지명 절차를 거쳐 임명한다. 또한 재판관은 정당에 가입하거나 정치에 관여할 수 없다. 따라서 옳은 것은 A이다.

### ANSWER
A"
PSAT_20_7,PSAT_20_7,Law,0,A,B,"### ANSWER
B"
PSAT_20_8,PSAT_20_8,Law,0,D,D,"### ANSWER
D"
PSAT_20_9,PSAT_20_9,Law,0,B,B,"### ANSWER
B"
PSAT_20_10,PSAT_20_10,Law,0,C,C,"권한쟁의심판에서 국가기관이나 지방자치단체의 처분을 취소하는 결정은 그 처분의 상대방에 대하여 이미 생긴 효력에 영향을 미치지 아니한다. 따라서 “이미 생긴 효력에 영향을 미친다”고 한 C는 옳지 않다. 나머지 A, B, D는 헌법재판소법상 권한쟁의심판에 관한 올바른 설명이다.

### ANSWER
C"
PSAT_20_11,PSAT_20_11,Law,0,C,C,"중앙선거관리위원회 위원장은 헌법 제114조에 따라 위원 중에서 호선하도록 되어 있다. 따라서 국회의 동의를 얻어 대통령이 임명한다는 설명은 옳지 않다. A, B, D는 헌법 규정에 부합한다.

### ANSWER
C"
KIIP_tradition_70,KIIP_tradition_70,Tradition,0,C,C,"### ANSWER
C"
KIIP_tradition_71,KIIP_tradition_71,Tradition,0,A,B,"고사상에 돼지머리를 올리는 이유는 돼지가 다산과 풍요를 상징하기 때문입니다. 돼지는 한 번에 많은 새끼를 낳아 재물과 번영을 기원하는 의미를 담고 있습니다. 따라서 선택지 중 B가 가장 적절합니다.

### ANSWER
B"
KIIP_tradition_72,KIIP_tradition_72,Tradition,0,A,A,"고사는 사업이나 새로운 시작의 성공을 기원하는 의식으로, 돼지 머리는 풍요와 재물을 상징한다. 돼지 입에 돈을 넣는 행위는 돈을 많이 벌어 성공하라는 의미를 담고 있다.

### ANSWER
A"
KIIP_tradition_73,KIIP_tradition_73,Tradition,0,C,C,"유교, 특히 성리학은 조선시대에 국가 통치 이념으로 채택되어 정치와 사회 전반에 큰 영향을 미쳤습니다.

### ANSWER
C"
KIIP_tradition_74,KIIP_tradition_74,Tradition,0,A,A,"유교는 한국에서 종교적 체계보다는 생활과 사회 질서를 규율하는 윤리적·사상적 체계로 인식되는 경우가 많다. 따라서 종교라기보다 하나의 가치관으로 보는 것이 가장 적절하다.

### ANSWER
A"
KIIP_tradition_75,KIIP_tradition_75,Tradition,0,A,A,"한국에서 개신교는 선교사들을 통해 병원과 학교를 세우며 교육과 의료 분야에서 큰 영향을 미쳤고, 이를 통해 널리 알려지게 되었다.

### ANSWER
A"
KIIP_tradition_76,KIIP_tradition_76,Tradition,0,C,C,"한국의 토착 신앙인 무속신앙은 역사 기록 이전부터 존재해 온 가장 오래된 종교적 전통이다. 불교는 삼국시대에, 천주교와 기독교는 조선 후기에 각각 전래되었다. 따라서 한국인의 가장 오래된 종교는 무속신앙이다. 선택지 중 C가 정답이다.

### ANSWER
C"
KIIP_tradition_77,KIIP_tradition_77,Tradition,0,A,A,"Ancient Koreans believed that spirits determined the overall fortunes and misfortunes of people's lives, including both good and bad events. This concept is captured by the term 길흉화복, which refers to fortune and misfortune. The other options are too narrow, focusing only on happiness, health, or a spouse. Therefore, the best answer is A.

### ANSWER
A"
PSE_history_18_14,PSE_history_18_14,History,0,B,C,"이 회사는 대한제국 시기에 설립된 대한광업회사로, 광산 개발과 황무지 개간을 목적으로 한 특허 회사였다. 일본의 황무지 개간권 요구에 대응하여 설립되었으며, 국내 진황지 개간과 각종 광물 채굴 사무를 담당하였다.

### ANSWER
C"
PSE_history_18_15,PSE_history_18_15,History,0,C,C,"### ANSWER
C"
PSE_history_18_16,PSE_history_18_16,History,0,D,D,"일제강점기 도시 외곽의 토막촌 빈민, 모던걸·모던보이의 유행, 몸뻬를 입고 근로보국대에 동원된 여성들은 모두 실제 있었던 생활 모습입니다. 그러나 영단 주택은 조선주택영단이 일본인 관료와 중산층을 위해 지은 주택으로, 상류층이 한식 주택을 2층으로 개량한 것이 아닙니다. 따라서 옳지 않은 것은 D입니다.

### ANSWER
D"
PSE_history_18_17,PSE_history_18_17,History,0,B,C,"(가)는 1965년 한일협정에 따른 경제협력 각서이고, (나)는 1961년 한미경제협력협정으로 미국이 차관과 AID 차관을 제공한 것이다. 따라서 두 각서 사이인 1961년부터 1965년 사이의 사실을 찾아야 한다. 울산 정유 공장은 1964년에 가동되어 이 시기에 해당한다. 경부 고속 국도 개통과 마산 수출 자유 지역 건설은 1970년대의 일이고, 충주 비료 공장 설립은 그 이전 시기의 일이다.

### ANSWER
C"
PSE_history_18_18,PSE_history_18_18,History,0,B,B,"진화는 고려 시대의 문인으로, 이규보와 교류하며 민족적 자부심을 공유했습니다. 이규보는 우리 민족의 정체성을 드러내기 위해 고구려의 건국 신화를 노래한 서사시 「동명왕편」을 지었습니다. 따라서 시에서 드러난 동방 문명에 대한 자부심을 함께 나눈 인물의 작품은 「동명왕편」입니다.

### ANSWER
B"
PSE_history_18_19,PSE_history_18_19,History,0,C,C,"### ANSWER
C"
PSE_history_19_1,PSE_history_19_1,History,0,C,C,"강화 부근리에서는 청동기시대의 대표적인 무덤 양식인 탁자식 고인돌이 발견되었습니다. 연천 전곡리는 구석기시대, 창원 다호리는 초기 철기시대, 서울 암사동은 신석기시대 유적이므로 해당 설명은 옳지 않습니다.

### ANSWER
C"
PSE_history_19_2,PSE_history_19_2,History,0,D,D,"(가) 영고는 부여의 제천행사이고, (나) 무천은 동예의 제천행사이다. 동예에는 다른 부족의 영역을 침범하면 노비나 소, 말로 변상하게 하는 책화가 있었다. 따라서 (나)에 대한 설명으로 옳은 것은 D이다.

### ANSWER
D"
KIIP_society_145,KIIP_society_145,Society,0,A,A,"공공부조는 생활능력이 없는 사람들에게 국가가 최소한의 생활을 보장하기 위해 제공하는 사회보장제도이다. 따라서 기본적인 생활수준을 보장하는 것이 목적이다.

### ANSWER
A"
KIIP_society_146,KIIP_society_146,Society,0,A,A,"건강보험은 질병이나 부상으로 의료 서비스가 필요할 때 의료비의 일부를 지원하는 사회보험이다. 따라서 병원에서 치료받을 때 본인 부담금 외의 의료비를 지원받는 것이 주요 기능이다. 다른 선택지는 고용보험, 국민연금, 산재보험의 기능에 해당한다.

### ANSWER
A"
KIIP_society_147,KIIP_society_147,Society,0,A,A,"고용보험은 근로자가 실직했을 때 생계 안정과 재취업을 지원하는 사회보험이다. 따라서 회사에서 해고되어 실업 상태가 되면 일정 기간 실업급여를 받을 수 있다. B는 건강보험, C는 국민연금, D는 산업재해보상보험의 기능에 해당한다. 그러므로 정답은 A이다.

### ANSWER
A"
KIIP_society_148,KIIP_society_148,Society,0,A,A,"국민연금은 노후에 소득이 없어지거나 줄어들 때 생활 안정을 위해 연금을 지급하는 제도입니다. 따라서 나이가 들어 돈을 벌기 어려울 때 일정 금액을 생활비로 받는 것이 주요 기능입니다. 나머지 선택지는 건강보험, 고용보험, 산재보험에 해당합니다.

### ANSWER
A"
KIIP_society_149,KIIP_society_149,Society,0,A,A,"산업재해보상보험은 근로자가 업무 중 사고나 질병으로 피해를 입었을 때 치료비와 손해를 보상해 주는 제도입니다. 따라서 회사에서 일하다가 사고로 다쳤을 때 보상받을 수 있다는 A가 가장 적절합니다.

### ANSWER
A"
KIIP_society_150,KIIP_society_150,Society,0,A,A,"국민연금공단은 국민연금제도를 운영하며 노령, 장애, 사망에 대해 연금을 지급하여 국민의 생활 안정에 기여하는 기관이다. 따라서 보험금 지급을 통한 건강 증진, 근로자 복지, 산업재해 보상 등을 목적으로 하는 다른 선택지와 구별된다.

### ANSWER
A"
KIIP_society_151,KIIP_society_151,Society,0,A,A,"국민건강보험공단은 건강보험을 운영하며, 질병·부상에 대한 예방, 진단, 치료, 재활과 출산·사망 등에 보험급여를 지급하여 국민 건강을 증진하는 것이 주요 목적이다. B는 국민연금, C는 근로복지공단, D는 산재보상에 해당하므로 A가 정답이다.

### ANSWER
A"
KIIP_society_152,KIIP_society_152,Society,0,A,A,"근로복지공단은 업무상 재해를 입은 근로자의 치료·재활과 복지사업, 창업 지원 등을 통해 근로자의 복지 증진을 목적으로 설립된 기관입니다. 따라서 보기 중 A가 가장 정확합니다.

### ANSWER
A"
KIIP_geography_88,KIIP_geography_88,Geography,0,A,A,"대관령과 태백산은 겨울에 눈이 많이 내리는 지역으로, 이곳에서 열리는 겨울 축제는 눈꽃 축제이다.

### ANSWER
A"
KIIP_geography_89,KIIP_geography_89,Geography,0,A,A,"부여군과 공주시는 백제 시대의 수도였던 지역으로, 백제의 역사와 문화를 기념하는 축제가 매년 열립니다. 이 축제는 백제 문화제로, 두 지역에서 번갈아 또는 공동으로 개최됩니다. 세계 도자기 엑스포는 다른 지역에서 열리는 행사이며, 해돋이 축제와 머드 축제는 각각 동해안과 보령에서 열리는 축제입니다. 따라서 정답은 백제 문화제입니다.

### ANSWER
A"
KIIP_geography_90,KIIP_geography_90,Geography,0,A,A,"### ANSWER
A"
KIIP_geography_91,KIIP_geography_91,Geography,0,A,A,"전라지역은 남도 음식 문화가 발달한 곳으로, 남도 음식 문화 큰잔치는 전라도 지역의 전통 음식을 주제로 한 대표적인 음식 축제이다. 전주 세계 소리 축제는 음악 축제, 남원 춘향제는 문화 축제, 울릉도 오징어 축제는 경상북도 울릉도에서 열리는 축제이다. 따라서 정답은 A이다.

### ANSWER
A"
KIIP_geography_92,KIIP_geography_92,Geography,0,C,C,C
Kedu_geography_1,Kedu_geography_1,Geography,0,B,B,"소수서원은 경북 영주에, 화양서원은 충북 괴산에, 자운서원은 경기 파주에 위치한다. 필암서원은 전남 장성에 있는 서원으로, 소재지 연결이 옳다.

### ANSWER
B"
Kedu_geography_2,Kedu_geography_2,Geography,0,C,C,"정지용 문학관은 충북 옥천군, 효석 문학관은 강원 평창군, 혼불 문학관은 전북 남원시에 있어 모두 연결이 옳다. 그러나 청마 유치환 시인의 문학관은 경남 하동군이 아니라 경남 거제시에 있다. 따라서 연결이 옳지 않은 것은 청마 문학관이다.

### ANSWER
C"
Kedu_geography_3,Kedu_geography_3,Geography,0,C,C,"별신굿 탈놀이는 경상북도 안동의 하회별신굿탈놀이로, 전주와 연결되는 것은 옳지 않다. 나머지 제주 칠머리당 영등굿, 강릉 단오제, 한산 모시짜기는 모두 지역과 전통 문화가 올바르게 연결되었다.

### ANSWER
C"
Kedu_15_17,Kedu_15_17,Grammar,0,C,C,"고유어 수사는 명사를 직접 수식할 때 ‘하나, 둘, 셋’이 아니라 ‘한, 두, 세’ 등의 수관형사로 바뀌므로, 모든 고유어 수사가 일관되게 관형사로 통용된다는 설명은 옳지 않다. A는 고유어와 한자어 수사 체계가 공존한다는 점에서 옳고, B는 ‘첫째’가 ‘하나’와 다른 어근에서 온 보충법적 형태라는 점에서 옳다. D는 ‘세/석’, ‘네/넉’처럼 뒤에 오는 명사에 따라 형태가 달라지는 수관형사가 있다는 점에서 옳다.

### ANSWER
C"
Kedu_15_18,Kedu_15_18,Grammar,0,D,D,"‘어서들 와’의 ‘들’은 청자나 주어가 여럿임을 나타내는 복수 표지로 쓰이므로 A는 옳다. 명사는 문맥에 따라 ‘들’ 없이도 복수 의미를 나타낼 수 있으므로 B도 옳다. ‘희’는 ‘너희, 저희’에서 나타나는 복수 표지로 보는 것이 일반적이므로 C도 옳다. 그러나 ‘우리들’, ‘너희들’, ‘저희들’처럼 인칭대명사의 복수형에도 ‘들’이 결합할 수 있으므로 D는 옳지 않다.

### ANSWER
D"
Kedu_15_19,Kedu_15_19,Grammar,0,A,A,"관형사는 형태 변화(활용)를 하지 않고 조사와 결합하지 않으며, 명사 앞에서 그 명사를 수식하는 품사이다. 접두사와 달리 독립된 단어이지만 실제로는 접두사와 구별이 어려운 경우가 있다. 따라서 옳은 것은 A이다.

### ANSWER
A"
Kedu_15_20,Kedu_15_20,Grammar,0,A,A,"### ANSWER
A"
Kedu_15_21,Kedu_15_21,Grammar,0,A,A,"A의 ‘떡은’은 ‘먹다’의 목적어가 주제로 이동한 목적어이고, B·C·D의 괄호 부분은 모두 주어로 쓰였다. 따라서 문장성분이 나머지와 다른 것은 A이다.

### ANSWER
A"
Kedu_15_22,Kedu_15_22,Grammar,0,B,B,"### ANSWER
B"
Kedu_15_23,Kedu_15_23,Grammar,0,D,D,"'종속적으로 이어진 문장'은 주절과 종속절이 연결어미로 이어지며, 종속절이 주절을 꾸며주는 관계입니다. B는 조건('-면'), C는 원인('-아서')을 나타내는 종속적 연결입니다. A의 '-고서'는 시간적 순서를 나타내는 종속적 연결로 볼 수 있습니다. 그러나 D의 '-거나'는 두 사실을 선택적으로 나열하는 대등적 연결입니다. 따라서 옳지 않은 것은 D입니다.

### ANSWER
D"
Kedu_15_24,Kedu_15_24,Grammar,0,B,B,"'기자'는 절 안에서 주어 역할을 하는 명사로, 관형사절이 '기자'를 수식하는 관계절이다. 반면 A, C, D는 '예보', '소식', '보고'와 같은 명사의 내용을 보충해 주는 내용절이다. 따라서 성격이 다른 것은 B이다.

### ANSWER
B"
CSAT_korean_13_6,CSAT_korean_13_6,Functional,0,C,C,"(나)-1은 관광객들이 선호하는 프로그램 유형을 보여 주는 자료이고, (다)는 성공 사례로서 생태 보전을 고려한 프로그램이 부족하다는 근거가 될 수 없다. 오히려 (나)-2의 ‘프로그램 개발의 어려움’이 프로그램 운영 측면의 문제를 뒷받침한다. 따라서 (ㄷ)을 (나)-1과 (다)로 구체화하는 것은 적절하지 않다.

### ANSWER
C"
CSAT_korean_13_8,CSAT_korean_13_8,Functional,0,E,E,"보고서에는 답사의 목적(ㄱ), 이동 경로(ㄴ), 답사지에서 얻은 정보(ㄷ)가 모두 반영되어 있다. 그러나 참고 자료를 ‘책에 의하면’이라고만 밝혀 출처를 명확히 제시하지 않았으므로 ㄹ은 반영되지 않았다. 또한 ‘머물러 쉬고 싶은 곳이었다’, ‘얼마나 좋을까’ 등의 표현에서 주관적 느낌과 감상이 드러나므로 ㅁ도 반영되지 않았다. 따라서 반영되지 않은 것은 ㄹ과 ㅁ이다.

### ANSWER
E"
CSAT_korean_13_9,CSAT_korean_13_9,Functional,0,B,B,"(나)는 서두에서 나눔 도서관의 의의를 밝히고, 질문을 통해 친구들의 경험을 환기하며, 노인 대상 프로그램은 언급하지 않고, 마지막에 누리집 링크를 안내합니다. 그러나 나눔 도서관의 긍정적 기능에 대한 전문가 의견을 인용한 부분은 없고, 단지 국민의 독서 습관에 대한 보고서 내용만 언급했습니다. 따라서 적용되지 않은 방법은 B입니다.

### ANSWER
B"
CSAT_korean_13_10,CSAT_korean_13_10,Functional,0,E,C,"### ANSWER
C"
CSAT_korean_15_2,CSAT_korean_15_2,Functional,0,B,B,"대담의 핵심은 남한산성이 신라부터 조선까지 증축되며 시대별 축성술의 특징을 보여 준다는 점입니다. 포스터 제목은 의인법을 활용해야 하므로 ‘남한산성이 들려주는’처럼 성이 말하는 표현이 적절합니다. 답사 목적 역시 대담의 중심 내용인 시대별 축성술의 특징을 살펴보는 것이어야 합니다. 다른 보기는 의인법이 아니거나 대담에서 중점적으로 다루지 않은 내용입니다.

### ANSWER
B"
CSAT_korean_15_3,CSAT_korean_15_3,Functional,0,E,E,"The speech includes reasons for selecting A, emphasizes A's fit with the competition's purpose, appeals to shared love of cycling, and uses the speaker's player experience regarding the road stadium. However, it never explains the internal structure of A's velodrome or its effect on performance. Therefore, E is not reflected in the speech.

### ANSWER
E"
CSAT_korean_15_6,CSAT_korean_15_6,Functional,0,A,A,"(ㄱ)과 (ㄴ)은 소비자들의 구체적인 소비 행태를 보여 주는 ‘양상’에 해당하고, (ㄷ)과 (ㄹ)은 그러한 소비 생활로 인해 발생하는 부정적 결과인 ‘문제점’에 해당한다. 따라서 Ⅱ의 내용을 ‘양상’과 ‘문제점’으로 항목화하는 것이 가장 적절하다.

### ANSWER
A"
CSAT_korean_15_7,CSAT_korean_15_7,Functional,0,B,B,"(a)는 환경 표지 부착의 효과를, (b)는 구체적인 표지의 종류를 묻고 있다. 둘 다 전문가의 앞선 답변 내용을 바탕으로 글의 주제와 관련된 추가 정보를 요구하는 질문이다. 자신의 의견을 제시하거나 요약·비판하는 것이 아니라 정보를 보충하려는 기능을 한다.

### ANSWER
B"
TK_2019_12,TK_2019_12,Textual,0,A,A,"The logical sequence starts with companies opening their lobbies to outsiders, followed by creating art galleries and cafes, then people enjoying the space, and finally the positive effect on the company's image.

### ANSWER
A"
TK_2019_13,TK_2019_13,Textual,0,C,C,C
TK_2019_14,TK_2019_14,Textual,0,C,C,"The logical order begins with the general statement that more choices make it harder for consumers to decide (라). This leads to the consequence that consumers may hesitate and give up due to the burden of choice (가). Therefore, supermarkets display only a few products per category (다). The purpose of this strategy is to reduce customers' burden and encourage purchases (나). So the correct sequence is (라)-(가)-(다)-(나).

### ANSWER
C"
TK_2019_15,TK_2019_15,Textual,0,D,D,"상담을 통해 손님의 상황을 파악하고, 상처받은 사람에게는 위로, 자신감이 부족한 사람에게는 용기를 주는 책을 추천한다는 내용이므로 빈칸에는 ‘손님의 상황에 맞는’이 가장 적절하다.

### ANSWER
D"
TK_2019_16,TK_2019_16,Textual,0,B,B,"할인된 가격으로 식품을 구매할 수 있기 때문에 소비자들의 만족도가 높다는 내용이 가장 자연스럽다.

### ANSWER
B"
TK_2019_17,TK_2019_17,Textual,0,D,D,"The context explains that different actors bring different interpretations to the same role, so fans watch performances repeatedly to enjoy the unique qualities each actor adds. Thus, the blank should refer to performances that contain each actor's individual character.

### ANSWER
D"
TK_2019_18,TK_2019_18,Textual,0,C,C,"해파리가 영양 성분이 있어 먹잇감이 된다는 이유에 더해, 바다 어디에나 있고 도망치지 않아 사냥하기 쉽다는 추가 이유를 덧붙이고 있으므로 ‘게다가’가 알맞다.

### ANSWER
C"
TK_2019_19,TK_2019_19,Textual,0,C,C,"해파리는 열량이 낮아 먹는 동물이 거의 없다고 알려졌지만, 실제로는 새, 펭귄, 뱀장어 등 많은 동물에게 좋은 먹잇감이라고 설명하고 있습니다. 또한 해파리가 영양 성분을 갖고 있고 사냥하기 쉽다는 내용도 언급됩니다. 따라서 글의 내용과 같은 것은 “해파리는 여러 동물의 먹이가 되고 있다”입니다.

### ANSWER
C"
KIIP_society_153,KIIP_society_153,Society,0,D,D,"### ANSWER
D"
KIIP_society_154,KIIP_society_154,Society,0,A,A,"도시 인구가 증가하면 주거 공간에 대한 수요가 급증하여 주택 부족과 집값 상승이 발생합니다. 이는 한국의 대도시에서 실제로 나타나는 대표적인 도시 문제입니다. 식료품 부족이나 기대수명 감소는 도시 인구 증가의 직접적인 결과로 보기 어렵습니다. 따라서 가장 적절한 답은 주택 부족 및 집값 상승입니다.

### ANSWER
A"
KIIP_society_155,KIIP_society_155,Society,0,A,A,"1900년대 초반 한국은 산업화 이전 사회로, 대부분의 인구가 농업에 종사하며 경제의 중심도 농업이었다. 제조업이나 서비스업, IT업은 이후 시기에 발전한 산업이다.

### ANSWER
A"
KIIP_society_156,KIIP_society_156,Society,0,B,C,"### ANSWER
C"
KIIP_society_157,KIIP_society_157,Society,0,A,A,"농촌은 인구가 적고 공동체 생활과 잦은 대면 접촉이 많아 주민 간 유대감이 형성되기 쉽다. 반면 도시는 익명성과 개인주의가 강해 관계가 상대적으로 덜 친밀하다. 따라서 농촌에서 주민 간 관계가 더 친밀할 가능성이 높다.

### ANSWER
A"
KIIP_society_158,KIIP_society_158,Society,0,D,D,"2010년대 이후 한국에서는 귀농 인구가 증가했고, 농촌 인구는 감소했으며, 도시 인구도 지속적으로 증가하는 경향을 보였다. 그러나 출산율은 오히려 계속 하락하여 초저출산 문제가 심화되었다. 따라서 출산율 증가는 2010년대 이후 한국에서 시작된 현상이 아니다.

### ANSWER
D"
KIIP_society_159,KIIP_society_159,Society,0,B,B,"### ANSWER
B"
KIIP_society_160,KIIP_society_160,Society,0,A,A,"산업화는 공업과 서비스업의 발달을 가져오며, 이에 따라 인구가 도시로 집중되는 도시화 현상이 나타난다. 농업화나 임업화는 산업화와 반대되는 방향의 현상이며, 정치화는 산업화의 직접적 결과로 보기 어렵다. 따라서 산업화 과정에서 나타난 대표적 현상은 도시화이다.

### ANSWER
A"
KIIP_tradition_78,KIIP_tradition_78,Tradition,0,B,B,"### ANSWER
B"
KIIP_tradition_79,KIIP_tradition_79,Tradition,0,A,A,"미래가 궁금할 때 전통적으로 사람들은 무당에게 점을 쳐서 길흉을 알아보았다. 기도나 제사, 돈을 주는 행위보다는 점을 치는 것이 미래를 묻는 직접적인 방법이다.

### ANSWER
A"
KIIP_tradition_80,KIIP_tradition_80,Tradition,0,A,A,"무당은 한국 전통 샤머니즘에서 신과 인간 사이를 중개하는 핵심 역할을 수행했습니다. 굿을 통해 신의 뜻을 전하고 사람들의 문제를 해결하는 데 도움을 주었습니다. 건강 회복이나 재물 증식은 부수적인 기능일 뿐, 본질적인 역할은 신과 사람을 연결하는 것입니다. 절 관리와는 관련이 없습니다.

### ANSWER
A"
KIIP_tradition_81,KIIP_tradition_81,Tradition,0,A,A,"In Korean traditional shamanism and folk belief, natural objects like trees and rocks are believed to hold sacred spiritual energy. Sacred trees and stones are commonly worshipped as dwelling places of spirits. While other natural elements are also respected, the belief in sacred energy residing in specific objects most directly points to trees and stones. Thus, the correct answer is A.

### ANSWER
A"
KIIP_tradition_82,KIIP_tradition_82,Tradition,0,C,C,"당산나무는 마을을 지켜주는 신성한 나무로, 마을 입구나 정자목에 심어 마을의 안녕과 풍요를 기원하는 대상이다. 소나무나 은행나무는 수종일 뿐, 마을 수호의 의미를 지닌 나무는 당산나무이다.

### ANSWER
C"
KIIP_tradition_83,KIIP_tradition_83,Tradition,0,A,A,"The dangsin tree is a sacred guardian tree in Korean village traditions, and rituals are held to ensure the community's well-being. The main purpose is to pray for a good harvest and to prevent misfortunes or problems from affecting the village. This reflects the belief that the tree protects the community and brings prosperity. Therefore, option A correctly describes the reason for holding the ritual.

### ANSWER
A"
KIIP_tradition_84,KIIP_tradition_84,Tradition,0,C,C,"점을 보는 행위는 한국의 전통적인 무속신앙과 깊은 관련이 있습니다. 무속신앙에서는 무당이나 점쟁이를 통해 길흉을 점치고, 중요한 일이나 결혼 전에 운세를 확인하는 관습이 있습니다. 불교나 기독교, 천주교는 교리적으로 점복 행위를 공식적으로 권장하지 않습니다. 따라서 정답은 무속신앙입니다.

### ANSWER
C"
KIIP_tradition_85,KIIP_tradition_85,Tradition,0,B,B,"### ANSWER
B"
Kedu_geography_4,Kedu_geography_4,Geography,0,C,C,"독도는 동도와 서도 두 개의 큰 섬과 주변의 여러 암초로 이루어져 있어 1개의 섬이라는 설명은 옳지 않습니다. ‘독도’라는 이름은 이사부가 붙인 것이 아니라 조선 시대 문헌에서 유래한 것으로 알려져 있습니다. 독도는 1982년에 천연기념물 제336호로 지정되었습니다. 현재 독도 경비는 해군이 아닌 해양경찰이 담당하고 있습니다. 따라서 옳은 설명은 C입니다.

### ANSWER
C"
Kedu_geography_5,Kedu_geography_5,Geography,0,C,D,"### ANSWER
D"
Kedu_geography_6,Kedu_geography_6,Geography,0,D,D,"김유정문학촌은 춘천, 이효석문학관은 평창, 박경리문학공원은 원주에 있어 모두 옳다. 황순원문학촌 소나기마을은 정선이 아니라 경기도 양평에 위치한다. 따라서 옳지 않은 연결은 D이다.

### ANSWER
D"
Kedu_geography_7,Kedu_geography_7,Geography,0,A,A,"광한루는 전라북도 남원에 있는 누각으로, 진주에 있는 누각은 촉석루이다. 나머지 공산성-공주, 오죽헌-강릉, 마니산 참성단-강화는 모두 올바른 연결이다.

### ANSWER
A"
Kedu_geography_8,Kedu_geography_8,Geography,0,C,C,"한국의 지형은 동쪽이 높고 서쪽이 낮은 동고서저(東高西低)의 특징을 보인다. 따라서 “북동쪽이 낮고 남서쪽이 높은 서고동저형”이라는 설명은 옳지 않다. 남해안의 다도해, 울릉도의 화산섬, 고산 지역의 고랭지 농업은 모두 맞는 설명이다.

### ANSWER
C"
Kedu_geography_9,Kedu_geography_9,Geography,0,B,B,"통영국제음악제는 경상남도 통영시에서 개최되므로, 경상북도와 연결한 B가 옳지 않다. 나머지 축제와 지역 연결은 모두 올바르다.

### ANSWER
B"
KHB_66_1,KHB_66_1,History,0,D,D,"비파형 동검은 청동기 시대의 대표 유물이다. 청동기 시대에는 농경이 발달하고 지배층의 무덤으로 고인돌을 만들었다. 따라서 옳은 생활 모습은 고인돌이다.

### ANSWER
D"
KHB_66_2,KHB_66_2,History,0,A,A,"동예는 군장을 읍군과 상로라고 불렀고, 제천행사로 무천을 거행했습니다. 또한 침범에 대한 배상 제도인 책화와 같은 성끼리 혼인하지 않는 족외혼 풍습이 있었습니다. 이러한 내용은 모두 동예의 사회 모습에 해당합니다. 부여는 영고, 삼한은 소도와 천군, 옥저는 민며느리제가 특징입니다.

### ANSWER
A"
KIIP_society_161,KIIP_society_161,Society,0,C,B,"### ANSWER
B"
KIIP_society_162,KIIP_society_162,Society,0,A,A,"한국 인구의 절반 이상이 수도권인 서울과 경기 지역에 집중되어 있습니다. 다른 지역들보다 인구 밀도와 인구 수가 월등히 높습니다. 따라서 가장 인구가 많이 집중된 지역은 서울과 경기입니다.

### ANSWER
A"
KIIP_society_163,KIIP_society_163,Society,0,A,A,"동네 의원은 1차 의료기관으로 감기나 가벼운 통증 같은 비교적 가벼운 증상을 진료하는 곳입니다. 대학 병원은 중증 질환이나 세밀한 검사가 필요할 때 주로 이용합니다. 따라서 대학 병원과 비교했을 때 동네 의원은 가벼운 증상이 있을 때 가는 곳입니다.

### ANSWER
A"
KIIP_society_164,KIIP_society_164,Society,0,B,B,"건강보험은 소득에 따라 보험료를 부과하고, 질병 발생 시 의료비를 지원하는 사회보험 제도이다. 따라서 매달 일정 금액을 건강보험료로 내는 것이 맞다.

### ANSWER
B"
KIIP_society_165,KIIP_society_165,Society,0,A,A,"건강보험증은 국민건강보험공단이 가입자에게 발급하는 증서이므로, 병원·약국·보건소가 아닌 공단이 정답이다.

### ANSWER
A"
KIIP_society_166,KIIP_society_166,Society,0,B,B,"대학병원은 상급 종합병원으로, 복잡하거나 중증인 질환에 대해 정밀 검사와 전문 진료가 필요할 때 찾는 곳입니다. 가벼운 증상이나 예방접종, 치과 치료는 주로 일차 의료기관이나 해당 전문 병원에서 이루어집니다. 따라서 세밀한 검사가 필요할 때 대학병원을 이용하는 것이 적절합니다.

### ANSWER
B"
KIIP_society_167,KIIP_society_167,Society,0,A,A,"건강보험은 보험료를 내고 질병 발생 시 본인부담금만 내면 되므로 의료비 부담을 줄여준다. 무료가 아니라 저렴한 비용으로 의료기관을 이용하는 것이 핵심 장점이다. 따라서 정답은 A이다.

### ANSWER
A"
KIIP_society_168,KIIP_society_168,Society,0,A,A,"### ANSWER
A"
CSAT_korean_15_8,CSAT_korean_15_8,Functional,0,E,E,"(나)와 (다)는 환경 표지, 소비자의 환경 보전 참여, 생산·유통 과정의 변화를 뒷받침하지만, 기업 이미지 제고를 통한 소비 생활 변화는 어느 자료에서도 언급되지 않는다. 또한 Ⅲ-2-나의 내용은 생산 및 유통 과정의 변화이지, 기업 이미지를 통한 소비 생활 변화가 아니다. 따라서 E가 적절하지 않다.

### ANSWER
E"
CSAT_korean_15_9,CSAT_korean_15_9,Functional,0,D,D,"초고에는 버스, 새 소리, 나뭇잎, 친구들이 모두 언급되어 있다. 그러나 가을의 아름다움을 ‘인내’와 연결한 내용은 없다. 초고에서는 다양한 빛깔의 나뭇잎이 조화를 이루어 아름답다고 했을 뿐이다. 따라서 초고에 반영되지 않은 생각은 D이다.

### ANSWER
D"
CSAT_korean_15_10,CSAT_korean_15_10,Functional,0,C,C,"초고는 서로 다른 빛깔의 나뭇잎들이 조화를 이루는 모습에서 아름다움을 느끼고, 이를 사람들의 다양한 삶의 빛깔에 비유하여 자신의 태도를 반성한다. 따라서 마지막에는 다양한 삶의 빛깔을 인정하며 살아가겠다는 앞으로의 삶의 자세를 담는 것이 가장 적절하다. C는 이러한 내용을 잘 마무리한다.

### ANSWER
C"
CSAT_korean_16_1,CSAT_korean_16_1,Functional,0,B,B,"The student uses actual paintings like <총석정>, <삼일포>, and <낙산사> as visual examples to explain the characteristics of Jeong Seon's landscape paintings, such as the use of brush techniques and dot figures. This directly helps the audience understand the subject through concrete examples.

### ANSWER
B"
CSAT_korean_16_2,CSAT_korean_16_2,Functional,0,D,D,"발표에서 <삼일포>는 평원법을 사용하여 호수의 광활함을 드러냈다고 하였지, 수직준법을 사용했다고 하지 않았습니다. 수직준법은 <총석정>에서 돌기둥을 표현할 때 사용된 기법입니다. 따라서 (d)는 발표 내용과 일치하지 않으므로 적절하지 않습니다.

### ANSWER
D"
CSAT_korean_16_3,CSAT_korean_16_3,Functional,0,D,D,"찬성 1은 기존 심사 방식의 문제점과 추첨 방식의 장점을 중심으로 주장하고 있으며, 용어 정의나 기존 방식 유지 시 기대 효과를 중심으로 논증하지는 않았다. 반대 1은 기존 심사 방식이 평가의 타당성과 공정성을 갖추고 있으며 축제의 내실화에 기여한다는 긍정적 측면을 근거로 추첨 방식 도입을 반대하고 있다. 따라서 반대 1의 입론에 대한 이해로 가장 적절한 것은 기존 방식의 긍정적 측면을 근거로 새로운 방식을 반대한다는 것이다.

### ANSWER
D"
CSAT_korean_16_4,CSAT_korean_16_4,Functional,0,D,D,"[A]는 추첨 방식의 문제점을 지적하며 상대방의 주장을 반박하는 내용이지만, 보기의 설명과는 정확히 일치하지 않는다. [B]는 반대 측이 주장한 평가 기준의 타당성을 확인하면서, 설문 조사 결과를 근거로 그 타당성에 의문을 제기하고 있다. 따라서 [B]에 대한 설명이 적절한 것은 D이다.

### ANSWER
D"
CSAT_korean_16_5,CSAT_korean_16_5,Functional,0,E,E,"찬성 측은 추첨 방식이 평가자 주관을 배제하고 모든 동아리에 균등한 기회를 주며 심사 방식의 계획서 준비 부담을 해소한다고 주장하므로 A와 B는 적절하다. 반대 측은 추첨으로 준비된 동아리가 탈락할 수 있고 계획서 준비 과정이 축제 내실화에 기여한다고 보아 심사 방식을 지지하므로 C와 D도 적절하다. 그러나 E는 모든 동아리에 선정 기회가 균등하게 부여된다는 주장을 반대 측이 했다고 하나, 이는 찬성 측의 논거이며 반대 측은 오히려 심사 방식이 공평한 기회를 준다고 주장한다. 따라서 E가 적절하지 않다.

### ANSWER
E"
Kedu_15_25,Kedu_15_25,Grammar,0,C,C,"Direct quotation marker ‘라고’ is a quotative particle, not an adverbial ending, so A is incorrect. Onomatopoeia is typically quoted with ‘하고’ rather than ‘라고’, making B incorrect. In indirect quotation, the original ending is converted to a declarative, interrogative, imperative, or propositive form, so exclamatory endings cannot appear; thus C is correct. Direct quotation preserves the original utterance exactly, so pronouns and time expressions do not change, making D incorrect.

### ANSWER
C"
Kedu_15_26,Kedu_15_26,Grammar,0,B,B,"### ANSWER
B"
Kedu_15_27,Kedu_15_27,Grammar,0,D,D,"D의 안긴문장 ""밥을 먹는""은 발화 시점에 실제로 진행 중인 동작을 나타내므로 현재 시제로 해석됩니다. A는 면접이 미래 상황으로 해석되고, B는 과거에 본 행위와 동시적이라 과거, C는 ""내일"" 때문에 미래로 해석됩니다. 따라서 현재 시제 해석은 D입니다.

### ANSWER
D"
Kedu_15_28,Kedu_15_28,Grammar,0,C,C,"Passive sentences in Korean are formed from transitive active sentences where the object becomes the subject. Not every active sentence has a passive counterpart, so A is false. '-어지다' can combine with adjectives to indicate change of state, so B is false. In a passive sentence, the subject corresponds to the object of the active sentence, making C correct. '-어지다' passives are syntactic passives, not morphological, so D is false.

### ANSWER
C"
Kedu_15_29,Kedu_15_29,Grammar,0,B,B,"'못’ 부정문은 주로 동작동사와 결합하여 능력 부족이나 외부적 요인으로 행위를 수행하지 못함을 나타낸다. 형용사가 서술어일 때는 일반적으로 ‘안’ 부정을 사용하며, ‘못’은 형용사와 잘 결합하지 않는다. 따라서 형용사에 단형 부정으로 쓰여 기대치에 미치지 못함을 나타낸다는 B의 설명은 옳지 않다. A, C, D는 ‘못’ 부정문의 의미적 특성과 제약을 올바르게 설명한다.

### ANSWER
B"
Kedu_15_30,Kedu_15_30,Grammar,0,A,A,"사과(謝過), 칠판(漆板), 도대체(都大體)는 한자어이고, 걱정·하물며·수발은 고유어이다. 따라서 한자어는 ㄱ, ㄷ, ㅂ이다.

### ANSWER
A"
Kedu_15_31,Kedu_15_31,Grammar,0,D,D,"뱃머리, 톱니, 병목은 모두 앞의 대상이 지닌 부분(머리, 이, 목)을 나타내는 전체-부분 관계의 합성어입니다. 반면 주걱턱은 주걱처럼 생긴 턱을 비유적으로 이르는 말로, 구성 요소 간 의미 관계가 다릅니다.

### ANSWER
D"
Kedu_15_32,Kedu_15_32,Grammar,0,A,A,"어차피(於此彼)와 학교(學校)는 모두 한자어(漢字語)로 같은 어종에 해당한다. 나머지는 고유어나 외래어가 섞여 있다.

### ANSWER
A"
TK_2019_20,TK_2019_20,Textual,0,B,B,"### ANSWER
B"
TK_2019_21,TK_2019_21,Textual,0,C,C,"이 글은 내비게이션의 편리함을 인정하면서도, 스스로 정보를 찾을 때 기억이 오래 유지된다는 점을 강조합니다. 또한 디지털 기기에 지나치게 의존하면 정보를 찾고 기억하는 능력이 줄어들 수 있다고 경고합니다. 따라서 중심 생각은 스스로 정보를 찾고 기억하려는 노력이 필요하다는 것입니다. 정답은 C입니다.

### ANSWER
C"
TK_2019_22,TK_2019_22,Textual,0,A,A,"실수로 인해 고객에게 연락이 올 때까지 마음이 편하지 않고 계속 그 일에 대해 신경 쓰이며 불안해하는 상태를 나타낸다. 고객이 화를 낼지도 모른다는 생각에 떨리는 목소리로 설명하는 부분에서도 걱정스러운 마음이 드러난다. 따라서 ‘나’의 심정은 걱정스럽다.

### ANSWER
A"
TK_2019_23,TK_2019_23,Textual,0,B,B,"카드 회사가 내 연락처를 고객에게 전달해 주겠다고 했고, 이후 그 가족에게서 전화가 왔으므로 카드 회사가 그 가족에게 연락을 한 것이 맞다. 가족은 화를 내지 않았고, 내가 직접 전화를 걸거나 찾아다닌 것도 아니다.

### ANSWER
B"
TK_2019_24,TK_2019_24,Textual,0,A,A,"The headline states that a tour bus crashed but all passengers survived because of seat belts. Option A directly matches this meaning. The other options add information not present in the headline, such as changes in behavior, escape, or injuries.

### ANSWER
A"
TK_2019_25,TK_2019_25,Textual,0,D,D,"기사 제목에서 '침묵 깬'은 그동안 입장을 밝히지 않던 김 의원이 처음으로 입장을 표명했음을 의미한다. '대통령 선거 출마설 부인'은 대통령 선거에 출마한다는 소문이 사실이 아니라고 부정했다는 뜻이다. 따라서 김 의원은 출마설에 대해 사실이 아니라고 밝힌 것이므로 D가 정답이다.

### ANSWER
D"
TK_2019_26,TK_2019_26,Textual,0,C,C,"신문 제목은 민간 우주선이 무사히 돌아왔고, 이를 계기로 우주여행 시대가 가까워졌다는 의미를 담고 있습니다. ‘성큼’은 가능성이 크게 높아졌음을 나타내는 표현입니다. 따라서 제목을 가장 잘 설명한 것은 C입니다.

### ANSWER
C"
TK_2019_27,TK_2019_27,Textual,0,D,D,"주 단위로 계획을 세우면 막연한 새해 목표를 ‘라면 안 먹기’, ‘채소 챙겨 먹기’처럼 구체적이고 실행 가능한 계획으로 바꿀 수 있기 때문이다. 따라서 빈칸에 가장 알맞은 내용은 ‘실천 가능한 계획을 세울 수 있기’이다.

### ANSWER
D"
PSE_history_19_3,PSE_history_19_3,History,0,C,C,"인용문은 금이 요와 송을 멸망시킨 뒤 이자겸과 척준경이 금을 섬기자고 주장하고, 왕이 이를 따른 내용으로, 이는 고려 인종 때의 일이다. 인종 때에는 묘청이 서경 천도와 대화궁 건설, 칭제건원을 주장하였다. 따라서 (가)는 인종이며, 인종 시기의 사실로 옳은 것은 C이다.

### ANSWER
C"
PSE_history_19_4,PSE_history_19_4,History,0,C,C,"㉠은 1919년 3·1운동을 가리킨다. 따라서 ㉠ 이후에 일어난 사실이 아닌 것을 골라야 한다. 암태도 소작쟁의는 1923년, 정우회 선언은 1926년, 조선 민립대학 기성회 창립은 1922년으로 모두 3·1운동 이후의 사건이다. 반면 임병찬이 독립의군부를 조직한 것은 1912년으로 3·1운동 이전의 일이다. 그러므로 옳지 않은 것은 C이다.

### ANSWER
C"
PSE_history_19_5,PSE_history_19_5,History,0,D,D,"The passage describes the compilation of the six-code legal book completed under King Seongjong, following King Sejo’s initiative. Among the choices, the book compiled during Seongjong’s reign is the national ritual code. The other books were compiled under different reigns or by later scholars.

### ANSWER
D"
PSE_history_19_6,PSE_history_19_6,History,0,A,A,"### ANSWER
A"
PSE_history_19_7,PSE_history_19_7,History,0,A,A,"을미사변(1895)과 을사조약(1905) 사이인 (가) 시기에는 1898년 황국중앙총상회가 시전상인을 중심으로 조직되었다. 신민회와 105인 사건은 이후의 일이고, 방곡령과 보안회는 시기가 맞지 않는다.

### ANSWER
A"
PSE_history_19_8,PSE_history_19_8,History,0,D,D,"(가)는 발해 무왕 때의 사실이다. 무왕은 흑수말갈이 당과 통교하려 하자 이를 공격했고, 고제덕을 일본에 보내 고구려 계승 의식을 밝혔다. 무왕 때인 732년 장문휴가 수군을 이끌고 당의 등주를 공격한 사건이 있었다. 따라서 옳은 설명은 D이다.

### ANSWER
D"
PSE_history_19_9,PSE_history_19_9,History,0,C,C,"### ANSWER
C"
PSE_history_19_10,PSE_history_19_10,History,0,A,A,"㉠은 도시 근교에서 채소를 상업적으로 재배하여 높은 수익을 올린 상업적 농업을 나타낸다. 신해통공은 1791년 육의전의 금난전권을 폐지한 상업 정책으로, ㉠과 직접 관련이 없다. ㉡ 담배는 인삼과 함께 대표적인 상업 작물이었고, ㉢ 고구마는 감저보·감저신보에서 재배법이 소개되었다. ㉣의 이랑재배법은 밭농사 생산력 향상에 기여하였다. 따라서 옳지 않은 것은 A이다.

### ANSWER
A"
KIIP_tradition_86,KIIP_tradition_86,Tradition,0,A,A,"장승과 솟대는 한국 전통 마을에서 마을 입구에 세워져 잡귀와 재앙을 막고 공동체를 보호하는 수호신 역할을 했다. 따라서 마을을 지키는 역할이 가장 적절하다.

### ANSWER
A"
KIIP_tradition_87,KIIP_tradition_87,Tradition,0,D,D,"장승은 주로 마을 입구나 길가에 세운 돌이나 나무 기둥으로, 무서운 얼굴 모양을 하고 있어 마을을 지키고 잡귀를 막는 역할을 했다. 또한 이정표처럼 길을 알려주는 기능도 있었다. 하지만 장승이 농사를 직접 돕는 역할을 했다는 설명은 일반적인 장승의 기능과 맞지 않는다.

### ANSWER
D"
KIIP_tradition_88,KIIP_tradition_88,Tradition,0,B,D,"솟대는 마을의 수호와 풍요를 기원하기 위해 세우는 민속 신앙물이다. 일반적으로 나무로 만든 새를 장대 위에 올려놓으며, 마을을 지키고 농사가 잘 되고 행운이 찾아온다고 믿었다. 따라서 A, B, C는 솟대에 대한 올바른 설명이다. 반면 D의 ""마을에 좋은 일이 생길 때 기념하기 위해""는 솟대의 본래 목적이 아니므로 틀린 설명이다.

### ANSWER
D"
KIIP_tradition_89,KIIP_tradition_89,Tradition,0,A,A,"굿은 무당이 신령을 청하고 노래와 춤으로 소통하는 한국 전통 샤머니즘 의례이다. 따라서 신령과 교류하는 의식이라는 설명이 가장 적절하다.

### ANSWER
A"
KIIP_tradition_90,KIIP_tradition_90,Tradition,0,A,A,"Korean shamanism centers on the mudang acting as an intermediary between humans and the spiritual world. The primary role is communicating with gods and spirits during rituals and ceremonies. While comforting people or helping the community can be part of the practice, the defining function is interaction with the divine. Thus, the correct choice is the one about communicating with gods.

### ANSWER
A"
KIIP_tradition_91,KIIP_tradition_91,Tradition,0,B,B,"무속신앙은 고대부터 전승된 한국의 전통 신앙으로, 무속인이 굿을 하거나 점을 보는 행위를 포함한다. 또한 일부 지역에는 점을 봐주는 집이 여전히 존재한다. 따라서 현대에 무속신앙이 전혀 남아 있지 않다는 설명은 사실과 다르다.

### ANSWER
B"
KIIP_tradition_92,KIIP_tradition_92,Tradition,0,A,A,"In traditional Korean culture, people believed that household gods, such as 성주신 and 터주신, lived in various parts of the home. These deities were thought to protect the family from misfortune and bring good luck. Therefore, the main reason for believing in house gods was to safeguard the household, not for decoration, cleaning, or making the house larger.

### ANSWER
A"
KIIP_tradition_93,KIIP_tradition_93,Tradition,0,D,D,D
KHB_66_3,KHB_66_3,History,0,C,C,"근초고왕은 백제의 전성기를 이끈 왕으로, 마한 복속, 고구려 공격으로 고국원왕을 전사시킨 일, 동진·왜와의 교류 등이 주요 업적이다. 사비 천도와 22담로 설치는 성왕의 업적이고, 독서삼품과는 고려의 제도이므로 해당되지 않는다. 따라서 (가)에는 고국원왕을 전사시키다가 들어간다.

### ANSWER
C"
KHB_66_4,KHB_66_4,History,0,B,B,"살수대첩은 612년, 안시성 전투는 645년의 사건이므로 (가)는 그 사이 시기이다. 연개소문은 642년에 정변을 일으켜 영류왕을 시해하고 보장왕을 세웠다. 김흠돌의 난은 681년 신라, 장문휴의 산둥 반도 공격은 732년 발해, 검모잠의 부흥 운동은 668년 이후의 일이므로 시기가 맞지 않는다. 따라서 정답은 B이다.

### ANSWER
B"
KHB_66_5,KHB_66_5,History,0,A,A,"신라의 신분 제도는 혈통에 따라 관직 진출과 일상생활까지 차별한 골품 제도입니다. 골품 제도는 신라만의 독특한 신분제로, 왕족과 귀족의 혈통에 따라 등급을 나누었습니다. 기인 제도는 지방 세력을 인질로 삼는 제도이고, 음서 제도는 고려·조선의 과거 면제 제도입니다. 따라서 정답은 골품 제도입니다.

### ANSWER
A"
KHB_66_6,KHB_66_6,History,0,A,A,"분황사 모전석탑은 경주에 위치한 국보로, 신라 선덕여왕 때 벽돌 모양으로 다듬은 돌을 쌓아 만든 탑이다. 기단 모퉁이에 화강암 사자상이 있는 특징이 문제의 설명과 일치한다.

### ANSWER
A"
KHB_66_7,KHB_66_7,History,0,D,D,D
KHB_66_8,KHB_66_8,History,0,D,D,"견훤은 후백제를 세운 인물로, 아들 신검에게 금산사에 유폐되었다. 그는 927년 공산 전투에서 고려의 왕건을 상대로 승리한 적이 있다. 청해진 설치, 국호 마진, 경주 사심관 임명은 각각 장보고, 궁예 등 다른 인물에 해당한다.

### ANSWER
D"
KHB_66_9,KHB_66_9,History,0,A,A,"자료에서 대조영이 세우고 대인수가 연호를 바꾼 국가는 발해이다. 발해의 문화유산으로는 영광탑이 대표적이다. 따라서 정답은 A이다.

### ANSWER
A"
KHB_66_10,KHB_66_10,History,0,D,D,"청주 용두사지 철당간의 ‘준풍’ 연호는 고려 광종 때 사용된 연호입니다. 광종은 노비안검법을 시행하고 과거제를 처음 도입하였으며, 관리의 복색을 제정하는 등 왕권 강화에 힘썼습니다. 따라서 제시된 업적과 일치하는 왕은 광종이며, 그의 업적으로 옳은 것은 과거제를 처음으로 시행한 것입니다.

### ANSWER
D"
PSAT_20_12,PSAT_20_12,Law,0,B,B,"### ANSWER
B"
PSAT_20_13,PSAT_20_13,Law,0,C,C,"### ANSWER
C"
PSAT_20_14,PSAT_20_14,Law,0,D,D,"감사원은 헌법상 대통령 소속 기관이므로 국무총리 소속이라는 B는 틀렸고, 감사원장과 감사위원의 정년은 65세이므로 C도 틀렸다. 감사원장 유고 시에는 감사위원 중 선임감사위원이 직무를 대행하므로 A도 옳지 않다. 헌법 제99조에 따라 감사원은 세입·세출 결산을 매년 검사하여 대통령과 차년도 국회에 보고하므로 D가 옳다.

### ANSWER
D"
PSAT_20_15,PSAT_20_15,Law,0,B,A,"### ANSWER
A"
PSAT_20_16,PSAT_20_16,Law,0,D,D,"헌법재판소는 양심을 ‘깊고 확고하며 진실된 윤리적 가치판단’으로 이해하므로, 보호 여부를 판단할 때 그 내용과 진실성·확고성 등이 중요하다. D는 내용 여하를 떠나 보호되고 그러한 요건과 관계없다고 하여 판례에 반한다. A, B, C는 판례의 입장에 부합한다.

### ANSWER
D"
PSAT_20_17,PSAT_20_17,Law,0,D,D,"### ANSWER
D"
PSAT_20_18,PSAT_20_18,Law,0,B,C,"### ANSWER
C"
PSAT_20_19,PSAT_20_19,Law,0,D,A,"영토권은 국가의 권리이지 개인의 기본권이 아니므로 헌법소원의 대상이 될 수 없다는 것이 판례의 입장이다. 따라서 A는 옳지 않다. 나머지 B, C, D는 모두 판례에 부합하는 설명이다.

### ANSWER
A"
KIIP_society_169,KIIP_society_169,Society,0,B,B,"### ANSWER
B"
KIIP_society_170,KIIP_society_170,Society,0,A,A,"In Korea, emergency situations are classified by type, and each type has a designated emergency phone number. For instance, 112 is for police, 119 is for fire and medical emergencies, and 110 is for civil complaints. Thus, the element that is predetermined according to the emergency situation is the report number. The other options—place, personnel, and time—are not fixed by the type of emergency.

### ANSWER
A"
KIIP_society_171,KIIP_society_171,Society,0,D,D,"In Korean culture, the number 4 is considered unlucky because its pronunciation ""sa"" sounds like the word for death. This belief leads to practices like skipping the fourth floor in buildings. Therefore, the correct choice is D.

### ANSWER
D"
KIIP_society_172,KIIP_society_172,Society,0,B,B,"한국의 안전점검의 날은 1995년 삼풍백화점 붕괴 등 대형 사고 이후 안전 관리의 중요성이 강조되면서 제정되었습니다. 이에 따라 정부는 1996년부터 매월 4일을 안전점검의 날로 지정하여 생활 주변의 위험 요소를 점검하도록 하였습니다. 따라서 정답은 1996년입니다.

### ANSWER
B"
KIIP_society_173,KIIP_society_173,Society,0,D,D,D
KIIP_society_174,KIIP_society_174,Society,0,A,A,"안전문화운동은 사회안전, 생활안전, 교통안전, 산업안전의 네 분야를 모두 포함하여 실천 과제를 정하고 추진하는 활동입니다. 따라서 특정 분야만을 대상으로 하는 보기 B, C, D는 옳지 않습니다.

### ANSWER
A"
KIIP_society_175,KIIP_society_175,Society,0,A,A,"임신·출산 진료비 지원 신청 시 임신 사실을 증명하기 위해 필요한 서류는 의료기관에서 발급받는 임신확인서입니다. 출산확인서는 출산 후에 해당할 수 있으나, 일반적인 지원 신청의 핵심 서류는 임신확인서입니다.

### ANSWER
A"
KIIP_society_176,KIIP_society_176,Society,0,D,C,C
Kedu_15_33,Kedu_15_33,Grammar,0,D,D,"완곡어는 불쾌하거나 무서운 대상을 직접 부르지 않고 돌려서 표현하는 말이다. '천연두'는 무서운 질병이므로 직접 부르기를 꺼려 '마마'라는 완곡한 표현을 사용했다. 나머지 보기는 방언, 한자어, 비슷한 의미의 단어일 뿐 완곡어가 아니다.

### ANSWER
D"
Kedu_15_34,Kedu_15_34,Grammar,0,A,A,"색종이는 한자어 ‘색(色)’과 고유어 ‘종이’가 결합된 말로, 두 가지 어종이 섞인 혼종어입니다. 누리꾼은 고유어끼리, 전자우편은 한자어끼리, 에어컨은 영어에서 온 외래어입니다.

### ANSWER
A"
Kedu_15_35,Kedu_15_35,Grammar,0,C,C,"'나무'와 '뿌리는 전체와 부분의 관계로, 상위어와 하위어의 포함 관계인 상하 관계가 아니다. 나머지 보기는 모두 상위어-하위어 관계에 해당한다.

### ANSWER
C"
Kedu_15_36,Kedu_15_36,Grammar,0,D,D,"고유어는 한자어에 비해 의미가 넓고 여러 가지 의미를 지니는 경우가 많다. 따라서 “한자어에 비해 단일한 의미를 가지는 어휘가 많다”는 고유어의 특징으로 옳지 않다.

### ANSWER
D"
Kedu_15_37,Kedu_15_37,Grammar,0,C,C,"생선회는 ‘생선(生鮮)’과 ‘회(膾)’가 모두 한자어이므로 고유어가 포함되지 않습니다. 반면 밥상, 물약, 냉국은 각각 ‘밥’, ‘물’, ‘국’이라는 고유어를 포함합니다.

### ANSWER
C"
Kedu_15_38,Kedu_15_38,Grammar,0,A,A,"A는 '넓다'의 활용형으로 형용사이고, B의 '커서'는 '크다(자라다)'의 활용형, C의 '밝는구나'는 '날이 밝다'의 동사 활용형, D의 '늙었군'은 '늙다'의 동사 활용형이다. 따라서 품사가 다른 것은 A이다.

### ANSWER
A"
Kedu_15_39,Kedu_15_39,Grammar,0,B,B,"""손이 크다""는 씀씀이가 넉넉하다는 뜻이지만, ""발이 넓다""는 인맥이 넓다는 뜻이므로 유의 관계가 아니다. 나머지 보기는 모두 관용 표현의 의미와 유의 관계가 올바르게 짝지어졌다. 따라서 옳지 않은 것은 B이다.

### ANSWER
B"
Kedu_15_40,Kedu_15_40,Grammar,0,D,B,"### ANSWER
B"
CSAT_korean_16_6,CSAT_korean_16_6,Functional,0,D,D,"[A]의 첫 문장은 인터넷, 신문, 잡지 등 구체적 매체를 제시하므로 (c)가 먼저 반영되었다. 다음으로 다양한 매체에서 여러 유형의 광고가 나타나는 이유를 설명하는 부분이 (b)에 해당한다. 이후 매체 이용자들이 광고를 불필요한 정보로 판단해 회피하는 태도를 언급하므로 (d)가 반영되었고, 마지막으로 그러한 회피 경향에 대응하여 새로운 광고 기법이 등장함을 제시하므로 (a)가 마지막에 해당한다.

### ANSWER
D"
CSAT_korean_16_7,CSAT_korean_16_7,Functional,0,B,B,"기사형 광고는 기사처럼 보이기 위해 제목에서 특정 제품명을 드러내지 않는 것이다. 따라서 제품명을 제목에 나타내지 않은 것은 ‘광고처럼 보이기 위한 기법’이 아니라 ‘기사처럼 보이기 위한 기법’이다. [B]에서는 연구 자료 인용, 소비 심리 자극, ‘특집’·‘기획’ 표지 제한, ‘글 ○○○ 기자’ 표현 금지 등을 언급하고 있는데, 나머지 보기는 모두 이에 부합한다. 그러므로 적절하지 않은 것은 B이다.

### ANSWER
B"
CSAT_korean_16_8,CSAT_korean_16_8,Functional,0,E,E,"검색 광고와 기사형 광고는 모두 광고임에도 불구하고 유용한 정보처럼 보이게 하여 이용자가 광고를 정보로 오인하게 만든다는 공통점이 있다. 따라서 마지막 문단에서는 이러한 문제점을 언급하고, 매체 이용자들이 정보와 광고를 구별하는 비판적 안목을 길러야 한다고 촉구하는 내용이 가장 적절하다.

### ANSWER
E"
CSAT_korean_16_9,CSAT_korean_16_9,Functional,0,E,E,"The student’s associations are based on directly observing the lawn, the path, the sprouts, and the densely growing grass. The text does not describe the student observing dry brown grass; instead, he recalls that green grass becomes dry brown grass and revives after winter. Thus, E misrepresents the process as an observation with expectation.

### ANSWER
E"
CSAT_korean_16_10,CSAT_korean_16_10,Functional,0,C,C,"(ㄱ)은 ‘어려움을 겪는다’가 자연스러우므로 ‘어려움을’로 고치는 것이 적절하다. (ㄴ)은 ‘눈에 띄었다’가 맞으므로 ‘띄었다’로 고치는 것이 적절하다. (ㄷ)은 ‘푸르고 무성한 잔디로 자랄 것’이 자연스러운 표현이므로 ‘푸르지만’으로 고치는 것은 적절하지 않다. (ㄹ)은 앞 내용과 이어지는 내용이므로 ‘그러나’보다 ‘또한’이 적절하다. (ㅁ)은 ‘꿈을’이라는 목적어가 필요하므로 첨가하는 것이 적절하다.

### ANSWER
C"
CSAT_korean_19_1,CSAT_korean_19_1,Functional,0,D,D,"발표자는 볼펜의 종류를 열거하고, 청중에게 질문하며 화제를 제시하고, 청중의 경험을 이끌어 내고, 만년필과 비교하는 방식을 사용한다. 하지만 내용의 신뢰성을 높이기 위해 전문가의 견해를 인용한 부분은 없다. 라즐로 비로의 특허 언급은 역사적 사실일 뿐 전문가 의견 인용이 아니다. 따라서 적절하지 않은 것은 D이다.

### ANSWER
D"
CSAT_korean_19_2,CSAT_korean_19_2,Functional,0,C,C,"### ANSWER
C"
CSAT_korean_19_3,CSAT_korean_19_3,Functional,0,A,A,"발표자는 만년필이 모세관 현상으로 힘들이지 않고 글씨를 쓸 수 있다고 말한 직후에 청중의 질문을 받습니다. 이에 대해 발표자는 종이의 섬유소가 가는 대롱 역할을 하여 잉크가 종이로 흘러가기 때문이라고 설명합니다. 따라서 청중의 질문은 만년필의 수월한 필기와 모세관 현상의 관련성을 묻는 것이 가장 자연스럽습니다. 아직 언급되지 않은 종이 섬유소의 역할을 구체적으로 묻는 것은 흐름상 적절하지 않습니다.

### ANSWER
A"
TK_2019_28,TK_2019_28,Textual,0,D,D,"무지개는 빛이 물방울을 통과할 때 굴절되어 생기므로, 빛이 물방울을 통과할 수 있어야 합니다. 그런데 공기에 먼지 등의 오염 물질이 섞이면 물방울이 먼지 주위로 모여 빛의 통과를 막습니다. 따라서 무지개가 만들어지려면 공기가 깨끗해야 합니다. 문장의 빈칸은 “공기가 깨끗하지 않으면”이 가장 알맞습니다.

### ANSWER
D"
TK_2019_29,TK_2019_29,Textual,0,B,B,"### ANSWER
B"
TK_2019_30,TK_2019_30,Textual,0,A,A,"종합병원에서 진료를 받으면 약값을 더 내게 하고, 동네 의원에서는 약값이 더 적게 나오도록 하여 종합병원으로 몰리는 현상을 줄이려는 제도이므로, 빈칸에는 ‘환자가 약값을 조금 더 내게’가 가장 적절하다.

### ANSWER
A"
TK_2019_31,TK_2019_31,Textual,0,B,B,"The passage states that Seok Joo-myeong revised the classification from 844 species to 248, so A is false. He proved that the old classification based on minor wing differences was wrong, so D is false. He did not realize his own research had problems; rather, he corrected previous errors, so C is false. The passage explicitly says he took the lead in giving butterflies native Korean names such as '떠들썩 팔랑나비', which matches B.

### ANSWER
B"
TK_2019_32,TK_2019_32,Textual,0,C,C,"The passage explains that horizontal saving is suited for diverse, long-term purposes, while vertical saving suits short-term goals. Therefore, the statement that horizontal saving is useful when savings purposes are diverse matches the content.

### ANSWER
C"
TK_2019_33,TK_2019_33,Textual,0,B,B,"The passage states that in the 19th century, 책가도 spread to merchants and farmers, meaning various social classes came to enjoy it. This matches choice B. The other options contradict or misrepresent the passage.

### ANSWER
B"
TK_2019_34,TK_2019_34,Textual,0,A,A,"The passage explains that 3D scanners and printers allow precise and safe cultural heritage restoration, which was previously difficult. This directly supports the idea that advanced equipment has made restoration easier. The other options focus on prevention, deformation, or training, which are not the main topic.

### ANSWER
A"
TK_2019_35,TK_2019_35,Textual,0,D,D,"이 글은 유아의 촉각 경험 중에서도 특히 주변 인물과의 피부 접촉이 정서 발달과 사회성 발달, 나아가 지능 발달에 중요하다는 점을 강조하고 있습니다. 따라서 글의 주제는 유아의 발달을 위한 피부 접촉의 중요성입니다.

### ANSWER
D"
KIIP_tradition_94,KIIP_tradition_94,Tradition,0,B,B,"Samsin is a Korean folk deity associated with childbirth and the protection of newborns. She is believed to help women conceive and give birth safely. The other options describe different household gods or incorrect attributes.

### ANSWER
B"
KIIP_tradition_95,KIIP_tradition_95,Tradition,0,D,D,"조왕신은 부엌, 측신은 화장실, 터주신은 집터를 지키는 신으로 모두 맞는 설명입니다. 삼신은 출산과 관련된 신으로 주로 안방에 있다고 여겨지므로 부엌에 있다는 설명은 옳지 않습니다.

### ANSWER
D"
KIIP_tradition_96,KIIP_tradition_96,Tradition,0,D,D,"삼신상에는 일반적으로 흰밥, 미역국, 정화수를 올리지만, 나물을 모든 지역에서 올리는 것은 아니므로 이는 틀린 설명이다.

### ANSWER
D"
KIIP_tradition_97,KIIP_tradition_97,Tradition,0,A,A,"삼신상은 출산과 아이를 관장하는 신으로, 제사를 지낸 후에는 정중히 절을 올리는 것이 일반적인 예법이다. 춤, 노래, 잠자는 행동은 삼신상 제사와 관련된 일반적인 행동이 아니다. 따라서 정답은 A이다.

### ANSWER
A"
KIIP_tradition_98,KIIP_tradition_98,Tradition,0,A,A,"Samshin is the Korean deity who protects childbirth and children. The Samshin altar was traditionally placed in the anbang so that the family could pray for the health and well-being of their children. Although Samshin is also connected to fertility, the altar's main purpose in the anbang was to seek protection for the child's health. Thus, the correct choice is A.

### ANSWER
A"
KIIP_tradition_99,KIIP_tradition_99,Tradition,0,D,D,"조계사는 한국 불교의 대표적인 사찰로, 불교는 인도에서 기원했지만 한국에 전래된 지 오래되어 한국 전통 종교로 자리 잡았다. 반면 명동성당, 정동교회, 이슬람사원은 각각 가톨릭, 개신교, 이슬람으로 한국에 비교적 늦게 들어온 외래 종교의 예이다. 따라서 외래 종교의 예로 적합하지 않은 것은 조계사이다.

### ANSWER
D"
KIIP_tradition_100,KIIP_tradition_100,Tradition,0,C,C,"대한민국 헌법은 종교의 자유를 보장하며 특정 종교만을 인정하지 않습니다. 따라서 불교, 기독교, 유교를 포함한 모든 종교에 대해 자유가 인정됩니다. 보기 중 가장 정확한 답은 '모든 종교'입니다.

### ANSWER
C"
KIIP_tradition_101,KIIP_tradition_101,Tradition,0,A,A,"불교는 고구려 소수림왕 2년(372년)에 공식적으로 전래된 것으로 기록되어 있어 한국에 가장 먼저 들어온 외래 종교입니다. 기독교는 18세기 이후, 이슬람교는 20세기에 전래되었습니다. 유교는 종교라기보다 윤리·사상 체계로 분류되는 경우가 많습니다. 따라서 가장 오래된 외래 종교는 불교입니다.

### ANSWER
A"
KHB_66_11,KHB_66_11,History,0,B,B,"(가)는 현종 이후 이자겸이 금을 섬겨야 한다고 말하기 이전 시기로, 여진이 고려에 조공하던 예종 무렵이다. 이때 윤관이 별무반을 편성하여 여진을 정벌하였다. 따라서 (가) 시기의 사실로 옳은 것은 윤관의 별무반 설치 건의이다.

### ANSWER
B"
KHB_66_12,KHB_66_12,History,0,D,D,"주전도감은 고려 숙종 때 설치된 화폐 주조 기관으로, 이곳에서 해동통보를 주조하였다. 명도전은 중국 화폐이고, 당백전과 백동화는 조선 시대의 화폐이다. 따라서 옳은 것은 해동통보이다.

### ANSWER
D"
KHB_66_13,KHB_66_13,History,0,C,B,"The passage describes the Tripitaka Koreana (팔만대장경판), which was created to repel Mongol invasions and later moved from Ganghwa to Haeinsa. The ceremony at Haeinsa commemorates this event. Therefore, the correct answer is B.

### ANSWER
B"
KHB_66_14,KHB_66_14,History,0,A,A,"후삼국을 통일하고 발해 유민을 포용한 왕은 고려 태조 왕건이다. 태조는 흑창을 설치하여 백성들을 구제하였다. 천리장성은 고려 덕종 때, 전민변정도감은 공민왕 때, 전시과는 경종 때의 일이다. 따라서 태조의 업적으로 옳은 것은 흑창을 만든 것이다.

### ANSWER
A"
KHB_66_15,KHB_66_15,History,0,C,C,"이 시기는 원 간섭기 고려로, 몽골의 복식인 발립·변발·호복이 유행하던 때입니다. 응방, 공녀, 권문세족의 토지 겸탈은 모두 이 시기의 모습입니다. 그러나 황룡사 구층 목탑은 신라 시대에 세워진 것이므로 이 시기에 볼 수 있는 모습으로 적절하지 않습니다.

### ANSWER
C"
KHB_66_16,KHB_66_16,History,0,C,C,"(가)는 요동 정벌에 반대하며 4불가론을 주장한 이성계이다. 이성계는 1380년 황산 대첩에서 왜구를 물리쳤다. 강동 6주 획득은 서희, 비격진천뢰 제작은 이장손, 매소성 전투는 신라 장수와 관련된 내용이다.

### ANSWER
C"
KHB_66_17,KHB_66_17,History,0,B,B,"### ANSWER
B"
KHB_66_18,KHB_66_18,History,0,A,A,"6조 직계제, 호패법, 사간원, 계미자, 창덕궁, 신문고, 혼일강리역대국도지도는 모두 조선 초기 태종 때의 업적이다. 태종은 왕권 강화를 위해 6조 직계제를 실시하고 호패법을 시행했으며, 계미자 주조와 창덕궁 건립, 신문고 설치 등도 이루어졌다. 따라서 정답은 태종이다.

### ANSWER
A"
PSE_history_19_11,PSE_history_19_11,History,0,C,C,"이규보의 ｢동명왕편｣은 고구려를 세운 동명성왕 주몽의 건국 이야기를 다룬 작품으로, 단군의 건국 과정을 다룬 것이 아니다. 따라서 단군에 대한 인식을 설명한 것으로 옳지 않다. 나머지 보기는 단군을 우리 역사의 시원으로 보거나 단군 정통론, 단군기원 사용 등과 관련된 올바른 설명이다.

### ANSWER
C"
PSE_history_19_12,PSE_history_19_12,History,0,B,B,"이 글은 삼국 시조들의 신이한 탄생을 설명하며 책 첫머리에 「기이」편을 둔 이유를 밝히고 있는데, 이는 승려 일연이 지은 『삼국유사』의 서문에 해당한다. 『삼국유사』는 불교 중심의 고대 설화와 역사적 이야기를 수록한 책이다. 따라서 불교 중심의 고대 민간 설화를 수록하였다는 설명이 옳다.

### ANSWER
B"
PSE_history_19_13,PSE_history_19_13,History,0,D,D,"(가)은 전주화약으로, 이후 농민군은 해산하였다가 청·일군의 개입으로 재봉기하였다. 이후 남접군과 북접군이 논산에서 연합하여 세력을 결집하였다. 나머지 보기는 전주화약 이전에 일어난 사실이다.

### ANSWER
D"
PSE_history_19_14,PSE_history_19_14,History,0,A,D,"### ANSWER
D"
PSE_history_19_15,PSE_history_19_15,History,0,C,C,"정림사지 5층 석탑에서 발견된 사리기는 백제 창왕(昌王) 13년에 만들어진 것으로, 무왕의 왕후가 넣은 사리기는 익산 미륵사지 석탑에서 발견되었다. 따라서 C의 설명은 옳지 않다.

### ANSWER
C"
PSE_history_19_16,PSE_history_19_16,History,0,D,D,"주세붕이 창건한 교육기관은 서원으로, 학문 연구와 선현의 제사를 위해 설립된 사설 교육기관이다. 관학인 향교나 서당과는 성격이 다르며, 문과 초시 면제는 서원의 일반적 특징이 아니다. 따라서 옳은 설명은 D이다.

### ANSWER
D"
PSE_history_19_17,PSE_history_19_17,History,0,A,A,"(가)는 강화도 조약 이후 체결된 조일무역규칙으로, 양곡 무제한 유출과 일본 선박의 항세 면제 규정이 포함되었다. (나)는 황준헌의 조선책략 영향과 청의 알선으로 체결된 조미수호통상조약으로, 거중조정과 최혜국 대우 조항이 포함되었다.

### ANSWER
A"
PSE_history_19_18,PSE_history_19_18,History,0,B,B,"율곡 이이의 연보이다. 사간원 정언은 간쟁과 논박을 담당하는 언론 기관이므로 왕명 출납은 승정원의 임무이다. 이조좌랑은 이조의 관직으로, 관리 인사와 삼사 관원 추천 권한(전랑권)을 가졌다. 승정원 우부승지는 왕명 출납을 담당하지, 간쟁·감찰은 사헌부나 사간원의 역할이다. 홍문관 부제학은 왕의 학문 보좌와 경연 등을 담당하며, 서적 출판·간행 전담은 교서관이다. 따라서 ㉡의 설명이 옳다.

### ANSWER
B"
KIIP_society_177,KIIP_society_177,Society,0,A,A,"어린이집과 유치원은 초등학교 입학 전 아동을 위한 대표적인 보육·교육기관이다. 돌봄교실은 초등학교 내 방과후 프로그램이고, 초등학교는 입학 이후 기관이므로 정답은 A이다.

### ANSWER
A"
KIIP_society_178,KIIP_society_178,Society,0,A,A,"한국 정부의 임신·출산·양육 비용 지원은 저출산 문제에 대응하여 출산을 장려하고, 양육에 따른 경제적 부담을 줄이기 위한 정책입니다. 따라서 가장 적절한 선택지는 A입니다.

### ANSWER
A"
KIIP_society_179,KIIP_society_179,Society,0,A,A,"보육비/양육수당은 주소지 관할 읍·면·동 주민센터에서 방문 신청하거나, 온라인 복지 포털인 ‘복지로’ 웹사이트를 통해 신청할 수 있다. 국민건강보험공단이나 카드사, 세무서 등은 이 업무와 관련이 없다. 따라서 정답은 A이다.

### ANSWER
A"
KIIP_society_180,KIIP_society_180,Society,0,A,A,"영아는 36개월 미만, 즉 0~2세를 의미하고, 유아는 36개월 이상 6세 미만의 취학 전 아동으로 3~5세에 해당합니다. 영유아는 이들을 합친 개념으로 6세 미만을 가리킵니다. 따라서 보기 중 영아 0-2세, 유아 3-5세, 영유아 6세 미만이 맞는 설명입니다.

### ANSWER
A"
KIIP_society_181,KIIP_society_181,Society,0,A,A,"합계출산율은 한 여성이 가임 기간 동안 낳을 것으로 예상되는 평균 자녀 수를 의미한다. 따라서 가임여성 1명당 출산한 아이의 수를 나타내는 개념이다. 임신 횟수나 미혼모·미혼부의 수와는 관련이 없다.

### ANSWER
A"
KIIP_society_182,KIIP_society_182,Society,0,A,A,"### ANSWER
A"
KIIP_society_183,KIIP_society_183,Society,0,A,A,A
KIIP_society_184,KIIP_society_184,Society,0,A,A,"영·유아의 보육과 교육은 어린이집에서 담당합니다. 초등학교, 중학교, 고등학교는 학령기 아동과 청소년을 위한 교육 기관입니다.

### ANSWER
A"
KIIP_society_185,KIIP_society_185,Society,0,A,A,"유치원은 만 3세부터 초등학교 입학 전까지의 아동을 대상으로 교육을 제공하는 기관이다. 따라서 보기 중 A가 정확하다.

### ANSWER
A"
KIIP_society_186,KIIP_society_186,Society,0,A,A,"유치원은 설립 주체에 따라 국·공립 유치원과 사립유치원으로 구분됩니다. 종교 단체가 설립한 유치원도 법적으로는 사립유치원에 해당하므로 별도의 유형으로 보지 않습니다. 따라서 두 유형을 모두 포함한 A가 정답입니다.

### ANSWER
A"
Kedu_15_41,Kedu_15_41,Grammar,0,D,D,"지록위마, 금의야행, 연목구어는 모두 어떤 행동이나 행위를 비유하는 사자성어입니다. 반면 구우일모는 아주 많은 것 중의 극히 작은 일부를 뜻하는 비유로, 행동이나 행위를 나타내는 말이 아닙니다.

### ANSWER
D"
Kedu_15_42,Kedu_15_42,Grammar,0,B,B,"A는 미래 사건, C는 다가오는 토요일이라는 미래 사건, D는 조건절에 의해 미래에 일어날 사건을 나타냅니다. 반면 B는 ‘지금쯤’이라는 현재 시점의 진행 중인 사건을 나타냅니다. 따라서 사건시가 나머지와 다른 것은 B입니다.

### ANSWER
B"
Kedu_15_43,Kedu_15_43,Grammar,0,C,C,"‘소금’과 ‘염화나트륨’은 같은 대상을 가리키지만, 일상생활과 과학 실험실이라는 서로 다른 사회적·상황적 맥락에서 사용됩니다. 이러한 차이는 언어 사용 환경에 따라 의미가 달라지는 ‘사회적 의미’에 해당합니다.

### ANSWER
C"
Kedu_15_44,Kedu_15_44,Grammar,0,A,A,"신랑-신부는 서로를 전제하는 관계 반의어이고, 사다-팔다도 거래의 양면을 나타내는 관계 반의어이다. 나머지 보기는 상보 반의어, 등급 반의어, 관계 반의어가 섞여 있어 같은 유형이 아니다.

### ANSWER
A"
Kedu_15_45,Kedu_15_45,Grammar,0,B,C,"ㄱ의 '쓰다'는 둘 다 '사용하다'의 뜻으로 동일 의미이므로 다의어가 아니다. ㄴ의 '켜다'는 '기지개를 펴다'와 '전원을 작동시키다'의 다른 의미로 다의어 관계이다. ㄷ의 '거칠다'는 '표면이 매끄럽지 않다'와 '말투가 상스럽다'의 의미로 다의어 관계이다. 따라서 ㄴ, ㄷ이 해당한다.

### ANSWER
C"
Kedu_15_46,Kedu_15_46,Grammar,0,B,B,"'좀'은 일반적으로 '조금'의 의미로 수량이나 정도를 나타내는 부사로 쓰이지만, 명령문이나 청유문에서는 말투를 부드럽게 만드는 담화 표지로 기능할 수 있다. B의 '빨리 좀 갑시다'에서 '좀'은 양적 의미가 아니라 청유의 태도를 완화하는 담화 표지이다. A, C, D는 각각 음식의 양, 시간의 정도, 날씨의 정도를 나타내는 부사로 쓰였다. 따라서 담화 표지의 성격을 지니는 것은 B이다.

### ANSWER
B"
Kedu_15_47,Kedu_15_47,Grammar,0,B,B,"In Korean information structure, new information is typically introduced with the subject particle ‘이/가’, while old or given information is marked with the topic particle ‘은/는’. Option B reverses this relationship, making it incorrect. The other options correctly describe how new and old information are determined, omitted, and represented.

### ANSWER
B"
Kedu_15_48,Kedu_15_48,Grammar,0,A,A,"The verb ‘시작하다’ is an aspectual trigger that presupposes a change of state, namely that 철수 was not learning tennis before. The other options incorrectly attribute presuppositions to adverbs or non-factive verbs: ‘작년에’ does not trigger the high school graduation presupposition, ‘가장’ does not trigger the existence of a desired place, and ‘생각하다’ is not factive.

### ANSWER
A"
PSAT_20_20,PSAT_20_20,Law,0,A,A,"헌법상 '동일한 범죄에 대하여 거듭 처벌받지 아니한다'는 이중처벌금지 원칙에서의 '처벌'은 원칙적으로 형벌을 의미하며, 국가의 모든 제재나 불이익처분을 포함하는 것은 아니다. 따라서 A의 설명은 옳지 않다. B는 고문 금지와 자기부죄거부권, C는 영장주의, D는 체포·구속 통지제도로 모두 헌법에 부합하는 옳은 설명이다.

### ANSWER
A"
PSAT_20_21,PSAT_20_21,Law,0,A,D,"### ANSWER
D"
PSAT_20_22,PSAT_20_22,Law,0,C,C,"예산은 법규범이 아니라 국가기관 내부의 집행 기준일 뿐이며, 일반 국민을 구속하지 않으므로 국회의 예산안 의결은 헌법소원의 대상이 될 수 없다. 따라서 C의 설명은 옳지 않다.

### ANSWER
C"
PSAT_20_23,PSAT_20_23,Law,0,B,B,"헌법 제67조에 따르면 대통령으로 선거될 수 있는 자는 국회의원의 피선거권이 있고 선거일 현재 40세에 달하여야 한다. 따라서 45세라고 한 B는 옳지 않다. A, C, D는 각각 헌법과 공직선거법의 규정에 부합하는 설명이다.

### ANSWER
B"
PSAT_20_24,PSAT_20_24,Law,0,A,A,"헌법개정 제안 요건은 국회재적의원 과반수 또는 대통령의 발의이므로, 3분의 1 이상이라는 A는 옳지 않다. B는 대통령 임기연장·중임변경 개정의 효력 제한에 관한 헌법 제128조 제2항으로 옳다. C는 공고 후 60일 이내 의결 및 재적의원 3분의 2 이상 찬성 요건으로 옳다. D는 의결 후 30일 이내 국민투표 요건으로 옳다.

### ANSWER
A"
PSAT_20_25,PSAT_20_25,Law,0,C,D,"### ANSWER
D"
PSAT_21_1,PSAT_21_1,Law,0,C,C,"### ANSWER
C"
PSAT_21_2,PSAT_21_2,Law,0,C,C,"형사보상청구는 무죄재판을 한 법원에 하므로 A는 틀렸다. 국가배상과 형사보상은 별개의 권리이므로 중복 청구가 가능하고, 대리인을 통해서도 청구할 수 있으므로 B와 D는 틀렸다. 형사보상청구권은 무죄재판이 확정된 사실을 안 날부터 3년, 확정된 때부터 5년 이내에 행사하여야 한다. 따라서 C가 옳다.

### ANSWER
C"
CSAT_korean_19_4,CSAT_korean_19_4,Functional,0,E,E,"반대 1은 인공 지능이 빅데이터를 바탕으로 평가하지만, 그 빅데이터 자체가 왜곡될 가능성이 있다고 주장한다. 따라서 “빅데이터에 근거하지 않고”라고 표현한 것은 내용과 맞지 않다.

### ANSWER
E"
CSAT_korean_13_11,CSAT_korean_13_11,Grammar,0,B,B,"### ANSWER
B"
CSAT_korean_19_5,CSAT_korean_19_5,Functional,0,B,B,"[A]에서 반대 2는 면접관의 주관적 판단이 오히려 필요하다는 의문을 제기하지만, 사례를 요구하지는 않는다. 이에 찬성 1은 면접관의 견해로는 잠재력을 판단하기 어렵다고 반박하고, 설문 조사 자료를 근거로 인공 지능 면접의 신뢰성을 강조한다. [B]에서 찬성 1은 △△회사 폐지 사례에 이의를 제기하지만 추가 자료를 요청하지는 않으며, 반대 1은 자료의 출처를 확인하지 않고 향후 전망만 제시한다. 따라서 [A]의 찬성 1이 상대측 이의에 반박하며 자료를 통해 자신의 주장을 강조한 B가 가장 적절하다.

### ANSWER
B"
CSAT_korean_19_7,CSAT_korean_19_7,Functional,0,D,D,"(나)의 1문단에서 제기한 첫째 물음은 “인공 지능이 인간을 대신할 수 있을까?”이고, 둘째 물음은 “인간과 인공 지능의 관계는 어떠해야 할까?”이다. 친구의 조언에 따르면 첫째 물음에 대한 입장을 밝히고, 2문단에 쓴 두 단어를 활용해 관계를 드러내야 한다. 2문단에는 ‘주체와 객체’라는 대비되는 두 단어가 등장하며, 이는 인간과 인공 지능의 관계를 설명하는 핵심 개념이다. 따라서 인공 지능은 인간을 대체할 수 없고, 인간이 주체이며 인공 지능은 객체일 뿐이라는 내용이 가장 적절하다.

### ANSWER
D"
CSAT_korean_19_8,CSAT_korean_19_8,Functional,0,C,C,"(ㄱ)은 지역 방언이 사라져 가는 실태를 독자가 잘 모른다는 점이고, (ㄴ)은 지역 방언의 가치에 대한 인식이 부족하다는 점이다. 초고에는 조사 결과와 유네스코 소멸 위기 언어 등록 사례가 (ㄱ)을 고려한 내용으로 나타나고, 예상 반론과 방언의 가치 설명이 (ㄴ)을 고려한 내용으로 나타난다. 그러나 지역 방언 때문에 의사소통에 어려움을 겪었던 경험은 초고에 제시되지 않았다.

### ANSWER
C"
CSAT_korean_19_9,CSAT_korean_19_9,Functional,0,D,D,"[A]는 지역 방언 소멸의 원인을 설명하는 부분이다. 자료2는 공식적 상황에서 표준어 사용이 일반적이었고, 최근에는 일상생활에서도 표준어 사용 비율이 높아졌으며 그 이유가 표준어를 세련되게 여기기 때문이라고 말한다. 이는 방언을 사용할 수 있는 일상 상황에서도 표준어를 쓰려는 태도가 방언 소멸의 원인이 됨을 뒷받침하므로 [A]의 원인으로 추가하는 것이 적절하다. 자료1은 표준어 사용자의 느낌 변화를 보여주지만 소멸 원인과 직접 연결하기 어렵고, 다른 선택지들은 자료의 내용과 부합하지 않는다. 따라서 D가 가장 적절하다.

### ANSWER
D"
CSAT_korean_20_1,CSAT_korean_20_1,Functional,0,B,B,"The speaker directly asks the audience questions about the presentation topic, such as whether they have seen Goguryeo tomb murals and what they think was depicted. After each question, the speaker acknowledges and responds to the audience's reactions. This clearly demonstrates using questions to draw out audience participation. No other option matches this observed behavior.

### ANSWER
B"
CSAT_korean_20_2,CSAT_korean_20_2,Functional,0,D,D,"자료 3은 연꽃 위에 그려진 도교의 신선으로, 발표자는 이를 통해 불교와 도교 사상의 공존을 설명하였다. 그러나 무덤 주인을 수호한다고 여겨진 대상은 사신(四神)이며, 이는 자료 3이 아니라 별도로 언급된 내용이다. 따라서 자료 3을 무덤 주인을 지켜 준 대상의 예로 활용했다는 설명은 적절하지 않다.

### ANSWER
D"
KIIP_tradition_102,KIIP_tradition_102,Tradition,0,D,A,"유교는 삼국시대에 고구려, 백제, 신라를 통해 한반도에 전래되어 점차 사회와 정치 체제에 영향을 주기 시작했습니다. 따라서 유교가 한국에서 자리를 잡기 시작한 시대는 삼국시대입니다.

### ANSWER
A"
KIIP_tradition_103,KIIP_tradition_103,Tradition,0,A,A,"유교적 가르침은 한국인의 일상생활에서 웃어른에 대한 예의와 효를 중시하는 태도로 나타난다. 따라서 가장 적절한 선택지는 A이다.

### ANSWER
A"
KIIP_tradition_104,KIIP_tradition_104,Tradition,0,A,B,"### ANSWER
B"
KIIP_tradition_105,KIIP_tradition_105,Tradition,0,A,A,"Traditional food is a broad category rather than a specific designated cultural property, while specific intangible heritage items may be recognized separately. Buddha statues and pagodas in temples, as well as old cathedrals, are typical examples of tangible cultural properties that can be designated as national treasures or historic sites. Therefore, the option that is not a case of being designated as an important cultural property is traditional food.

### ANSWER
A"
KIIP_tradition_106,KIIP_tradition_106,Tradition,0,B,C,"### ANSWER
C"
KIIP_tradition_107,KIIP_tradition_107,Tradition,0,D,D,"### ANSWER
D"
KIIP_tradition_108,KIIP_tradition_108,Tradition,0,C,C,"한국에서 만들어진 고유 종교는 외래 종교가 아니라 한국에서 창시된 종교를 의미한다. 가톨릭, 개신교, 이슬람은 모두 외래에서 들어온 종교이므로 제외된다. 천도교는 동학에서 비롯된 한국 고유의 종교이며, 원불교도 한국에서 창시된 신종교이다. 따라서 두 종교를 함께 제시한 선택지가 정답이다.

### ANSWER
C"
KIIP_tradition_109,KIIP_tradition_109,Tradition,0,A,A,"During the Joseon Dynasty, the state ideology was Neo-Confucianism, which strictly opposed other religions. Catholicism was introduced in the late 18th century and was seen as a threat to the Confucian social order and ancestral rites. The government actively persecuted Catholics, leading to large-scale martyrdoms such as the Shinyu Persecution of 1801 and the Byeongin Persecution of 1866. Protestantism arrived later in the late 19th century and was less central to Joseon-era suppression. Islam and Won Buddhism were not significant in Korea during that period. Therefore, the correct answer is Catholicism.

### ANSWER
A"
TK_2019_36,TK_2019_36,Textual,0,C,C,"The passage explains that mushrooms are not just parasites but play a vital role in forests by transmitting messages between trees whose roots cannot reach each other. This leads scholars to call fungi the “forest communication network.” Therefore, the main topic is that mushrooms help trees exchange information.

### ANSWER
C"
TK_2019_37,TK_2019_37,Textual,0,D,D,"The passage criticizes the newly passed law as a half-baked measure because it weakens the original punishment and still permits delays or nullification of penalties. This undermines the intended goals of raising awareness and preventing repeat offenses. Therefore, the main topic is that the new law has shortcomings in achieving practical effects.

### ANSWER
D"
TK_2019_38,TK_2019_38,Textual,0,A,A,"The sentence explains why crowns were made of rare, expensive materials, directly following the statement that crowns were representative ornaments of the ruling class. This causal connection fits best at ㉠, before the additional description of lavish decorations.

### ANSWER
A"
TK_2019_39,TK_2019_39,Textual,0,C,C,"The sentence introduces the group’s general activity of publicizing neglected ugly animals. This fits best after the reason for the group’s existence is given and before a specific example of their activity is described. Therefore, the most natural position is ㉢.

### ANSWER
C"
TK_2019_40,TK_2019_40,Textual,0,B,B,"The given sentence introduces the content of the seven short stories, specifically about people who became distant due to misunderstandings and mistakes. This information is needed before the pronoun “그들” in the following sentence, which refers to those people. Therefore, it fits most naturally at ㉡.

### ANSWER
B"
TK_2019_41,TK_2019_41,Textual,0,A,A,"소희는 언니 본희가 집을 나가려는 듯한 모습을 보고 불안해하며 “올 거지?”라고 되묻습니다. 언니가 돌아보지 않고 멈춰 서자 소희는 더욱 불안해져 계속 확인하려 합니다. 따라서 소희의 심정은 불안함입니다.

### ANSWER
A"
TK_2019_42,TK_2019_42,Textual,0,A,D,"지문이 생략되었지만, 선택지 중에서 소희가 엄마를 기다리며 휴대 전화를 놓지 못했다는 내용이 가장 중심적인 상황으로 보인다. 다른 선택지들은 밤늦은 연락, 이사하는 날, 친구 집 방문 등 지문에 명시되지 않은 세부 사항을 포함하고 있어 정답으로 적절하지 않다. 따라서 소희의 행동을 직접적으로 나타낸 D가 정답이다.

### ANSWER
D"
TK_2019_43,TK_2019_43,Textual,0,D,D,"The passage emphasizes that the true essence of Confucian ancestral rites lies in sincerity and family harmony, not in lavish food or formal procedures. It explains that ancestors valued the heart and effort behind preparing food more than the quantity. Therefore, the main topic is that sincerity in showing respect is the most important part of Confucian etiquette.

### ANSWER
D"
PSE_history_19_19,PSE_history_19_19,History,0,B,B,"The passage advocates reforming Confucianism and seeking renewal (“구신”), which is the central argument of Park Eun-sik’s “유교구신론.” Park Eun-sik also emphasized that history is the spirit of the nation, famously stating that the nation is the form and history is the spirit. Therefore, the correct description of the author is option B.

### ANSWER
B"
PSE_history_19_20,PSE_history_19_20,History,0,B,B,"### ANSWER
B"
PSE_history_20_1,PSE_history_20_1,History,0,C,C,"석기와 골각기만 발견되고 토기가 없는 점으로 보아 (가) 시기는 구석기 시대이다. 구석기 시대 사람들은 사냥과 물고기잡이, 채집을 통해 식량을 얻었다. 반달 돌칼과 벼농사는 청동기 시대, 옥수수는 후대에 전래된 작물이며, 토기 매장은 신석기 이후의 풍습이다. 따라서 옳은 설명은 C이다.

### ANSWER
C"
PSE_history_20_2,PSE_history_20_2,History,0,D,D,"만적의 난은 신종 원년(1198)에 사노비 만적이 최충헌 등 권력자를 제거하려 한 사건이므로, (가)는 최충헌이다. 최충헌은 집권 후 신종에게 봉사십조를 올려 사회 개혁안을 제시하였다. 정방 설치와 야별초 설립은 그의 아들 최우의 활동이며, 이의방 제거는 경대승의 행적이다. 따라서 (가)에 대한 옳은 설명은 봉사십조를 올린 것이다.

### ANSWER
D"
PSE_history_20_3,PSE_history_20_3,History,0,C,C,"조선 전기에는 성종 때 서거정 등이 우리나라 역대 문인들의 글을 모아 「동문선」을 편찬하였다. 이는 중국 문학과 구별되는 우리 문학의 전통과 독자성을 강조하기 위한 것이었다. 「어우야담」은 17세기 초의 작품으로 야담이 본격적으로 유행한 시기는 조선 후기이다. 유서 편찬과 중인층 시사 활동도 조선 후기의 문화적 특징이다.

### ANSWER
C"
PSE_history_20_4,PSE_history_20_4,History,0,B,B,"The passage describes the ""Eastern Way, Western Machine"" (Dongdo Seogi) ideology, which preserved Confucian ethics as the fundamental Way while accepting Western technology as practical tools. This ideology served as the intellectual basis for selectively adopting modern civilization in late Joseon Korea. It does not represent the radical Gapsin Coup faction, nor does it advocate social Darwinism or the unity of Japan and the West. Therefore, the correct description is that it became the ideological foundation for accepting modern culture.

### ANSWER
B"
PSE_history_20_5,PSE_history_20_5,History,0,D,C,"The passage describes an epidemic in Gaegyeong and the establishment of an institution to treat the sick, collect corpses, and relieve famine. In Goryeo, 혜민국 was the medical relief institution created to treat commoners during epidemics. 의창 and 제위보 were mainly grain and famine relief institutions, while 구제도감 was a temporary relief office. Therefore, the correct answer is 혜민국.

### ANSWER
C"
PSE_history_20_6,PSE_history_20_6,History,0,B,B,"장수왕이 함락한 백제의 왕도는 한성(현재 서울)이다. 고려 문종 때 이 지역에 남경이 설치되었으므로 B가 옳다.

### ANSWER
B"
KHB_66_19,KHB_66_19,History,0,B,B,"The passage describes a reform that created a separate office to prevent the abuses of bangnap and required each locality to pay tribute based on land area in rice, cloth, or coins instead of local products. This matches the Daedong Law (대동법), which replaced the existing tribute system with a uniform land-based tax. The other options do not fit this description.

### ANSWER
B"
KHB_66_20,KHB_66_20,History,0,B,B,"(가) 전쟁은 임진왜란이다. 조헌, 곽재우, 신립은 모두 임진왜란 때 활약한 인물이다. 그러나 임경업은 병자호란 때 백마산성에서 항전한 인물이므로 임진왜란에 대한 설명으로 옳지 않다.

### ANSWER
B"
KHB_66_21,KHB_66_21,History,0,D,B,"강홍립의 파병은 1619년 심하 전투에서 후금과 싸운 사건이고, 인조의 삼전도 항복은 1636년 병자호란 때의 일입니다. 이후 청의 요청으로 나선 정벌에 조총 부대가 파견된 것은 1654년과 1658년입니다. 따라서 순서는 (가) → (다) → (나)입니다.

### ANSWER
B"
KHB_66_22,KHB_66_22,History,0,B,D,"### ANSWER
D"
KHB_66_23,KHB_66_23,History,0,D,C,"### ANSWER
C"
KHB_66_24,KHB_66_24,History,0,C,D,"상평통보가 전국적으로 유통된 시기는 조선 후기로, 장시·공인·송상의 활동이 두드러졌다. 벽란도는 고려 시대의 국제 무역항이므로 이 시기의 경제 상황과 맞지 않다.

### ANSWER
D"
KHB_66_25,KHB_66_25,History,0,C,C,"초계문신제와 규장각은 조선 정조 때의 대표적인 제도입니다. 정조는 규장각을 중심으로 문运을 진흥하고 왕권을 강화하기 위해 장용영을 창설하였습니다. 따라서 ‘이 왕’은 정조이며, 그의 업적으로 옳은 것은 장용영 창설입니다.

### ANSWER
C"
KHB_66_26,KHB_66_26,History,0,A,C,"홍경래의 난은 평안도 지역민에 대한 차별과 가혹한 수탈에 반발하여 일어난 사건으로, 정주성을 거점으로 관군과 대치하였다. 보국안민·제폭구민은 동학 농민 운동의 기치이며, 한성 조약이나 선혜청·일본 공사관 공격은 다른 사건에 해당한다.

### ANSWER
C"
CSAT_korean_20_3,CSAT_korean_20_3,Functional,0,A,A,"고구려 고분 벽화의 전통이 후대까지 이어졌다는 질문에 대해, 발표자는 후대 사람들도 사후 세계에 관심을 가졌다는 의미라고 답하고 있습니다. 따라서 청중의 질문은 고분 벽화 전통의 지속이 갖는 의미를 묻는 것이 가장 적절합니다.

### ANSWER
A"
CSAT_korean_20_4,CSAT_korean_20_4,Functional,0,E,E,"(ㅁ)은 학생 2가 제안한 ‘부정적 관점으로 비평문을 쓰자’는 의도를 확인하는 발화가 아니라, 그에 동의하면서 장소 획일화의 문제점을 더 생각해 보자고 제안하는 발화이다. 따라서 (ㅁ)을 ‘상대의 의도를 정확히 파악했는지 확인하고 있다’고 이해한 것은 적절하지 않다.

### ANSWER
E"
CSAT_korean_20_5,CSAT_korean_20_5,Functional,0,B,B,"### ANSWER
B"
CSAT_korean_20_6,CSAT_korean_20_6,Functional,0,C,C,"(나)의 제목, 1문단, 3문단, 5문단은 각각 A, B, D, E의 계획이 반영된 것이다. 그러나 2문단에서 에드워드 렐프의 전문가 견해를 인용한 것은 장소에 대한 정서적 유대의 중요성을 뒷받침하기 위한 것이지, 현안에 대한 사회적 인식의 변화를 설명하기 위한 것이 아니다. 따라서 학생 2의 계획 중 C는 (나)에 반영되지 않았다.

### ANSWER
C"
CSAT_korean_20_7,CSAT_korean_20_7,Functional,0,C,C,"(나)에서 장소의 획일화에 대한 부정적 주장은 명확하고, 관점도 일관되며, 정서적 유대 훼손과 경험의 다양성 감소 등이 근거로 제시된다. 또한 경제적 효과를 주장하는 입장을 비판하는 근거도 있다. 그러나 C에서 언급한 ‘장소의 선택권을 요구했다’는 내용은 본문에 나타나지 않는다. 따라서 (c) 평가 기준에 적절하지 않다.

### ANSWER
C"
CSAT_korean_20_8,CSAT_korean_20_8,Functional,0,A,A,"초고는 게임화의 개념을 정의하고, 한국사 수업 경험과 건강·마케팅 사례를 활용하며 효용적 측면을 부각하고 있다. 하지만 게임화와 다른 개념을 대조하여 차이점을 중심으로 설명하는 부분은 찾을 수 없다. ‘컴퓨터 게임에 국한되지 않는다’는 표현은 게임 개념의 범위를 밝히는 것이지 개념 간 대조는 아니다. 따라서 A가 적절하지 않다.

### ANSWER
A"
CSAT_korean_20_9,CSAT_korean_20_9,Functional,0,E,E,"E는 ㄴ과 ㄷ을 활용해 ‘호기심 유발’과 ‘학습 동기가 높을수록 성취감이 커진다’는 내용을 추가하자고 하는데, ㄴ은 피드백과 보상의 신속함이 몰입을 높인다는 내용이고 ㄷ은 게임화 적용 시 학습 동기와 학업 성취도가 향상되었음을 보여줄 뿐이다. 따라서 호기심 유발이나 동기와 성취감의 관계를 뒷받침하지 못하므로 적절하지 않다.

### ANSWER
E"
CSAT_korean_20_10,CSAT_korean_20_10,Functional,0,E,E,"학생의 경험은 게임화된 퀴즈 대결에서 경쟁에 몰입한 나머지 같은 모둠 친구에게 상처를 주었다는 내용이다. 이는 게임화의 경쟁적 속성이 지나치게 강조될 때 참여자 간 관계에 부정적 영향을 줄 수 있음을 보여 준다. 따라서 마지막 문단에서 게임적 요소를 적절히 활용해야 한다는 점을 강조하기 위해 [A]에 들어갈 내용은 경쟁이 관계에 미칠 부정적 영향에 관한 것이어야 한다. 선택지 중 이와 일치하는 것은 E이다.

### ANSWER
E"
TK_2019_44,TK_2019_44,Textual,0,C,C,"The passage explains that current ancestral rites are criticized for being lavish and complicated, but this actually reflects a corrupted version of Confucian practice. The original meaning of Confucian ritual emphasized sincerity and family harmony over elaborate food preparations. Therefore, the blank should indicate that the current rites fail to preserve Confucius's original intent.

### ANSWER
C"
TK_2019_45,TK_2019_45,Textual,0,D,B,"### ANSWER
B"
TK_2019_46,TK_2019_46,Textual,0,C,C,"The passage states that viewers who become interested while watching a broadcast can buy the product directly from the broadcaster. This matches option C. The other options contradict or are not supported by the passage.

### ANSWER
C"
TK_2019_47,TK_2019_47,Textual,0,D,D,"이 글은 자치경찰제 확대 시행의 긍정적 측면을 언급하면서도, 이중 구조로 인한 현장 혼선과 사건 떠넘기기 등 예상되는 문제점을 중심으로 논의하고 있습니다. 따라서 제도 시행 후 생길 수 있는 문제를 지적하는 것이 글의 목적입니다.

### ANSWER
D"
TK_2019_48,TK_2019_48,Textual,0,B,B,"The blank describes the cause of declining public safety quality. The context mentions confusion from the dual structure, overlapping duties, and possible buck-passing between autonomous and national police. Therefore, ""업무의 충돌과 혼선으로"" (due to conflict and confusion of duties) fits best. The other options are not supported by the context.

### ANSWER
B"
TK_2019_49,TK_2019_49,Textual,0,B,B,"The quoted sentence expresses the author’s expectation that the autonomous police system will bring police closer to residents and enable locally tailored services. This reflects a positive outlook on the system’s effect on residents. Therefore, the correct choice is B.

### ANSWER
B"
TK_2022_5,TK_2022_5,Textual,0,C,C,"이 글은 ‘신다’라는 표현과 ‘어떤 길에서도 편한’이라는 문구를 통해 발에 착용하는 물건을 홍보하고 있습니다. 가볍고 편안한 착용감을 강조하므로 신발, 특히 운동화에 대한 광고임을 알 수 있습니다. 안경, 침대, 노트북은 ‘신다’라는 동작과 어울리지 않습니다.

### ANSWER
C"
TK_2022_6,TK_2022_6,Textual,0,B,B,"이 글은 음식의 맛과 신선한 재료를 강조하는 홍보 문구입니다. ""더 맛있게""와 ""자연에서 얻은 신선한 재료""는 음식을 제공하는 곳을 나타냅니다. 공원, 꽃집, 서점은 이러한 표현과 어울리지 않습니다. 따라서 정답은 식당입니다.

### ANSWER
B"
KIIP_tradition_110,KIIP_tradition_110,Tradition,0,A,A,"가톨릭은 조선 시대에 유교적 사회 질서와 충돌했다. 특히 신분 간 평등을 주장하고 조상 제사를 거부하는 태도는 유교를 국가 이념으로 삼은 조선 사회에 위협으로 여겨졌다. 따라서 가톨릭은 금지되고 박해를 받았다. 외국에서 유입된 종교라는 점도 이유가 될 수 있지만, 핵심은 유교적 가치와의 갈등이었다.

### ANSWER
A"
KIIP_tradition_111,KIIP_tradition_111,Tradition,0,A,A,"결혼식에 초대하는 편지는 일반적으로 '청첩장'이라고 부릅니다. '축의금'은 결혼식에 가서 내는 돈, '폐백'은 전통 혼례 의식, '상주'는 상례에서 주인을 뜻하므로 결혼 초대장과는 관계가 없습니다. 따라서 정답은 A입니다.

### ANSWER
A"
KIIP_tradition_112,KIIP_tradition_112,Tradition,0,A,A,"청첩장은 결혼식에 초대하는 사람들에게 보내는 편지로, 결혼식 일시와 장소 등을 알리는 역할을 합니다. 따라서 생일 파티, 회사 모임, 장례식 초대와는 용도가 다릅니다.

### ANSWER
A"
KIIP_tradition_113,KIIP_tradition_113,Tradition,0,B,B,"### ANSWER
B"
KIIP_tradition_114,KIIP_tradition_114,Tradition,0,D,D,"조의금은 장례식이나 상을 당한 가족에게 위로의 뜻을 전하며 내는 돈이다. 따라서 결혼식, 생일 파티, 회사 모임과는 관련이 없다. 문맥상 가장 적절한 상황은 상을 당한 가족에게 조의를 표하는 것이다.

### ANSWER
D"
KIIP_tradition_115,KIIP_tradition_115,Tradition,0,A,A,"In Korean ancestral rites (jesa), family members perform two bows (재배) to show respect to the ancestors, not one, three, or four bows.

### ANSWER
A"
KIIP_tradition_116,KIIP_tradition_116,Tradition,0,A,A,"한국에서 제사는 조상의 덕을 기리고 추모하는 전통 의례입니다. 또한 가족의 화목과 행복한 생활을 기원하는 의미를 담고 있습니다. 신의 축복을 받거나 건강을 회복하거나 돈을 버는 것이 제사의 주된 목적은 아닙니다. 따라서 가장 적절한 선택지는 A입니다.

### ANSWER
A"
KIIP_tradition_117,KIIP_tradition_117,Tradition,0,A,B,"문상은 상가를 방문하여 조의를 표하는 한국의 전통 예절입니다. 이러한 자리에서는 조의를 나타내는 꽃바구니나 조화를 사용하는 것이 일반적입니다. 촛대는 주로 제사나 종교 의식에 사용되며, 과일 바구니나 선물 상자는 일반적인 선물용으로 쓰입니다. 따라서 문상에 사용되는 물품은 꽃 바구니입니다.

### ANSWER
B"
PSAT_21_3,PSAT_21_3,Law,0,C,C,"공법인도 원칙적으로 기본권의 주체가 될 수 있으며, 다만 공권력 행사자로서 활동하는 경우에 한하여 기본권의 수범자가 된다. 국립서울대학교가 공법인이라는 이유만으로 기본권 주체가 될 수 없다고 단정한 것은 옳지 않다. 따라서 옳지 않은 설명은 C이다.

### ANSWER
C"
PSAT_21_5,PSAT_21_5,Law,0,B,C,"### ANSWER
C"
PSAT_21_6,PSAT_21_6,Law,0,C,C,"### ANSWER
C"
PSAT_21_7,PSAT_21_7,Law,0,D,D,"### ANSWER
D"
PSAT_21_8,PSAT_21_8,Law,0,D,A,"### ANSWER
A"
PSAT_21_9,PSAT_21_9,Law,0,A,A,"대통령의 국민투표 부의권은 헌법 제72조에 따라 국회의 동의 없이 행사할 수 있으므로, 국회의 동의를 요한다는 A는 옳지 않다.

### ANSWER
A"
PSAT_21_10,PSAT_21_10,Law,0,B,B,"### ANSWER
B"
PSAT_21_11,PSAT_21_11,Law,0,C,C,"국무총리는 행정각부 장의 명령이나 처분이 위법·부당하다고 인정될 때 이를 중지 또는 취소하려면 대통령의 승인을 받아야 한다. 따라서 “대통령의 승인을 받지 않고” 할 수 있다는 설명은 옳지 않다.

### ANSWER
C"
Kedu_15_49,Kedu_15_49,Grammar,0,C,C,"The pronunciation [등교낄] corresponds to the compound noun “등굣길,” which requires a 사이시옷 because “등교” ends in a vowel and “길” is pronounced as a tense consonant. Writing it as “등교길” violates the standard orthographic rule. The other options are all correctly spelled according to their pronunciations.

### ANSWER
C"
Kedu_15_50,Kedu_15_50,Grammar,0,A,A,"### ANSWER
A"
Kedu_15_51,Kedu_15_51,Grammar,0,C,C,"The standard Korean loanword for ""English"" is ""잉글리시"", not ""잉글리쉬"". The other options—스릴러, 워크숍, 하이라이트—are all correctly written according to the foreign word notation rules. Therefore, the incorrectly written term is C.

### ANSWER
C"
Kedu_15_52,Kedu_15_52,Grammar,0,D,D,"### ANSWER
D"
Kedu_15_53,Kedu_15_53,Grammar,0,B,B,"### ANSWER
B"
Kedu_15_54,Kedu_15_54,Grammar,0,B,B,"### ANSWER
B"
Kedu_15_55,Kedu_15_55,Grammar,0,C,C,"이 현상은 ㅅ불규칙 활용으로, 어간 끝소리 ㅅ이 자음 앞에서는 유지되지만 모음 앞에서는 탈락한다. 중세 국어에서 이들 용언의 어간 끝소리는 ㅅ이 아니라 반치음 ㅿ이었는데, ㅿ이 소멸하면서 모음 앞에서는 탈락하고 자음 앞에서는 ㅅ으로 굳어져 불규칙 활용이 되었다. 따라서 중세 국어 이후 소멸한 자음 중 이 불규칙 활용과 관계가 깊은 것은 ㅿ이다.

### ANSWER
C"
Kedu_15_56,Kedu_15_56,Grammar,0,C,C,"어딜다>어질다는 구개음화, 아츰>아침은 ㅡ>ㅣ 변화, 믈>물은 ㅡ>ㅜ 변화로 모두 근대 국어의 음운 변화에 해당합니다. 그러나 치>치위는 형태론적 파생이나 어휘적 변화로 보아야 하며 음운 변화로 볼 수 없습니다.

### ANSWER
C"
CSAT_korean_13_3,CSAT_korean_13_3,Functional,0,A,A,"The expert does not revise or modify his own viewpoint; he simply confirms the host's accurate paraphrase with ""네. 그렇습니다."" Therefore, the claim that the expert agrees while correcting his own opinion is inaccurate. The other options correctly describe the host's clarifying questions, requests for examples, and efforts to advance the discussion.

### ANSWER
A"
CSAT_korean_15_4,CSAT_korean_15_4,Functional,0,D,D,"학생은 발표 마무리에서 발표 목적을 다시 언급하여 청중의 이해를 돕기 위한 발표였음을 환기시켰으므로 (ㄱ)이 반영되었다. 또한 희토류를 ‘산업의 비타민’이라고 비유적으로 표현하여 산업에서의 역할을 제시하였으므로 (ㄴ)이 반영되었다. 그러나 희토류와 관련된 우리 삶에 대한 긍정적인 전망을 제시한 내용은 찾을 수 없으므로 (ㄷ)은 반영되지 않았다. 마지막으로 생활 속 희토류 활용에 관심을 갖고 찾아보기를 권하는 내용이 있으므로 (ㄹ)이 반영되었다.

### ANSWER
D"
CSAT_korean_15_5,CSAT_korean_15_5,Functional,0,C,C,"학생 3의 질문은 발표 내용을 잘못 이해한 것입니다. 발표자는 1986년부터 2010년까지 25년 동안 희토류 생산량이 꾸준히 증가했다고 말했지, 2010년 이후 25년간 증가할 것이라고 말하지 않았습니다. 따라서 이 질문은 발표 내용에 대한 정확한 이해를 바탕으로 한 추가 설명 요청이 아닙니다.

### ANSWER
C"
CSAT_korean_17_1,CSAT_korean_17_1,Functional,0,B,B,"발표자는 서론에서 발표 순서를 제시하고, ‘수라’의 의미를 설명하며, 청중에게 질문을 하고, 참고한 책과 구술 기록을 언급했습니다. 그러나 마무리에서 내용을 요약하며 중심 내용을 다시 강조하지는 않았습니다. 따라서 발표 계획에 반영되지 않은 것은 B입니다.

### ANSWER
B"
CSAT_korean_17_2,CSAT_korean_17_2,Functional,0,B,B,"(ㄱ) 사진은 수라상의 세 개의 상과 화로를 한눈에 보여 주며, 발표자는 대원반과 소원반의 음식 배치를 설명하고 있다. 이는 수라상의 전체적인 모습을 제시하기 위한 자료 활용이다. (ㄴ)은 수라상 외의 다른 식사 사진으로 하루 식사 횟수를 설명하는 데 쓰였고, (ㄷ)은 왕의 식사 장면을 보여 주는 동영상이다. 따라서 가장 적절한 것은 B이다.

### ANSWER
B"
CSAT_korean_17_3,CSAT_korean_17_3,Functional,0,D,D,"청자1은 발표에서 설명이 부족했던 점에 대해 아쉬움을 표현했지만, 청자3은 발표 내용을 바탕으로 조리법이나 재료 변화 등을 추론하고 있을 뿐 누락된 내용을 부정적으로 평가하지 않았습니다. 따라서 두 사람 모두 누락된 내용을 부정적으로 생각한다고 분석한 D는 적절하지 않습니다.

### ANSWER
D"
CSAT_korean_17_4,CSAT_korean_17_4,Functional,0,C,C,"(가)에서 현지는 토의 주제를 언급하며 시작했고, 중간에 내용을 정리한 뒤 다른 관점에서 접근하도록 질문을 던졌다. 발언 순서를 지정하거나 근거 제시를 요구한 부분은 확인되지 않는다. 따라서 해당하는 것은 (가), (라), (마)이다.

### ANSWER
C"
CSAT_korean_17_5,CSAT_korean_17_5,Functional,0,D,D,"[A]에서 영수는 민호의 의견에 반대하며 허생의 처가 부를 추구한 것이 아니라 생존을 위한 기본 요건을 바랐다고 본다. [B]에서 영수는 민호의 의견에 동의하면서 “나는 내 남편이 하는 일을 모르고……”라는 대목을 근거로 가족 간의 소원한 관계도 행복을 저해하는 요인임을 보완하여 제시한다. 따라서 [B]에서 영수는 민호의 의견을 받아들이며 이를 보완하는 의견을 추가한 것으로 보는 것이 적절하다.

### ANSWER
D"
KHB_66_27,KHB_66_27,History,0,C,A,"운요호 사건은 1875년 일본 군함 운요호가 강화도와 영종도 일대에서 조선 수비대와 충돌한 사건입니다. 이후 일본은 이 사건을 빌미로 조선의 개항을 요구하였고, 1876년 신헌이 조일수호조규를 체결하게 됩니다. 따라서 (가)에 해당하는 사건은 운요호 사건입니다.

### ANSWER
A"
KHB_66_28,KHB_66_28,History,0,C,C,"이 글은 구식 군인들이 차별과 임금 체불에 불만을 품고 일으킨 사건을 배경으로 합니다. 화자는 사태 수습 과정에서 통리기무아문과 별기군을 폐지했으며, 이후 청군에 의해 톈진으로 압송되었다고 말합니다. 이는 1882년 임오군란 당시 흥선대원군이 청군에 의해 납치된 상황을 설명한 것입니다. 따라서 '변란'은 임오군란입니다.

### ANSWER
C"
KHB_66_29,KHB_66_29,History,0,B,C,"### ANSWER
C"
KHB_66_30,KHB_66_30,History,0,B,B,"### ANSWER
B"
KHB_66_31,KHB_66_31,History,0,D,D,"주어진 공적은 영국인 베델과 함께 대한매일신보를 창간하고, 신민회를 조직했으며, 상하이 대한민국 임시정부에서 활동한 인물을 설명한다. 이는 언론인이자 독립운동가인 양기탁의 행적이다. 다른 선택지들은 해당 공적과 직접적으로 맞지 않는다.

### ANSWER
D"
KHB_66_32,KHB_66_32,History,0,C,C,"The dialogue describes the electric tram service that began in Seoul in 1899, operated by the Hanseong Electric Company. Among the options, the Gyeongbu Railway opening ceremony took place in 1905, which is after 1899. The other events—Hanseong Sunbo publication, Manmin gongdonghoe, and Dongmunhak English study—all occurred before 1899. Therefore, the most appropriate scene after this situation is the Gyeongbu Railway opening ceremony.

### ANSWER
C"
KHB_66_33,KHB_66_33,History,0,B,B,"The episode describes the allied Korean independence army defeating Japanese forces at Baegunpyeong and Eorangchon, which are key sites of the Cheongsanri Battle in October 1920. This fits the chronological sequence after the Bongodong Battle and before the Gando Massacre. Therefore, the correct answer is the Cheongsanri Battle.

### ANSWER
B"
KHB_66_34,KHB_66_34,History,0,D,A,"### ANSWER
A"
PSE_history_20_7,PSE_history_20_7,History,0,A,A,"제시된 사건은 1871년 신미양요 때 광성보 전투에서 조선군이 미군과 싸운 내용으로, 고종 재위 기간에 일어난 일이다. 고종 때 대원군은 호포제를 실시하여 양반에게도 군포를 부과함으로써 양반의 군포 면세 특권을 폐지하였다. 따라서 A가 옳다. 나머지 B는 정조, C는 철종, D는 인조 때의 사실이다.

### ANSWER
A"
PSE_history_20_8,PSE_history_20_8,History,0,D,D,"(가)는 낙랑군 축출(313)과 광개토대왕릉비 건립(414) 사이이므로 백제 침류왕의 불교 수용(384)이 맞다. (나)는 414~612 사이로 영양왕의 요서 선제공격(598)이 맞다. (다)는 612~645 사이로 백제의 대야성 함락(642)이 맞다. (라)는 645~668 사이여야 하는데, 신라가 매소성에서 당군을 격파한 것은 675년으로 고구려 멸망 이후이다. 따라서 옳지 않은 것은 D이다.

### ANSWER
D"
PSE_history_20_9,PSE_history_20_9,History,0,C,C,"이 글은 이승휴가 지은 《제왕운기》의 서문으로, 원 간섭기 때 단군에서 고려까지의 역사를 시가 형식으로 서술한 책이다. 이 책은 중국 역사와 구별되는 우리 역사의 독자성을 강조하였다. 따라서 ‘왕명으로’라는 표현은 사실과 다르며, 성리학적 사관이나 동사체계 구성과도 관련이 없다.

### ANSWER
C"
PSE_history_20_10,PSE_history_20_10,History,0,C,C,"제시된 글은 신라 진성왕 때 원종과 애노가 사벌주에서 반란을 일으킨 사건을 기록한 것이다. 진성왕 재위 기간에 최치원이 시무책 10여 조를 건의하였다. 발해 멸망, 국학 설치, 청해진 설치는 모두 다른 시기의 일이다.

### ANSWER
C"
PSE_history_20_11,PSE_history_20_11,History,0,A,A,"은주시청합기(1667)는 독도가 일본 영토가 아님을 밝힌 자료이고, 삼국접양지도(1785)는 독도를 조선 영토로 표시한 지도이다. 태정관 지령문(1877)은 일본 정부가 독도가 일본과 관계없음을 확인한 문서이다. 반면 시마네현 고시(1905)는 일본의 독도 편입 조치로, 한국 영토임을 증명하는 자료가 아니다. 따라서 옳은 것은 ㄱ,ㄴ,ㄷ이다.

### ANSWER
A"
PSE_history_20_12,PSE_history_20_12,History,0,B,B,"### ANSWER
B"
PSE_history_20_13,PSE_history_20_13,History,0,A,A,"(가)는 김유신이다. 김춘추가 당에서 돌아와 김유신과 나눈 대화로, 김유신은 백제와의 전투에서 큰 공을 세운 인물이다. 김유신은 660년 황산벌 전투에서 백제군을 격파하였다. 따라서 옳은 설명은 A이다.

### ANSWER
A"
PSE_history_20_14,PSE_history_20_14,History,0,C,C,"### ANSWER
C"
KIIP_tradition_118,KIIP_tradition_118,Tradition,0,C,D,"제사상 차림은 지역별 관습에 따라 음식의 종류와 배치가 달라지는 한국의 전통이다. 나이나 성별보다는 지역적 차이가 제사상 모습을 결정하는 주요 요인이다.

### ANSWER
D"
KIIP_tradition_119,KIIP_tradition_119,Tradition,0,A,A,"결혼식 후 신랑 신부가 양가 부모님께 큰절을 올리고 술을 올리는 전통 의식을 폐백이라고 한다. 상주는 초상집의 주인, 상모는 전통 춤에서 쓰는 모자, 상가는 상중인 집을 뜻하므로 결혼식 후 인사는 폐백이다.

### ANSWER
A"
KIIP_tradition_120,KIIP_tradition_120,Tradition,0,B,B,"### ANSWER
B"
KIIP_tradition_121,KIIP_tradition_121,Tradition,0,B,B,"In Korean funeral etiquette, visitors traditionally bow twice to the deceased's portrait and once to the bereaved family members.

### ANSWER
B"
KIIP_tradition_122,KIIP_tradition_122,Tradition,0,A,A,A
KIIP_tradition_123,KIIP_tradition_123,Tradition,0,B,B,"### ANSWER
B"
KIIP_tradition_124,KIIP_tradition_124,Tradition,0,B,B,"In Korean funeral customs, visitors typically eat food prepared by the bereaved family, comfort the family, and talk about the deceased. These are common ways of showing respect and support. Playing traditional Korean music is not a typical action for funeral visitors, as music is usually performed by ritual specialists rather than mourners. Therefore, the correct answer is B.

### ANSWER
B"
KIIP_tradition_125,KIIP_tradition_125,Tradition,0,C,C,"돌잡이는 아이가 첫 돌에 여러 물건 중 하나를 집어 그 물건이 상징하는 미래의 운명을 점치는 한국 전통 풍습입니다. 각 물건은 저마다 특정한 의미를 지니고 있으며, 예를 들어 돈은 부귀, 책은 학자, 실은 장수를 상징합니다. 따라서 돌잡이 물건의 특징은 색상이나 모양, 크기가 아니라 물건 자체에 담긴 뜻에 있습니다.

### ANSWER
C"
KIIP_tradition_126,KIIP_tradition_126,Tradition,0,C,C,"In Korean tradition, the doljanchi (first birthday celebration) is a significant event where guests typically give gold rings as symbols of wealth and good fortune. While toys, clothes, and books are possible gifts, gold rings are the most traditional and representative choice.

### ANSWER
C"
KIIP_tradition_127,KIIP_tradition_127,Tradition,0,C,C,"금반지, 특히 돌반지는 한국에서 아기가 첫 돌을 맞았을 때 선물하며, ""금처럼 귀하게, 반지처럼 둥글게 자라라""는 의미를 담고 있습니다. 따라서 아기가 가치 있고 순수한 모습으로 잘 자라라는 뜻이 가장 적절합니다.

### ANSWER
C"
TK_2022_7,TK_2022_7,Textual,0,B,B,"The passage highlights smiling and cheerful greetings, which are everyday courtesies that create a pleasant atmosphere for everyone. This directly relates to polite behavior and social manners, not environmental protection, health care, or volunteer work.

### ANSWER
B"
TK_2022_8,TK_2022_8,Textual,0,A,A,"The passage lists warnings about not running on the platform and not forcing entry when doors close, which are precautions to prevent accidents. These are clearly safety-related instructions rather than application, ordering, usage, or exchange information. Therefore, the correct answer is safety rules.

### ANSWER
A"
TK_2022_9,TK_2022_9,Textual,0,A,A,"The event period is from September 1 to September 30, which is one month. The other options contradict the notice: submission is by visit, photos must be from before 1980, and participants receive a gift card, not old photos.

### ANSWER
A"
TK_2022_10,TK_2022_10,Textual,0,B,B,"이 글은 이수지 작가가 한국인 최초로 안데르센 상을 받았다는 내용이다. 안데르센 상은 1956년에 만들어졌으므로 작년에 만들어졌다는 선택지는 틀렸다. 작가는 어린이들의 꿈과 상상을 그림으로 표현했다고 했지 자신의 경험을 그렸다고는 하지 않았다. 또한 심사 대상은 작가가 발표한 모든 작품이므로 한 편만 제출했다는 선택지도 틀렸다. 따라서 내용과 같은 것은 한국인 중 처음으로 이 상을 받았다는 것이다.

### ANSWER
B"
TK_2022_11,TK_2022_11,Textual,0,B,B,"The passage states the earthquake occurred at 6:22 AM, not late at night, so A is incorrect. It also says there was no major damage, eliminating C, and that more quakes are expected this week, eliminating D. The passage explicitly mentions citizens who felt the earthquake reported to the 119 situation room, matching B.

### ANSWER
B"
TK_2022_12,TK_2022_12,Textual,0,A,A,"### ANSWER
A"
TK_2022_13,TK_2022_13,Textual,0,D,D,"(다)에서 내일 회사를 그만둔다고 했고, (나)에서 친구들이 퇴사를 다시 고민하라고 했으며, (라)에서 하지만 오랫동안 생각한 사업을 시작하겠다고 했고, (가)에서 그 사업이 쉽지 않아도 시도해 보고 싶다고 이어지는 것이 자연스럽다.

### ANSWER
D"
TK_2022_14,TK_2022_14,Textual,0,B,B,"(가)는 모래시계의 정의를 제시하고, (라)는 모래 양 조절을 통한 시간 단위 조절을 설명한다. 이어서 (나)는 구멍 크기를 통한 조절도 있음을 덧붙이고, (다)는 구멍 크기와 시간 단위의 관계를 구체적으로 설명한다. 따라서 자연스러운 순서는 (가)-(라)-(나)-(다)이다.

### ANSWER
B"
KHB_66_35,KHB_66_35,History,0,A,A,"이봉창 의사는 한인 애국단 1호 단원으로서 1932년 도쿄에서 일왕을 향해 폭탄을 투척한 인물이다. 따라서 (가)에 해당하는 내용은 도쿄에서 일왕을 향해 폭탄을 투척한 것이다.

### ANSWER
A"
KHB_66_36,KHB_66_36,History,0,A,A,"고종이 러시아 공사관에서 경운궁으로 돌아와 황제로 즉위하고 국호를 대한제국으로 선포한 시기는 1897년이다. 이 시기에 추진된 광무개혁의 일환으로 토지 소유권을 증명하는 지계가 발급되었다. 척화비는 1871년, 육영 공원은 1886년, 군국기무처는 1894년에 설치된 것으로 모두 대한제국 성립 이전의 일이다. 따라서 (가) 시기에 있었던 사실은 지계 발급이다.

### ANSWER
A"
KHB_66_37,KHB_66_37,History,0,D,D,"이 시기는 중일전쟁 이후 전시 동원 체제가 강화된 시기로, 창씨개명, 황국 신민 서사 암송, 국민 징용령, 애국반을 통한 공출 등이 나타났다. 회사령은 1910년대 초기 식민 통치 시기의 정책이므로 이 시기의 모습으로 적절하지 않다.

### ANSWER
D"
KHB_66_38,KHB_66_38,History,0,A,A,"근우회는 1927년에 결성된 여성 운동 단체로, 민족주의와 사회주의 세력이 협동하여 설립되었고 신간회의 자매 단체로서 전국에 지회를 두었습니다. 따라서 정답은 근우회입니다.

### ANSWER
A"
KHB_66_39,KHB_66_39,History,0,C,C,"이 만화는 1987년 6월 민주항쟁을 배경으로 한다. 6월 민주항쟁은 박종철의 고문치사 사건과 이한열의 피격 사망 등 희생을 계기로 전국적으로 확산되었다. 그 결과 6·29 선언을 통해 대통령 직선제 개헌이 약속되었다. 유신 체제 붕괴는 1979년의 일이고, 시민군 조직은 5·18 민주화운동의 특징이며, 양원제 국회는 당시 개헌 내용에 해당하지 않는다.

### ANSWER
C"
KHB_66_40,KHB_66_40,History,0,C,C,"김규식은 파리 강화 회의 파견, 대한민국 임시 정부 부주석, 남북 협상 참여 등으로 알려진 인물이다. 그의 주요 활동 중 하나는 해방 이후 좌우 합작 위원회 결성에 참여한 것이다. 따라서 (가)에 들어갈 내용은 좌우 합작 위원회 결성이다.

### ANSWER
C"
KHB_66_41,KHB_66_41,History,0,D,D,"The event described is the January 4th Retreat during the Korean War. The Hungnam evacuation, the passage of the constitutional amendment, and the Incheon landing all occurred during the war. However, the law punishing anti-national acts was enacted in 1948, before the Korean War began in 1950. Therefore, it is the fact that did not occur during the war.

### ANSWER
D"
KHB_66_42,KHB_66_42,History,0,B,B,"새마을 운동, 광주 대단지 사건, 100억 달러 수출 달성은 모두 박정희 정부 시기의 일이다. 같은 시기에 경부 고속도로가 준공되었다. 농지 개혁법은 이승만 정부, 금융 실명제와 OECD 가입은 김영삼 정부의 일이다.

### ANSWER
B"
PSE_history_20_15,PSE_history_20_15,History,0,B,B,"자료는 동학의 ‘인내천’ 사상으로, 사람이 곧 하늘이라는 평등 사상을 담고 있다. 동학을 창시한 최제우는 이 사상을 바탕으로 『동경대전』과 『용담유사』를 저술하였다. 순조 때의 탄압이나 평안도 홍경래의 난, 단성·진주 농민봉기는 동학 사상과 직접 관련이 없다. 따라서 옳은 설명은 B이다.

### ANSWER
B"
PSE_history_20_16,PSE_history_20_16,History,0,B,B,"(가)는 제2차 석유파동 이후, OECD 가입 이전에 해당하는 시기여야 한다. 1980년대 중반 저금리·저유가·저달러의 3저 호황은 1986~1988년에 해당하므로 적절하다.

### ANSWER
B"
PSE_history_20_17,PSE_history_20_17,History,0,D,D,"### ANSWER
D"
PSE_history_20_18,PSE_history_20_18,History,0,C,C,"### ANSWER
C"
PSE_history_20_19,PSE_history_20_19,History,0,D,D,"이 자료는 1941년 12월 대한민국 임시정부가 발표한 대일 선전 성명이다. 이후 한국광복군이 조선의용대를 통합한 사실(1942년), 인도·미얀마 전선에 파견된 사실(1943년), 조선독립동맹이 조선의용군을 조직한 사실(1942년)은 모두 이후의 일이다. 그러나 대한민국 임시정부가 김구를 주석으로 하는 단일 지도 체제를 확립한 것은 1940년으로, 이 성명 이전의 일이다. 따라서 자료 발표 이후의 사실이 아닌 것은 D이다.

### ANSWER
D"
PSE_history_21_1,PSE_history_21_1,History,0,C,C,"### ANSWER
C"
PSE_history_21_2,PSE_history_21_2,History,0,B,B,"주세붕이 세운 백운동 서원은 고려 후기의 성리학자 안향(회헌)을 기리기 위한 것이다. 안향은 원 간섭기에 원나라에서 성리학을 들여와 국내에 소개하였다. 따라서 이 유학자에 대한 설명으로 옳은 것은 ‘원 간섭기에 성리학을 국내로 소개하였다’이다.

### ANSWER
B"
PSE_history_21_3,PSE_history_21_3,History,0,C,A,"탑골 공원의 탑은 원각사지 십층석탑으로, 조선 세조가 원각사를 세우며 조성한 것이다. 따라서 ‘왕’은 세조이다. 세조는 우리나라 전쟁사를 정리한 《동국병감》을 편찬하였다. 《동문선》은 성종 때, 6조 직계제는 태종 때, 창덕궁은 태종 때의 일이므로 정답은 A이다.

### ANSWER
A"
CSAT_korean_17_7,CSAT_korean_17_7,Functional,0,C,C,"(나)에서 민호는 행복의 외적 조건만이 전부가 아니라고 깨닫고, 가족 관계의 중요성을 강조한다. <보기>의 (c)는 행복 수준을 물질적 풍요와 인간 관계 만족을 종합적으로 고려한다고 하여, 물질적 부와 가족 관계를 함께 고려해야 한다는 내용을 뒷받침한다. 따라서 (c)를 활용해 물질적 부뿐 아니라 가족 구성원 간의 바람직한 관계도 행복의 조건으로 고려해야 한다고 구체화하는 것이 가장 적절하다.

### ANSWER
C"
CSAT_korean_17_8,CSAT_korean_17_8,Functional,0,A,A,"(나) 초고는 봉사의 날 운영 방식에 대한 논의가 학교 구성원들 사이에서 한창임을 제시하며 글감에 대한 논의 필요성을 드러낸다. 이는 (가)의 작문 상황이 반영된 것이다. B는 봉사의 날 도입 취지가 초고에 없고, C는 주제 선정 과정이 없으며, D는 현행 방식의 장점이 아니라 단점을 제시하고, E는 설문 문항이 제시되지 않았으므로 적절하지 않다.

### ANSWER
A"
CSAT_korean_17_9,CSAT_korean_17_9,Functional,0,D,D,"(가)는 현행 봉사의 날 운영 방식에 대한 만족도 조사 결과이고, (나)는 불만족 이유, (다)는 동아리별 봉사 활동의 장점과 보완점에 관한 자료이다. D는 (가)와 (다)를 활용해 현행 운영 방식의 문제점으로 ‘봉사 활동 준비에 많은 시간이 소요된다’는 점을 추가하자고 하는데, (가)에는 준비 시간에 대한 정보가 없고, (다)는 동아리별 봉사 활동에서 준비 시간을 마련해야 한다는 내용이므로 현행 방식의 문제점으로 보기 어렵다. 따라서 D는 자료 활용 방안으로 적절하지 않다.

### ANSWER
D"
CSAT_korean_17_10,CSAT_korean_17_10,Functional,0,B,B,"원고의 마지막 문단은 청소년기의 의의와 청소년기 봉사 활동의 의의를 담고 있다. 수정된 문단은 청소년기 봉사 활동의 의의 문장은 그대로 두고, 동아리별 봉사 활동 도입 시 기대 효과를 새로 추가했다. 따라서 삭제된 부분은 청소년기의 의의이고, 추가된 부분은 동아리별 봉사 활동 도입 시 기대 효과이다.

### ANSWER
B"
CSAT_korean_23_35,CSAT_korean_23_35,Functional,0,A,A,"The speaker does not define terms to limit the topic scope; instead, they explain functions and effects of road grooves. Other choices match the presentation methods used.

### ANSWER
A"
CSAT_korean_23_38,CSAT_korean_23_38,Functional,0,D,D,"(가)의 마지막 문단에서 “몇몇 친구들은 힘들다고 포기하는 모습도 보였지만, 나는 … 의욕적으로 조사를 해 나갈 수 있었다”라고 하여 친구들의 참여 자세와 자신의 참여 자세를 대조하고 있다. 1문단은 행사 개요와 과정, 2문단은 제작 과정을 서술한 것이므로 A·B·C는 적절하지 않고, E는 문답 방식이 아니므로 적절하지 않다. 따라서 정답은 D이다.

### ANSWER
D"
CSAT_korean_23_43,CSAT_korean_23_43,Functional,0,E,E,"초고에는 커피박의 정의, 잘못된 처리 사례, 재활용 용도, 우리나라 커피 소비량이 모두 포함되어 있습니다. 그러나 커피로 인한 사회적 문제가 해마다 증가한다는 실태는 언급되지 않았습니다. 따라서 초고에 반영되지 않은 것은 ㉤입니다.

### ANSWER
E"
Kedu_16_1,Kedu_16_1,Grammar,0,D,D,"The utterance is a declarative sentence whose direct speech act is a statement, while the intended indirect speech act is a warning. It does not contain a performative verb such as “경고하다,” so it cannot be an explicit performative utterance. Therefore, the description that it is an explicit performative utterance is incorrect.

### ANSWER
D"
Kedu_16_1,Kedu_16_1,Grammar,0,B,D,"### ANSWER
D"
Kedu_16_2,Kedu_16_2,Grammar,0,B,B,"전성어미 ‘-기, -음’은 명사형을 만드는 활용형일 뿐, 새로운 단어를 만드는 파생 접미사가 아니므로 파생어를 형성한다고 볼 수 없다. 나머지 보기는 파생법의 일반적 특징으로 모두 옳다.

### ANSWER
B"
Kedu_16_3,Kedu_16_3,Grammar,0,C,C,"'힘세다'는 주어-서술어, '눈감다'는 목적어-서술어, '돌아오다'는 연결형 '-아'를 가진 동사+동사 구조로 통사적 합성어이다. 반면 '듣보다'는 동사 어간들이 연결 형태소 없이 직접 결합한 비통사적 합성어이다.

### ANSWER
C"
Kedu_16_4,Kedu_16_4,Grammar,0,B,B,"수사는 수량과 순서를 모두 나타내며, A는 서수사를 명사로 보는 오류입니다. C는 양수사와 서수사 모두 고유어와 한자어 형태가 있어 틀립니다. D는 ‘하나/한’, ‘둘/두’처럼 형태가 다른 경우가 있어 틀립니다. B는 수사가 ‘새, 헌, 왼, 오른’과 같은 관형사의 수식을 받지 않는다는 점에서 옳습니다.

### ANSWER
B"
Kedu_16_5,Kedu_16_5,Grammar,0,D,D,"의태어는 소리를 흉내 내는 의성어와 달리 모양이나 움직임을 나타내는 말입니다. A의 ‘개굴개굴’, B의 ‘따옥따옥’, C의 ‘콜록콜록’은 모두 소리를 흉내 낸 의성어입니다. D의 ‘넘실넘실’, ‘모락모락’, ‘부슬부슬’은 각각 물결, 김, 비가 내리는 모양을 나타내는 의태어입니다. 따라서 의태어로만 묶인 것은 D입니다.

### ANSWER
D"
Kedu_16_6,Kedu_16_6,Grammar,0,D,D,"훈민정음의 제자 원리에서 초성의 기본자와 가획자는 같은 조음 위치에서 형태적 유사성을 가지며, 초성 글자를 종성으로도 사용하는 것은 사실입니다. 또한 중성의 초출자와 재출자는 기본자를 합성하여 만들어진 것도 맞습니다. 그러나 이체자는 획을 더하여 소리의 세기에 따라 만들어진 것이 아니라, 글자의 다른 형태를 의미합니다. 따라서 옳지 않은 설명은 D입니다.

### ANSWER
D"
Kedu_16_7,Kedu_16_7,Grammar,0,A,A,"A 문장은 “그가, 가면, 나도, 또한, 간다”로 5개의 어절로 이루어져 있습니다. 나머지 문장들은 모두 4개의 어절로 구성되어 있습니다. 따라서 단어의 수가 가장 많은 문장은 A입니다.

### ANSWER
A"
Kedu_16_8,Kedu_16_8,Grammar,0,C,C,"### ANSWER
C"
TK_2022_15,TK_2022_15,Textual,0,C,C,"### ANSWER
C"
TK_2022_16,TK_2022_16,Textual,0,B,B,"여권이 국가의 정체성과 문화를 드러낸다는 문맥에서, 표지 색깔이나 문양, 문화재 이미지 등은 모두 여권의 ‘디자인’에 해당합니다. 따라서 빈칸에는 ‘디자인을 신중하게’가 가장 적절합니다.

### ANSWER
B"
TK_2022_17,TK_2022_17,Textual,0,C,C,"The context states that Japanese resident birds were found on a Korean island, which is unusual because resident birds do not migrate long distances. The expert attributes this to a typhoon, making the observation of Japanese resident birds on the island a rare case. Therefore, the correct phrase is ""일본의 텃새가 관찰된.""

### ANSWER
C"
TK_2022_18,TK_2022_18,Textual,0,D,D,"The context describes a situation where a product fails to meet expectations, and as a result, the brand image becomes worse. The word “오히려” means “rather” or “on the contrary,” which fits the contrast between the initial marketing success and the negative outcome.

### ANSWER
D"
TK_2022_19,TK_2022_19,Textual,0,A,A,"이 글은 재미 요소를 활용한 마케팅이 소비자의 관심을 끌 수 있지만, 제품 품질이 기대에 미치지 못하면 브랜드 전체에 부정적 영향을 줄 수 있음을 보여 준다. 따라서 마케팅 전략보다 제품의 품질이 더 중요하다는 점을 주제로 삼는 것이 가장 적절하다.

### ANSWER
A"
TK_2022_20,TK_2022_20,Textual,0,C,C,"The context shows Inju City actively taking measures to solve firefighters' mental health problems, such as surveys, counseling, and budget support. This matches the idiom ""발 벗고 나섰다,"" meaning to step forward and act proactively. The other options imply reluctance, agreement, or nervousness, which do not fit the situation.

### ANSWER
C"
TK_2022_21,TK_2022_21,Textual,0,C,C,"인주시는 소방관의 정신 건강 문제를 해결하기 위해 조사를 실시하고, 문제가 있는 소방관에게 전문 상담사를 보낼 계획입니다. 또한 심리 안정 프로그램 개발과 진료비 지원 예산을 확보했다고 발표했습니다. 이는 소방관을 위한 심리 안정 프로그램을 운영할 계획이라는 내용과 일치합니다. 따라서 정답은 C입니다.

### ANSWER
C"
TK_2022_22,TK_2022_22,Textual,0,A,A,"### ANSWER
A"
KHB_66_43,KHB_66_43,History,0,C,C,"정주영의 소 떼 방문, IMF 조기 상환, 한일 월드컵 개최는 모두 김대중 정부 시기의 일입니다. 이 정부 시기의 대표적인 통일 노력은 2000년 6·15 남북 공동 선언 발표입니다. 따라서 정답은 C입니다.

### ANSWER
C"
KHB_66_44,KHB_66_44,History,0,D,D,"1900년 대한제국 칙령 41호는 울릉도와 독도를 대한제국의 영토로 명시한 것이다. ‘이 섬’은 우리나라 동쪽 끝에 있는 독도를 가리키며, 안용복이 일본에 가서 독도가 조선 영토임을 확인받은 것과 관련이 깊다. 따라서 옳은 설명은 D이다.

### ANSWER
D"
KHB_66_45,KHB_66_45,History,0,A,A,"의궤는 조선시대 왕실과 국가의 주요 행사를 글과 그림으로 기록한 책으로, 정조의 수원 화성 행차 장면도 의궤에 수록되어 있습니다. 경국대전은 법전, 삼강행실도는 윤리 교화서, 조선왕조실록은 역사 기록이므로 정답은 의궤입니다.

### ANSWER
A"
KHB_66_47,KHB_66_47,History,0,A,A,"원효는 불교 대중화에 기여한 승려로, 무애가를 지은 것 외에도 대표적인 저술로 십문화쟁론을 남겼습니다. 혜초는 왕오천축국전을 썼고, 지눌은 돈오점수와 정혜쌍수를 주장했으며, 유정은 임진왜란 때 의병 활동을 했습니다. 따라서 원효의 또 다른 업적으로 십문화쟁론 저술이 옳습니다.

### ANSWER
A"
KHB_66_48,KHB_66_48,History,0,D,D,"(다)는 고구려의 태학과 경당, (나)는 고려의 국자감과 서적포, (가)는 조선의 성균관과 4부 학당에 해당한다. 따라서 시대순으로는 고구려 → 고려 → 조선 순서인 (다) - (나) - (가)가 맞다.

### ANSWER
D"
Kedu_history_1,Kedu_history_1,History,0,D,D,"망건은 상투를 틀 때 머리카락을 정리하는 머리띠이고, 탕건은 그 위에 쓰는 실내모이므로 A는 틀렸다. 갓은 관직 유무와 관계없이 성인 남성이 착용한 모자이므로 B는 틀렸다. 패랭이는 말총이 아니라 댓개비나 짚 등으로 만든 서민용 모자이므로 C는 틀렸다. 남바위는 겨울에 귀·이마·목덜미를 가리는 방한모로 설명이 옳다.

### ANSWER
D"
Kedu_history_2,Kedu_history_2,History,0,C,C,"조선시대 한양 도성의 사대문은 동쪽 흥인지문, 서쪽 돈의문, 남쪽 숭례문, 북쪽 숙정문입니다. 따라서 동-서-남-북 순서로 나열한 것은 흥인지문, 돈의문, 숭례문, 숙정문입니다. 보기 중 C가 이 순서와 일치합니다.

### ANSWER
C"
Kedu_history_3,Kedu_history_3,History,0,D,D,"고구려의 대표적인 제천의식은 동맹으로, 10월에 하늘에 제사를 지내고 여러 부족이 모여 가무를 즐겼습니다. 부여는 영고, 동예는 무천, 삼한은 소도와 관련됩니다. 따라서 바르게 연결된 것은 고구려-동맹입니다.

### ANSWER
D"
PSAT_21_12,PSAT_21_12,Law,0,B,A,"### ANSWER
A"
PSAT_21_13,PSAT_21_13,Law,0,D,D,"권한쟁의심판은 국가기관 상호간, 국가기관과 지방자치단체 간, 지방자치단체 상호간의 권한 다툼을 해결하는 제도이다. 헌법재판소법 제61조 제2항에 따라 피청구인의 처분 또는 부작위가 헌법이나 법률에 의하여 부여받은 청구인의 권한을 침해하였거나 침해할 현저한 위험이 있는 경우에만 청구할 수 있다. 따라서 D가 옳다. A의 경우 지방자치단체도 당사자가 될 수 있고, B의 정당과 C의 교섭단체는 국가기관이 아니므로 권한쟁의심판의 당사자가 될 수 없다.

### ANSWER
D"
PSAT_21_14,PSAT_21_14,Law,0,A,A,"The Korean Constitution allows non-public trial proceedings only for the 심리, not the 판결, so option A incorrectly includes judgments. Options B, C, and D correctly reflect constitutional provisions. Therefore, the incorrect statement is A.

### ANSWER
A"
PSAT_21_15,PSAT_21_15,Law,0,A,B,"### ANSWER
B"
PSAT_21_16,PSAT_21_16,Law,0,D,B,"### ANSWER
B"
PSAT_21_17,PSAT_21_17,Law,0,B,B,"국회의원 자격심사 청구는 의원 30인 이상의 요구가 있어야 하며, 예산안 수정동의는 재적의원 50인 이상의 찬성이 필요하다. 따라서 두 경우 모두 50명 이상의 찬성이 필요하다는 설명은 옳지 않다. 나머지 보기는 헌법과 국회법에 따른 올바른 내용이다.

### ANSWER
B"
PSAT_21_18,PSAT_21_18,Law,0,A,A,"### ANSWER
A"
PSAT_21_19,PSAT_21_19,Law,0,B,B,"### ANSWER
B"
PSE_history_21_4,PSE_history_21_4,History,0,A,A,"조광조가 현량과 실시를 주장한 내용으로, 그는 중종 반정 이후 개혁을 추진하다가 기묘사화로 숙청되었다. 따라서 (가) 인물에 대한 옳은 설명은 기묘사화로 탄압받았다는 것이다.

### ANSWER
A"
PSE_history_21_5,PSE_history_21_5,History,0,A,A,"ㄱ과 ㄴ이 맞습니다. 오산리 유적은 신석기시대 덧무늬토기, 암사동 유적은 빗살무늬토기와 연결됩니다. 석장리 유적은 구석기시대, 동삼동 유적은 신석기시대지만 아슐리안형 주먹도끼는 구석기시대 유물입니다.

### ANSWER
A"
PSE_history_21_6,PSE_history_21_6,History,0,D,D,"(가)는 백제가 웅진에서 사비로 도읍을 옮기기 이전 시기로, 대략 5세기 후반에서 6세기 전반에 해당한다. 이 시기에 신라에서는 법흥왕 때 이차돈의 순교를 계기로 불교가 공인되었다. 대가야 정복, 황초령순수비 건립, 거칠부의 국사 편찬은 모두 이후 진흥왕 때의 일이다.

### ANSWER
D"
PSE_history_21_7,PSE_history_21_7,History,0,D,D,"노리사치계가 일본에 불교를 전한 것은 백제 시기, 장보고의 청해진 설치와 해상권 장악은 통일신라 시기, 벽란도의 번성은 고려 시기의 사실로 모두 옳다. 그러나 중강개시와 책문후시는 조선이 명과의 교류가 아니라 청과의 국경 무역에서 이루어진 것이다. 따라서 명과의 교류라고 설명한 D가 옳지 않다.

### ANSWER
D"
PSE_history_21_8,PSE_history_21_8,History,0,C,C,"### ANSWER
C"
PSE_history_21_9,PSE_history_21_9,History,0,A,A,"이 상소문은 고려 성종 때 최승로가 올린 시무 28조의 내용으로, 불교보다 유교를 통치의 근본으로 삼아야 한다고 주장한 것이다. 성종 대에는 지방 행정 구역으로 12목을 설치하고, 양경과 12목에 상평창을 두어 민생을 안정시키고자 하였다. 또한 국자감을 세워 유학을 장려하였다. 균여를 귀법사 주지로 삼은 것은 광종 대, 국자감 7재는 예종 대, 경정 전시과는 경종 대의 일이다.

### ANSWER
A"
PSE_history_21_10,PSE_history_21_10,History,0,D,D,"이승만 정부 시기에는 한미 원조 협정 체결, 농지개혁에 따른 지가증권 발행, 삼백 산업 지원 등이 이루어졌다. 그러나 제1차 경제개발 5개년 계획은 1962년부터 박정희 정부에서 추진된 정책이다. 따라서 이승만 정부의 경제 정책으로 옳지 않은 것은 D이다.

### ANSWER
D"
PSE_history_21_11,PSE_history_21_11,History,0,C,C,"### ANSWER
C"
TK_2022_23,TK_2022_23,Textual,0,D,D,"The narrator found her late father's diary for the first time and plans to visit the places mentioned in it, including the bakery her father often went to. The other options are not supported by the text.

### ANSWER
D"
TK_2022_24,TK_2022_24,Textual,0,A,A,"드라마 ‘진실’의 인기 덕분에 원작이 베스트셀러 1위가 되었다는 기사 제목이므로, 인기와 원작 판매량 상승의 인과관계를 나타낸 A가 가장 적절하다.

### ANSWER
A"
TK_2022_25,TK_2022_25,Textual,0,C,C,"기사 제목은 갑작스러운 폭우로 차량이 매우 느리게 움직이며 출근길이 정체되었다는 내용입니다. 보기 중 C는 “갑자기 많이 쏟아진 비로 차들이 천천히 운행하면서 출근길이 막혔다”고 하여 제목의 의미를 가장 정확히 설명합니다. A는 차량 피해, B는 사고, D는 대중교통 혼잡을 말하므로 제목과 맞지 않습니다.

### ANSWER
C"
TK_2022_26,TK_2022_26,Textual,0,A,A,"기사 제목은 온라인 거래 사기가 급증했지만 정부의 대책 마련이 미흡하다는 내용을 전하고 있습니다. 따라서 사기 증가와 정부 대책의 부족함을 함께 표현한 A가 가장 적절합니다.

### ANSWER
A"
TK_2022_27,TK_2022_27,Textual,0,D,D,"편의점 업체가 해외에서 성공한 이유는 현지 취향에 맞추지 않고 한국의 모습을 그대로 보여주는 전략을 사용했기 때문이다. 문맥에서 ""보통 마트는 현지인의 취향에 맞추려고 하는데 이 편의점 업체는 이와 반대되는 방법""이라고 했으므로, 빈칸에는 한국 편의점을 그대로 재현하는 전략이 들어가야 한다. 따라서 정답은 D이다.

### ANSWER
D"
TK_2022_28,TK_2022_28,Textual,0,A,A,"고대 이집트인들이 모래 위에서 바위를 운반할 때 모랫길을 단단하게 만들기 위해 물을 뿌렸다는 내용이므로, 빈칸에는 ‘적정량의 물을 뿌리는’ 기술이 가장 적절하다.

### ANSWER
A"
TK_2022_29,TK_2022_29,Textual,0,B,C,"The passage explains that because basketball involves frequent bouncing, a ball color too different from the floor would cause visual burden for players and spectators. Thus, the orange ball is used to reduce eye strain rather than to improve scoring or visibility.

### ANSWER
C"
TK_2022_30,TK_2022_30,Textual,0,D,D,"가면 증후군은 성과를 내고도 그것이 자신의 진짜 실력 때문이 아니라고 생각하여 불안해하는 현상이다. 따라서 빈칸에는 성과와 대비되는 자신의 능력에 대한 불신이 들어가는 것이 자연스럽다. “자신의 능력을 의심하면서”가 문맥상 가장 적절하다. 다른 보기들은 가면이 벗겨질 것이라는 불안과 직접적인 관련이 없다.

### ANSWER
D"
Kedu_history_4,Kedu_history_4,History,0,B,B,"조선 시대의 4대 명절은 일반적으로 설날, 한식, 단오, 추석을 가리킵니다. 칠석은 견우와 직녀가 만나는 날로, 명절로 여겨지지만 4대 명절에는 포함되지 않습니다. 따라서 정답은 B입니다.

### ANSWER
B"
Kedu_history_5,Kedu_history_5,History,0,B,B,"### ANSWER
B"
Kedu_history_6,Kedu_history_6,History,0,D,D,"1904년 창간된 대한제국 시기의 민족지로, 고종의 지원을 받고 배일사상을 고취한 신문은 대한매일신보이다.

### ANSWER
D"
Kedu_history_7,Kedu_history_7,History,0,A,A,"사부학당은 조선 시대에 설치된 관학으로, 근대 초기의 교육기관이 아닙니다. 육영공원, 원산학사, 배재학당은 모두 개항기 이후 설립된 근대 교육기관입니다.

### ANSWER
A"
Kedu_history_8,Kedu_history_8,History,0,C,C,"### ANSWER
C"
Kedu_history_9,Kedu_history_9,History,0,B,B,"창경궁의 정문은 홍화문(弘化門)이며, 홍례문(弘禮門)은 창경궁의 정문이 아니다. 따라서 연결이 옳지 않은 것은 B이다.

### ANSWER
B"
Kedu_history_10,Kedu_history_10,History,0,B,B,"조선왕조실록은 국보이자 유네스코 세계기록유산이며, 태종 13년 태조실록부터 고종 2년 철종실록까지 편찬되었다. 사초와 각사 등록, 승정원일기 등을 자료로 삼았다. 임진왜란 이전에는 춘추관, 충주, 성주, 전주 등에 보관되었고, 이후 태백산, 오대산, 묘향산, 적상산 등에 보관되었다. 따라서 마니산을 임진왜란 이전 사고로 언급한 B는 옳지 않다.

### ANSWER
B"
Kedu_history_11,Kedu_history_11,History,0,A,A,"### ANSWER
A"
Kedu_16_2,Kedu_16_2,Grammar,0,C,C,"질의 격률은 증거가 부족하거나 확실하지 않은 내용을 단정적으로 말하지 말라는 대화 격률입니다. 이를 피하기 위해 화자는 자신의 진술에 대한 불확실성을 드러내는 울타리 표현을 사용합니다. 보기 C는 “제가 잘못 보았을 수도 있지만”이라는 표현으로 자신의 관찰이 틀렸을 가능성을 인정하며 진술의 확실성을 약화시킵니다. 이는 질의 격률 위배를 피하기 위한 전형적인 헤지 표현입니다. 다른 보기들은 관련성, 양, 표현의 적절성과 관련된 헤지입니다. 따라서 정답은 C입니다.

### ANSWER
C"
Kedu_16_3,Kedu_16_3,Grammar,0,D,D,"The felicity conditions for a commissive speech act include propositional content, preparatory, sincerity, and essential conditions. Choice A incorrectly assigns the ability to perform the act to the propositional content condition, when it actually belongs to the preparatory condition. Choice B misstates the sincerity condition, which requires the speaker to genuinely intend to do the act, not merely utter it. Choice C also confuses the preparatory condition with the sincerity condition. Choice D correctly identifies the essential condition as the speaker undertaking an obligation to the hearer to perform the act.

### ANSWER
D"
Kedu_16_4,Kedu_16_4,Grammar,0,A,B,"### ANSWER
B"
Kedu_16_5,Kedu_16_5,Grammar,0,A,D,"### ANSWER
D"
Kedu_16_6,Kedu_16_6,Grammar,0,B,B,"### ANSWER
B"
Kedu_16_7,Kedu_16_7,Grammar,0,D,A,"### ANSWER
A"
PSE_korean_1,PSE_korean_1,Functional,0,C,C,"이 글은 ‘프레임’의 개념을 설명한 뒤, ‘구제(relief)’라는 단어를 구체적인 사례로 들어 프레임이 어떻게 작동하는지 보여 준다. 따라서 서술 방식은 예시에 해당한다.

### ANSWER
C"
PSE_korean_2,PSE_korean_2,Functional,0,B,B,"진행자 A는 상대방의 말에 ""그렇군요"" 등으로 반응하고, 사업 성과와 참여 방법을 묻는 질문을 통해 대화 주제를 홍보하며, 상대방의 말을 보충 해석한다. 하지만 상대방의 대답에서 모순점을 찾아 논리적으로 대응하는 장면은 없다. 따라서 적절하지 않은 전략은 B이다.

### ANSWER
B"
TK_2022_31,TK_2022_31,Textual,0,D,D,"The passage states that the oboe provides the reference pitch for the orchestra to tune before performing, because its double-reed sound is accurate and sustained. This means the oboe serves as the standard for matching instruments' pitches. Therefore, choice D is correct.

### ANSWER
D"
TK_2022_32,TK_2022_32,Textual,0,A,A,"The passage states that Arabidopsis is distributed evenly worldwide, which matches choice A. It also says its genome sequencing has already been completed, so B is incorrect. The text explicitly says it can produce seeds without insect help, contradicting C. Finally, its generation period is about six weeks, which is short, making D incorrect.

### ANSWER
A"
TK_2022_33,TK_2022_33,Textual,0,D,D,"지시어는 대화하는 상황을 타인과 공유해야 그 의미를 이해할 수 있다는 특성이 있다고 했으므로, 이와 일치하는 선택지는 D이다.

### ANSWER
D"
TK_2022_34,TK_2022_34,Textual,0,B,B,"The passage emphasizes that art introductory books should focus on the work itself rather than external stories, and hopes for more books that sufficiently explain the work’s components and expression. This directly supports option B.

### ANSWER
B"
TK_2022_35,TK_2022_35,Textual,0,D,D,"점자 표기가 제품마다 달라 혼란을 주고 있으며, 현재 의약품에만 규정이 있어 더 많은 제품에 적용할 통일된 점자 표기 규정이 필요하다는 내용이다.

### ANSWER
D"
TK_2022_36,TK_2022_36,Textual,0,D,D,"이 글은 ‘자기 길들이기’가 호모 사피엔스의 생존 전략이었다는 가설을 설명한다. 네안데르탈인은 신체와 뇌가 우수했지만 멸종했고, 호모 사피엔스는 친화력을 바탕으로 큰 집단을 형성하여 생존했다. 따라서 주제는 호모 사피엔스가 높은 친화력 덕분에 생존할 수 있었다는 것이다.

### ANSWER
D"
TK_2022_37,TK_2022_37,Textual,0,B,B,"이 글은 중도층에 대한 부정적 인식과 달리, 중도층이 유연하고 객관적으로 사고하며 정치적 양극화를 완화하고 사회적 합의를 이끌 수 있다는 긍정적 평가를 강조한다. 따라서 중도층이 사회의 균형과 발전을 돕는 역할을 할 수 있다는 것이 주제이다. 나머지 선택지는 본문의 내용과 부합하지 않는다.

### ANSWER
B"
TK_2022_41,TK_2022_41,Textual,0,B,B,"부모님은 준이 동쪽을 정확히 가리키자 “네가 그걸 어떻게 알아?”라고 물으며 믿기 어려워했다. 이어서 “처음에 부모님은 반신반의했지만”이라는 표현이 나오므로, 이때의 심정은 의심스러움이다. 후회나 실망, 짜증과는 거리가 멀다.

### ANSWER
B"
Kedu_history_12,Kedu_history_12,History,0,A,A,"남산지구는 신라의 궁궐터가 아니라 불교 유적과 석불이 많은 신성한 산으로, 궁궐터는 월성지구에 해당한다. 따라서 연결이 옳지 않은 것은 A이다.

### ANSWER
A"
Kedu_history_13,Kedu_history_13,History,0,D,D,"### ANSWER
D"
Kedu_16_9,Kedu_16_9,Grammar,0,A,A,"A word must contain at least one morpheme, so the number of words in a sentence cannot exceed the number of morphemes. The other statements are false because multiple morphemes can share a part of speech, multiple words can form one sentence constituent, and a sentence can have several adverbials but only one predicate.

### ANSWER
A"
Kedu_16_10,Kedu_16_10,Grammar,0,C,C,"폐쇄음은 양순, 치조, 연구개에서 조음되므로 ㄱ은 옳다. 마찰음은 치조음과 후음으로 분류되며 경구개음 마찰음은 별도 음소로 보지 않으므로 ㄴ은 옳지 않다. 공명음에는 비음과 유음이 포함되므로 ㄷ은 옳다. 파찰음은 평음-경음-유기음의 삼지대립을 이루므로 ㄹ은 옳다. 마찰음은 3개, 파찰음은 3개이므로 ㅁ은 옳지 않다.

### ANSWER
C"
Kedu_16_11,Kedu_16_11,Grammar,0,D,D,"Korean syllable structure constraints concern the internal composition of a syllable: onset, nucleus, and coda. Choices A, B, and C correctly describe such internal constraints. Choice D describes a restriction between adjacent syllables, known as the syllable contact law, not an internal syllable structure constraint.

### ANSWER
D"
Kedu_16_12,Kedu_16_12,Grammar,0,C,C,"### ANSWER
C"
Kedu_16_13,Kedu_16_13,Grammar,0,A,A,"ㄱ은 ‘ㅎ’과 ‘ㅈ’, ‘ㄱ’과 ‘ㅎ’이 만나 각각 ‘ㅊ’, ‘ㅋ’으로 축약된 경우이므로 옳다. ㄴ의 ‘잎도[입또]’는 된소리되기 현상이지 첨가가 아니다. ㄷ은 ‘다쳐’가 [다처]로 발음될 때 ‘ㅣ’가 탈락한 경우이므로 옳다. ㄹ의 ‘신여성[신녀성]’은 ‘ㄴ’이 첨가된 현상이지 대치가 아니다. 따라서 옳은 것은 ㄱ과 ㄷ이다.

### ANSWER
A"
Kedu_16_14,Kedu_16_14,Grammar,0,A,A,"'대치'는 한 음운이 다른 음운으로 바뀌는 현상으로, 비음화·유음화·경음화 등이 포함된다. A의 '밥만'은 ㅂ→ㅁ 비음화, '심리'는 ㄹ→ㄴ 비음화, '잡고'는 ㄱ→ㄲ 경음화로 모두 대치에 해당한다. B는 '않네'의 ㅎ 탈락, '열여섯'의 ㄴ 첨가, '밥하고'의 축약이 섞여 있다. C는 '눈약'의 ㄴ 첨가와 '많거든'의 축약이 포함되고, D는 '앓고'의 축약과 '삶도'의 탈락이 포함된다. 따라서 대치만으로 구성된 것은 A이다.

### ANSWER
A"
Kedu_16_15,Kedu_16_15,Grammar,0,B,B,"All four words show regressive (역행) assimilation where a preceding consonant is influenced by a following sound, and in each case the change is partial because the assimilated consonant becomes similar but not identical to the following sound. For example, 접는 [점는], 국물 [궁물], 맏이 [마지], 먹네요 [멍네요] all involve partial regressive assimilation.

### ANSWER
B"
Kedu_16_16,Kedu_16_16,Grammar,0,D,B,"### ANSWER
B"
PSAT_21_20,PSAT_21_20,Law,0,A,A,"### ANSWER
A"
PSAT_21_21,PSAT_21_21,Law,0,C,C,"C는 법관 파견근무에 법관의 동의가 필요하다는 원칙에 반하므로 옳지 않다. A는 헌법상 대법원의 최종 심사권, B는 국정감사·조사의 재판 관여 금지, D는 형사재판에서의 사법권 독립 내용으로 모두 타당하다.

### ANSWER
C"
PSAT_21_22,PSAT_21_22,Law,0,D,D,"D는 지방자치단체의 관할구역이 육지에 한정된다고 보는 점에서 옳지 않습니다. 판례와 학설에 따르면 지방자치단체의 자치권은 그 구역 내의 공유수면에도 미칩니다. A는 헌법과 지방자치법의 일반적 내용에 부합하고, B는 지방자치의 제도적 보장과 핵심영역 보호에 관한 판례의 입장이며, C는 주민투표권을 법률상 권리로 보는 판례의 입장에 부합합니다.

### ANSWER
D"
PSAT_21_23,PSAT_21_23,Law,0,B,A,"### ANSWER
A"
PSAT_21_24,PSAT_21_24,Law,0,C,C,"헌법 제121조는 경자유전 원칙과 농지 소작제도 금지를 규정하고, 제124조는 소비자보호운동 보장을 규정하며, 제123조 제3항은 농수산물 가격안정을 통한 농어민 이익 보호를 규정한다. 그러나 제123조 제2항은 국가가 중소기업을 보호·육성할 의무를 명시하고 있으므로, 중소기업 보호 의무를 부인하는 C는 옳지 않다.

### ANSWER
C"
PSAT_22_1,PSAT_22_1,Law,0,B,B,"### ANSWER
B"
PSAT_22_2,PSAT_22_2,Law,0,A,A,"### ANSWER
A"
PSAT_22_3,PSAT_22_3,Law,0,C,C,"공무원의 선거중립의무는 선거에 영향을 미칠 수 있는 공무원에게 적용되지만, 국회의원과 지방의회의원은 정치적 대표자로서 중립의무의 대상이 아니라 오히려 선거에 참여하는 주체이다. 따라서 이들을 선거중립의무가 부과되는 공무원에 포함시킨 설명은 옳지 않다. 나머지 보기는 판례나 헌법재판소 결정의 내용과 부합한다.

### ANSWER
C"
TK_2022_42,TK_2022_42,Textual,0,A,A,"준은 어릴 때부터 특별한 재능이 없다고 생각했지만, 방향을 본능적으로 감지하는 능력이 있었다. 포항 여행에서 부모님이 해돋이 방향을 두고 헷갈려 할 때, 준은 북쪽을 기준으로 동쪽을 정확히 가리켰다. 부모님은 그의 능력을 확인하고 기뻐했다. 따라서 여행지에서 해 뜨는 방향을 한 번에 찾았다는 A가 맞다.

### ANSWER
A"
TK_2022_43,TK_2022_43,Textual,0,C,C,"### ANSWER
C"
TK_2022_44,TK_2022_44,Textual,0,D,D,"이 글은 유럽 탐험의 진정한 의미가 대륙 발견이 아니라 바다와 항로의 발견에 있음을 강조한다. 탐험가들이 여러 해상 항로를 개척하면서 세계의 바다가 연결되었고, 이를 통해 전 세계가 하나로 이어지는 계기가 되었다고 본다. 따라서 주제는 유럽인들의 탐험이 항로를 만들어 세계를 연결했다는 점이다.

### ANSWER
D"
TK_2022_45,TK_2022_45,Textual,0,A,A,"필자는 과학 기술 발전을 위해 정부가 지원은 하되 간섭을 최소화해야 한다고 강조한다. 특히 과학 전문가가 정책 수립을 주도하고 전문 기업이 수행을 맡아야 하며, 정부의 과도한 관여는 경계해야 한다고 본다. 따라서 글에 나타난 필자의 태도는 과학 정책에 대한 정부의 지나친 개입을 경계하는 것이다.

### ANSWER
A"
TK_2022_46,TK_2022_46,Textual,0,C,C,"The passage explains that government deregulation of the space industry allowed a private company to grow and develop a hotel-grade spaceship for Mars travel. This directly matches choice C. The other choices contradict or misrepresent the passage.

### ANSWER
C"
PSE_korean_3,PSE_korean_3,Functional,0,D,D,"발표에서는 노벨 경제학상 수상자인 대니얼 카너먼의 견해를 인용하고, 자동차 대리점 사례와 캐나다 설문 조사 결과를 제시하며, 청중에게 질문을 던져 주의를 환기하고 있다. 그러나 발표 매체의 특성을 고려하여 내용을 조절했다는 근거는 제시되지 않았다.

### ANSWER
D"
PSE_korean_4,PSE_korean_4,Functional,0,D,D,"ㄱ은 앞 문장을 다른 말로 반복하는 관계이므로 ‘다시 말해서’가 자연스럽고, ㄴ은 ‘해명하고’가 이론적 설명의 의미에 더 적절하다. ㄷ은 ‘전제되어야 한다’로 고치는 것이 당위를 나타내어 문맥에 맞다. 그러나 ㄹ을 ‘변화시킨다’로 바꾸면 ‘변화시킨다 관점’처럼 비문이 되므로 옳지 않다. 따라서 정답은 D이다.

### ANSWER
D"
PSE_korean_5,PSE_korean_5,Functional,0,C,C,"이 글은 글쓰기를 나무를 심고 가꾸는 과정에 빗대어 설명하고 있습니다. 뿌리 북돋우기, 줄기 바로잡기, 진액 오르기, 가지와 잎 돋아나기 등 나무의 성장 과정을 글쓰기의 과정에 대응시키고 있습니다. 따라서 추상적인 개념을 구체적인 사물에 빗대어 표현하는 비유적 서술 방식이 주를 이룹니다.

### ANSWER
C"
PSE_korean_6,PSE_korean_6,Functional,0,A,A,"### ANSWER
A"
PSE_korean_7,PSE_korean_7,Functional,0,B,B,"(가)은 청자의 주의를 환기하는 1단계, (다)는 청자와 관련된 문제를 제시하는 2단계, (나)는 해결 방안을 제시하는 3단계, (라)는 해결 방안의 이점을 구체화하는 4단계, (마)는 구체적 행동을 요구하는 5단계에 해당한다. 따라서 올바른 배열은 (가)-(다)-(나)-(라)-(마)이다.

### ANSWER
B"
PSE_korean_8,PSE_korean_8,Functional,0,B,B,"정민은 자신의 과거 경험을 이야기하며 상수가 짝꿍과의 갈등을 해결할 수 있도록 조언하고 있다. 상대방을 비판하거나 평가하기보다는 공감과 경험 공유를 통해 해결점을 찾게 돕는 방식이다.

### ANSWER
B"
PSE_korean_9,PSE_korean_9,Functional,0,C,C,"지민은 정수의 의견을 인정하면서도 자신의 견해를 조화롭게 제시하고 있다.

### ANSWER
C"
PSE_korean_10,PSE_korean_10,Functional,0,C,C,"본문은 문학의 허구 세계와 실제 생활의 관계를 건축가가 집을 짓는 과정에 빗대어 설명하는 유추적 방식이다. 보기 C 역시 인생의 목적을 마라톤 완주에 비유하여 설명하고 있어 같은 설명 방식이 적용되었다.

### ANSWER
C"
PSE_history_21_12,PSE_history_21_12,History,0,B,B,"1882년 조미수호통상조약은 영사재판권과 최혜국 대우 조항을 포함하고 있었으며, 조선책략의 영향을 받아 체결되었다. 그러나 임오군란은 1882년 7월에 일어난 사건으로, 조약은 그해 5월에 체결되었으므로 임오군란을 계기로 체결된 것이 아니다. 따라서 옳지 않은 설명은 B이다.

### ANSWER
B"
PSE_history_21_13,PSE_history_21_13,History,0,D,D,"고려시대 향리에 대한 설명으로, 사심관은 부호장 이하의 향리를 감독하였고, 상층 향리는 과거를 통해 중앙 관직에 진출할 수 있었다. 또한 향리 자제 중 일부는 기인으로 선발되어 개경에 보내졌으며, 속현의 행정 실무는 향리가 담당하였다. 따라서 ㄱ, ㄴ, ㄷ, ㄹ 모두 옳다.

### ANSWER
D"
PSE_history_21_14,PSE_history_21_14,History,0,B,B,"### ANSWER
B"
PSE_history_21_15,PSE_history_21_15,History,0,A,A,"유신헌법은 1972년 10월부터 1979년까지 시행되었으며, 긴급조치와 3권 집중으로 국민의 기본권을 억압한 체제였다. 부마민주항쟁은 1979년 10월에 유신 체제에 항거하여 일어난 사건이다. 국민교육헌장 선포, 7·4 남북공동성명, 6·3 시위는 모두 유신헌법 시행 이전의 사건이다. 따라서 정답은 A이다.

### ANSWER
A"
PSE_history_21_16,PSE_history_21_16,History,0,D,D,"The passage describes the National Representatives Conference (국민대표회의) held in 1923 to unify the Korean independence movement. At this meeting, some delegates argued that the existing Provisional Government should be replaced by a new unified organization, while others insisted on reforming it. Therefore, the fact that occurred at the meeting is that a claim to create a new organization to replace the Provisional Government was raised.

### ANSWER
D"
PSE_history_21_17,PSE_history_21_17,History,0,B,B,"이 법령은 1912년 토지조사령으로, 일제가 토지 소유권을 조사·측량하여 소유권을 공인하는 방식으로 토지를 약탈한 사업이다. 조선총독부가 주도하였고, 조선 왕실과 관련된 역둔토·궁장토 등은 신고 과정에서 국유화되어 총독부 소유가 되었다. 농상공부 주도는 아니며, 동양척식회사 설립은 별개의 사업이고, 춘궁 퇴치·농가 부채 근절은 1930년대 농촌진흥운동의 구호이다.

### ANSWER
B"
PSE_history_21_18,PSE_history_21_18,History,0,B,B,"### ANSWER
B"
PSE_history_21_19,PSE_history_21_19,History,0,C,C,"### ANSWER
C"
Kedu_16_17,Kedu_16_17,Grammar,0,C,C,"한국어는 SOV 어순, 교착어, 좌분지 구조, 후핵 언어의 특징을 가진다. 따라서 우분지 구조라는 설명은 한국어의 유형론적 특징으로 옳지 않다.

### ANSWER
C"
Kedu_16_18,Kedu_16_18,Grammar,0,A,A,"### ANSWER
A"
Kedu_16_19,Kedu_16_19,Grammar,0,C,C,"‘아뢰다’와 ‘뵙다’는 화자가 자신이나 자신의 행위를 낮추어 상대를 높이는 겸손 표현, 즉 객체 높임에 해당하는 특수 어휘이다. 따라서 이들을 ‘주체를 높이는’ 어휘라고 한 설명은 옳지 않다. 나머지 보기는 높임 표현의 대상과 문법 형태소, ‘말씀’의 쓰임에 대해 올바르게 설명하고 있다.

### ANSWER
C"
Kedu_16_20,Kedu_16_20,Grammar,0,C,C,"관계 관형사절은 안긴문장의 서술어가 꾸미는 명사를 주어나 목적어 등의 논항으로 취하는 경우입니다. A의 ‘자전거’는 ‘사다’의 목적어, B의 ‘거북선’은 ‘만들다’의 목적어, D의 ‘사람들’은 ‘추켜들다’의 주어에 해당하므로 관계 관형사절입니다. 그러나 C의 ‘기억’은 ‘만나다’의 논항이 아니라 만난 일의 내용을 나타내는 명사이므로 관계 관형사절이 아닙니다.

### ANSWER
C"
Kedu_16_21,Kedu_16_21,Grammar,0,B,B,"### ANSWER
B"
Kedu_16_22,Kedu_16_22,Grammar,0,D,D,"말갛다와 높다랗다는 모두 형용사로, 접사가 붙어도 품사가 바뀌지 않고 그대로 형용사입니다. 나머지 보기들은 명사나 형용사에 접사가 붙어 부사나 형용사로 품사가 바뀐 경우입니다.

### ANSWER
D"
Kedu_16_23,Kedu_16_23,Grammar,0,C,C,"‘쫓기다, 밟히다, 섞이다’는 모두 피동 접미사(-이-, -히-, -리-, -기- 등)가 결합하여 만들어진 피동사입니다. 사동 접미사가 붙어 된 타동사가 아니므로 설명이 옳지 않습니다. 나머지 보기는 사동사나 자동사·타동사 겸용 동사에 대한 올바른 설명입니다.

### ANSWER
C"
Kedu_16_24,Kedu_16_24,Grammar,0,A,A,"한국어는 교착어로서 형태소 결합이 활발하고, 이 과정에서 다양한 음운 변동이 나타나므로 ㄱ은 옳다. 또한 비통사적 합성법과 같은 다양한 단어 형성 방식이 발달해 있으므로 ㄴ도 옳다. 그러나 한국어는 문맥에 따라 필수 성분이 자주 생략되므로 ㄷ은 옳지 않다. 관형어는 수식하는 명사 앞에 고정적으로 위치해야 하므로 자유롭게 이동할 수 없다는 점에서 ㄹ도 옳지 않다.

### ANSWER
A"
PSE_history_22_1,PSE_history_22_1,History,0,A,A,"이 풍습은 옥저의 가족 공동 목곽묘와 관련된 장례 풍습이다. 옥저는 민며느리제라는 혼인 풍습이 있었다. 사출도는 부여, 소도는 삼한, 무천은 동예의 특징이다. 따라서 옳은 것은 A이다.

### ANSWER
A"
PSE_history_22_2,PSE_history_22_2,History,0,C,C,"미륵사지 석탑은 목탑 양식을 본떠 만든 석탑이고, 정림사지에는 백제 시대 5층 석탑이 남아 있다. 무령왕릉에서는 무덤의 주인을 알려주는 지석이 발견되었다. 그러나 능산리 고분군은 돌방무덤과 흙무덤 형태로, 계단식 돌무지무덤은 초기 백제의 무덤 양식에 해당한다. 따라서 옳지 않은 것은 C이다.

### ANSWER
C"
PSE_history_22_3,PSE_history_22_3,History,0,D,D,"승정원은 국왕의 명령을 출납하고 왕명을 전달하는 관청으로, 조선 시대 행정의 중심 역할을 하였다. 다른 보기들은 관청과 역할이 바르게 연결되지 않았다.

### ANSWER
D"
PSE_history_22_4,PSE_history_22_4,History,0,A,A,"(가)는 3.1 운동 직후 수립된 대한민국 임시정부이다. 임시정부는 연통제와 교통국을 두고 외교 선전 활동을 펼쳤으며, 외교 운동 노선과 무장투쟁 노선 사이에서 갈등을 겪었다. 미국에 구미 위원부를 설치하여 외교 운동을 전개한 것은 임시정부의 활동으로 옳다.

### ANSWER
A"
PSE_history_22_5,PSE_history_22_5,History,0,B,B,"(가)는 의상으로, 부석사를 세우고 화엄 사상을 정리하여 ｢화엄일승법계도｣를 저술하였다. (나)는 자장으로, 진골 출신 대국통이었으며 황룡사 9층탑 건립을 건의하였다. 따라서 (가)에 대한 설명으로 옳은 것은 B이다.

### ANSWER
B"
PSE_history_22_6,PSE_history_22_6,History,0,C,C,"(가)는 대조영의 아들로 왕위를 이어받아 연호를 인안으로 바꾸고 영토를 크게 개척한 발해 무왕이다. 무왕은 장문휴를 시켜 당의 등주를 공격하게 하였다. 수도를 상경성으로 옮긴 것은 문왕의 일이고, 해동성국으로 불린 것은 선왕 때의 일이며, 동모산에 도읍을 정한 것은 대조영의 일이다.

### ANSWER
C"
PSE_history_22_7,PSE_history_22_7,History,0,D,D,"경국대전은 세조 때 편찬이 시작되어 성종 때 완성되었으므로 (가)는 성종이다. 속대전은 영조 때, 대전통편은 정조 때, 대전회통은 고종 때 편찬되었다. 따라서 (라)는 고종인데, 삼정이정청은 철종 때인 1862년에 설치되었으므로 고종 대의 사실이 아니다. 나머지 보기는 각 왕대의 사실로 옳다.

### ANSWER
D"
PSE_history_22_8,PSE_history_22_8,History,0,B,B,"조광조가 중종의 지지를 받아 현량과와 언론 기관을 통해 급진적 개혁을 추진하고 위훈삭제를 주장한 것은 중종 반정 이후의 상황입니다. 그러나 이 개혁에 대한 반발로 조광조 일파가 제거된 사건은 1519년에 일어난 기묘사화입니다. 따라서 정답은 B입니다.

### ANSWER
B"
PSE_korean_11,PSE_korean_11,Functional,0,D,D,D
PSE_korean_12,PSE_korean_12,Functional,0,B,A,"이 글은 법치주의의 개념을 먼저 규정하고, 이를 위반한 역사적 사례를 대조하여 논지를 전개하고 있습니다. 일상적인 예나 인용문은 사용되지 않았으며, 상반된 사례를 제시해 대안을 말하는 구조도 아닙니다. 따라서 용어의 개념을 규정하면서 논지를 전개한 A가 가장 적절합니다.

### ANSWER
A"
PSE_korean_13,PSE_korean_13,Functional,0,C,C,"C의 B 대답은 상대방의 목소리가 작다는 점을 직접 지적하며 문제를 상대방 탓으로 돌리고 있어, ㄷ의 '문제를 자신의 탓으로 돌려 말해야 한다'는 원칙에 어긋난다. 또한 상대방을 낮추거나 부담을 덜어 주는 표현도 아니다. A는 ㄱ, B는 ㄴ, D는 ㄹ에 해당하므로 적절하지 않은 것은 C이다.

### ANSWER
C"
PSE_korean_14,PSE_korean_14,Functional,0,B,B,"이 토의는 발표와 질의응답으로 진행되는 학술적 형식이며, 사회자는 발표를 소개하고 진행을 맡고 있다. 사회자가 발표자 간의 이견을 조정하거나 의사결정을 유도하는 장면은 나타나지 않는다. 따라서 B가 적절하지 않은 설명이다.

### ANSWER
B"
CSAT_korean_07_11,CSAT_korean_07_11,Grammar,0,E,E,"""싸움질했다""는 단순히 '싸움을 하다'라는 뜻으로, '심하게'라는 정도의 의미가 포함되지 않는다. 나머지 보기들은 두 단어의 의미가 하나의 단어에 자연스럽게 통합되었다.

### ANSWER
E"
CSAT_korean_07_12,CSAT_korean_07_12,Grammar,0,E,B,"### ANSWER
B"
CSAT_korean_06_11,CSAT_korean_06_11,Grammar,0,E,E,"The passage criticizes cow-like people for negative traits such as indifference, slowness, brooding, stubbornness, and violent reactions. A natural rebuttal should reframe each negative trait as a positive quality. Options A through D successfully do this: indifference becomes respect for boundaries, slowness becomes a leisurely pace, brooding becomes self-reflection, and stubbornness becomes conviction. However, option E pairs violent reaction to advice with decisiveness, which is not the inverse of that trait but rather a different cow-related idiom. Therefore, E is the unnatural rebuttal.

### ANSWER
E"
CSAT_korean_06_12,CSAT_korean_06_12,Grammar,0,B,B,"### ANSWER
B"
PSAT_22_4,PSAT_22_4,Law,0,D,B,"### ANSWER
B"
PSAT_22_5,PSAT_22_5,Law,0,D,D,"근로의 권리는 사회적 기본권이지만 국가에 대해 직접 일자리나 생계비 지급을 청구할 수 있는 권리는 아니므로 B는 틀렸습니다. 외국인근로자에게 근로의 권리는 원칙적으로 국민에게만 보장되므로 A의 주장도 타당하지 않습니다. 일용근로자 3개월 미만에 대한 해고예고 적용제외는 합리적 이유가 있어 C도 위헌이 아닙니다. 기간제법의 2년 초과 사용 제한은 근로자 보호를 위한 것으로 계약의 자유를 침해하지 않는다는 판례가 있으므로 D가 옳습니다.

### ANSWER
D"
PSAT_22_6,PSAT_22_6,Law,0,A,A,"초·중등학교 교원의 정당가입 금지와 대학교원의 허용은 직무의 본질 차이를 고려한 합리적 차별로 보아 평등원칙에 반하지 않는다는 것이 판례의 입장이다. 나머지 보기들은 판례와 다른 내용이거나 평등원칙 위반으로 보지 않은 사안들이다.

### ANSWER
A"
PSAT_22_7,PSAT_22_7,Law,0,B,B,"B 조항은 정신적 장애인의 성적 자기결정권을 침해한다고 보지 않고, 오히려 성적 착취로부터 보호하기 위한 합헌적 규정으로 본 판례에 부합하지 않는다. 나머지 A, C, D는 각각 관련 판례의 입장과 일치한다.

### ANSWER
B"
PSAT_22_8,PSAT_22_8,Law,0,B,B,"### ANSWER
B"
PSAT_22_9,PSAT_22_9,Law,0,C,C,C
PSAT_22_10,PSAT_22_10,Law,0,C,C,"사회적 기본권에 관한 판례를 보면, A·B·D는 각각 조건부과 유예, 지뢰피해자 위로금, 산재보험수급권에 대해 합헌 또는 법률상 권리로 본 판례의 입장과 일치한다. 반면 C는 유족급여수급권이 재산권에 포함된다는 점을 인정하더라도, 19세 이상의 자녀를 유족에서 제외한 것이 본질적 내용을 침해하여 입법형성권을 벗어난 것이라는 주장은 판례의 합헌 입장과 다르므로 옳지 않다.

### ANSWER
C"
PSAT_22_11,PSAT_22_11,Law,0,B,B,"B는 헌법재판소가 방송사업자에 대한 '시청자에 대한 사과' 명령은 표현의 자유와 양심의 자유를 침해하고, 정정보도나 과태료 등 덜 침해적인 수단이 있으므로 침해의 최소성 원칙에 위배된다고 판단했기 때문에 옳지 않다. A는 금치 중 수형자의 일체 집필금지를 과잉금지원칙 위반으로 본 판례와 일치한다. C는 정부 비판자를 국가 지원에서 배제하는 것이 정치적 표현의 자유를 침해하고 목적의 정당성이 없다는 판례와 일치한다. D는 사관생도의 기본권 제한도 법률유보와 과잉금지원칙을 따라야 한다는 판례와 일치한다. 따라서 정답은 B이다.

### ANSWER
B"
PSE_history_22_9,PSE_history_22_9,History,0,C,C,"(가)는 김부식이 편찬한 『삼국사기』의 서문으로, 삼국 시대 역사를 유교적 관점에서 정리한 것이다. (나)는 일연의 『삼국유사』에 실린 내용으로, 신라와 발해를 남북국으로 인식하고 발해를 포함한 만주 지역까지 역사 범위를 확장하였다. 따라서 (나)에 대한 설명으로 옳은 것은 C이다.

### ANSWER
C"
PSE_history_22_10,PSE_history_22_10,History,0,C,B,"이 주장은 토지 소유 상한을 정하는 ‘한전론(限田論)’을 제시한 내용으로, 기존 소유는 인정하되 이후 초과 점유를 금지하고 몰수하여 점진적으로 토지 소유를 균등하게 하려는 개혁안이다. 이러한 한전론을 주장한 실학자는 이익이며, 그의 대표 저서는 《성호사설》이다. 따라서 정답은 B이다.

### ANSWER
B"
PSE_history_22_11,PSE_history_22_11,History,0,A,A,"The period described is from 1910 to 1919, known as the era of Japanese military rule in Korea. During this time, Japan promulgated the Land Survey Ordinance (토지조사령) to systematically take Korean land. The other options occurred later: 창씨개명 in 1939, renaming schools to 국민학교 in 1941, and the National Mobilization Act in 1938. Therefore, the correct fact for this period is A.

### ANSWER
A"
PSE_history_22_12,PSE_history_22_12,History,0,D,D,"김구에 대한 설명으로, 모스크바 3국 외상 회의 결과로 신탁통치가 결정되자 이를 반대하는 운동을 주도한 것은 사실이다. 따라서 옳은 것은 D이다.

### ANSWER
D"
PSE_history_22_13,PSE_history_22_13,History,0,A,A,"제헌 국회는 1948년에 구성되어 대한민국 헌법을 제정하고, 반민족행위처벌법에 따라 반민족행위특별조사위원회를 구성하였다. 따라서 A가 옳다. 나머지 보기는 모두 1960~1970년대의 사건들이다.

### ANSWER
A"
PSE_history_22_14,PSE_history_22_14,History,0,B,B,"‘그’는 고종 즉위 직후 실권을 장악하고 병인박해를 일으킨 흥선대원군이다. 그는 서양 세력을 경계하며 전국에 척화비를 세우도록 하였다. 보빙사 파견, 백두산정계비, 통리기무아문은 모두 대원군과 직접 관련이 없다.

### ANSWER
B"
PSE_history_22_15,PSE_history_22_15,History,0,A,A,"이 글은 도림이 백제 개로왕을 속여 국력을 약화시킨 뒤 고구려로 돌아와 보고하는 내용으로, ‘이 왕’은 고구려 장수왕이다. 장수왕은 427년 수도를 평양으로 천도하여 남진 정책을 추진하였다. 진대법은 고국천왕 때, 낙랑군 축출은 미천왕 때, 왜군 격퇴는 광개토대왕 때의 일이다. 따라서 옳은 설명은 A이다.

### ANSWER
A"
PSE_history_22_16,PSE_history_22_16,History,0,B,B,"이 설명은 주심포 양식, 맞배지붕, 배흘림 기둥, 그리고 공민왕 때 중창된 상량문 발견이라는 특징을 모두 포함한다. 이러한 특징은 안동 봉정사 극락전이 우리나라에서 가장 오래된 목조 건축물로 알려진 것과 일치한다. 다른 선택지인 흥인지문은 성문, 부석사 무량수전은 팔작지붕, 해인사 장경판전은 판전으로서 설명과 맞지 않는다. 따라서 정답은 봉정사 극락전이다.

### ANSWER
B"
Kedu_16_25,Kedu_16_25,Grammar,0,C,C,"### ANSWER
C"
Kedu_16_26,Kedu_16_26,Grammar,0,B,B,"B는 옳지 않다. ‘-아야/-어야’는 조건이나 의무를 나타내어 후행절에 명령형·청유형이 오기 어렵고, ‘-건만’도 대조 의미로 쓰여 명령형·청유형과 어울리지 않는다. 반면 ‘-자’는 후행절에 명령형이나 청유형이 올 수 있다. A, C, D는 각각 시제 어미 비결합, 주어 일치 제약, 동사 한정 결합에 대한 옳은 설명이다.

### ANSWER
B"
Kedu_16_27,Kedu_16_27,Grammar,0,A,A,"'아주'는 긍정문에서도 쓰일 수 있는 일반 부사이므로 부정문에만 쓰이는 표현이 아니다. 반면 '좀처럼', '그다지', '비단'은 부정 표현과 함께 쓰이는 부정 극성 표현이다. 따라서 정답은 A이다.

### ANSWER
A"
Kedu_16_28,Kedu_16_28,Grammar,0,D,D,"### ANSWER
D"
Kedu_16_29,Kedu_16_29,Grammar,0,D,D,"‘길다’와 ‘짧다’는 반의 관계에 있는 형용사로, 의미적 공통성과 최소 의미 차이를 가지며, ‘길다’가 무표적으로 쓰이는 특성이 있다. 그러나 계열적 의미 관계에 있다고 해서 한 문장 안에서 공기할 수 없는 것은 아니다.

### ANSWER
D"
Kedu_16_30,Kedu_16_30,Grammar,0,A,A,"### ANSWER
A"
Kedu_16_31,Kedu_16_31,Grammar,0,A,A,"국어사전의 표제어는 단어뿐 아니라 접사나 어근처럼 단어보다 작은 단위도 등재될 수 있다. 따라서 “단어보다 더 작은 단위는 표제어가 될 수 없다”는 옳지 않다. 나머지 보기는 표제어 등재와 의미 풀이에 관한 일반적 설명으로 적절하다.

### ANSWER
A"
Kedu_16_32,Kedu_16_32,Grammar,0,D,D,"‘눈 깜짝할 사이에’는 부사적 관용 표현이고, ‘비행기를 태우다’는 용언형 관용 표현이므로 A는 틀립니다. 의미 투명성에서도 두 표현은 차이가 있으며, ‘눈 깜짝할 사이에’는 완곡이 아니라 ‘매우 짧은 시간’을 뜻하므로 B와 C도 틀립니다. 관용 표현은 통사적 변형을 하면 관용적 의미가 사라지는 경우가 많으므로 D가 옳습니다.

### ANSWER
D"
CSAT_korean_09_11,CSAT_korean_09_11,Grammar,0,C,C,"보기 1의 ㄱ은 소리와 표기가 같지만 의미가 다른 경우로, b의 ‘연패’가 연속 패배와 연속 우승의 뜻으로 해석되는 예에 해당한다. ㄴ은 소리는 같지만 표기와 의미가 다른 경우로, a의 ‘시켜’와 ‘식혀’가 같은 소리지만 다른 표기와 의미를 지니는 예에 해당한다. ㄷ은 한 단어의 중심 의미와 확장된 의미를 보는 경우로, c의 ‘가슴이 아프다’가 신체적 통증과 정신적 아픔으로 해석되는 예에 해당한다. 따라서 ㄱ=b, ㄴ=a, ㄷ=c이다.

### ANSWER
C"
CSAT_korean_09_12,CSAT_korean_09_12,Grammar,0,D,D,"청유형 어미가 쓰였지만 실제로는 화자만 행하려는 행동을 나타내는 경우를 찾아야 한다. D는 식사를 이미 마친 사람들이 말을 걸어 방해할 때, 아직 식사 중인 화자가 “밥 좀 먹읍시다”라고 말하는 상황으로, 듣는 사람은 이미 먹었으므로 결국 화자 자신이 먹고 싶다는 뜻만 담긴다. 따라서 (ㄱ)에 가장 가깝다.

### ANSWER
D"
CSAT_korean_08_11,CSAT_korean_08_11,Grammar,0,B,B,"(ㄷ) ‘그쪽’은 듣는 이를 가리키고, (ㅅ) ‘당신에게’ 역시 듣는 이를 가리킨다. 따라서 둘이 가리키는 대상이 같다는 설명이 옳다. (ㄱ) ‘내가’는 ‘나의’의 줄임이 아니라 ‘나+가’이며, (ㄹ) ‘우리’는 (ㄴ)과 (ㄷ)을 아울러 이르는 말이 아니다. (ㅁ)은 반복이 어색하지 않고, (ㅂ)의 ‘당신’은 아버지를 높여 이르는 표현으로 적절하다.

### ANSWER
B"
CSAT_korean_08_12,CSAT_korean_08_12,Grammar,0,C,C,"ㄱ은 ‘흉내를 내다’, ㄴ과 ㄷ은 ‘시늉을 하다’로 서술어가 다르며, ㄴ에서 생략된 대상은 ‘공부하는 것’이지 ‘장사꾼’이 아니다. 따라서 C의 설명은 옳지 않다.

### ANSWER
C"
CSAT_korean_10_11,CSAT_korean_10_11,Grammar,0,C,C,"### ANSWER
C"
CSAT_korean_10_12,CSAT_korean_10_12,Grammar,0,E,E,"### ANSWER
E"
CSAT_korean_11_11,CSAT_korean_11_11,Grammar,0,D,D,"'무거운 침묵'은 단어 대체가 어렵고 고정된 형식으로 관용적 의미를 지닌다. '뜨거운 눈물'과 '새파란 젊은이'도 각각 감정이 담긴 눈물, 풋내기라는 비유적 의미를 지닌 고정 표현이다. 다른 보기들은 비교적 자유로운 어휘 결합에 해당한다.

### ANSWER
D"
CSAT_korean_11_12,CSAT_korean_11_12,Grammar,0,B,B,"ㄱ과 ㄴ은 ‘-(으)면서’와 ‘-자’가 과거 시제 어미와 결합할 수 없음을 보여 주므로 A는 적절하다. ㄷ은 앞뒤 주어가 같은 경우 ‘-자’가 어색함을 보여 주므로 C도 적절하다. ㄹ은 ‘-(으)면서’가 형용사와 결합하여 동시·나열 의미를 나타낼 수 있음을 보여 주므로 D도 적절하다. ㅂ은 부정 표현과 결합한 ‘-(으)면서’가 동시 의미보다 부정 행위를 강조함을 보여 주므로 E도 적절하다. 그러나 ㅁ은 ‘-(으)면서’가 명령, 청유, 의문 등 다양한 문장 유형과 어울릴 수 있음을 보여 주므로, B의 설명은 적절하지 않다.

### ANSWER
B"
Kedu_16_33,Kedu_16_33,Grammar,0,D,D,D
Kedu_16_34,Kedu_16_34,Grammar,0,B,B,"B의 '장래를 메고'는 추상적인 대상을 어깨에 인다는 뜻으로, '메다'의 중심 의미인 '어깨에 지다'가 비유적으로 확장된 주변적 의미로 쓰였습니다. A와 D는 동음이의어의 다른 의미이고, C는 '베다'의 중심 의미 그대로입니다.

### ANSWER
B"
Kedu_16_35,Kedu_16_35,Grammar,0,C,C,"‘보는 눈이 너무 많아’에서 ‘눈’은 신체 기관에서 ‘사람’이나 ‘시선’으로 의미가 확장된 경우이다. 따라서 의미가 축소되었다는 설명은 옳지 않다. 나머지 A, B, D는 모두 적절한 설명이다.

### ANSWER
C"
Kedu_16_36,Kedu_16_36,Grammar,0,D,D,"드리다, 여쭙다, 모시다는 모두 상대방을 높이는 객체 높임 표현이지만, 주무시다는 행동의 주체를 높이는 주체 높임 표현입니다. 따라서 높임의 대상이 다른 것은 D입니다.

### ANSWER
D"
Kedu_16_37,Kedu_16_37,Grammar,0,A,A,"A의 '체중이 불고 있다'에서 '불다'는 바람이나 입김에 쓰이는 말로, 체중 증가를 나타낼 수 없다. '체중이 늘다' 또는 '살이 찌다'가 자연스럽다. 나머지 B, C, D는 각각 '붓다', '받다', '벋다'가 문맥에 맞게 쓰였다.

### ANSWER
A"
Kedu_16_38,Kedu_16_38,Grammar,0,B,B,"A, C, D는 유사성에 기반한 은유적 확장으로 볼 수 있습니다. 밝다가 빛에서 색으로, 먹다가 음식에서 뇌물로, 씨가 식물 종자에서 동물의 근원으로 확장된 것은 모두 비유적 유추에 해당합니다. 반면 B의 ‘인간’은 원래 ‘속세(人間)’를 뜻하다가 그 속에 존재하는 ‘사람’을 가리키게 된 것으로, 장소와 그 구성원 사이의 환유적 전이입니다. 따라서 발생 원인이 다른 것은 B입니다.

### ANSWER
B"
Kedu_16_39,Kedu_16_39,Grammar,0,B,B,B
Kedu_16_40,Kedu_16_40,Grammar,0,C,C,"의미성분 분석에서 잉여성분이란 다른 성분에 의해 이미 함의되는 의미자질을 말한다. A의 [+동물]은 [+사람]에 포함되고, B의 [+생물]도 [+사람]에 포함되며, D의 [+여성]은 [-남성]과 중복된다. 반면 C의 총각은 [+사람], [+남성], [-결혼]이 서로 중복되지 않는 필수 의미자질들이다. 따라서 잉여성분이 포함되지 않은 것은 C이다.

### ANSWER
C"
PSE_history_22_17,PSE_history_22_17,History,0,B,B,"(가)는 서재필 등이 만든 독립협회이다. 독립협회는 만민공동회를 개최하고 고종에게 내정 개혁을 요구하는 상소를 올렸으며, 영은문 자리에 독립문을 세우는 활동을 전개하였다. 따라서 옳은 설명은 B이다.

### ANSWER
B"
PSE_history_22_18,PSE_history_22_18,History,0,C,C,"(가)는 무신정권 몰락 이후부터 공민왕 즉위 이전까지인 원 간섭기 시기이다. 만권당, 정동행성 설치, 제왕운기 저술은 모두 이 시기의 사실이다. 그러나 쌍성총관부 수복은 공민왕 즉위 이후인 1356년에 일어난 사건이다. 따라서 (가) 시기의 사실로 옳지 않은 것은 쌍성총관부 수복이다.

### ANSWER
C"
PSE_history_22_19,PSE_history_22_19,History,0,B,B,"이 글은 전시과, 농상집요, 이앙법 등으로 보아 고려의 경제 상황을 설명한 것이다. 고려는 재정을 담당하는 삼사가 있었고, 조세는 생산량의 1/10을 거두었으며, ‘소’라는 특수 행정 구역에서 국가에 필요한 물품을 생산하였다. 그러나 고려의 공물은 가호를 기준으로 부과되었지, 토지를 기준으로 부과된 것이 아니다. 따라서 옳지 않은 것은 B이다.

### ANSWER
B"
PSE_history_22_20,PSE_history_22_20,History,0,D,D,"신미양요는 1871년, 갑오개혁은 1894년의 사건입니다. 그 사이 시기에 해당하는 사건은 1882년의 조·미 수호 통상 조약 체결입니다. 을사늑약과 정미의병은 이후, 오페르트 도굴 미수 사건은 이전의 일입니다.

### ANSWER
D"
KIIP_law_1,KIIP_law_1,Law,0,A,A,"### ANSWER
A"
KIIP_law_2,KIIP_law_2,Law,0,B,B,"### ANSWER
B"
KIIP_law_3,KIIP_law_3,Law,0,A,A,"### ANSWER
A"
KIIP_law_4,KIIP_law_4,Law,0,B,B,"서울의 이슬람 마을은 이슬람 사원과 할랄 음식점 등이 밀집한 용산구 이태원동 일대에 위치해 있습니다. 따라서 보기 중 정답은 용산구 이태원동입니다.

### ANSWER
B"
PSAT_22_12,PSAT_22_12,Law,0,D,D,"### ANSWER
D"
PSAT_22_13,PSAT_22_13,Law,0,A,A,"A는 헌법 제65조에 따라 국무위원이 직무집행 중 헌법이나 법률을 위반한 경우 국회가 탄핵소추를 의결할 수 있다는 점에서 옳다. B는 국회 동의 요건이 없고, C는 부령 발령 주체와 위임 근거가 잘못되었으며, D는 행정각부의 장이 국무위원 중에서 임명된다는 점이 반대로 표현되었다.

### ANSWER
A"
PSAT_22_14,PSAT_22_14,Law,0,A,A,"대통령이 국회의 임시회의 집회를 요구할 때에는 헌법 제47조에 따라 기간과 집회요구의 이유를 명시하여야 한다. 특별사면은 국회 동의가 필요하지 않고 일반사면에만 국회 동의가 필요하다. 계엄 선포 시에는 국회에 통고하여야 하며 승인을 받을 필요는 없다. 대통령은 국회에 출석하여 발언할 수 있으나 출석·답변 의무는 국무총리나 국무위원에게 있다. 따라서 옳은 것은 A이다.

### ANSWER
A"
PSAT_22_15,PSAT_22_15,Law,0,C,B,"### ANSWER
B"
PSAT_22_16,PSAT_22_16,Law,0,D,D,"문화국가원리는 국가가 문화의 발전을 위해 노력하고 문화적 가치를 보호·육성해야 한다는 헌법이념이다. 판례에 따르면 국가의 문화정책은 문화 그 자체에 초점을 두기보다 문화가 생겨날 수 있는 풍토 조성에 초점을 두어야 한다. 따라서 D는 반대로 서술되어 옳지 않다.

### ANSWER
D"
PSAT_22_18,PSAT_22_18,Law,0,C,C,"### ANSWER
C"
PSAT_22_20,PSAT_22_20,Law,0,D,D,"국회법 제5조에 따르면 의장은 임시회의 집회요구가 있을 때 집회기일 3일 전에 공고하여야 한다. 따라서 “2일 전”이라고 한 D는 옳지 않다. A, B, C는 각각 헌법과 국회법의 규정에 부합한다.

### ANSWER
D"
PSAT_22_21,PSAT_22_21,Law,0,C,A,"### ANSWER
A"
KIIP_law_5,KIIP_law_5,Law,0,A,A,"Ansan's Wongok-dong is widely known as the ""Borderless Village"" (국경없는 마을), a multicultural community where many foreign residents live together. It was established to support immigrant families and promote cultural diversity. The other options refer to different ethnic enclaves not associated with Ansan. Therefore, the correct answer is the village without borders.

### ANSWER
A"
KIIP_law_6,KIIP_law_6,Law,0,C,C,"브라서 마리 헬렌은 벨기에 출신 의료 봉사자로, 한국에서 가난한 사람들을 위해 무료 진료소를 운영한 인물이다. 그녀가 무료 진료소를 연 장소는 서울 시흥동이다.

### ANSWER
C"
KIIP_law_7,KIIP_law_7,Law,0,A,A,"엄넬리 박사는 하와이에서 한인 이민자들의 교육과 민족 정체성 보존을 위해 한민학교를 설립하였다. 이 학교는 한국어와 한국 문화를 가르치는 중요한 역할을 하였다. 따라서 정답은 한민학교이다.

### ANSWER
A"
KIIP_law_8,KIIP_law_8,Law,0,C,C,"### ANSWER
C"
KIIP_law_9,KIIP_law_9,Law,0,C,C,"1심 재판은 대부분의 민사·형사 사건에서 지방법원 또는 그 지원에서 이루어집니다. 고등법원은 항소심, 대법원은 상고심을 담당하며, 헌법재판소는 위헌 심판 등을 다룹니다. 따라서 1심 재판이 열리는 곳은 지방법원입니다.

### ANSWER
C"
KIIP_law_10,KIIP_law_10,Law,0,A,A,"법을 집행하는 기관은 경찰과 검찰이다. 국회는 입법, 정부는 행정, 헌법재판소는 위헌 심사를 담당한다.

### ANSWER
A"
KIIP_law_11,KIIP_law_11,Law,0,B,B,"경찰에 신고하기 위한 전화번호는 112입니다. 119는 소방·응급, 114는 번호 안내, 120은 정부 민원 안내입니다. 따라서 정답은 B입니다.

### ANSWER
B"
KIIP_law_12,KIIP_law_12,Law,0,A,A,"### ANSWER
A"
CSAT_korean_12_11,CSAT_korean_12_11,Grammar,0,A,A,"‘에’와 ‘에서’는 서로 다른 의미와 기능을 가진 별개의 조사이므로 이형태 관계가 아니다. 나머지 보기들은 같은 형태소가 앞말의 환경에 따라 다르게 나타난 이형태들이다.

### ANSWER
A"
CSAT_korean_14_11,CSAT_korean_14_11,Grammar,0,C,C,"### ANSWER
C"
CSAT_korean_14_13,CSAT_korean_14_13,Grammar,0,E,E,"(ㄱ)은 ‘내가 노래 부르기’가 명사절로 안겨 목적어 역할을 하며, 안긴문장 속에 목적어 ‘노래’가 있다. (ㄴ)은 ‘이 지역 토양이 벼농사에 적합함’이 명사절로 안겨 목적어 역할을 하지만, 안긴문장 속에는 부사어 ‘벼농사에’와 관형어 ‘이 지역’이 있을 뿐 목적어는 없다. 따라서 (ㄱ)의 안긴문장에는 목적어가 있고 (ㄴ)의 안긴문장에는 목적어가 없다는 설명이 옳다.

### ANSWER
E"
CSAT_korean_14_15,CSAT_korean_14_15,Grammar,0,B,C,"### ANSWER
C"
CSAT_korean_18_15,CSAT_korean_18_15,Grammar,0,E,E,"The headword should be the adverb “바투,” not “밭게,” because examples (ㄷ) and (ㄹ) use “바투” as an adverb. For definition 2 of “바투” (“시간이나 길이가 아주 짧게”), example (ㄷ) about a submission deadline being too tight fits best. For the adjective “밭다” definition 1 (“시간이나 공간이 다붙어 몹시 가깝다”), example (ㄱ)"
CSAT_korean_13_11,CSAT_korean_13_11,Grammar,0,B,B,"(ㄱ)은 파생어이면서 어근의 원형을 밝혀 적지 않는 경우로, ‘무덤’과 ‘지붕’이 해당한다. (ㄴ)은 합성어이면서 어근의 원형을 밝혀 적는 경우로, ‘뒤뜰’과 ‘쌀알’이 해당한다.

### ANSWER
B"
CSAT_korean_16_12,CSAT_korean_16_12,Grammar,0,E,E,"### ANSWER
E"
CSAT_korean_16_14,CSAT_korean_16_14,Grammar,0,C,C,"(a)에서 ‘비워’는 ‘비우다’의 어간 ‘비우-’가 쓰인 것이므로 ‘비다’의 어간 ‘비-’와 같지 않다. (b)의 ‘높이’는 ‘높-’에 ‘-이’가 붙은 명사가 아니라 ‘높다’에서 파생된 부사로 쓰였다. (d)의 ‘-이-’는 모든 동사에 자유롭게 결합하지 않는다는 점이 본문에 제시되어 있다. (e)의 ‘오시기’는 ‘-기’가 명사형 어미로 쓰인 것이므로 본문의 파생 접미사 제약과 직접 관련되지 않는다. 따라서 (c)처럼 ‘놀이’가 명사이므로 그 안의 ‘놀-’이 서술어로 기능하지 못한다는 이해가 적절하다.

### ANSWER
C"
Kedu_16_41,Kedu_16_41,Grammar,0,A,A,"통사적 동의문은 문장 구조는 다르지만 동일한 의미를 나타내는 문장을 말합니다. A는 능동문과 피동문의 관계로 통사적 동의문에 해당합니다. 나머지는 어휘나 관용 표현의 차이일 뿐입니다.

### ANSWER
A"
Kedu_16_42,Kedu_16_42,Grammar,0,C,C,"심리주의 의미론은 언어 표현의 의미를 외부 대상이나 사용 용법이 아니라 화자의 내적 심리 상태에서 찾는다. 따라서 ‘밥’의 의미는 실제 밥 요리가 아니라, 그 말을 들을 때 머릿속에 떠오르는 개념이다. 이는 지시물이나 자극-반응과 구별되는 심리적 표상이다. 그러므로 옳은 것은 C이다.

### ANSWER
C"
Kedu_16_43,Kedu_16_43,Grammar,0,C,C,"ㄷ은 형용사 ‘예쁘다’가 아니라 소유격 ‘내’에 의해 여자 친구가 있다는 전제가 유발되므로 설명이 옳지 않다.

### ANSWER
C"
Kedu_16_44,Kedu_16_44,Grammar,0,C,C,"An explicit performative utterance performs an action through the speech itself, usually using a performative verb in the declarative form. Option C uses “축하합니다” (congratulate), which directly performs the act of congratulating. Option A is a prediction, B is a promise without an explicit performative verb, and D is an imperative directive. Therefore, the correct answer is C.

### ANSWER
C"
Kedu_16_45,Kedu_16_45,Grammar,0,B,C,"### ANSWER
C"
Kedu_16_46,Kedu_16_46,Grammar,0,D,D,"D는 “엇뎨”라는 의문사가 쓰여 ‘어떻게’라고 묻는 설명 의문문에 해당하므로, 예/아니요로 답하는 판정 의문문이 아니다. A는 “-가”, B는 “-던다”, C는 “-니여”와 같은 판정 의문문 종결 어미를 사용하고 있다. 따라서 옳지 않은 것은 D이다.

### ANSWER
D"
Kedu_16_47,Kedu_16_47,Grammar,0,B,B,"### ANSWER
B"
Kedu_16_48,Kedu_16_48,Grammar,0,D,A,"### ANSWER
A"
CSAT_korean_16_15,CSAT_korean_16_15,Grammar,0,D,D,"(ㄱ)은 사동 접미사가 쓰인 예, (ㄴ)은 타동사에 붙은 피동 접미사가 쓰인 예를 찾아야 한다. D의 ‘숨겼다’는 ‘숨다’에 사동 접미사 ‘-기-’가 결합하여 ‘남을 숨게 하다’의 뜻을 나타내고, ‘감겼다’는 타동사 ‘감다’에 피동 접미사 ‘-기-’가 결합하여 ‘눈이 저절로 감기다’의 피동 의미를 나타낸다. 다른 보기는 사동과 피동의 관계가 맞지 않거나 능동문에 해당한다.

### ANSWER
D"
CSAT_korean_19_11,CSAT_korean_19_11,Grammar,0,E,E,"‘눈’의 중심 의미는 사람의 감각 기관이고, ‘눈이 나쁘다’에서 쓰인 ‘눈’은 시력이나 보는 기능을 뜻하는 확장된 의미이다. 본문에서는 주변 의미가 기존 의미보다 추상성이 강화되는 경향이 있다고 하였으므로, 확장된 의미가 더 구체적이라고 한 E는 적절하지 않다. 나머지 보기는 중심 의미의 습득 시기, 사용 빈도, 문법적 제약, 의미적 관련성 등의 내용과 부합한다.

### ANSWER
E"
KIIP_law_13,KIIP_law_13,Law,0,B,B,"Law enforcement agencies in Korea do not have the authority to directly punish criminals; that power belongs to the judiciary. When an investigation reveals a violation, the prosecution requests a formal trial by indicting the suspect in court. This process ensures the accused receives a fair judicial review. Therefore, the correct choice is B.

### ANSWER
B"
KIIP_law_14,KIIP_law_14,Law,0,C,C,"한국의 사법제도에서 3심은 대법원에서 이루어집니다. 1심은 지방법원, 2심은 고등법원, 3심은 대법원이 담당합니다. 헌법재판소는 일반 재판이 아닌 헌법재판을 담당하므로 정답은 대법원입니다.

### ANSWER
C"
KIIP_law_15,KIIP_law_15,Law,0,B,B,"특별사법경찰관은 일반 경찰이 아닌 다른 행정 공무원이 법률에 따라 특정 분야에서 사법경찰관의 직무를 수행하는 자를 의미한다. 따라서 법에 의해 사법경찰관의 직무를 행하는 자가 정답이다.

### ANSWER
B"
KIIP_law_16,KIIP_law_16,Law,0,A,A,"특별사법경찰관은 일반 경찰이 직접 수행하기 어려운 전문적인 분야에서 수사 등의 경찰 역할을 수행하기 위해 특별한 사법경찰권을 부여받은 자를 의미한다. 따라서 정답은 A이다.

### ANSWER
A"
KIIP_law_17,KIIP_law_17,Law,0,A,A,A
KIIP_law_18,KIIP_law_18,Law,0,A,A,"부동산 계약에서는 소유권과 권리관계를 확인하는 것이 가장 중요합니다. 등기부등본을 통해 실제 소유자와 근저당, 가압류 등의 권리 제한 여부를 확인할 수 있습니다. 가격, 위치, 크기는 계약 조건이지만 법적으로 반드시 확인해야 하는 핵심 자료는 등기부등본입니다.

### ANSWER
A"
KIIP_law_19,KIIP_law_19,Law,0,A,A,"법무사는 법원이나 검찰 등에 제출하는 서류 작성을 대행하는 역할을 한다. 따라서 정답은 A이다.

### ANSWER
A"
KIIP_law_20,KIIP_law_20,Law,0,C,C,"Under the Korean Civil Code, Article 807 stipulates that a person who has attained the age of 18 may marry. Although the age of majority in South Korea is 19, the minimum marriageable age is set at 18. Individuals under 19 are considered minors and require parental consent to marry, but 18 is the legal minimum. Therefore, the correct choice is 18 years old.

### ANSWER
C"
PSAT_22_22,PSAT_22_22,Law,0,D,A,"### ANSWER
A"
PSAT_22_23,PSAT_22_23,Law,0,B,A,"### ANSWER
A"
PSAT_22_24,PSAT_22_24,Law,0,A,A,"### ANSWER
A"
PSAT_22_25,PSAT_22_25,Law,0,C,C,"Under Korean law, local governments may enact ordinances within the scope of statutes for their affairs, but restrictions on rights or imposition of duties require statutory delegation, so A is correct. Ordinances generally take effect 20 days after promulgation unless otherwise provided, so B is correct. However, for organ-delegated state affairs, although ordinances are generally not permitted, if an individual statute explicitly delegates the matter to an ordinance, such an ordinance is allowed; thus C’s absolute denial is incorrect. D reflects the Constitutional Court’s position that ordinances have democratic legitimacy and can receive broader delegation than administrative rules. Therefore, the incorrect statement is C.

### ANSWER
C"
PSAT_23_1,PSAT_23_1,Law,0,A,A,"Popular sovereignty requires democratic legitimacy of state power, but it does not mean that all citizens must directly exercise governing power as state organs; it is realized through representative democracy. Therefore, statement A is incorrect. The other statements accurately describe the legal characteristics of the UN Declaration, the inter-Korean agreement, and the principle of universal equal suffrage.

### ANSWER
A"
PSAT_23_2,PSAT_23_2,Law,0,B,B,"헌법개정안의 공고 기간은 헌법 제129조에 따라 대통령이 20일 이상 공고하여야 한다. 따라서 ""30일 이상""이라고 한 B는 옳지 않다. A는 제안 요건, C와 D는 의결 및 국민투표 요건으로 모두 헌법 규정에 부합한다. 그러므로 정답은 B이다.

### ANSWER
B"
PSAT_23_3,PSAT_23_3,Law,0,C,C,"The incorrect statement is C, because the Constitutional Court has held that the phrase ""도로 외의 곳"" is not vague and does not violate the clarity principle.

### ANSWER
C"
PSAT_23_4,PSAT_23_4,Law,0,B,B,"종교적 집회·결사의 자유는 내심의 자유가 아니라 외부적 표현·활동의 자유이므로, 헌법 제37조제2항에 따라 과잉금지원칙의 적용을 받는다. 따라서 이를 내심의 자유의 핵심이라고 보아 과잉금지원칙이 적용되지 않는다는 설명은 옳지 않다.

### ANSWER
B"
Kedu_16_49,Kedu_16_49,Grammar,0,A,A,"'ㄱ'은 '담가야겠다'가 표준어이고, 'ㄴ'은 '남존여비'가 맞으며, 'ㄹ'은 '거친'이 맞다. 따라서 올바른 것은 'ㄷ'뿐이다.

### ANSWER
A"
Kedu_16_50,Kedu_16_50,Grammar,0,A,B,"Revised Romanization transcribes standard pronunciation, including sound changes. 알약 is pronounced [아략], so it should be romanized as ""aryak,"" not ""allyak."" 묵호 involves ㄱ + ㅎ becoming ㅋ, pronounced [무코], which is correctly romanized as ""Muko."" 벚꽃 is pronounced [벋꼳], requiring the tense consonant to be written as ""kk,"" so ""beotkot"" is incomplete. 해돋이 undergoes palatalization to [해도지], so it should be ""haedoji,"" not ""haedodi."" Therefore, the only correct romanization is 묵호 - Muko.

### ANSWER
B"
Kedu_16_51,Kedu_16_51,Grammar,0,B,B,"""vision""의 올바른 외래어 표기는 '비전'이며, '비젼'은 표준 표기가 아니다. 나머지 boat, terminal, symposium은 각각 '보트', '터미널', '심포지엄'으로 올바르게 표기되었다.

### ANSWER
B"
Kedu_16_52,Kedu_16_52,Grammar,0,C,B,"""찌꺼기""와 ""찌끼""는 복수 표준어 관계가 아니며, ""찌끼""는 비표준어입니다. 나머지 셋은 모두 복수 표준어로 인정됩니다.

### ANSWER
B"
Kedu_16_53,Kedu_16_53,Grammar,0,B,B,"### ANSWER
B"
Kedu_16_54,Kedu_16_54,Grammar,0,C,C,"'떠난지가'는 '떠난 지가'로 띄어 써야 한다. '지'는 시간의 경과를 나타내는 의존 명사이므로 앞말과 띄어 쓴다. 나머지 보기는 모두 띄어쓰기가 옳다.

### ANSWER
C"
TK_2016_1,TK_2016_1,Grammar,0,C,C,"내일은 미래 시점이므로 현재 진행이나 경험을 나타내는 표현은 어울리지 않습니다. 또한 습관을 나타내는 ‘가는 편이다’보다는 계획을 나타내는 ‘가기로 했다’가 가장 자연스럽습니다.

### ANSWER
C"
TK_2016_2,TK_2016_2,Grammar,0,D,D,"The sentence expresses that as time passes, the speaker misses their family more. The expression “-(으)ㄹ수록” means “the more … the more …,” so “시간이 지날수록” means “as time goes by.” The other options do not convey this proportional or progressive meaning. Therefore, the correct choice is D.

### ANSWER
D"
KIIP_law_21,KIIP_law_21,Law,0,B,B,"재판이혼은 민법상 법정 이혼 사유가 있어야 가능합니다. 자녀 학대, 외도, 배우자 의무 불이행은 법정 사유가 될 수 있지만, 재산을 숨기는 행위는 이혼 사유가 아니라 재산분할 문제에 해당합니다. 따라서 합의 없이 이혼을 진행할 수 없는 경우는 재산을 숨기는 경우입니다.

### ANSWER
B"
KIIP_law_22,KIIP_law_22,Law,0,A,A,"주택임대차보호법은 전세나 월세로 거주하는 임차인의 주거 안정을 보호하기 위한 법률이다. 이 법은 임대차 기간, 보증금 반환, 계약 갱신 요구권 등을 규정하고 있다. 다른 선택지인 보호규칙, 보호조례, 보호지침은 법률 명칭으로 적절하지 않다. 따라서 정답은 주택임대차 보호법이다.

### ANSWER
A"
KIIP_law_23,KIIP_law_23,Law,0,B,B,"한국 주택임대차보호법 제4조는 임대차 기간을 2년으로 보며, 당사자가 이보다 짧은 기간을 정해도 2년으로 간주합니다. 따라서 임대차 계약의 보통·법정 기간은 2년입니다. 선택지 중 B가 정답입니다.

### ANSWER
B"
KIIP_law_24,KIIP_law_24,Law,0,A,A,"### ANSWER
A"
KIIP_law_25,KIIP_law_25,Law,0,A,A,"공인중개사는 부동산 거래에 전문성을 갖추고 있으며, 법적으로 규제를 받고 거래 과정에서 계약서 작성과 권리관계 확인을 도와주기 때문에 비교적 안전합니다. 변호사나 법무사도 법률적 도움을 줄 수 있지만 일반적인 부동산 거래에서는 공인중개사를 통하는 것이 가장 보편적이고 안전한 방법입니다. 직접 거래는 법적 지식 부족으로 인한 위험이 크므로 권장되지 않습니다.

### ANSWER
A"
KIIP_law_26,KIIP_law_26,Law,0,A,A,"The law that protects tenants living in jeonse or monthly rent is the Housing Lease Protection Act (주택임대차보호법). It regulates deposits, rent increases, and lease renewals to safeguard tenant rights. The other options are not actual legal titles or are too broad. Therefore, the correct answer is A.

### ANSWER
A"
KIIP_law_27,KIIP_law_27,Law,0,A,A,"### ANSWER
A"
KIIP_law_28,KIIP_law_28,Law,0,A,A,"혼인 신고는 법적으로 부부 관계를 성립시키기 위해 필요한 절차입니다. 한국에서는 주민등록상 관할 행정기관인 시청, 구청, 군청에 혼인 신고서를 제출해야 합니다. 경찰서, 소방서, 병원, 학교 등은 혼인 신고 업무를 담당하지 않습니다. 따라서 정답은 A입니다.

### ANSWER
A"
KIIP_law_29,KIIP_law_29,Law,0,A,A,"민법상 부부는 특별한 사정 없이 동거할 의무가 있으며, 이는 법적으로 강제되는 핵심 의무입니다. 따라서 부부가 특별한 이유 없이 거부할 수 없는 것은 함께 사는 것입니다. 나머지 보기들은 법적 의무로 규정되지 않습니다.

### ANSWER
A"
KIIP_law_30,KIIP_law_30,Law,0,A,A,"가정주부의 가사노동은 법적으로 경제적 가치가 있는 활동으로 인정되어, 생활비를 벌어온 것으로 간주될 수 있습니다. 따라서 요리, 청소 등의 가사노동이 정답입니다.

### ANSWER
A"
TK_2016_3,TK_2016_3,Grammar,0,A,A,"### ANSWER
A"
TK_2016_4,TK_2016_4,Grammar,0,C,C,"The expression ""연습하기에 달려 있다"" means that the outcome depends on practice. Among the choices, ""연습하기 나름이다"" conveys the same meaning of depending on how one practices. The other options imply only practicing, seeming to practice, or being likely to practice, which do not match.

### ANSWER
C"
TK_17_1,TK_17_1,Grammar,0,B,B,"The sentence expresses purpose: getting up early in order to see the sunrise. The verb ending “-려고” is used to indicate intention or purpose, so “보려고” fits naturally. The other options express condition, choice, or contrast, which do not match the meaning. Therefore, the correct choice is B.

### ANSWER
B"
TK_17_2,TK_17_2,Grammar,0,A,A,"‘하든지’는 ‘무슨 일을 하든지’처럼 어떤 경우라도 상관없이 뒤의 내용이 성립함을 나타내는 연결어미로, 문맥에 가장 자연스럽다. ‘하도록’은 목적, ‘하다가’는 중단, ‘하더니’는 과거 관찰을 나타내어 이 문장에 맞지 않는다.

### ANSWER
A"
TK_17_3,TK_17_3,Grammar,0,D,D,"""있나 보다""는 상황을 보고 추측할 때 쓰는 표현으로, ""있는 모양이다""와 의미가 같습니다. 다른 보기들은 추측의 의미를 나타내지 않습니다.

### ANSWER
D"
TK_17_4,TK_17_4,Grammar,0,A,A,"The phrase ""끝난 거나 마찬가지이다"" means ""it is as good as ended"" or ""practically over."" Among the choices, ""끝난 셈이다"" conveys the same meaning of considering it as ended. The other options express cause, inevitability, or dependence, which do not match.

### ANSWER
A"
TK_2018_1,TK_2018_1,Grammar,0,B,B,"The blank requires a connective form meaning ""while doing an action, something else happened."" ""보다가"" expresses that the speaker was looking at the phone and then missed the station, which fits the context naturally.

### ANSWER
B"
TK_2018_2,TK_2018_2,Grammar,0,A,A,"The sentence expresses that because of a Korean friend, the speaker came to know a lot about Korean culture. The expression “알게 되었다” means “came to know” and fits naturally with the cause “덕분에.” The other options imply making someone know, permission, or obligation, which do not match the intended meaning. Therefore, the correct choice is A.

### ANSWER
A"
PSAT_23_5,PSAT_23_5,Law,0,D,D,"헌법의 기본원리는 헌법의 이념적 기초이자 지도원리로서 입법·정책의 방향을 제시하고 기본권 해석의 기준이 되므로 A와 B는 옳다. C는 자유주의의 요청인 기본권 보장, 법치, 권력분립이 우리 헌법의 법치주의 원리로 반영되었다는 설명으로 타당하다. 그러나 D는 국회의장의 불법적 의안처리로 헌법의 기본원리가 훼손된 경우에도 구체적 기본권 침해가 없으면 헌법소원이 허용되지 않는다는 점에서 옳지 않다. 따라서 정답은 D이다.

### ANSWER
D"
PSAT_23_6,PSAT_23_6,Law,0,A,A,"### ANSWER
A"
PSAT_23_7,PSAT_23_7,Law,0,A,A,"A는 수범자가 스스로 수혜를 포기하거나 권고를 거부하여 법질서와 충돌 없이 양심을 유지한 경우에는 양심 변경을 강요당한 것이 아니므로 양심의 자유 침해로 볼 수 없다. 따라서 A가 옳지 않은 설명이다.

### ANSWER
A"
PSAT_23_8,PSAT_23_8,Law,0,D,D,"A는 지방자치단체의 장 선거권도 헌법 제24조의 선거권에 포함되어 기본권으로 보호되므로 틀렸다. B의 평화적 생존권은 헌법 제10조로부터 직접 도출하기 어렵다. C의 음란표현도 언론·출판의 자유의 보호영역에 포함되나 제한될 수 있다. D는 육아휴직신청권이 헌법 제36조 제1항에서 직접 도출되는 권리가 아니라 법률에 의해 구체화되는 법률상 권리라는 점에서 옳다.

### ANSWER
D"
PSAT_23_9,PSAT_23_9,Law,0,B,B,"대통령의 법률안거부권은 법률안 전체에 대해서만 행사할 수 있으며, 일부 또는 수정안에 대해서는 재의를 요구할 수 없습니다. 따라서 B가 옳지 않은 설명입니다.

### ANSWER
B"
PSAT_23_10,PSAT_23_10,Law,0,A,E,"The right to know is closely tied to freedom of expression and includes the right to request information from public authorities. The Constitutional Court has held that destroying trial records after a final judgment infringes the defendant's right to know, as such records are needed for retrial requests and verifying trial proceedings. Therefore, the statement in option C that this destruction does not infringe the right to know is incorrect. The other options reflect established principles or"
PSAT_23_11,PSAT_23_11,Law,0,B,B,"### ANSWER
B"
PSAT_23_12,PSAT_23_12,Law,0,C,C,"### ANSWER
C"
TK_2018_3,TK_2018_3,Grammar,0,C,C,"'타기만 하면'은 '매번 타면'이라는 반복·조건의 의미를 나타내므로, '탈 때마다'가 가장 의미가 비슷하다.

### ANSWER
C"
TK_2018_4,TK_2018_4,Grammar,0,D,D,"The expression ""수리해 봐야"" conveys a concessive meaning: ""even if I try to repair it."" Among the choices, ""수리한다고 해도"" also means ""even if (one) repairs it,"" matching this meaning. The other options indicate result, timing, or cause, not concession.

### ANSWER
D"
TK_2019_1,TK_2019_1,Grammar,0,B,B,"The sentence describes a habitual weekend activity: watching movies or exercising. The blank requires a connective ending that presents two actions as alternatives. ""거나"" is used to list options or choices, meaning ""or"". ""보지만"" means ""but"", ""보려고"" means ""in order to"", and ""보더니"" means ""after observing/doing"", none of which fit the meaning of choosing between two activities. Therefore, ""보거나"" is the correct choice.

### ANSWER
B"
TK_2019_2,TK_2019_2,Grammar,0,A,A,"""점점""은 시간이 지나면서 변화하는 과정을 나타내므로, ""닮아 간다""가 가장 자연스럽습니다. 다른 선택지는 점진적인 변화의 의미를 표현하지 못합니다.

### ANSWER
A"
TK_2019_3,TK_2019_3,Grammar,0,D,D,"The expression ""늘리고자"" indicates purpose or intention, meaning ""in order to increase."" Among the choices, ""늘리기 위해"" also means ""in order to increase,"" so it matches the meaning. The other options express different relationships such as time, concession, or substitution, which do not fit the context.

### ANSWER
D"
TK_2019_4,TK_2019_4,Grammar,0,D,D,"""고향인 셈이다""는 완전히 고향은 아니지만 고향으로 볼 수 있다는 뜻으로, ""고향이나 마찬가지이다""와 의미가 가장 가깝습니다.

### ANSWER
D"
TK_2022_1,TK_2022_1,Grammar,0,A,A,"The sentence expresses a conditional relationship: reading many books leads to gaining knowledge. The connector “-(으)면” is used for “if/when,” making “읽으면” the appropriate choice. The other options express contrast, choice, or concession, which do not fit the meaning.

### ANSWER
A"
TK_2022_2,TK_2022_2,Grammar,0,B,B,"The speaker is making an inference based on the observed evidence that flowers are starting to bloom. “온 모양이다” expresses “seems to have come,” which fits this context of drawing a conclusion from visible signs. The other options indicate habitual actions, tendencies, or past experiences, which do not match the inferential meaning.

### ANSWER
B"
PSAT_23_13,PSAT_23_13,Law,0,B,B,"### ANSWER
B"
PSAT_23_14,PSAT_23_14,Law,0,B,B,"B is correct. Under the Korean Constitution, Article 46 prohibits National Assembly members from abusing their status to acquire property rights, interests, or positions through contracts or dispositions with the state, public organizations, or enterprises, or to arrange such acquisitions for others. Option A incorrectly includes flagrante delicto cases, which are exempt from release upon request. Option C misstates the immunity as applying inside the Assembly, whereas it applies outside. Option D incorrectly requires only a majority vote for expulsion, but the Constitution requires a two-thirds vote.

### ANSWER
B"
PSAT_23_15,PSAT_23_15,Law,0,A,A,"국회 임시회는 대통령 또는 국회재적의원 4분의 1 이상의 요구로 집회되므로, 5분의 1 이상이라고 한 A는 헌법 규정과 다르다. B의 회의 공개 원칙과 예외 조항, C의 의안 폐기 제한 및 임기 만료 시 예외, D의 정기회 매년 1회 집회 규정은 모두 헌법에 부합한다. 따라서 옳지 않은 것은 A이다.

### ANSWER
A"
PSAT_23_16,PSAT_23_16,Law,0,D,D,"헌법재판소법 제68조제2항에 따른 헌법소원도 일반 헌법소원과 마찬가지로 변호사강제주의가 적용되며, 지정재판부의 사전심사도 거쳐야 한다. 따라서 D의 설명은 옳지 않다. A는 조문 내용 그대로이고, B는 인용 시 재심 청구가 가능하다는 점에서 옳으며, C는 인용결정에 재판관 6인 이상의 찬성이 필요하다는 점에서 옳다.

### ANSWER
D"
PSAT_23_17,PSAT_23_17,Law,0,A,A,"### ANSWER
A"
PSAT_23_18,PSAT_23_18,Law,0,D,D,"재판청구권은 법관에 의한 재판을 받을 권리로, 군사법원도 헌법상 법원에 해당한다. 현역병의 입대 전 범죄에 대해 군사법원 재판권을 인정하는 것은 군의 특수성을 고려한 합리적 제한으로 재판청구권을 침해하지 않는다는 헌법재판소 결정이 있다. A는 항고 절차 자체가 신속한 재판을 침해한다고 볼 수 없고, B는 교통사고처리특례법상 공소제기 제한이 과잉금지원칙에 반하지 않으며, C는 치료감호 청구권이 재판청구권의 보호범위에 포함되지 않는다. 따라서 D가 옳다.

### ANSWER
D"
PSAT_23_19,PSAT_23_19,Law,0,C,C,"### ANSWER
C"
PSAT_23_20,PSAT_23_20,Law,0,B,B,"법률은 공포되어야 효력이 발생할 수 있으며, 시행일이 법률에 명시되어 있더라도 그 시행일까지 공포되지 않으면 시행일부터 효력이 발생할 수 없다. 따라서 B는 옳지 않은 설명이다. 나머지 A, C, D는 법률의 공포와 효력 발생에 관한 일반적인 원칙 및 관련 법령에 부합한다.

### ANSWER
B"
TK_2022_3,TK_2022_3,Grammar,0,C,C,"The phrase ""들릴 만큼"" expresses the extent or degree to which something happens, meaning ""to the extent that breathing sounds could be heard."" Among the choices, ""들릴 정도로"" also indicates degree, matching the meaning. The other options express sequence, concession, or time, which do not fit the context.

### ANSWER
C"
TK_2022_4,TK_2022_4,Grammar,0,D,D,"""꾸미기 나름이다""는 결과가 꾸미는 방법에 따라 달라진다는 뜻으로, '꾸미기에 달려 있다'와 의미가 가장 비슷합니다.

### ANSWER
D"
CSAT_korean_23_1,CSAT_korean_23_1,Textual,0,D,D,"독자의 배경지식과 관점은 독자 요인으로 제시되지만, 읽기 환경이나 과제는 상황 요인으로 구분된다. 따라서 이들을 모두 독자 요인이라고 한 D는 글의 내용과 일치하지 않는다. 나머지 선택지는 본문에서 직접 확인할 수 있는 내용이다.

### ANSWER
D"
CSAT_korean_23_2,CSAT_korean_23_2,Textual,0,E,E,"[A]에 따르면 책에서 답을 찾는 질문과 독자 자신에게서 답을 찾는 질문이 있다. ⓐ는 책에서 답을 찾는 질문이고, ⓑ는 책에 명시된 답, ⓒ는 책 내용을 종합해 답을 구성한 것이다. ⓓ는 자신에게 좋아하는 일을 묻는 질문으로 독자 자신에게서 답을 찾는 질문이며, ⓔ는 글쓰기에서 행복을 느꼈던 자신의 경험에서 답을 발견한 것이다. 따라서 ⓓ와 ⓔ의 관계를 정확히 설명한 E가 가장 적절하다.

### ANSWER
E"
CSAT_korean_23_3,CSAT_korean_23_3,Textual,0,A,A,"㉠은 다른 독자와 소통하는 즐거움을 의미한다. B, C, D, E는 모두 독서 모임, 동아리, 온라인 콘텐츠 공유 등 다른 독자와의 소통을 포함한다. 그러나 A는 개인적으로 독서 계획을 세우고 책을 읽는 혼자만의 활동이므로 ㉠에 해당하지 않는다.

### ANSWER
A"
CSAT_korean_23_4,CSAT_korean_23_4,Textual,0,D,D,"(가)는 유서의 일반적 특성과 조선 후기 실학자들의 유서 편찬 경향 및 그 의의를 설명하고 있다. (나)는 서학이라는 특정 학문이 조선 후기 유서 편찬에서 시기별로 어떻게 수용되었는지를 이수광, 이익, 이규경의 사례를 통해 소개하고 있다. 따라서 (가)는 유서의 특성과 의의를, (나)는 특정 학문의 수용 양상을 시기별로 설명한 것으로 보는 것이 가장 적절하다.

### ANSWER
D"
CSAT_korean_23_5,CSAT_korean_23_5,Textual,0,E,E,"[A]에서는 유서가 기존 서적에서 필요한 부분을 뽑아 배열할 뿐 상호 비교하거나 편찬자의 해석을 가하지 않는다고 하였다. 그런데 E는 중국에서 발췌한 내용을 비교하고 해석을 덧붙여 유서를 편찬하였다고 하여 본문과 반대된다. 나머지 보기는 모두 [A]의 내용과 부합한다. 따라서 적절하지 않은 것은 E이다.

### ANSWER
E"
CSAT_korean_23_6,CSAT_korean_23_6,Textual,0,C,C,"㉮의 특징은 지식 제공, 재분류·범주화, 평가, 사실 탐구와 자연 과학 관심, 새로운 지식 수용의 유연성 등이다. ㉡에서 이규경은 서학의 진보성이 중국에서 비롯되었다는 서학 중국 원류설을 받아들였지, 중국 학문의 진보성을 확인하려고 서학을 활용한 것은 아니다. 따라서 평가를 더하는 저술 성격과 연결한 C는 적절하지 않다.

### ANSWER
C"
CSAT_korean_23_7,CSAT_korean_23_7,Textual,0,B,B,"㉯는 이수광이 주자학이 아닌 서양 지식을 섞어 학문이 순수하지 않다는 비판이다. 이에 대해 이수광은 주자학에만 머물지 않고 세상의 여러 이치를 널리 연구하는 것이 참된 앎의 방법이라고 반박할 수 있다. 따라서 주자학에 매몰되어 다양한 학문을 연구하지 않는 것을 비판하는 B가 가장 적절하다.

### ANSWER
B"
CSAT_korean_23_8,CSAT_korean_23_8,Textual,0,E,E,"보기에서 서유구의 『임원경제지』는 서학 중국 원류설을 반영하였다고 하였는데, 이는 중국을 문명의 척도로 보는 중화 관념에서 벗어나지 않은 태도이다. 따라서 오주연문장전산고와 달리 중화 관념에 구애되지 않았다는 반응은 적절하지 않다. 나머지 선택지는 현실 개혁 의식, 고증과 안설, 전문 유서의 성격, 실용적 지식 활용 등이 보기와 (가), (나)의 내용에 부합한다.

### ANSWER
E"
CSAT_korean_23_9,CSAT_korean_23_9,Textual,0,B,B,"ⓐ, ⓒ, ⓓ, ⓔ는 문맥상 자연스럽게 바꿔 쓸 수 있지만, ⓑ의 ‘이어받는’은 ‘계승하는’의 의미인 반면 ‘계몽하는’은 깨우쳐 알게 한다는 뜻이므로 적절하지 않다.

### ANSWER
B"
CSAT_korean_23_10,CSAT_korean_23_10,Textual,0,D,D,"본문은 불확정 개념이 사용된 행정 법령에 근거한 행정 작용은 “대개 재량 행위”라고 설명한다. 따라서 기속 행위인 경우가 더 많다는 D는 본문 내용과 일치하지 않는다. 나머지 보기는 본문에서 직접 확인되거나 타당하게 도출된다.

### ANSWER
D"
CSAT_korean_23_11,CSAT_korean_23_11,Textual,0,E,E,"재량 준칙은 법령이 아니므로 원칙적으로 행정청이 이를 따르지 않아도 근거 법령 위반이 아니다. 다만 특정 요건하에서 재량 준칙대로 적법한 행정 작용이 반복되어 행정 관행이 생긴 경우에만 평등 원칙상 동일한 내용으로 행정 작용을 해야 한다. 따라서 특정 요건에서 적용된 선례가 없으면 행정청은 재량 준칙을 따르지 않을 수 있다.

### ANSWER
E"
CSAT_korean_23_12,CSAT_korean_23_12,Textual,0,B,B,"(나)에서 위약금의 성격이 증명되지 못했으므로 손해 배상 예정액으로 취급된다. 손해가 80으로 증명되어도 예정액 100을 받을 수 있고, 법원은 부당히 과다한 경우 감액할 수 있다. 따라서 B가 가장 적절하다.

### ANSWER
B"
CSAT_korean_23_13,CSAT_korean_23_13,Textual,0,E,C,"### ANSWER
C"
CSAT_korean_23_14,CSAT_korean_23_14,Textual,0,C,C,"클라이버의 법칙은 기초 대사량이 대사 체중에 비례한다는 내용이므로 A는 일치한다. 근육량이 많을수록 기초 대사량이 증가한다는 본문에 따라 B도 일치한다. L-그래프에서 직선의 기울기가 두 변수의 증가율 차이와 동일하다는 내용은 본문에 없으므로 C는 일치하지 않는다. 최소 제곱법으로 최적 직선의 기울기와 절편을 구한다는 D와 심장·두뇌가 상대 성장을 따른다는 E도 본문과 일치한다.

### ANSWER
C"
PSAT_23_21,PSAT_23_21,Law,0,A,A,"### ANSWER
A"
PSAT_23_22,PSAT_23_22,Law,0,C,C,"국회의 자율권에는 의원 자격심사, 징계, 의사규칙 제정 등이 포함되며, 의원 제명처분은 국회의 내부적 자율 결정으로서 법원의 심판대상이 되지 않는다. 따라서 “법원에 제소할 수 있다”는 설명은 옳지 않다. A, B, D는 헌법과 법률에 부합하는 옳은 설명이다.

### ANSWER
C"
PSAT_23_23,PSAT_23_23,Law,0,C,C,"대법관은 대법원장의 제청으로 국무회의의 심의를 거쳐 대통령이 임명한다. 따라서 국무총리의 제청으로 임명한다는 설명은 헌법 규정에 맞지 않는다. 나머지 보기는 법관의 독립, 신분보장, 군사법원의 특별법원성에 관한 옳은 설명이다.

### ANSWER
C"
PSAT_23_24,PSAT_23_24,Law,0,D,D,"### ANSWER
D"
PSAT_23_25,PSAT_23_25,Law,0,C,A,"A는 검정고시 출신자에 대한 수시모집 제한이 평등권을 침해한다고 보지만, 헌법재판소는 수시모집이 학교생활기록부 등 고교 내신을 반영하는 전형이므로 검정고시 출신자를 제한하는 것이 합리적 이유가 있다고 보아 침해가 아니라고 결정하였다. B는 부모의 자녀 교육권과 의무에 관한 일반적 원칙으로 옳다. C는 학교운영지원비를 학교회계 세입에 포함시키는 것이 무상교육 원칙에 위배되지 않는다는 헌법재판소 입장과 일치한다. D는 의무교육의 국가적 의무 측면을 강조한 설명으로 옳다. 따라서 옳지 않은 것은 A이다.

### ANSWER
A"
KIIP_politics_1,KIIP_politics_1,Politics,0,A,A,"대한민국 헌법의 제정은 민주적 통치의 기본 틀과 시민의 권리를 보장하여 한국 민주정치 발전의 토대를 마련한 핵심 사건이다. 다른 선택지들은 전쟁, 외부 사건, 안보 문제로 민주적 제도 발전과 직접적 연관성이 낮다.

### ANSWER
A"
KIIP_politics_2,KIIP_politics_2,Politics,0,A,A,"1987년 6월 민주화 운동에서 시민들은 대통령을 국민이 직접 선출하는 대통령 직선제를 요구하였다.

### ANSWER
A"
KIIP_politics_3,KIIP_politics_3,Politics,0,B,B,"### ANSWER
B"
CSAT_korean_23_15,CSAT_korean_23_15,Textual,0,D,D,"D는 치료제 허용량이 대사 체중, 즉 (체중)^0.75에 비례한다는 내용을 고려할 때, 생쥐처럼 체중이 작은 동물에게 체중에 단순 비례하여 용량을 정하면 실제 필요한 용량보다 적게 투여되므로 과다 복용이 아니라 과소 복용이 된다. 따라서 D가 적절하지 않은 추론이다.

### ANSWER
D"
CSAT_korean_23_16,CSAT_korean_23_16,Textual,0,D,D,"㉠ 직접법은 호흡실에서 동물이 발산하는 열량을 직접 측정하고, ㉡ 간접법은 산소 소비량과 이산화 탄소 배출량을 통해 체내 생성 열량을 추정한다. 일정한 체온에서는 생성 열량과 발산 열량이 같으므로 두 방법 모두 체외 발산 열량을 구할 수 있다. ㉡은 산소 소비량을 측정해야 하므로 B는 틀렸고, ㉠은 변온 동물의 발산 열량 측정이 불가능하다고 단정할 수 없다. 두 방법 모두 휴식 상태의 기초 대사량을 측정하므로 C도 적절하지 않으며, 에너지를 공급하면서 측정한다는 E도 옳지 않다.

### ANSWER
D"
CSAT_korean_23_17,CSAT_korean_23_17,Textual,0,A,A,"L-그래프에서 직선의 기울기는 두 변수의 증가율 비율을 나타내며, 기울기가 1이면 두 변수가 비례한다는 뜻이다. 따라서 기울기가 1보다 작으면 큰 집게발의 길이가 게딱지 폭에 비례한다고 할 수 없다. 나머지 보기는 편차 제곱 합이나 기울기 방향, 일반적인 그래프의 분포를 잘못 설명하고 있다.

### ANSWER
A"
CSAT_korean_23_18,CSAT_korean_23_18,Textual,0,D,D,"이 글은 최척과 옥영의 결혼 생활, 기도와 아들 출생, 피리와 시를 나누는 장면, 그리고 전란 후 재회하는 장면을 담고 있다. 그중에서도 “날씨가 맑은 어느 봄날 밤”, “미풍”, “밝은 달”, “꽃잎”, “그윽한 향기” 등의 감각적 배경 묘사가 두드러지며, 이는 최척이 피리를 불고 옥영이 시를 읊는 낭만적 분위기를 부각한다. 따라서 이 글의 특징을 가장 잘 설명한 것은 감각적 배경 묘사를 통해 인물의 행동이 전개되는 상황의 낭만적 분위기를 드러낸다는 것이다.

### ANSWER
D"
CSAT_korean_23_19,CSAT_korean_23_19,Textual,0,C,C,"최척은 옥영이 시를 잘 읊는 줄 전혀 모르고 있었다. 본문에 “최척은 애초에 자기 아내가 이리 시를 잘 읊는 줄 모르고 있던터라 놀라 감탄하였다”라고 명시되어 있다. 따라서 결혼 전부터 옥영의 시 재능을 알고 있었다는 진술은 사실과 다르다. 다른 선택지들은 본문의 내용과 일치하므로 적절하다.

### ANSWER
C"
CSAT_korean_23_20,CSAT_korean_23_20,Textual,0,C,C,"㉣은 ‘매양’을 통해 반복적인 행위를 나타내고, ㉤은 ‘어느 봄날 밤’으로 그 반복되는 상황 중 특정한 한 시점을 가리킨다. 나머지 선택지는 시간 표지의 기능을 잘못 해석하였다.

### ANSWER
C"
CSAT_korean_23_21,CSAT_korean_23_21,Textual,0,E,E,"보기에서 말한 ‘또 다른 문제 확인’은 이후에 부모와 장모의 안위를 묻는 대화에서 드러난다. 그런데 E는 재회 직후 ‘눈물이 다하자 피가 흘러내리는’ 것을 또 다른 문제 확인에 따른 불안감으로 보았으나, 이는 부부가 재회한 감격과 슬픔에서 비롯된 것이다. 따라서 E의 감상은 적절하지 않다.

### ANSWER
E"
CSAT_korean_23_22,CSAT_korean_23_22,Textual,0,A,A,"(가)는 자연 속에서 심신을 수양하며 자연과 더불어 사는 삶의 가치를, (나)는 자연에 정자를 짓고 경관을 즐기며 은거하는 삶의 가치를, (다)는 겸재의 그림에서 대상과 인간의 관계 속에서 드러나는 사실성의 가치를 드러내고 있다. 셋 모두 특정 대상에 주목하여 그 대상과 관련된 가치를 추구하는 자세를 보여 준다.

### ANSWER
A"
KIIP_politics_4,KIIP_politics_4,Politics,0,B,B,"한국의 민주화 과정은 1987년 6월 항쟁과 6·29 선언을 계기로 대통령 직선제 개헌이 이루어지면서 본격적인 전환점을 맞았다. 따라서 민주화에 직접적인 영향을 끼친 시기는 1980년대 이후라고 볼 수 있다. 1970년대는 유신체제 등 권위주의 시기였고, 1990년대 이후는 이미 민주화 이후의 제도적 공고화 단계에 해당한다.

### ANSWER
B"
KIIP_politics_5,KIIP_politics_5,Politics,0,B,B,"### ANSWER
B"
KIIP_politics_6,KIIP_politics_6,Politics,0,B,B,"한국은 국민이 선거를 통해 대표자를 선출하여 정치를 수행하는 대의제, 즉 간접민주주의를 기본으로 채택하고 있다. 직접민주주의는 국민 전체가 직접 의사결정에 참여하는 방식으로 한국의 기본 형태와 다르다. 따라서 정답은 B이다.

### ANSWER
B"
KIIP_politics_7,KIIP_politics_7,Politics,0,A,A,"한국은 국가 원수인 대통령이 행정부의 수반을 겸하는 대통령제를 채택하고 있다.

### ANSWER
A"
KIIP_politics_8,KIIP_politics_8,Politics,0,C,C,"이승만은 대한민국 임시정부의 초대 대통령이었으며, 1948년 대한민국 정부 수립 이후에도 초대 대통령으로 취임하였다. 따라서 한국의 첫 번째 대통령은 이승만이다.

### ANSWER
C"
KIIP_politics_9,KIIP_politics_9,Politics,0,A,B,"### ANSWER
B"
KIIP_politics_10,KIIP_politics_10,Politics,0,C,C,"### ANSWER
C"
KIIP_politics_11,KIIP_politics_11,Politics,0,C,C,"대한민국 헌법은 주권이 국민에게 있음을 명시하고 있으며, 대통령이나 국회의원은 국민으로부터 권한을 위임받은 대표자일 뿐이다. 따라서 정치적 주인으로서 권리를 행사하는 주체는 국민이다.

### ANSWER
C"
CSAT_korean_23_23,CSAT_korean_23_23,Textual,0,E,E,"[A]의 ‘허물이나 없고자’는 화자의 미래에 대한 바람을 나타내지만, [B]의 ‘티 없어’는 연못 물이 맑은 상태를 묘사한 것으로 화자의 심리를 표현한 것이 아니다. 따라서 E가 적절하지 않다.

### ANSWER
E"
CSAT_korean_23_24,CSAT_korean_23_24,Textual,0,C,C,"(가)의 ‘천석고황’은 자연에 대한 깊은 애착을 뜻하는 말로, 화자가 이상적 공간에 다다르지 못해 아쉬워하는 표현이 아니다. 오히려 ‘고쳐 므슴하료’에서 자연을 사랑하는 병을 굳이 고칠 필요가 없다는 긍정적 태도가 드러난다. 반면 (나)의 ‘무릉도원’은 자신이 사는 공간을 이상향으로 인식하는 표현으로 적절하다. 따라서 C가 보기를 바탕으로 한 이해로 적절하지 않다.

### ANSWER
C"
CSAT_korean_23_25,CSAT_korean_23_25,Textual,0,C,C,"㉠은 화자가 자연 속에 정자를 짓고 그곳에서 만족하며 머무는 삶을 노래하는 대상이고, ㉡은 글쓴이가 겸재의 그림과 대비하며 옛 정자가 사라진 자리에서도 허전하지 않은 이유를 생각하게 하는 대상이다.

### ANSWER
C"
CSAT_korean_23_26,CSAT_korean_23_26,Textual,0,D,D,"[C]는 겸재가 원근법적 거리감이 아니라 인간의 시선과 관계 속에서 풍경을 재구성한다고 말한다. 보기도 실물을 그대로 그리는 것이 아니라 화가의 구도에 따라 대상을 재배치하는 창작을 강조한다. 그런데 D는 인간과 관련된 대상을 명료하게 그리는 것을 ‘풍경의 원근감을 보이는 그대로 실현해야 한다’는 의미로 해석하여, 원근에 의해 사실성이 정립된다는 [C]의 내용과 배치된다. 따라서 D는 보기와 [C]를 바탕으로 한 독자의 반응으로 적절하지 않다.

### ANSWER
D"
CSAT_korean_23_27,CSAT_korean_23_27,Textual,0,A,A,"영익은 이사 날짜가 결정되었다는 말을 듣고 아무 말 없이 고개를 떨어뜨리며 “내가……”라고 말을 꺼내다가 그만두고 산으로 올라갔다. 이는 가족의 이사 상황을 알고 있으면서도 자신의 생각을 끝내 표현하지 않은 행동으로 볼 수 있다. 다른 보기들은 어머니의 근황 파악, 동생의 거처 인지, 시장의 기능, 천변의 성격 등에서 본문 내용과 맞지 않는다.

### ANSWER
A"
CSAT_korean_23_28,CSAT_korean_23_28,Textual,0,E,B,"### ANSWER
B"
CSAT_korean_23_29,CSAT_korean_23_29,Textual,0,A,A,"오동나무는 아버지가 ‘나’를 낳던 해에 기념으로 심은 나무로, 계절에 따라 잎이 자라고 꽃이 피는 모습이 묘사된다. 이를 통해 ‘나’는 자연의 변화와 세월의 흐름을 체감하게 된다. 다른 보기들은 어머니가 심었다거나, 경제적 기반, 동네 사람들이 붙인 별명 등 본문 내용과 맞지 않는다.

### ANSWER
A"
CSAT_korean_23_30,CSAT_korean_23_30,Textual,0,B,B,"B는 ‘집을 고치던 경험’을 바탕으로 새집의 구조를 살펴보는 태도를 적응하려는 긍정적 의도로 해석했지만, 글에서는 새집을 ‘천박하다’고 느끼고 ‘잘못 날아든 참새들’처럼 낯설어하는 부정적 정서가 드러난다. 따라서 새집에 친숙해지고자 하는 ‘나’의 생각을 확인할 수 있다는 감상은 적절하지 않다.

### ANSWER
B"
KIIP_politics_12,KIIP_politics_12,Politics,0,B,B,"Park Chung-hee served as President of South Korea from 1963 to 1979, and due to multiple terms, he is counted as the 5th through 9th president. Therefore, the correct choice is B.

### ANSWER
B"
KIIP_politics_13,KIIP_politics_13,Politics,0,B,B,"### ANSWER
B"
KIIP_politics_14,KIIP_politics_14,Politics,0,A,B,"### ANSWER
B"
KIIP_politics_15,KIIP_politics_15,Politics,0,A,A,"5·18 민주화운동은 1980년 5월 광주에서 신군부의 비상계엄 확대와 군사독재에 맞서 일어난 민주화 운동이다. 시민들은 계엄 해제와 군인들의 정치 개입 중단 등을 요구하였다. 따라서 가장 적절한 선택지는 A이다.

### ANSWER
A"
KIIP_politics_16,KIIP_politics_16,Politics,0,C,C,"5.18 민주화 운동은 군부 독재에 맞선 시민들의 민주화 요구를 상징하며, 이후 한국 민주주의 발전의 중요한 계기가 되었다. 경제·교육 발전도 영향을 주었지만 정치적 민주화의 직접적 동력은 시민 저항이었다. 따라서 정답은 C이다.

### ANSWER
C"
KIIP_politics_17,KIIP_politics_17,Politics,0,C,C,"### ANSWER
C"
KIIP_politics_18,KIIP_politics_18,Politics,0,A,A,"The April 19 Revolution in 1960 was a student-led uprising against electoral fraud and authoritarian rule, which directly forced President Syngman Rhee to resign and go into exile. Therefore, the correct choice is A.

### ANSWER
A"
KIIP_politics_19,KIIP_politics_19,Politics,0,A,A,"In the 1980s, South Korea remained under authoritarian rule despite growing public calls for democracy. The government suppressed these demands rather than accommodating them, leading to frequent clashes between citizens and state forces. This mismatch between rising democratic aspirations and the government's refusal to reform was the primary cause of conflict. Therefore, option A correctly explains the situation.

### ANSWER
A"
CSAT_korean_23_31,CSAT_korean_23_31,Textual,0,A,A,"(가)는 한여름 채전의 식물들이 주어진 대로 정성껏 자라는 모습을 긍정적으로 바라보며 생명의 충족감을 예찬하고 있다. (나)는 썩어 가는 나무에 버섯이 피어나는 모습을 ‘황홀한 음지의 꽃’이라 노래하며 고통을 멈추게 하는 존재로 긍정적으로 형상화한다. 따라서 두 작품 모두 중심 제재에 대한 긍정적 인식을 바탕으로 예찬적 태도를 드러내는 공통점이 있다.

### ANSWER
A"
CSAT_korean_23_32,CSAT_korean_23_32,Textual,0,D,D,"### ANSWER
D"
CSAT_korean_23_33,CSAT_korean_23_33,Textual,0,B,B,"### ANSWER
B"
CSAT_korean_23_34,CSAT_korean_23_34,Textual,0,C,C,"(가)의 ‘넌출’은 여러 생명체가 어우러져 자라는 모습을 보여 주지만, (나)의 ‘홀씨’는 상처마다 버섯이 피어나게 하는 생명력의 계기로 형상화된다. 따라서 ‘홀씨’가 공존하던 생명체들을 흩어지게 하는 계기라는 해석은 작품의 의미와 맞지 않다.

### ANSWER
C"
CSAT_korean_22_1,CSAT_korean_22_1,Textual,0,B,B,"### ANSWER
B"
CSAT_korean_22_2,CSAT_korean_22_2,Textual,0,E,E,"독서 방법은 서로 다른 관점을 비판적으로 검토하고 평가하여 통합함으로써 관점을 재구성하고 해법을 찾는 것이다. 그런데 E는 비판적 판단을 유보한다고 하여 방법의 핵심인 비판적 검토와 타당성 평가에 어긋난다.

### ANSWER
E"
CSAT_korean_22_3,CSAT_korean_22_3,Textual,0,A,A,"학생은 기존의 독서가 단순한 정보 습득에 그쳤다고 반성하며, 윤동주 평전을 읽으며 스스로에게 질문을 던지는 시간이 자신을 사색하고 삶을 가꾸는 소중한 시간임을 깨달았다고 말한다. 또한 책장을 천천히 넘기며 ‘나에게로의 여행’을 떠나려는 실천 의지를 보인다. 이는 독서가 삶을 성찰하게 하는 가치를 깨닫고 이를 실천하려는 태도와 가장 부합한다.

### ANSWER
A"
CSAT_korean_22_4,CSAT_korean_22_4,Textual,0,A,A,"(가)는 헤겔의 변증법 체계에 따라 예술을 절대정신의 초보 단계로 규정하고, (나)는 헤겔 변증법의 종합 원리를 기준으로 예술이 철학 이후의 자리를 차지할 수 있음을 논의한다. 따라서 두 글 모두 변증법이라는 철학적 방법에 기반한 체계 속에서 예술의 상대적 위상을 제시하고 있다. 다른 선택지들은 (가)와 (나)의 관계나 내용을 정확히 반영하지 않는다.

### ANSWER
A"
CSAT_korean_22_5,CSAT_korean_22_5,Textual,0,C,C,"(가)에서 예술·종교·철학은 동일한 내용을 서로 다른 형식으로 인식하므로 A는 적절하다. 이념과 현실이 하나의 변증법적 체계를 이루고, 변증법이 논증 방법이자 존재 방식이라는 B와 D도 본문에 부합한다. 절대정신의 내용이 논리적이고 이성적이라는 E도 적절하다. 그러나 C는 절대정신의 세 형태가 지성의 세 형식이 인식하는 대상이라고 보는데, 본문에서는 세 형태가 각각 ‘직관하는 절대정신’, ‘표상하는 절대정신’, ‘사유하는 절대정신’으로 규정되므로 적절하지 않다.

### ANSWER
C"
CSAT_korean_22_6,CSAT_korean_22_6,Textual,0,D,D,"직관은 주어진 물질적 대상을 감각적으로 지각하는 것이고, 표상은 대상의 유무와 무관하게 내면에서 심상을 떠올리는 것이며, 사유는 대상을 개념을 통해 논리적으로 파악하는 것이다. D에서 ‘예술의 새로운 개념을 설정하는 것’은 사유에 해당하지만, ‘작품의 창작을 기획하는 것’은 감각적 지각인 직관이 아니라 내면적 심상이나 개념적 기획에 가깝다. 따라서 직관으로 본 D가 적절하지 않다.

### ANSWER
D"
KIIP_politics_20,KIIP_politics_20,Politics,0,A,A,"1987년 6월 항쟁은 전국적인 시민 시위로 이어졌고, 그 결과 노태우의 6·29 선언을 통해 대통령 직선제 개헌이 이루어졌다. 이는 군사 독재 정권의 연장을 막고 민주화를 위한 핵심적인 정치적 변화였다. 따라서 가장 직접적인 결과는 대통령 직선제 개헌이다.

### ANSWER
A"
KIIP_politics_21,KIIP_politics_21,Politics,0,C,B,"국정감사권 부활은 국회가 행정부를 감시하고 견제할 수 있는 권한을 강화한 것이다. 따라서 행정부에 대한 국회의 통제력이 커지면서 국회의 권력이 증가하는 변화를 가져왔다.

### ANSWER
B"
KIIP_politics_22,KIIP_politics_22,Politics,0,B,D,"1980년대 한국에서는 군부 독재 정권의 억압과 민주화 정책 부재, 시민들의 민주화 의식 확산, 정부와 시민 간 의사소통 단절 등이 모두 민주화 요구 증가에 영향을 미쳤다. 따라서 모든 보기가 옳다.

### ANSWER
D"
KIIP_politics_23,KIIP_politics_23,Politics,0,A,A,"1987년 6월 민주항쟁 당시 시민들은 대통령을 국민이 직접 뽑는 대통령 직선제를 핵심 요구로 내세웠다. 이는 군사정권의 간접선거 방식에 대한 반발에서 비롯된 것이었다. 따라서 보기 중 1987년 민주화 요구에 해당하는 것은 대통령 직선제이다.

### ANSWER
A"
KIIP_politics_24,KIIP_politics_24,Politics,0,A,A,"1987년 6월 민주항쟁은 전두환 정부의 군사독재와 대통령 간선제에 반대하며 전국적으로 확산되었다. 시민들은 대통령을 국민이 직접 뽑는 직선제를 핵심 요구로 내세웠다. 이에 따라 6·29 선언으로 대통령 직선제 개헌이 이루어졌다. 따라서 주요 요구사항은 대통령 직선제이다.

### ANSWER
A"
KIIP_politics_25,KIIP_politics_25,Politics,0,A,A,"한국은 2005년 지방자치법 개정을 통해 외국인 영주권자에게 지방선거 투표권을 부여한 아시아 최초의 국가이다. 또한 주민투표권과 주민소환권도 인정하여 ‘주민’으로 대우하였다. 대통령 선거나 국회의원 선거권은 부여되지 않았다.

### ANSWER
A"
KIIP_politics_26,KIIP_politics_26,Politics,0,B,B,"기초자치단체는 인구와 지역 특성에 따라 시(市), 군(郡), 자치구(區)로 구분된다. 따라서 정답은 B이다.

### ANSWER
B"
KIIP_politics_27,KIIP_politics_27,Politics,0,A,A,"### ANSWER
A"
KIIP_politics_28,KIIP_politics_28,Politics,0,B,A,"### ANSWER
A"
KIIP_politics_29,KIIP_politics_29,Politics,0,A,A,"대한민국 선거는 헌법과 공직선거법에 따라 보통·평등·직접·비밀선거의 원칙을 따른다. 이는 모든 국민이 평등하게 직접 투표하고, 그 내용이 비밀로 보장되는 원칙이다.

### ANSWER
A"
KIIP_politics_30,KIIP_politics_30,Politics,0,A,A,"외국인은 영주권을 취득한 후 일정 기간이 지나면 지방자치단체 선거에는 투표할 수 있지만, 국가의 주권과 직접 관련된 대통령 선거와 국회의원 선거에는 참여할 수 없습니다. 따라서 외국인이 참여할 수 없는 선거는 대통령 선거와 국회의원 선거입니다.

### ANSWER
A"
KIIP_politics_31,KIIP_politics_31,Politics,0,A,A,"### ANSWER
A"
KIIP_politics_32,KIIP_politics_32,Politics,0,A,A,"Korea's local autonomy system is based on the principle that local residents elect their own representatives to manage local affairs. This ensures democratic participation and decentralization of power. The other options involve appointment by external or undemocratic authorities, which do not match Korea's system. Therefore, the correct choice is A.

### ANSWER
A"
KIIP_politics_33,KIIP_politics_33,Politics,0,A,A,"한국의 지방자치단체는 「지방자치법」에 따라 광역자치단체와 기초자치단체로 구분됩니다. 광역자치단체는 특별시, 광역시, 특별자치시, 도, 특별자치도가 해당하고, 기초자치단체는 시, 군, 자치구가 해당합니다. 따라서 지방자치단체의 구분 기준은 행정적 위계와 자치권의 범위에 따른 것입니다. 나머지 보기는 지역적 특성이나 중앙과의 관계를 나타낼 뿐 법적 구분이 아닙니다.

### ANSWER
A"
KIIP_politics_34,KIIP_politics_34,Politics,0,A,A,"2016년 기준 대한민국의 광역자치단체 중 특별시는 서울특별시 하나뿐입니다. 광역시나 특별자치시는 별도로 구분되므로 특별시의 수는 1개입니다.

### ANSWER
A"
KIIP_politics_35,KIIP_politics_35,Politics,0,D,D,"한국의 사전투표는 선거일 전 금요일과 토요일에 실시되며, 일반적으로 선거일 5일 전부터 시작됩니다. 예를 들어 선거일이 수요일인 경우 그 전 주 금요일이 사전투표 첫날이 됩니다. 따라서 사전투표 시작 시점은 선거일 5일 전입니다.

### ANSWER
D"
KIIP_politics_36,KIIP_politics_36,Politics,0,B,B,"한국의 사전투표는 선거일에 자신이 등록된 투표소가 아닌 전국 어느 사전투표소에서나 투표할 수 있도록 한 제도입니다. 따라서 자신이 가기 편리한 사전투표소를 선택하여 투표할 수 있습니다. 다른 보기들은 장소를 지나치게 한정하거나 잘못 설명하고 있습니다.

### ANSWER
B"
KIIP_politics_37,KIIP_politics_37,Politics,0,A,A,"한국의 사전투표에서는 유권자 본인 확인을 위해 반드시 신분증을 지참해야 한다. 주민등록증은 신분증의 한 종류이지만 운전면허증이나 여권 등도 인정되므로, 가장 포괄적인 정답은 신분증이다. 투표용지는 투표소에서 받는 것이고 사전 투표 신청서는 별도로 필요하지 않다.

### ANSWER
A"
KIIP_politics_38,KIIP_politics_38,Politics,0,A,A,"한국의 국가 권력은 삼권분립 원칙에 따라 행정부, 입법부, 사법부로 나뉜다. 입법부는 국회, 행정부는 대통령과 정부, 사법부는 법원이 담당한다. 경찰부나 국방부는 행정부의 하부 조직에 해당하므로 정부 부처일 뿐 독립된 권력 분립의 축이 아니다. 따라서 올바른 선택지는 행정부, 입법부, 사법부이다.

### ANSWER
A"
KIIP_politics_39,KIIP_politics_39,Politics,0,C,C,"The President of the Republic of Korea is the head of state and the chief executive, responsible for leading the executive branch. The Prime Minister assists the President, while the National Assembly is the legislative body. The Minister of Justice is a cabinet member under the President's authority. Therefore, the highest responsible person in the executive branch is the President.

### ANSWER
C"
KIIP_politics_40,KIIP_politics_40,Politics,0,B,B,"The presidential term in South Korea is set by the Constitution as a single five-year term, with no possibility of re-election. This is a fundamental feature of the country's political system. Therefore, the correct answer is 5 years.

### ANSWER
B"
KIIP_politics_41,KIIP_politics_41,Politics,0,B,B,"The Prime Minister of South Korea serves as the principal assistant to the President and heads the Cabinet. Their main role is to comprehensively manage and supervise administrative policies and ministries. They do not represent the nation as head of state, as that is the President's role. They also do not make laws or manage the judiciary, as those belong to the National Assembly and courts respectively. Therefore, the correct choice is B.

### ANSWER
B"
KIIP_politics_42,KIIP_politics_42,Politics,0,B,B,"청와대(靑瓦臺)는 대한민국 대통령의 집무실과 관저를 뜻하며, 이름 그대로 푸른색 기와지붕을 가진 건물을 의미합니다. 따라서 ""푸른색 지붕을 가진 집""이 정답입니다.

### ANSWER
B"
KIIP_politics_43,KIIP_politics_43,Politics,0,D,D,"청와대는 대통령의 집무 공간이자 공식 관저로, 대통령이 업무를 보고 휴식하는 장소이다. 또한 대통령 비서실 등 참모진이 근무하는 곳이기도 하다. 따라서 A, B, C 모두 해당하므로 정답은 D이다.

### ANSWER
D"
KIIP_politics_44,KIIP_politics_44,Politics,0,B,B,"한국에서 법률을 제정하는 권한은 국회에 있으며, 이는 삼권분립에서 입법부에 해당한다. 행정부는 법을 집행하고, 사법부는 법을 해석·적용한다. 따라서 법을 만드는 역할을 담당하는 부서는 입법부이다.

### ANSWER
B"
KIIP_politics_45,KIIP_politics_45,Politics,0,C,C,"한국의 정치 체제에서 입법부는 법률을 제정하고 심의하는 역할을 담당합니다. 대통령제를 채택한 한국에서 국회는 단일한 입법 기관으로서 법안 심의와 의결, 예산 심의 등의 기능을 수행합니다. 국무회의는 행정부의 주요 정책을 심의하는 기관이고, 국무총리는 행정부 수반을 보좌하며, 대법원은 사법부에 속합니다. 따라서 입법부의 역할을 담당하는 기관은 국회입니다.

### ANSWER
C"
KIIP_politics_46,KIIP_politics_46,Politics,0,C,C,"대한민국 국회의원의 임기는 헌법에 따라 4년으로 규정되어 있습니다. 이는 대통령의 5년 임기와는 다른 것입니다. 국회의원은 임기 동안 입법 활동과 국정 감시 역할을 수행합니다. 따라서 선택지 중 정답은 4년입니다.

### ANSWER
C"
KIIP_politics_47,KIIP_politics_47,Politics,0,A,D,"대한민국 행정부는 대통령, 국무총리, 국무회의, 행정각부 등으로 구성됩니다. 국회는 입법부, 대법원은 사법부에 속하므로 제외되며, 법무부·교육부·국방부 등도 행정부에 속하지만 행정부의 대표적인 헌법 기관 구성을 묻는 문제에서는 D가 가장 적절합니다.

### ANSWER
D"
KIIP_politics_48,KIIP_politics_48,Politics,0,B,C,"행정부는 모든 국가 기관과 마찬가지로 최고 규범인 헌법에 따라야 하며, 법률이나 대통령의 지시도 헌법에 위배될 수 없습니다. 따라서 행정부가 나라 안팎의 일을 처리할 때 가장 우선적으로 따라야 하는 것은 헌법입니다.

### ANSWER
C"
KIIP_politics_49,KIIP_politics_49,Politics,0,A,A,"대한민국 국회의원은 선거 방식에 따라 지역구에서 선출되는 지역구 국회의원과 정당의 비례대표 명단에 따라 선출되는 비례대표 국회의원으로 구분됩니다. 지역구 의원은 해당 선거구에서 가장 많은 득표를 한 후보가 당선되고, 비례대표 의원은 정당의 득표율에 따라 의석을 배분합니다. 따라서 두 가지 구분은 지역구와 비례대표입니다. 다른 보기들은 성별, 출마 여부, 정당 소속 여부로 국회의원을 구분하는 일반적인 기준이 아닙니다.

### ANSWER
A"
KIIP_politics_50,KIIP_politics_50,Politics,0,C,C,"법원은 법률을 해석하고 적용하여 구체적인 분쟁을 해결하는 사법 기관이다. 국회는 입법, 행정부는 집행, 헌법재판소는 위헌 심사를 담당한다. 따라서 정답은 법원이다.

### ANSWER
C"
KIIP_politics_51,KIIP_politics_51,Politics,0,A,A,"### ANSWER
A"
KIIP_politics_52,KIIP_politics_52,Politics,0,C,C,"The Constitutional Court of South Korea is composed of nine justices, as established by the Constitution and the Constitutional Court Act. This number ensures balanced appointment among the President, National Assembly, and Chief Justice. Therefore, the correct answer is 9.

### ANSWER
C"
KIIP_politics_53,KIIP_politics_53,Politics,0,D,D,"### ANSWER
D"
KIIP_politics_54,KIIP_politics_54,Politics,0,C,C,"In a representative democracy, the direct method to become a representative is by running for office in elections. Assemblies, media, and the internet are tools for expression or campaigning, not direct paths to becoming a representative. Therefore, the correct choice is the one involving elections.

### ANSWER
C"
KIIP_politics_55,KIIP_politics_55,Politics,0,A,A,"집회·시위의 주된 목적은 자신의 의견이나 주장을 공개적으로 표현하고 다른 사람들에게 알리는 데 있다. 나머지 보기들은 수단이나 부수적 목적에 해당한다.

### ANSWER
A"
KIIP_politics_56,KIIP_politics_56,Politics,0,A,A,"민주주의가 정착되면서 시민들은 자신의 이해관계와 정치적 주장을 자유롭게 표현할 수 있게 되었다. 이는 민주주의의 핵심 원리인 의사 표현의 자유와 참여와 연결된다. 따라서 정답은 이익과 주장이다.

### ANSWER
A"
KIIP_politics_57,KIIP_politics_57,Politics,0,A,A,A
KIIP_politics_58,KIIP_politics_58,Politics,0,D,D,"1인 시위, 거리 행진, 촛불 집회는 한국에서 흔히 볼 수 있는 정치적 표현 방식이지만, 건물 점거는 일반적이지 않은 극단적 방식이다.

### ANSWER
D"
KIIP_politics_59,KIIP_politics_59,Politics,0,A,A,"일본은 1910년부터 1945년까지 한반도를 강제로 병합하고 식민 통치를 하였습니다. 이는 한국 역사에서 가장 대표적인 일본의 침략적 역사적 사건입니다. 따라서 일본이 한국에 일으킨 역사적 사건은 한국을 식민지로 점령한 것입니다.

### ANSWER
A"
KIIP_politics_60,KIIP_politics_60,Politics,0,B,C,"미국은 제2차 세계 대전 직후 남한에 진주했지만, 본격적으로 정치·경제·군사적 영향력을 행사하게 된 계기는 한국 전쟁이었다. 한국 전쟁을 계기로 한미 동맹이 형성되고 주한 미군이 주둔하면서 미국의 영향력이 크게 확대되었다. 따라서 정답은 C이다.

### ANSWER
C"
KIIP_politics_61,KIIP_politics_61,Politics,0,A,A,"### ANSWER
A"
