category,subcategory,level,answer,pred,response
Semantics,Inter-sentence Relations,3,H,,[EMPTY_RESPONSE]
Semantics,Conjunctions,1,E,E,"E: 그러나, 어쩌면, 그 이유는, 아울러"
Semantics,Conjunctions,2,B,B,"정답: **B**

**덕분에, 하지만, 따라서, 그래도**

자연스럽게 이어집니다.

- 오늘은 모처럼 큰 일정이 없는 날이다. **덕분에** 밀린 공부를 할 시간이 생겼다.  
- **하지만** 그간 미뤄둔 잡무들도 많았다.  
- **따라서** 마음 먹은 만큼 공부를 하진 못했다.  
- **그래도** 할 수 있었다는 사실이 중요하다고 생각한다."
Semantics,Rhetorical Expressions,3,A,C,"가장 적절하지 않은 표현은 **C: 빠른 포기가 권장되는**입니다.

**이유:**
지문의 상황은 **""이달 안에 출시하지 못하면 정부 자금 지원 대상에서 탈락한다""**는 극도로 촉박하고 절박한 위기 상황입니다. 따라서 [ ] 안에는 **긴박함, 절박함, 위기감**을 나타내는 표현이 들어가야 합니다.

- **B (심장이 터질 듯한)**, **E (발등에 불이 떨어진 듯한)**, **G (초봄의 얼음판을 걷는 듯한)**, **J (오늘내일하는)** → 위기와 긴박함을 나타냄 (적절).
- **D (불이라도 이고 가야할)**, **H (지푸라기라도 잡아야 하는)**, **I (세 살배기 고사리 손이라도 필요한)** → 절박함과 무언가에 매달려야 하는 상황 (적절).
- **F (운명의 여신의 미소가 필요한)** → 절박한 상황에서 행운이 필요함을 의미 (적절).
- **A (아홉 번 넘어지고 열 번 일어나는)** → 좌절을 딛고 일어서는 강인함을 의미하지만, 상황 자체의 긴박함보다는 극복 의지를 나타내므로 다소 어울리지 않을 수 있으나, 위기 극복의 맥락으로 볼 때 완전히 틀렸다고 보기는 어렵습니다.
- **C (빠른 포기가 권장되는)** → 상황이 절박할수록 포기하는 것은 오히려 역효과이며, 지문의 내용(출시를 해야만 자금을 받음)과 정면으로 배치됩니다. **""포기""**는 절박한 위기 상황에서 절대 권장될 수 없는 행동이므로 가장 부적절합니다."
Semantics,Rhetorical Expressions,3,F,H,"정답은 **H: 무지성 거래** (또는 **G: 묻지마 거래**도 매우 유사하지만, 지문의 뉘앙스상 H가 가장 적절합니다).

**해설:**

지문은 ""기업의 재무 상태와 전망에 대한 심도 있는 분석"" 없이 ""단순히 시장 이슈에 의존""하여 투자하는 현상을 설명합니다. 즉, **아무런 근거나 이성적 판단 없이 무작정 따라 하는 투자**를 의미합니다.

- **H (무지성 거래)**: '무지(無知) + 성(性)'의 합성어로, 생각이나 판단 없이 무작정 행동하는 것을 뜻합니다. 지문의 ""심도 있는 분석에 기반하지 않고""라는 부분과 가장 정확하게 일치합니다.
- **G (묻지마 거래)**: ""묻지마""는 이유를 묻지 않고 무조건 하는 행동을 뜻하지만, H에 비해 다소 구어적이고 포괄적인 표현입니다. (H가 더 적절한 이유는 지문이 '분석 부족'에 초점을 맞추고 있기 때문입니다.)

**다른 보기들 분석:**
- **A (아무런 근거가 없는 거래)**: 지문에서는 ""시장 이슈""라는 근거(?)는 있으므로 완전히 근거가 없다고 보기 어렵습니다.
- **B (흙탕물에서 낚시하듯 하는 거래)**: 혼란한 상황을 이용하는 것을 의미해 맥락과 다릅니다.
- **E, J (동전/주사위)**: 완전한 무작위성을 의미하지만, 지문은 '시장 이슈'라는 특정 대상에 편승하는 행위를 말하므로 적절하지 않습니다.
- **F (눈 감고 코뿔소 코 만지듯)**: 전체를 보지 못하고 일부만 보는 것을 의미하지만, 지문의 '분석 없음'과는 거리가 있습니다.

**결론적으로, 기업 분석 없이 시장의 유행이나 이슈만 쫓아가는 행위는 ""무지성 거래""라고 표현하는 것이 가장 자연스럽고 정확합니다.**"
Semantics,Rhetorical Expressions,3,G,H,"정답은 **H**입니다.

**해설:**

지문을 분석해 보겠습니다.

- **""하루치 고단함이 내려앉은 퇴근 길""**: '고단함'(인간의 감정/상태)이 '퇴근 길'(무생물적 공간)에 '내려앉다'(인간의 행동)라고 표현되었습니다.
- **""켜켜이 쌓인 어둠""**: '어둠'(무생물)이 '켜켜이 쌓인다'(인간이나 물질이 쌓이는 행위)로 표현되었습니다.
- **""가로등이 위태로이 길을 인도하고 있었다""**: '가로등'(무생물)이 '위태로이'(인간의 심리적 상태)하며 '길을 인도하다'(인간의 행동)로 표현되었습니다.

이처럼 지문은 무생물(퇴근 길, 어둠, 가로등)에 인간의 감정(고단함, 위태로움)과 행동(내려앉다, 쌓이다, 인도하다)을 부여하여 의인화(擬人化)하고 있습니다. 이를 통해 독자는 단순한 풍경 묘사가 아닌, 퇴근길의 피로와 도시의 적막함을 감성적으로 공감하게 됩니다.

**다른 보기들이 틀린 이유:**
- **A**: 주관적 감성과 심리적 안정의 '균형'에 초점을 맞추었지만, 지문의 핵심은 의인화를 통한 공감 유도입니다.
- **B, F**: 자연 현상과 감각 묘사의 결합을 말하나, 지문은 자연 현상보다 도시의 무생물적 요소(가로등, 어둠)에 초점이 맞춰져 있습니다.
- **C**: 추상적 개념의 구체화가 아니라, 구체적 사물에 인간적 속성을 부여한 것입니다.
- **D**: 모순된 감정의 이중성(역설)이 아니라, 일관된 피로감과 적막함의 분위기입니다.
- **E, I**: 사회 비판적 메시지나 서구 문명의 부작용은 지문에 전혀 언급되지 않았습니다.
- **G, J**: 반복되는 일상이나 비판적 전달은 '하루치'라는 표현에서 은유적으로 느껴질 수 있으나, 이는 부차적이며 문제에서 요구하는 '비인격적 대상에 인간적 속성 부여'의 직접적인 설명은 H가 가장 적절합니다."
Syntax,Argument Structure & Valency,3,A,,[EMPTY_RESPONSE]
Pragmatics,Discourse Principles,3,C,C,"정답은 **C**입니다.

**이유:**
그라이스(Grice)의 협력 원리 중 **질의 격률(진실성의 격률)**은 ""거짓된 말을 하지 말라""는 규칙입니다. 

- **C**에서 을은 갑이 편의점을 차렸다는 명백히 거짓된 사실(과장)을 말합니다. 이는 사실이 아닌 정보를 의도적으로 전달하여 질의 격률을 위반하면서, ""준비를 너무 많이 했다""는 놀라움과 비꼬는 태도를 드러냅니다.

**다른 보기들 분석:**
- **A, B, D, E, I**는 사실을 말하거나 정보량이 부족한 **양의 격률** 위반에 가깝습니다.
- **F, I**는 질문과 무관한 답변으로 **관련성의 격률** 위반에 해당합니다.
- **G, H, J**는 사실을 말하거나 동어반복(타우톨로지)을 통해 **양의 격률**을 위반한 예시입니다.

따라서 의도적으로 거짓말(진실성 위반)을 통해 자신의 태도를 드러낸 사례는 **C**가 유일합니다."
Syntax,Agreement,3,F,,[EMPTY_RESPONSE]
Syntax,Agreement,2,F,F,"정답은 **F**입니다.

각 보기를 하나씩 살펴보겠습니다.

*   **A**: 드높이다 → '높다'의 사동형(높이게 하다). 사동 표현 있음.
*   **B**: 곤두세우다 → '서다'의 사동형(세우다). 사동 표현 있음.
*   **C**: 굶기다 → '굶다'의 사동형(굶게 하다). 사동 표현 있음.
*   **D**: 그을리다 → '그을다'의 사동형(그을게 하다). 사동 표현 있음.
*   **E**: 누이다 → '눕다'의 사동형(눕히다). 사동 표현 있음.
*   **F**: 실리다 → '싣다'의 **피동형**(싣어지다)입니다. 신문에 사진이 '실려서' 있는 것이지, 누가 실리게 한 것이 아니므로 사동 표현이 **없습니다**.
*   **G**: 곧추세우다 → '서다'의 사동형(세우다). 사동 표현 있음.
*   **H**: 돋우다 → '돋다'의 사동형(돋게 하다). 사동 표현 있음.
*   **I**: 삭이다 → '삭다'의 사동형(삭게 하다). 사동 표현 있음.
*   **J**: 썩이다 → '썩다'의 사동형(썩게 하다). 사동 표현 있음.

따라서 사동 표현이 없는 것은 **F**입니다."
Syntax,Agreement,3,A,A,"정답은 **A**입니다.

**A: 아들이 옆집 개에게 팔뚝을 물렸다.**
이 문장은 **피동문(被動文)**입니다. '물리다'가 '물다'의 피동사로 쓰였으며, 주어(아들)가 개에게 입은 동작(물림)을 당하는 의미입니다. (개가 물었다 → 아들이 물렸다)

나머지 B~J는 모두 **사동문(使動文)**입니다. 각각의 사동사와 의미를 간단히 정리하면 다음과 같습니다.

- **B**: '익히다' (익다의 사동) → 고기가 익게 함.
- **C**: '애태우다' (애타다의 사동) → 농민들이 애타게 함.
- **D**: '빗기다' (빗다의 사동) → 머리를 빗게 함 (아빠가 딸의 머리를 빗겨 줌).
- **E**: '물리다' (물다의 사동) → 언론이 재갈을 물게 함 (입을 막음).
- **F**: '썩히다' (썩다의 사동) → 재능을 썩게 함 (활용하지 못함).
- **G**: '잠재우다' (잠자다의 사동) → 논란을 잠들게 함 (가라앉힘).
- **H**: '살찌우다' (살찌다의 사동) → 거위를 살찌게 함.
- **I**: '물리다' (물다의 사동) → 피해자에게 치료비를 물게 함 (부담시킴).
- **J**: '묵히다' (묵다의 사동) → 술을 오래 묵게 함 (숙성시킴).

따라서 사동문이 아닌 것은 **A**입니다."
Syntax,Agreement,3,D,D,"정답은 **D: 거센 바람에 연이 높이 날렸다.** 입니다.

**해설:**

사동 표현은 주어가 다른 대상(사람이나 사물)에게 어떤 행동을 하게 하거나, 어떤 상태가 되도록 만드는 것을 뜻합니다. 반면, 피동 표현은 주어가 다른 대상에 의해 행동을 당하거나 상태가 변화되는 것을 뜻합니다.

각 보기를 살펴보면:

- **A. 감긴다** → '감다'의 사동형 (미용사가 머리를 감기게 함)
- **B. 괴롭힌다** → '괴롭다'의 사동형 (괴롭게 함)
- **C. 끓인다** → '끓다'의 사동형 (끓게 함)
- **D. 날렸다** → '날다'의 사동형이자 피동형으로 쓰임. **이 문장에서 주어는 '연'**입니다. '연'이 스스로 날아간 것이 아니라 '거센 바람'에 의해 날아가게 된 것이므로, 이때의 '날리다'는 **피동 표현**으로 쓰였습니다. (능동문: 바람이 연을 날렸다 → 피동문: 연이 바람에 날렸다)
- **E. 갈아입힌다** → '갈아입다'의 사동형 (아이들의 옷을 갈아입게 함)
- **F. 깨운다** → '깨다'의 사동형 ("
Syntax,Agreement,3,J,J,"정답은 **J**입니다.

**이유:**
'뜯기다'는 '뜯다'의 사동사이자 피동사로 쓰일 수 있습니다. 
- **피동**으로 쓰일 때: ""풀이 소에게 뜯겼다"" (풀이 뜯어지는 것을 당함)
- **사동**으로 쓰일 때: ""목동이 소에게 풀을 뜯겼다"" (목동이 소가 풀을 뜯게 함)

문제의 문장 **J: ""목초지에서 젖소들에게 풀을 뜯겼다""**는 목적어('풀을')와 행위자('젖소들에게')가 함께 등장하는 구조입니다. 이는 주어(생략됨)가 젖소들에게 풀을 뜯게 한 **사동 표현**이지, 주어가 행동을 당하는 **피동 표현**이 아닙니다.

**다른 보기들의 피동 표현 정리:**
- A: 억눌리다 (억누르다 + -리-)
- B: 내몰리다 (내몰다 + -리-)
- C: 낚이다 (낚다 + -이-)
- D: 내쫓기다 (내쫓다 + -기-)
- E: 떼이다 (떼다 + -이-)
- F: 씹히다 (씹다 + -히-)
- G: 집히다 (집다 + -히-)
- H: 가로놓이다 (가로놓다 + -이-)
- I: 휘감기다 (휘감다 + -기-)

따라서 피동 표현이 없는 것은 **J**입니다."
Syntax,Agreement,2,G,G,"정답은 **G**입니다.

**해설:**

- **G: 길들인 말에게 재갈을 물렸다.**
  이 문장에서 '물렸다'는 '물다'의 **사동형(使動形)**입니다. (물리다 = 물게 하다)
  즉, 주어(생략된 사람)가 말에게 재갈을 물게 한 능동/사동의 의미입니다. (재갈을 입에 물리다)
  문장 구조상 '말'은 '에게'로 표시된 대상(부사어)일 뿐, 동작의 주체가 아니라 동작을 당하는 대상(피동의 주어)이 아닙니다.

- **A~F, H~J는 모두 피동문입니다.**
  - **A**: 걷히다 (걷다의 피동) - 구름이 걷어지다.
  - **B**: 널리다 (널다의 피동) - 고추가 널어지다.
  - **C**: 그을리다 (그을다의 피동) - 나무가 그을어지다.
  - **D**: 뒤섞이다 (뒤섞다의 피동) - 카드가 뒤섞어지다.
  - **E**: 뜨이다 (뜨다의 피동) - 눈이 뜨여지다.
  - **F**: 잡아먹히다 (잡아먹다의 피동) - 지렁이가 잡아먹어지다.
  - **H**: 얹히다 (얹다의 피동) - 계피가루가 얹어지다.
  - **I**: 가로막히다 (가로막다의 피동) - 도로가 가로막아지다.
  - **J**: 사로잡히다 (사로잡다의 피동) - 그에게 사로잡아지다.

따라서 피동문이 아닌 것은 **G**입니다."
Syntax,Agreement,2,E,E,"정답은 **E**입니다.

**해설:**

- **E: 그는 내 등에 환자를 업혔다.**  
  이 문장은 **사동문(使動文)**입니다.  
  동사 '업다'에 사동 접미사 '-히-'가 결합한 '업히다'가 사용되었습니다. 의미상 주어 '그'가 직접 환자를 업는 것이 아니라, **남(나)에게 업게 하는 행위**를 나타내므로 사동문입니다. (즉, '그는 내게 환자를 업게 했다'는 뜻)

**나머지 보기들은 모두 피동문(受動文)입니다:**

- **A:** '싣다' → '실리다' (피동 접미사 '-리-')
- **B:** '가르다' → '갈리다' (피동 접미사 '-리-')
- **C:** '이끌다' → '이끌리다' (피동 접미사 '-리-')
- **D:** '믿다' → '믿기다' (피동 접미사 '-기-')
- **F:** '쓰다' → '쓰이다' (피동 접미사 '-이-')
- **G:** '치다' → '치이다' (피동 접미사 '-이-')
- **H:** '뒤틀다' → '뒤틀리다' (피동 접미사 '-리-')
- **I:** '담다' → '담기다' (피동 접미사 '-기-')
- **J:** '몰다' → '몰리다' (피동 접미사 '-리-')

따라서 피동문이 아닌 것은 **E**입니다."
Pragmatics,Deixis & Reference,3,A,,[EMPTY_RESPONSE]
Semantics,Semantic Compatibility,1,E,E,"가장 어색한 선지는 **E: 민주가 명단을 결심했다.** 입니다.

**이유:**
'결심하다'는 주로 자신의 행동이나 계획에 대해 마음을 정하는 것을 뜻하며, **'~하기로 결심하다'** 또는 **'결심을 하다'**의 형태로 사용됩니다. 즉, 목적어를 직접 취하는 타동사로 쓰이기보다는 주로 보어나 절(節)과 함께 쓰입니다. 

'명단'은 '결정'이나 '작성'의 대상이지 '결심'의 대상이 될 수 없습니다. 따라서 **""민주가 명단을 결정했다""** 또는 **""민주가 명단 작성을 결심했다""**라고 해야 자연스럽습니다.

**다른 선지들에 대한 간단한 검토:**
- **F (학생이 공책에 책갈피를 끼웠다):** 책갈피는 보통 책에 끼우지만, 공책에 끼우는 것도 전혀 불가능한 일은 아니며 문법적으로도 문제가 없습니다. (다만 일반적인 상황은 아니지만 E보다는 훨씬 자연스럽습니다.)
- 나머지 A, B, C, D, G, H, I, J는 모두 자연스러운 한국어 표현입니다."
Syntax,Agreement,2,H,H,"정답은 **H**입니다.

**H: 시연이가 찬형이를 잡았다. -> 찬형이가 시연이에게 잡혔다.**

- **잡다** (능동사) → **잡히다** (피동사)로 바뀌었습니다.
- 능동문의 목적어였던 '찬형이'가 피동문의 주어가 되었고, 능동문의 주어였던 '시연이'가 '에게'로 바뀌어 행위의 주체를 나타냅니다. 이는 전형적인 피동문 전환의 규칙을 정확히 따릅니다.

---

**다른 보기들이 틀린 이유 (간단히):**

- **A, B, C, D, F, G, I, J**는 모두 **피동(被動)**이 아니라 **사동(使動, ~하게 하다)** 또는 **주동/형용사의 사동화**입니다.
  - 예: A(날리다), B(웃기다), C(읽혔다 - 사동의 의미), D(먹인다), F(닫게 했다), G(먹였다), I(보여 주었다), J(넓히다)는 모두 '~시키다' 또는 '~하게 하다'의 뜻을 가진 사동문입니다.
- **E**는 이미 피동문(쫓긴다)을 능동문(쫓는다)으로 바꾼 것으로, 문제의 요구(능동→피동)와 반대입니다."
Phonetics/Phonology,Phonological Constraints,1,J,J,"정답: **J: 크+어서 = 커서**

이유: ‘크+어서’는 모음 ‘ㅡ’와 ‘ㅓ’가 결합하여 ‘ㅓ’로 줄어드는 **모음과 모음 사이의 배열 제약(모음 축약/탈락)**에 해당하며, 자음과 자음 사이의 제약이 아니다. 나머지는 자음과 자음의 결합에서 일어나는 음운 현상이다."
Phonetics/Phonology,Phonological Alternation,2,C,C,"<보기>의 단어들(값, 외곬, 맑게)에서 공통적으로 나타나는 음운 변동은 **자음군 단순화(겹받침의 단순화)**입니다.  
겹받침(자음군)이 단어 끝이나 자음 앞에서 하나의 자음으로 줄어드는 현상입니다.  

- 값 → [갑] (ㅄ → ㅂ)  
- 외곬 → [외골] (ㄼ → ㄹ)  
- 맑게 → [말께] (ㄺ → ㄹ)  

이제 각 선택지를 살펴보면, **C: 밖**만이 겹받침이 아닌 **단일 자음(ㄲ)**으로 이루어져 있어 자음군 단순화가 일어나지 않습니다.  

- A: 묽고 → [물꼬] (ㄺ → ㄹ)  
- B: 삶 → [삼] (ㄼ → ㅁ)  
- D: 여덟 → [여덜] (ㄼ → ㄹ)  
- E: 읊고 → [읍꼬] (ㄼ → ㅂ)  
- F: 젊다 → [점따] (ㄻ → ㅁ)  
- G: 훑고 → [훌꼬] (ㄾ → ㄹ)  
- H: 넋 → [넉] (ㄳ → ㄱ)  
- I: 닭 → [닥] (ㄺ → ㄱ)  
- J: 앓다 → [알타] (ㄶ → ㄴ)  

**정답: C (밖)**"
Pragmatics,Speech Acts,2,E,E,"정답은 **E**입니다.

**해설:**

- **E: ""다음에는 너도 한 번은 하게 해 주지.""**  
  이 문장은 화자가 청자에게 어떤 행동을 **허락하거나 약속하는 발화**입니다. 즉, ""내가 너에게 하게 해 주겠다""는 의미로, 청자에게 명령하거나 금지하는 힘이 없습니다. (약속/허락의 화행)

- **나머지 보기들**은 모두 청자에게 특정 행동을 하도록 하거나 하지 않도록 하는 **명령(지시)의 기능**을 담고 있습니다.
  - **A**: ""다리 떨면 복 나간다"" → 다리를 떨지 말라는 **간접적 금지 명령** (조건적 경고)
  - **B**: ""조용히 좀 합시다"" → 조용히 하라는 **청유형 명령**
  - **C**: ""한 번만 해 보자"" → 해 보라는 **청유형 명령**
  - **D**: ""대신 해 주면 안될까?"" → 대신 해 달라는 **부탁(간접 명령)**
  - **F**: ""제 차 타고 가세요"" → 타고 가라는 **직접 명령**
  - **G**: ""아이스 아메리카노 한 잔 주세요"" → 음료를 달라는 **직접 명령(요구)**
  - **H**: ""카메라 좀 빌려줄 수 있어?"" → 빌려 달라는 **부탁(간접 명령)**
  - **I**: ""꼬박꼬박 챙겨 먹도록 해라"" → 챙겨 먹으라는 **직접 명령**
  - **J**: ""노래를 크게 틀어대면 어떡합니까?"" → 노래를 크게 틀지 말라는 **간접적 금지 명령** (질문 형식의 꾸짖음)"
Pragmatics,Speech Acts,1,A,A,"정답은 **A: 다음달 안으로 알려 드릴게요.** 입니다.

**이유:**
문제의 예시인 ""저녁에는 정말로 공부할게요.""는 화자가 자신의 미래 행동(공부하기)을 스스로에게 또는 상대방에게 **약속**하거나 **결심**하여 미리 정해 두는 발화입니다. 이는 화자의 의지와 계획이 담긴 '약속'의 언어 행위입니다.

- **A (다음달 안으로 알려 드릴게요):** 화자가 '알려 주는 행동'을 할 것을 미리 정하여 상대방에게 약속하는 발화로, 예시와 가장 유사합니다.
- **B:** 일기예보(예측)에 해당합니다.
- **C, I:** 사회적 관행이나 지시에 해당합니다.
- **D, G:** 화자의 감정이나 심리 상태를 표현한 것입니다.
- **E:** 화자의 판단이나 예상(추측)입니다.
- **F:** 상대방에게 행동을 요구하는 지시입니다.
- **H:** 화자의 능력이나 의지의 부족을 나타냅니다.
- **J:** 화자의 바람(소망)을 나타냅니다."
Pragmatics,Speech Acts,2,G,,[EMPTY_RESPONSE]
Pragmatics,Speech Acts,3,G,,[EMPTY_RESPONSE]
Semantics,Ambiguity,3,J,,[EMPTY_RESPONSE]
Syntax,Argument Structure & Valency,3,E,,[EMPTY_RESPONSE]
Semantics,Ambiguity,1,G,G,G
Syntax,Agreement,2,A,A,"A: 아마추어라고 조롱했다.

이유: “조롱하다”는 목적어를 필요로 하는 타동사이므로 “명창을 아마추어라고 조롱했다”가 자연스럽다. “명창에게 조롱했다”는 호응이 어색하다."
Syntax,Agreement,2,F,,[EMPTY_RESPONSE]
Semantics,Inter-sentence Relations,2,F,F,"F: 네, 전자제품은 파손 안 되게 완충재로 감싸서 보낼게요.

이 답변은 지문에서 요청한 “음식과 옷”과 관련이 없는 전자제품을 언급하고 있어 적절하지 않습니다."
Syntax,Argument Structure & Valency,3,G,,[EMPTY_RESPONSE]
Syntax,Argument Structure & Valency,3,J,A,"꺾쇠 안의 서술어가 요구하는 **자릿수(논항 수)**가 두 자리(주어 + 목적어, 또는 주어 + 필수 부사어)인 것은 **A, F, H, J**입니다.

각 문장을 분석하면 다음과 같습니다.

- **A (감쌌다)**: [주어]가 [목적어(피가 난 곳)]을 감쌌다. → **두 자리** (주어 + 목적어)
- **B (목욕했다)**: [주어]가 목욕했다. → 한 자리 (주어만 필요)
- **C (떠들더라)**: [주어(윗집 아이들)]이 떠들다. → 한 자리 (주어만 필요)
- **D (보냈다)**: [주어]가 [목적어(사과 한 박스)]를 [부사어(아버지께)] 보냈다. → **세 자리** (주어 + 목적어 + 필수 부사어)
- **E (얹으신다)**: [주어(어머니)]가 [목적어(계란)]을 [부사어(떡국에)] 얹다. → **세 자리** (주어 + 목적어 + 필수 부사어)
- **F (대한다)**: [주어(그)]가 [부사어(누구에게나)] 대한다. → **두 자리** (주어 + 필수 부사어)
- **G (예뻐졌더라)**: [주어(걔)]가 예뻐지다. → 한 자리 (주어만 필요)
- **H (달라졌다)**: [주어(얼굴)]이 [부사어(이전과)] 달라지다. → **두 자리** (주어 + 필수 부사어)
- **I (쉬었다)**: [주어]가 쉬었다. → 한 자리 (주어만 필요, '집에서'와 '며칠'은 수의적 부사어)
- **J (가꾼다)**: [주어(누나)]가 [목적어(텃밭)]을 가꾼다. → **두 자리** (주어 + 목적어)

**정리하면, 정답은 A, F, H, J입니다.**"
Semantics,Numeral Classifiers,3,D,H,"정답: **H: 열 개면 충분해 보입니다.**

**해설:**
- **시험 조리용 샘플**을 주문하는 상황이므로, 소량으로 적절한 수량을 선택하는 것이 가장 자연스럽습니다.
- **H (열 개)**는 10마리로, 다양한 조리법을 시험해 보기에 충분하면서도 과하지 않은 적절한 샘플 수량입니다.
- 다른 단위를 살펴보면:
  - **B (두 태)**: '태'는 오징어를 셀 때 쓰는 단위(1태=1마리)이지만, 2마리는 시험 조리용으로 너무 적습니다.
  - **G (열 톳)**: '톳'은 10마리를 뜻하는 단위로, 10톳은 100마리나 되어 샘플 주문으로는 과합니다.
  - **I (한 쾌)**: '쾌'는 20마리를 뜻하는 단위로, 샘플 치고는 많습니다.
  - **A, C, D, E, F, J**는 오징어의 일반적인 계량 단위(장, 다발, 축, 말, 박스, 킬로그램)로 어색하거나 샘플 주문에 비해 과한 양입니다.

따라서 시험 조리용으로 가장 무난하고 적절한 답변은 **H**입니다."
Semantics,Numeral Classifiers,2,E,E,"정답은 **E**입니다.

**이유:**
지문에서 ""잉여 현금의 일정 부분은 금을 좀 사봅시다""라고 하여 **회사가 보유한 여유 현금의 일부**를 금에 투자하자고 제안했습니다.

- **E**는 ""금번 상가 매각 대금 전액으로 30킬로그램 정도 투자하겠습니다""라고 답변합니다. 이는 회사의 특정 자금(상가 매각 대금)을 활용해 구체적이고 현실적인 투자 규모(30kg)를 제시하며, 지문의 제안에 가장 적절하게 대응합니다.
- 다른 보기들은 단위가 부적절하거나(병, 말, 척, 박스, 단), 규모가 터무니없이 적거나(한 량"
Semantics,Numeral Classifiers,1,I,G,"가장 어색한 문장은 **G**입니다.

**이유:**
G: ""꽃 두 다발엔 장미꽃이 각각 한 송이씩 포함되어 있다.""

- **'다발'**은 꽃 여러 송이가 묶여 있는 것을 의미합니다. 그런데 ""각각 한 송이씩""이라고 하면, 한 다발에 꽃이 단 한 송이만 들어 있다는 뜻이 되어 **'다발'이라는 표현 자체가 성립하지 않습니다.** (한 송이면 '한 송이'라고 해야지 '한 다발'이라고 하지 않습니다.)
- 즉, ""꽃 두 다발""이라고 했으면서 그 안에 ""각각 한 송이씩""이라고 한 것은 수량 개념이 서로 모순되어 매우 어색합니다.

**다른 문장들은 모두 자연스러운 이유:**
- A: 책 세 권 (권은 책의 표준 단위)
- B: 종이컵 4개 (개는 일반적인 물건의 단위)
- C: 토마토 20개 (개는 과일/채소의 일반 단위)
- D: 담배 한 보루 (보루는 담배 10갑을 묶은 단위)
- E: 귤 한 바구니 (바구니는 용기 단위)
- F: 좌석 7석 (석은 좌석의 표준 단위)
- H: 연필 한 자루 (자루는 길쭉한 물건의 단위)
- I: 오이 한 장 (장은 얇고 넓적한 조각의 단위)
- J: 차량 한 대 (대는 차량의 표준 단위)

따라서 정답은 **G**입니다."
Semantics,Numeral Classifiers,1,E,E,"정답은 **E**입니다.

**이유:**
'필(匹)'은 주로 **말(馬)**, 소, 노새 같은 큰 가축이나 베/비단(피륙)을 세는 단위입니다. 고양이는 일반적으로 '마리'로 세는 것이 맞습니다.

따라서 **""우리 집엔 고양이가 한 필 있다""** 는 수량 표현(단위 명사)이 맞지 않아 가장 어색한 문장입니다.

올바른 문장은 **""우리 집엔 고양이가 한 마리 있다""** 가 되어야 합니다.

나머지 문장들은 모두 단위 명사가 자연스럽게 쓰였습니다.
- A: 차표(종이) → **장**
- B: 양말(짝을 이룬 것) → **켤레**
- C: 종이(얇은 평면) → **장**
- D: 바위(덩어리) → **덩이**
- F: 오토바이/자동차(탈것) → **대** (오토바이 1대와 자동차 2대, 또는 오토바이와 자동차를 합쳐 2대로 해석 가능)
- G: 샴푸(용기) → **병**
- H: 감자(개별) → **개**, 담는 그릇 → **소쿠리**
- I: 우유(팩 포장) → **팩**
- J: 구름(작은 점) → **점**, 새(동물) → **마리**"
Syntax,Embedded Clauses,3,I,,[EMPTY_RESPONSE]
Syntax,Agreement,1,B,,[EMPTY_RESPONSE]
Syntax,Agreement,3,I,,[EMPTY_RESPONSE]
Syntax,Embedded Clauses,3,D,,[EMPTY_RESPONSE]
Semantics,Ambiguity,3,F,,[EMPTY_RESPONSE]
Phonetics/Phonology,Phonological Alternation,3,F,,[EMPTY_RESPONSE]
Semantics,Word Relationships,2,G,,[EMPTY_RESPONSE]
Syntax,Embedded Clauses,2,B,B,"정답은 **B**입니다.

**해설:**

<보기>의 원리에 따르면, 안긴 문장의 서술어 자릿수는 그 문장을 독립된 문장으로 복원했을 때 서술어가 요구하는 필수 성분(주어, 목적어, 보어 등)의 개수와 같습니다.

각 보기의 안긴 문장을 복원하여 서술어의 자릿수를 계산해 보겠습니다.

- **A**: '인생의 동반자'를 불러줄 거라고 → **너는 나에게 '인생의 동반자'를 불러준다.** (주어, 간접목적어, 직접목적어 필요) → **3자리**
- **B**: 
  - '너를 그리워하면' → **네가 너를 그리워한다.** (주어, 목적어 필요) → 2자리
  - **'비가 온다는 사실'** → **비가 온다.** (주어만 필요) → **1자리** ✅
- **C**: '민수가 축구를 잘 한다는 사실' → **민수가 축구를 잘 한다.** (주어, 목적어 필요) → **2자리**
- **D**: '뭔가 첨삭을 한 부분' → **(누군가가) 뭔가 첨삭을 한다.** (주어, 목적어 필요) → **2자리**
- **E**: '네가 내게 뛰어난 축구선수가 되고 싶다는 말' → **네가 뛰어난 축구선수가 되고 싶다.** (주어, 보어 필요) → **2자리**
- **F**: '민수가 시험을 통과하는 것' → **민수가 시험을 통과한다.** (주어, 목적어 필요) → **2자리**
- **G**: '내가 그와 함께 사랑을 속삭였던 날들' → **내가 사랑을 속삭였다.** (주어, 목적어 필요, '그와 함께'는 필수적 부사어가 아님) → **2자리**
- **H**: '민수가 숙제를 제출하지 않은 것' → **민수가 숙제를 제출하지 않는다.** (주어, 목적어 필요) → **2자리**
- **I**: '학생들이 수업 자료를 가져오지 않기 때문이라고' → **학생들이 수업 자료를 가져오지 않는다.** (주어, 목적어 필요) → **2자리**
- **J**: '그때 어른이 아니었다고' → **내가 그때 어른이 아니었다.** (주어, 보어 필요) → **2자리**

따라서 안긴 문장의 서술어 자릿수가 1개(주어 1개만 필요)인 것은 **B**의 '비가 온다는 사실'입니다."
Syntax,Embedded Clauses,1,C,C,"정답은 **C**입니다.

**C: 그이는 나를 내 친구가 소개해줬다고 말했다. -> 인용절 안긴 문장**  
→ '내 친구가 소개해줬다고'가 '말했다'의 내용을 인용하며, '-다고'로 끝나는 **인용절**이 맞습니다.

---

**나머지 보기들의 오류 분석:**

- **A, B, D, E, F, H, I, J**는 모두 **관형절(안긴 문장)**입니다.  
  (뒤에 오는 명사(날, 인물, 새, 떡볶이 집, 친구, 메뉴, 말, 친구)를 수식하며, '-은', '-는', '-ㄹ', '-던' 등으로 끝납니다.)

  - A: '일하고 싶지 않은' → '날' 수식 (관형절)
  - B: '우리가 이제 만날' → '인물' 수식 (관형절)
  - D: '날아다니는' → '새' 수식 (관형절)
  - E: '어제 내가 학교에서 친구들과 함께 간' → '떡볶이 집' 수식 (관형절)
  - F: '너무나 어른 같았던' → '친구' 수식 (관형절) → **안긴 문장 있음**
  - H: '내가 어제 먹은' → '메뉴' 수식 (관형절)
  - I: '내가 너를 좋아하겠다는' → '말' 수식 (관형절) → **조건절 아님**
  - J: '내가 옛날에 밥을 사 줬던' → '친구' 수식 (관형절)

- **G: ""오늘 만나 뵐 수 있어서 영광입니다.""**  
  → '오늘 만나 뵐 수 있어서'가 '영광입니다'의 이유를 나타내므로 **부사절**입니다. (안긴 문장 없음이 아니라 **부사절 안긴 문장**이 맞습니다.)

따라서 올바르게 분류된 것은 **C**뿐입니다."
Semantics,Numeral Classifiers,1,E,E,"정답은 **E**입니다.

**이유:**
'말'은 곡식, 액체, 가루 등의 부피를 재는 단위(약 18리터)입니다. 쇠고기처럼 무게로 거래하는 육류에는 '말'이라는 단위를 사용할 수 없습니다. 고기는 주로 '근'(600g)이나 'kg' 단위를 사용합니다.

따라서 E 문장은 **""쇠고기 한 근이 이렇게 비싸다니 놀랍다.""** 또는 **""쇠고기 1kg이 이렇게 비싸다니 놀랍다.""** 정도로 고치는 것이 자연스럽습니다.

**다른 보기들의 분류사는 모두 올바르게 쓰였습니다.**
- A: 안건 + **건**(件) - 서류/사건을 세는 단위
- B: 연극 + **막**(幕) - 연극이나 오페라의 단락을 세는 단위
- C: 쌀 + **되** - 곡식을 세는 부피 단위
- D: 논 + **평**(坪) - 넓이 단위, 쌀 + **가마** - 곡식을 담는 자루 단위
- F: 동전 + **닢** - 납작한 물건(동전, 종이 등)을 세는 단위
- G: 논 + **마지기** - 논밭 넓이 단위, 쌀 + **석**(石) - 곡식 부피 단위
- H: 말(馬) + **필**(匹) - 말이나 소를 세는 단위
- I: 기출문제 + **개년**(個年) - 해의 수를 세는 단위
- J: 굴비 + **두름** - 조기나 굴비를 10마리씩 두 줄로 엮은 묶음을 세는 단위"
Semantics,Numeral Classifiers,1,G,G,G: 한 권 남았어요.
Semantics,Semantic Compatibility,1,D,D,"정답은 **D: 이해관계를 인상하다**입니다.

**이유:**
- **'인상하다'**는 주로 물가, 임금, 요금 등을 **'올리다'**라는 뜻으로 쓰이거나, 어떤 대상에 **'강한 느낌을 주다'**라는 뜻으로 쓰입니다.
- **'이해관계'**는 서로 얽히고설킨 이익과 손해의 관계를 의미하므로, '올리거나' '느낌을 주는' 대상이 될 수 없습니다. 
- 따라서 '이해관계'와 호응하는 자연스러운 서술어는 **'고려하다', '따지다', '조정하다', '반영하다'** 등이 되어야 합니다. (예: 이해관계를 고려하다)

**다른 보기들은 모두 의미적으로 자연스러운 호응 관계입니다.**
- A: 사리사욕을 탐하다 (탐욕스럽게 구하다)
- B: 노력이 가상하다 (훌륭하고 장하다)
- C: 명장면을 재생하다 (다시 보여주다)
- E: 공간이 협소하다 (좁다)
- F: 몸을 사리다 (몸을 움츠리거나 조심하다)
- G: 포로를 송환하다 (돌려보내다)
- H: 염분을 함유하다 (성분으로 지니다)
- I: 전공을 살리다 (활용하다)
- J: 법안을 숙려하다 (깊이 생각하고 헤아리다)"
Morphology,Word Formation,3,G,C,"<보기>의 단어 형성 방식은 **‘둘 이상의 실질 형태소(어근)가 결합하여 단어를 형성하는 방식’**, 즉 **‘합성법(复合词)’**입니다.  

주어진 보기에서 합성어(复合词)에 해당하는 단어는 **C(날생선)**와 **G(소나무)**입니다.

- **C. 날생선** = `날`(실질 형태소, 형용사 어근) + `생선`(실질 형태소, 명사) → 둘 다 실질 형태소이므로 **합성어**입니다.  
- **G. 소나무** = `솔`(실질 형태소, 명사) + `나무`(실질 형태소, 명사) → '솔'이 '소'로 바뀌었지만, 둘 다 실질 형태소이므로 **합성어**입니다.

**다른 보기들에 대한 간단한 설명** (파생어, 즉 실질 형태소 + 접사):
- **A. 선생님** = `선생`(실질) + `-님`(접사, 높임)
- **B. 지우개** = `지우-`(실질, 동사 어간) + `-개`(접사, 도구)
- **D. 개살구** = `개-`(접사, 야생/질이 낮음을 뜻함) + `살구`(실질)
- **E. 울보** = `울-`(실질, 동사 어간) + `-보`(접사, 사람)
- **F. 시동생** = `시-`(접사, 남편의 친족을 뜻함) + `동생`(실질)
- **H. 슬픔** = `슬프-`(실질, 형용사 어간) + `-ㅁ`(접사, 명사화)
- **I. 놀이** = `놀-`(실질, 동사 어간) + `-이`(접사, 명사화)
- **J. 암탉** = `암-`(접사, 암컷을 뜻함) + `탉`(실질)

따라서 정답은 **C, G**입니다."
Syntax,Embedded Clauses,3,D,D,"정답은 **D**입니다.

**해설:**
- **D (평양냉면은 맛이 삼삼하다.)**에서 안긴 문장은 **'맛이 삼삼하다'**입니다. 이 문장은 전체 문장의 주어인 '평양냉면은'을 서술하는 역할을 하므로, 안긴 문장의 역할이 **서술어(서술절)**입니다.

**다른 보기들의 안긴 문장 역할:**
- **A**: '홍일점인' → 관형어(관형절)
- **B**: '산방산에 방문했음' → 주어(명사절)
- **C**: '사실주의 작품을 접하기는' → 주어(명사절)
- **E**: '그대도 아시다시피' → 부사어(부사절)
- **F**: '소화전이 사라져서' → 부사어(부사절)
- **G**: '일어를 독학하기란' → 주어(명사절)
- **H**: '천문학적 액수를 배상한' → 관형어(관형절)
- **I**: '환갑잔치가 열린' → 관형어(관형절)
- **J**: '소각로가 어딘지' → 목적어(명사절)"
Syntax,Embedded Clauses,2,F,F,"정답은 **F: 밀렵꾼이 말버릇이 참 고약하다.** 입니다.

**해설:**

- **안긴문장(내포절)**이란 하나의 문장이 다른 문장 안에서 마치 하나의 문장 성분처럼 쓰이는 것을 말합니다.
- 이때 안긴문장이 전체 문장에서 **서술어**의 역할을 하는 경우를 **서술절**이라고 합니다.

**F 문장 분석:**
- **주어:** 밀렵꾼이
- **서술어(안긴문장):** 말버릇이 참 고약하다
  - 여기서 '말버릇이'는 안긴문장의 주어, '고약하다'는 안긴문장의 서술어입니다.
  - 즉, '말버릇이 참 고약하다'라는 절(節)이 전체 문장의 서술어 구실을 하고 있습니다. (이중주어문 구조)

**다른 보기들의 안긴문장 역할:**
- **A:** 골리앗을 무찌른 (→ 관형사절, '다윗' 수식)
- **B:** 매니저가 비디오카메라를 어디에 뒀는지가 (→ 주어절, '밝혀졌다'의 주어)
- **C:** 주교가 불러서 (→ 부사절, '갔다'의 이유/원인)
- **D:** 다리가 붓도록 (→ 부사절, '러닝을 했다'의 정도/결과)
- **E:** 산모의 코가 매부리코임을 (→ 목적어절, '망각했다'의 목적어)
- **G:** 매일 의식주를 해결하기가 (→ 주어절, '고되다'의 주어)
- **H:** 수하물을 잃어버린 (→ 관형사절, '여행객들' 수식)
- **I:** 감자조림을 잘하시는 (→ 관형사절, '고모님' 수식)
- **J:** 달동네가 언제 철거되었는지 (→ 목적어절, '몰랐다'의 목적어)

따라서 안긴문장의 역할이 '서술어'인 것은 **F**입니다."
Syntax,Argument Structure & Valency,1,D,,[EMPTY_RESPONSE]
Syntax,Argument Structure & Valency,3,I,,[EMPTY_RESPONSE]
Syntax,Agreement,2,I,,[EMPTY_RESPONSE]
Syntax,Argument Structure & Valency,2,C,C,"정답: **C**

**해설:**

<보기>의 서술어 **'신기다'**는 **3자리 서술어(3항 술어)**입니다.  
- **누가** (주어, 생략됨)  
- **무엇에게/어디에** (여격/처격: 아이의 다리에)  
- **무엇을** (목적어: 스타킹을)  

즉, 주어 + 여격/처격 + 목적어의 세 자릿수를 요구합니다.

**C의 '곁들이다'**도 동일한 구조입니다.  
- **누가** (주어, 생략됨: '당신이')  
- **무엇에** (여격/처격: 망고에)  
- **무엇을** (목적어: 버터를)  

따라서 **주어 + 여격/처격 + 목적어**의 3자리 서술어로 <보기>와 같습니다.

---

**다른 선택지 분석:**
- **A**: '엎질러지다' - 주어(알코올이) + 처격(양팔에) → 2자리 (피동문)
- **B**: '찾아뵙다' - 주어(제자가) + 목적어(스승님을) → 2자리
- **D**: '펴내다' - 주어(신문사가) + 목적어(교과서를) → 2자리
- **E**: '구기다' - 주어(그는) + 목적어(얼굴을) → 2자리 (두통으로는 부사어)
- **F**: '지지하다' - 주어(생략) + 목적어(뭐든) → 2자리
- **G**: '쉬워지다' - 주어(교육이) → 1자리
- **H**: '쇠다' - 주어(생략) + 목적어(명절을) → 2자리
- **I**: '퇴원하다' - 주어(생략) → 1자리
- **J**: '만지작거리다' - 주어(생략) + 목적어(꿀떡만) → 2자리"
Syntax,Argument Structure & Valency,2,E,E,"정답은 **E**입니다.

**<보기> 분석:**
- **서술어:** 배분했다 (分配)
- **요구하는 자릿수(논항):** 
  1. 주어 (谁) - 생략됨
  2. 목적어 (什么) - 자산을
  3. 부사어/여격 (给谁) - 친자식에게
- 즉, **3자리 서술어(3항 동사)**입니다. (주어 + 목적어 + 부사어)

**E 분석:**
- **서술어:** 예금했다 (存入)
- **요구하는 자릿수:**
  1. 주어 (谁) - 생략됨
  2. 목적어 (什么) - 자금을
  3. 부사어/여격 (在哪里/何处) - 은행에
- 즉, **3자리 서술어(3항 동사)**입니다. (주어 + 목적어 + 부사어)

**다른 선택지 검토:**
- **A (틀어지고 있다):** 주어 1자리 (1항)
- **B (선양하겠다):** 주어 + 목적어 2자리 (2항, '~으로'는 필수적 부사어가 아닌 도구 부사어)
- **C (몸서리났다):** 주어 1자리 (1항, '~에'는 원인 부사어로 필수 아님)
- **D (착지했다):** 주어 + 부사어(장소) 2자리 (2항)
- **F (휩싸였다):** 주어 + 부사어(도구/원인) 2자리 (2항)
- **G (투입되었다):** 주어 + 부사어(장소) 2자리 (2항)
- **H (부라렸다):** 주어 + 목적어 2자리 (2항)
- **I (급변했다):** 주어 1자리 (1항, '~으로'는 원인 부사어로 필수 아님)
- **J (고조되고 있다):** 주어 1자리 (1항)

따라서 <보기>와 같이 **주어, 목적어, 부사어(여격/처소)** 세 자리를 요구하는 것은 **E**입니다."
Semantics,Semantic Compatibility,3,C,,[EMPTY_RESPONSE]
Semantics,Semantic Compatibility,2,B,,[EMPTY_RESPONSE]
Semantics,Semantic Compatibility,2,C,,[EMPTY_RESPONSE]
Semantics,Semantic Compatibility,3,B,J,"정답은 **J**입니다.

**해설:**

지문 **""광어는 [도다리] 같다""**에서 괄호 안의 **[도다리]**는 **'광어'**라는 대상을 다른 대상(도다리)에 빗대어 그 유사성(생김새가 비슷함)을 표현하는 **비유(직유)의 대상(喻體)** 역할을 합니다. 즉, '~같다'를 통해 원관념(광어)을 보조관념(도다리)에 비유하고 있습니다.

**선지 분석:**
- **J: ""[천사] 같은 우리 선생님이 좋다.""** -> '선생님'이라는 원관념을 '천사'라는 보조관념에 '같은'을 사용해 비유하고 있습니다. 지문과 동일하게 **직유법**을 사용했으며, 괄호 안의 단어가 **비유의 대상(보조관념)** 역할을 합니다. (가장 유사함)

**다른 선지 분석:**
- **A:** '성장'은 단순한 사실을 말함 (비유 아님).
- **B:** '동생'은 비교의 대상이지 비유의 대상이 아님 (비교법).
- **C:** '것 같다'는 추측을 나타냄 (비유 아님).
- **D, F, I:** 단순한 사실 진술 (비유 아님).
- **G:** '횟감'은 참치의 속성이나 용도를 직접 지칭 (비유 아님).
- **H:** '차다'는 날씨의 상태를 직접 표현 (비유 아님).

따라서 의미적 역할이 가장 유사한 것은 **J**입니다."
Semantics,Semantic Compatibility,3,B,F,"**F**  
[돌부리]는 구체적인 사물로, 그것에 걸려 넘어지는 원인이 되는 대상입니다.  
**F**의 [다리]도 친구가 내민 다리에 걸려 넘어지는 원인이 되는 대상으로, 의미적 역할이 가장 유사합니다."
Semantics,Semantic Compatibility,3,B,,[EMPTY_RESPONSE]
Semantics,Semantic Compatibility,1,B,B,"정답: **B: [손], [목소리]**

**이유:**  
- **[손]**은 “만지작거리는” 동작을 할 때 사용하는 **도구/수단**의 의미역입니다.  
- **[목소리]**는 “회의를 시작하는” 행위를 할 때 사용하는 **수단/도구**의 의미역입니다.  

둘 다 동작을 수행하는 데 쓰이는 **수단(도구)**의 의미적 역할을 하므로 가장 유사합니다."
Semantics,Semantic Compatibility,2,F,F,"F: [동식이], [강아지]"
Syntax,Embedded Clauses,2,I,I,"정답: **I**

**I: 옛이야기를 해주시던 할머니가 그리워.**

- 여기서 **""옛이야기를 해주시던""**이 관형절로, 명사 **""할머니""**를 수식하고 있습니다.  
- 관형절은 주어가 생략되었지만 목적어(""옛이야기를"")와 서술어(""해주시던"")를 갖춘 절로, 명사를 꾸미는 역할을 합니다.  
- 따라서 이 문장은 관형절을 안은 문장입니다."
Syntax,Embedded Clauses,2,B,,[EMPTY_RESPONSE]
Syntax,Embedded Clauses,2,D,D,"정답은 **D**입니다.

각 문장에서 안긴 문장(절)의 역할을 분석해 보겠습니다.

- **A**: 이 돼지고기는 **비계가 어찌나 많은지.** → (뒤에 이어질 서술어가 생략된 불완전한 문장이나, 일반적으로 '놀랍다' 등이 이어질 때) '비계가 어찌나 많은지'는 **부사절** 역할을 합니다. (단, 단독으로 쓰여 문장이 완결되지 않았지만, 안긴문장의 역할로 보면 정도를 나타내는 부사어에 해당)
- **B**: **꽃샘추위를 이겨 내기가** 더욱 버거워졌다. → '꽃샘추위를 이겨 내기가'는 문장의 주어 역할을 하는 **명사절**입니다. (주어)
- **C**: **남편이 사실 불임이 아녔음이** 드러났다. → '남편이 사실 불임이 아녔음이'는 문장의 주어 역할을 하는 **명사절**입니다. (주어)
- **D**: 나는 **밤이 새도록** 삼나무만을 응시했다. → '밤이 새도록'은 '응시했다'라는 동작이 지속된 시간(정도)을 나타내며, '밤이 새도록'이라는 절이 부사어(시간 부사어)의 기능을 합니다. 즉, **부사절**입니다. (시간을 나타내는 부사어)
- **E**: 바깥양반은 **내가 그를 얼마나 변호했는지** 몰랐다. → '내가 그를 얼마나 변호했는지'는 '몰랐다'의 목적어 역할을 하는 **명사절**입니다. (목적어)
- **F**: **대교 옆에 있는** 대관람차 타보셨습니까? → '대교 옆에 있는'은 '대관람차'를 수식하는 **관형절**입니다. (관형어)
- **G**: **사탕수수에서 짠** 즙은 보통 달지 않나? → '사탕수수에서 짠'은 '즙'을 수식하는 **관형절**입니다. (관형어)
- **H**: **어제 나한테 샤프심을 빌려준** 애가 여기 있어? → '어제 나한테 샤프심을 빌려준'은 '애'를 수식하는 **관형절**입니다. (관형어)
- **I**: **삯바느질이 뭔지** 제대로 알고 싶어요. → '삯바느질이 뭔지'는 '알고 싶어요'의 목적어 역할을 하는 **명사절**입니다. (목적어)
- **J**: 이 도시는 **산업화가 상당히 진행되었다.** → '산업화가 상당히 진행되었다'는 주어 '이 도시는'에 대해 설명하는 **서술절**입니다. (서술어)

따라서 안긴 문장의 역할이 '부사어'인 것은 **D**입니다."
Syntax,Embedded Clauses,2,F,F,"정답은 **F**입니다.

**해설:**

- **F: 불화살이 딸꾹질하던 빈민에게 명중했다.**
  - 안긴 문장(내포절)은 **""딸꾹질하던""**입니다.
  - 이는 동사 ""딸꾹질하다""에 관형사형 어미 **'-던'**이 결합하여 뒤의 명사 **""빈민""**을 수식하고 있습니다.
  - 따라서 이 안긴 문장의 역할은 문장 안에서 **관형어(수식어)**입니다.

**다른 보기들의 역할 분석:**
- **A**: ""수면제를 복용하기를"" → 명사절(목적어)
- **B**: ""사망률이 낮지 않다"" → 인용절(서술어)
- **C**: ""출산율을 높이기에"" → 부사절(이유/목적)
- **D**: ""실력도 없이"" → 부사절(양보)
- **E**: ""작품이 자연주의에 입각했음"" → 명사절(목적어)
- **G**: ""원정군이 끝내 적군을 섬멸했음"" → 명사절(주어)
- **H**: ""학식이 비범한가 보다"" → 서술절(서술어)
- **I**: ""무엇이 출토되었는지"" → 명사절(주어)
- **J**: ""탈출구가 좁다"" → 서술절(서술어)"
Syntax,Embedded Clauses,1,F,F,"정답은 **F**입니다.

**해설:**
- **F (아까 녹여둔 밥을 꺼내오너라.)**에서 **'아까 녹여둔'**이 뒤에 오는 명사 **'밥'**을 수식하는 **관형어(관형절)**의 역할을 합니다. '녹여두- + -ㄴ'의 관형사형 어미가 사용되어 명사를 꾸며주고 있습니다.

**다른 보기들의 안긴문장 역할 분석:**
- **A**: '기사가 약속을 지키기를' → 명사절 (목적어 역할, '-기를')
- **B**: '하품이 나도록' → 부사절 (정도/상태, '-도록')
- **C**: '만두를 더 먹기에' → 부사절 (이유, '-기에')
- **D**: '남매가 안전벨트를 매는지' → 명사절 (주어 역할, '-는지')
- **E**: 안긴문장 없음 (단일문, '지능이 아주 높다'는 서술절)
- **G**: 안긴문장 없음 (단일문, '성격이 독하다'는 서술절)
- **H**: 안긴문장 없음 (단일문, '맛이 구수하다'는 서술절)
- **I**: '고양이의 눈동자가 커졌음을' → 명사절 (목적어 역할, '-음을')
- **J**: '모든 조건을 맞추기' → 명사절 (주어 역할, '-기')"
Syntax,Embedded Clauses,2,J,J,"정답은 **J**입니다.

**해설:**
**J (막둥이는 도망치다시피 뛰어나갔다.)**에서 **'도망치다시피'**는 연결어미 **'-다시피'**가 쓰인 절입니다. 이 절은 주어(막둥이)가 생략되어 있지만 '도망치다'라는 서술어를 갖추고 있으며, 뒤의 본문장 '뛰어나갔다'를 '도망치는 것처럼'이라는 방식으로 수식하는 **부사절** 역할을 합니다.

**다른 보기들이 안은 문장이 아닌 이유:**
- **A**: '이기주의자가 너의 이상형임을' → 명사절 (목적어, '-음을')
- **B**: 단문 (안은문장이 아님)
- **C**: '흐느끼던' → 관형사절 (후보자 수식)
- **D**: '도망치기란' → 명사절 (주어, '-기란')
- **E**: 단문 (안은문장이 아님)
- **F**: '덮어씌우는지' → 명사절 (목적어, '-는지')
- **G**: '입대하는' → 관형사절 (아들 수식)
- **H**: '고칠지가' → 명사절 (주어, '-ㄹ지가')
- **I**: '있는' → 관형사절 (작업실 수식)"
Pragmatics,Discourse Principles,2,H,H,"正确答案：**H. 을은 의도적으로 대화의 관련성을 위반함으로써 갑의 말에 반박하고 있다.**

解释：  
갑이 “하던 일은 이제 거의 다 됐겠네”라고 추측하자, 을은 직접 “아니야, 아직 안 끝났어”라고 반박하지 않고 “오늘 야근 확정이야”라고 말한다. 이는 표면적으로 갑의 말과 직접 관련되지 않은 정보를 제시함으로써, “일이 아직 끝나지 않아 야근해야 한다”는 뜻을 간접적으로 전달해 갑의 추측을 반박하는 것이다. 따라서 의도적으로 관련성을 위반하여 반박하는 방식으로 볼 수 있다."
Pragmatics,Discourse Principles,1,H,,[EMPTY_RESPONSE]
Syntax,Agreement,2,H,,[EMPTY_RESPONSE]
Syntax,Agreement,3,E,E,"정답은 **E: 그는 분명 나를 업신여기고 있다.** 입니다.

**해설:**
'-고 있'은 크게 두 가지 의미로 쓰입니다.
1. **동작의 진행**: 어떤 행동이 지금 막 진행 중임을 나타냄 (예: 밥을 먹고 있다).
2. **상태의 지속**: 어떤 동작이 끝난 후 그 결과나 상태가 유지되거나, 심리 상태가 계속 유지됨을 나타냄.

- **E (업신여기고 있다)**: '업신여기다'는 마음속으로 얕보거나 깔보는 **심리 동사**입니다. 이 경우 '-고 있'은 동작의 진행이 아니라, 그런 **심리적 상태가 지속**되고 있음을 나타냅니다. (→ '업신여기는 상태이다')

**다른 보기들 분석 (모두 '동작의 진행'):**
- A: 흡입하고 있다 (들이마시는 동작 진행)
- B: 협의하고 있다 (의논하는 동작 진행)
- C: 자전하고 있다 (도는 동작 진행)
- D: 우려내고 있다 (차를 우리는 동작 진행)
- F: 조준하고 있다 (겨누는 동작 진행)
- G: 주물럭거리고 있다 (만지는 동작 진행)
- H: 증발하고 있다 (기체로 변하는 동작 진행)
- I: 야옹거리고 있다 (우는 동작 진행)
- J: 찜질하고 있다 (찜질하는 동작 진행)

따라서 '상태의 지속'을 나타내는 것은 **E**입니다."
Syntax,Agreement,1,A,,[EMPTY_RESPONSE]
Syntax,Agreement,3,A,A,"정답은 **A**입니다.

**이유:**
'-고 있'은 크게 두 가지 의미로 쓰입니다.

1. **동작의 진행**: 어떤 동작이 현재 진행 중임을 나타냄 (예: 밥을 먹고 있다)
2. **상태의 유지**: 어떤 상태가 계속 유지되고 있음을 나타냄 (예: 꽃이 피어 있다)

각 보기를 분석해 보면:

- **A**: 아기가 곤히 잠들어 **새근거리고 있다** → '새근거리다'는 숨을 쉬는 신체적 동작으로, 현재 그 동작이 실제로 진행되고 있는 것을 나타냅니다. **(동작의 진행)**
- **B**: 경멸하고 있다 → 심리 상태의 유지
- **C**: 불사하고 있다 → 태도/의지의 유지
- **D**: 문제시되고 있다 → 피동 표현으로 상태의 유지
- **E**: 겸비하고 있다 → 상태의 유지
- **F**: 간주하고 있다 → 인식 상태의 유지
- **G**: 감안하고 있다 → 인식 상태의 유지
- **H**: 가중되고 있다 → 피동 표현으로 변화된 상태의 유지
- **I**: 복받치고 있다 → 감정 상태의 유지
- **J**: 갈망하고 있다 → 심리 상태의 유지

따라서 실제 신체적 동작이 눈에 보이게 진행되고 있는 것은 **A**가 유일합니다."
Syntax,Agreement,1,F,F,"정답은 **F**입니다.

**해설:**

'-고 있'은 크게 두 가지 의미로 쓰입니다.

1. **진행(동작의 계속)**: 어떤 동작이 지금 막 이루어지고 있는 중임을 나타냄. (예: 밥을 먹고 있다)
2. **상태의 지속(결과 상태의 유지)**: 동작이 끝난 후 그 결과나 상태가 계속 유지되고 있음을 나타냄. 주로 동작이 아닌 심리 상태나 변화의 결과를 나타내는 동사에 붙습니다.

각 보기를 살펴보면,

- **A, B, C, D, E, G, H, I, J**는 모두 '검토하다', '기록하다', '갈아타다', '만지작거리다', '시청하다', '뒤척이다', '마시다', '건네주다', '구출하다'와 같은 **동작 동사**에 붙어 **동작이 현재 진행 중**임을 나타냅니다.
- **F (조마조마하고 있다)**: '조마조마하다'는 동작이 아니라 **심리 상태를 나타내는 형용사(상태 동사)**입니다. 이 경우 '-고 있'은 동작의 진행이 아니라, 그 심리적 상태가 계속 유지되고 있음(상태의 지속)을 나타냅니다.

따라서 '상태의 지속'의 의미로 쓰인 것은 **F**입니다."
Syntax,Agreement,1,E,,[EMPTY_RESPONSE]
Syntax,Agreement,1,B,B,"정답은 **B: 햄스터가 내 발을 간지럽히고 있다.** 입니다.

**해설:**

'-고 있'은 크게 두 가지 의미로 쓰입니다.

1. **동작의 진행**: 어떤 동작이 현재 진행 중임을 나타냄 (예: 밥을 먹고 있다).
2. **상태의 유지 (결과 상태)**: 동작이 끝난 후 그 결과나 상태가 지속됨을 나타내거나, 심리/감정/태도 등의 상태가 지속됨을 나타냄 (예: 꽃이 피어 있다, 그를 사랑하고 있다).

각 보기를 분석하면 다음과 같습니다.

- **A. 멋모르고 있다**: '멋모르다'는 인식/상태를 나타내는 동사로, '모르는 상태'가 유지됨을 뜻합니다. (상태 유지)
- **B. 간지럽히고 있다**: '간지럽히다'는 신체적 접촉을 나타내는 구체적인 동작 동사로, 지금 그 동작이 실제로 진행 중임을 나타냅니다. **(동작의 진행)**
- **C. 실감하고 있다**: '실감하다'는 심리 동사로, '실감하는 상태'가 유지됨을 뜻합니다. (상태 유지)
- **D. 공경하고 있다**: '공경하다'는 태도/심리 동사로, '공경하는 마음'을 지니고 있는 상태를 뜻합니다. (상태 유지)
- **E. 동정하고 있다**: '동정하다'는 심리 동사로, '동정하는 마음'을 품고 있는 상태를 뜻합니다. (상태 유지)
- **F. 발끈하고 있다**: '발끈하다'는 순간적인 감정 변화를 나타내는 동사로, '-고 있'과 결합하여 '발끈한 상태'가 유지됨을 뜻합니다. (상태 유지)
- **G. 소외되고 있다**: '소외되다'는 피동사로, '소외된 상태'가 유지됨을 뜻합니다. (상태 유지)
- **H. 부러워하고 있다**: '부러워하다'는 심리 동사로, '부러워하는 마음'을 지니고 있는 상태를 뜻합니다. (상태 유지)
- **I. 염려하고 있다**: '염려하다'는 심리 동사로, '염려하는 마음'을 지니고 있는 상태를 뜻합니다. (상태 유지)
- **J. 구별되고 있다**: '구별되다'는 피동사로, '구별된 상태'가 유지됨을 뜻합니다. (상태 유지)

따라서 실제로 눈에 보이는 동작이 지금 이 순간 진행되고 있는 것은 **B**가 유일합니다."
Syntax,Agreement,1,H,,[EMPTY_RESPONSE]
Phonetics/Phonology,Phonological Alternation,2,B,B,"<보기>의 '값[갑]'에서 나타난 음운 현상은 **자음군 단순화(겹받침의 단순화)**입니다.  
겹받침(자음군) 'ㅄ'이 음절 끝에서 'ㅂ' 하나만 발음되는 현상입니다.

각 선택지를 분석해 보면:

- **A: 외곬** → [외골] (겹받침 'ㄼ' → 'ㄹ'로 단순화)  
- **B: 깎다** → [깍따] (받침 'ㄲ'은 **겹받침이 아닌 단일 자음**입니다. 따라서 자음군 단순화가 일어나지 않고, 음절 끝소리 규칙과 된소리되기만 적용됩니다.)  
- **C: 읊고** → [읍꼬] (겹받침 'ㄼ' → 'ㅂ'으로 단순화)  
- **D: 값** → [갑] (겹받침 'ㅄ' → 'ㅂ'으로 단순화, 보기와 동일)  
- **E: 맑게** → [막께] (겹받침 'ㄺ' → 'ㄱ'으로 단순화)  
- **F: 넓다** → [널따] (겹받침 'ㄼ' → 'ㄹ'로 단순화)  
- **G: 넋** → [넉] (겹받침 'ㄳ' → 'ㄱ'으로 단순화)  
- **H: 훑고** → [훌꼬] (겹받침 'ㄾ' → 'ㄹ'로 단순화)  
- **I: 밝지** → [박찌] (겹받침 'ㄺ' → 'ㄱ'으로 단순화)  
- **J: 묽고** → [물꼬] (겹받침 'ㄺ' → 'ㄹ'로 단순화)

따라서 자음군 단순화가 나타나지 않는 것은 **B: 깎다**입니다.

**정답: B**"
Pragmatics,Speech Acts,1,D,D,"주어진 문장 **'제출해야 하는 서류의 종류에는 무엇이 있습니까?'**는 상대방에게 정보를 요구하는 **'질문'**의 유형입니다.  

이와 같은 유형(질문)의 예로 가장 적절한 것은 **D**입니다.  

- **D: 다름이 아니라 기한이 언제까지인지 궁금합니다.**  
  → 상대방에게 '기한'이라는 정보를 묻고 있으므로 전형적인 **질문**입니다.  

**다른 보기 분석**  
- A: 나한테도 관심 좀 기울이지 그래? → **명령/요구** (관심을 기울이라는 요청)  
- B: 제가 짜증이 안 나게 생겼습니까? → **감정 표현** (짜증을 유발하는지 되묻는 반어적 표현)  
- C: 예매는 온라인을 통해서만 가능합니다. → **진술** (사실 정보 전달)  
- E: 우리 내일부터 같이 운동할래요? → **청유** (함께 하자고 제안)  
- F: 다음에는 제가 먼저 전화 드리겠습니다. → **약속** (향후 행동을 약속)  
- G: 그런 일이 생기면 나한테 먼저 알려야 하지 않을까? → **명령/요구** (알리라는 의무 부과)  
- H: 이번 주 중으로 계약이 종료될 예정입니다. → **진술** (사실 정보 전달)  
- I: 기분 전환도 할 겸 산책이나 갈까? → **청유** (함께 가자고 제안)  
- J: 그래 가지고 어느 세월에 하겠냐? → **감정 표현** (답답함/비꼼)  

따라서 정답은 **D**입니다."
Phonetics/Phonology,Phonological Alternation,3,C,,[EMPTY_RESPONSE]
Phonetics/Phonology,Phonological Alternation,3,I,,[EMPTY_RESPONSE]
Pragmatics,Implicature,2,D,D,"정답은 **D**입니다.

**해설:**
- **D**에서 을은 ""경기도 늘 보러 가는 걸요""라고 답하며, 이는 농구를 좋아한다는 **긍정**의 의미를 담고 있습니다. 따라서 부정이나 거절에 해당하지 않습니다.

**다른 보기들 분석:**
- **A**: ""가족과 함께 보내고 싶어요"" → 캠핑 제안을 돌려서 거절함.
- **B**: ""아직 배불러"" → 삼겹살 먹자는 제안을 거절함.
- **C**: ""방금 처음 만났어요"" → '친하다'는 사실을 부정함.
- **E**: ""좀 있다 커피나 마실까 해"" → 아침을 안 먹었음을 간접적으로 부정(시인)함.
- **F**: ""그냥 택시 타고 갈게요"" → 데려다 주겠다는 호의를 거절함.
- **G**: ""갑자기 할 일이 생각 났어요"" → 커피 제안을 거절함.
- **H**: ""오늘은 좀 그런데요"" → 영화 보러 가자는 제안을 완곡하게 거절함.
- **I**: ""잘 하긴 뭘 잘 해?"" → 공부를 잘한다는 말을 부정함.
- **J**: ""전 됐어요"" → 음식을 권유하는 말을 거절함.

따라서 부정 및 거절을 표하지 않는 경우는 **D**입니다."
Syntax,Argument Structure & Valency,3,B,J,"정답은 **J: 건립하다**입니다.

**이유:**
서술어의 자릿수란 문장이 성립하기 위해 필수적으로 요구되는 논항(주어, 목적어, 보어, 필수적 부사어)의 개수를 말합니다. 어떤 서술어는 문맥에 따라 자릿수가 1항(주어만) 또는 2항(주어+목적어/부사어)으로 달라질 수 있지만, 어떤 서술어는 항상 고정된 자릿수를 요구합니다.

각 단어를 살펴보면:

- **A. 우물거리다**: 1항(그가 우물거린다) / 2항(말을 우물거리다) → 변화 가능
- **B. 목매다**: 1항(그가 목맸다) / 2항(성공에 목매다) → 변화 가능
- **C. 상속하다**: 2항(아들이 재산을 상속하다) / 3항(아들이 아버지에게서 재산을 상속하다) → '에게서'가 필수는 아니므로 2항과 3항 모두 가능 → 변화 가능
- **D. 반발하다**: 1항(그가 반발했다) / 2항(정책에 반발하다) → 변화 가능
- **E. 더듬거리다**: 1항(그가 더듬거린다) / 2항(주머니를 더듬거리다) → 변화 가능
- **F. 스미다**: 1항(물이 스민다) / 2항(물이 옷에 스민다) → 변화 가능
- **G. 평정하다**: 동사로 쓰이면 2항(군대가 반란을 평정하다), 형용사로 쓰이면 1항(마음이 평정하다) → 변화 가능
- **H. 넘나들다**: 1항(그가 넘나든다) / 2항(국경을 넘나들다) → 변화 가능
- **I. 재다**: 동사로 쓰이면 2항(길이를 재다), 형용사로 쓰이면 1항(그가 재다) → 변화 가능
- **J. 건립하다**: 항상 주어와 목적어를 필요로 하는 타동사로, 2항으로 고정됩니다. (예: ""그는 기념비를 건립했다."") 1항으로 쓰이거나 3항으로 쓰일 수 없습니다.

따라서 맥락에 따라 서술어의 자릿수가 달라질 수 없는 단어는 **J: 건립하다**입니다."
Syntax,Argument Structure & Valency,1,F,,[EMPTY_RESPONSE]
Syntax,Argument Structure & Valency,3,D,,[EMPTY_RESPONSE]
Syntax,Agreement,2,E,A,"정답은 **A, D, E, I**입니다.

각 문장에서 쓰인 '-겠'의 의미 용법을 하나씩 분석해 보겠습니다.

**올바르게 연결된 것 (정답)**

- **A**: ""박치기를 처벌할 방안이 **있겠습니까**?"" 
  → '-겠'이 의문문에서 쓰여 현재 상황으로 보아 해결 방안이 없을 것이라는 **추측**을 나타냅니다. (반어적 표현)
- **D**: ""그는 골프에 있어서는 고집불통이라 **할 수 있겠다**.""
  → '-겠'이 근거를 바탕으로 한 **추측**을 나타냅니다. (""~라고 볼 수 있다""는 판단)
- **E**: ""스트레스가 그렇게 많으니 **힘들겠네**.""
  → '-겠'이 앞의 상황(스트레스)을 근거로 상대방의 상태를 **추측**하여 표현합니다.
- **I**: ""중학생들이 세계사를 **배울 수 있겠나**?""
  → '-겠'이 의문문에서 중학생들이 세계사를 배우기 어렵다는 **추측**을 나타냅니다. (반어적 표현)

---

**나머지 보기들이 틀린 이유**

- **B**: ""갈비찜 모형이랑 순두부 모형을 **만들어 보겠어요**.""
  → '-겠'이 화자의 **의지**를 나타냅니다. (가능이 아님)
- **C**: ""신입생을 위한 공연 신청서를 **작성해 주겠니**?""
  → '-겠'이 상대방의 **의지**를 묻거나 부탁하는 **의향**을 나타냅니다. (가능이 아님)
- **F**: ""겨울잠을 자고 나면 벚꽃을 **보러 가겠어**.""
  → '-겠'이 미래의 일에 대한 화자의 **의지**를 나타냅니다. (완곡이 아님)
- **G**: ""양면테이프는 손질할 좋은 수단이 **될 수 있을 것입니다**.""
  → '-을 것'이 가능성이나 **추측**을 나타냅니다. (의지가 아님)
- **H**: ""이 불안이 성취를 위한 것임을 **증명하겠다**.""
  → '-겠'이 화자의 강한 **의지**를 나타냅니다. (추측이 아님)
- **J**: ""어금니 크기만 한 공깃돌도 **있을지도 모르겠습니다**.""
  → '-겠'이 불확실한 가능성에 대한 **추측**을 나타냅니다. (의지가 아님)

**결론적으로**, '-겠'과 '-을 것'이 '추측'의 의미로 쓰인 문장은 **A, D, E, I**이며, 이들이 올바르게 연결된 보기입니다."
Syntax,Embedded Clauses,3,C,C,"정답은 **C**입니다.

**해설:**

- **C: 엄마는 제주도에서 생각에 잠기곤 한다.**
  이 문장은 주어(엄마는)와 서술어(잠기곤 한다)가 하나씩만 있는 **홑문장(단문)**입니다. '잠기곤 한다'에서 '곤 하다'는 보조 용언으로, 문장 속에 다른 절(안긴문장)이 들어있지 않습니다.

**나머지 보기들이 안은문장인 이유:**

- **A:** '누나가 미국으로 떠났다는'가 '사실'을 꾸미는 **관형사절**입니다.
- **B:** '자녀의 성적에 분노한'이 '학부모'를 꾸미는 **관형사절**입니다.
- **D:** '출산이 쉽다고'가 '이야기했어'에 안긴 **인용절**입니다.
- **E:** '혀가 데이도록'이 '뜨겁다'를 수식하는 **부사절**입니다.
- **F:** '내 동생이 먼저 취직했음을'이 '부정하고 싶다'의 목적어 역할을 하는 **명사절**입니다.
- **G:** '문구점 앞에서 묵찌빠를 하던'이 '아이들'을 꾸미는 **관형사절**입니다.
- **H:** '삼촌보다 분리수거를 잘 하기'가 '어렵다'의 주어 역할을 하는 **명사절**입니다.
- **I:** '필력이 매우 좋다'가 주어 '이 소설가는'의 서술어 역할을 하는 **서술절**입니다.
- **J:** '투표가 시작되었다고'가 '전했다'에 안긴 **인용절**입니다.

따라서 안은문장이 아닌 것은 **C**입니다."
Syntax,Embedded Clauses,3,J,,[EMPTY_RESPONSE]
Syntax,Embedded Clauses,2,E,E,"주어진 문장 중 **안은 문장(내포문)**은 **E**입니다.

**이유:**
- **E: ""의사는 흑사병이 완치될 수 없음을 호언장담했다.""**
  - 이 문장은 **""흑사병이 완치될 수 없음""**이라는 명사절(절)이 문장 안에 들어가서, 주절의 서술어 **""호언장담했다""**의 **목적어** 역할을 하고 있습니다.
  - 즉, 하나의 문장(흑사병이 완치될 수 없다)이 다른 문장(의사는 ~을 호언장담했다) 속에 **'~음'**이라는 명사형 전성어미로 안겨 있는 전형적인 **명사절이 안긴 문장**입니다.

**다른 보기들에 대한 간단한 설명:**
- **A, B, C, F, G, H, I, J**: 모두 주어와 서술어가 하나만 있는 **단문(홑문장)**입니다.
- **D: ""제 잘못에 대해 항상 회개하도록 하겠습니다.""**
  - 겉보기에 절이 있는 것처럼 보이지만, **'-도록 하다'**는 보조용언 구성으로 굳어져 하나의 서술어처럼 쓰이므로 단문으로 분류됩니다. (만약 '-도록'을 부사절로 본다면 안은 문장이 될 수 있으나, 표준 학교 문법에서는 단문으로 봅니다.)

따라서 정답은 **E**입니다."
Syntax,Embedded Clauses,2,E,E,"정답은 **E**입니다.

**이유:**
'안은 문장'은 한 문장 안에 다른 문장(절)이 마치 하나의 성분(주어, 목적어, 수식어 등)처럼 들어가 있는 문장을 말합니다.

- **E (아주버니는 사람 보는 안목이 대단하시다.)**  
  이 문장은 **""사람을 보다""**라는 절이 **""안목""**이라는 명사를 수식하는 **관형절(수식절)**로 안겨 있습니다.  
  즉, `[사람 보는] 안목`에서 `사람 보는`이 `안목`을 꾸며주는 절이므로 전형적인 **안은 문장**입니다.

**다른 보기들 분석:**
- **A, B, C, D, F, H, I, J**: 모두 홑문장(단문)으로, 절이 안겨 있지 않습니다.
- **G (봄기운이 완연하지만 기분은 별로 좋지 못해요.)**: 두 문장이 '하지만'으로 이어진 **이어진 문장(접속문)**입니다. 절이 성분으로 안긴 것이 아니라 대등하게 연결된 형태이므로 안은 문장이 아닙니다."
Syntax,Embedded Clauses,1,E,E,"정답은 **E**입니다.

**이유:**
'안은문장'은 한 문장 안에 다른 문장(절)이 마치 하나의 성분(주어, 목적어, 부사어 등)처럼 들어가 있는 문장을 말합니다.

- **E (내 친구가 그 배우는 뭔가 어설프다고 하더라.)**는  
  ""그 배우는 뭔가 어설프다""라는 **절**이 **'-다고'**라는 인용격 조사(또는 연결어미)를 통해 **'하다'**의 목적어(인용절)로 안겨 있습니다. 즉, 문장 속에 절이 하나의 성분으로 내포되어 있는 **안은문장(내포문)**입니다.

**다른 보기 분석:**
- **A, B, C, F, G, H, I** : 단일 절로만 이루어진 **홑문장(단문)**입니다.
- **D (어제부터 여드름이 났지만, 피부과에 가진 않을거야.)** : 두 개의 절이 대등하게 이어진 **이어진문장(접속문/중문)**입니다. (안은문장이 아님)
- **J (학생들의 항의로 지원 기간이 연장되었다.)** : '학생들의 항의'는 명사구일 뿐, 절(서술어를 가진 단위)이 아니므로 홑문장입니다."
Syntax,Embedded Clauses,2,C,C,"정답은 **C: 관희는 의외로 인상이 좋다.** 입니다.

**해설:**
'안은 문장'은 한 문장 안에 다른 문장(절)이 한 성분(주어, 목적어, 부사어, 서술어 등)으로 안겨 있는 문장을 말합니다.

- **C (관희는 의외로 인상이 좋다):** 이 문장은 **'인상이 좋다'**라는 하나의 절(주어+서술어)이 전체 문장의 **서술어** 역할을 하는 **서술절**이 안긴 문장입니다. (이중 주어문 구조)

**다른 문장들 분석:**
- **A, B, D, G, I:** 단어(부사, 조사 등)만으로 꾸며질 뿐, 절이 안겨 있지 않은 **홑문장**입니다.
- **E (불도저마냥...):** '불도저마냥'은 '마냥'이라는 조사가 붙은 부사어일 뿐, 절이 아닙니다.
- **F (이제서야...):** '당신의 말이'는 명사구(관형어+명사)일 뿐, 절이 아닙니다.
- **H (저 애는...):** '웃곤 한다'는 보조용언 구문으로, 절이 안긴 것이 아니라 단일 서술어입니다.
- **J (그 탤런트의...):** '그 탤런트의'는 관형어(관형격 조사 '의')일 뿐, 관형사절이 아닙니다."
Syntax,Embedded Clauses,2,D,,[EMPTY_RESPONSE]
Syntax,Embedded Clauses,3,H,,[EMPTY_RESPONSE]
Syntax,Argument Structure & Valency,2,C,,[EMPTY_RESPONSE]
Semantics,Rhetorical Expressions,2,J,J,"<보기>의 상황은 “환율 변동으로 부도 위기를 겪었으나, 신제품 개발로 새로운 활로(수익 창출)를 찾아 신성장 동력을 얻었다”는 내용입니다. 즉, 환율 문제는 과거의 위기였고, 신제품 개발은 그 위기를 극복하게 해 준 긍정적인 사건입니다.

각 문장을 분석해 보겠습니다.

- **A**: 경제 여건 변화로 경영 방침을 정하기 어려웠다는 것은 위기 상황을 적절히 설명합니다. (적절)
- **B**: 신제품 성공으로 안심하고 잘 수 있다는 것은 위기 극복 후의 안도감을 나타냅니다. (적절)
- **C**: 환율 때문에 난항을 겪었다는 것은 위기 상황을 그대로 설명합니다. (적절)
- **D**: 신제품 개발로 길을 뚫었다는 것은 새로운 활로를 찾은 것을 비유적으로 잘 표현합니다. (적절)
- **E**: 전에는 환율 문제로 발목이 잡혔다는 것은 과거의 위기를 설명합니다. (적절)
- **F**: 신제품 개발 성공 시 천하를 얻은 듯 기뻐했을 것이라는 것은 성공의 기쁨을 적절히 표현합니다. (적절)
- **G**: 위기를 해결하려고 팔소매를 걷어붙였다는 것은 위기 극복을 위한 노력을 나타냅니다. (적절)
- **H**: 회사가 어려웠을 때 눈물이 앞을 가렸을 것이라는 것은 위기 상황의 슬픔을 표현합니다. (적절)
- **I**: 환율로 타격을 입은 시기에 눈이 캄캄했을 것이라는 것은 위기의 심각성을 표현합니다. (적절)
- **J**: **“신제품이 회사의 성공에 냉수를 끼얹은 격이네.”** -> ‘냉수를 끼얹다’는 ‘분위기를 깨뜨리거나 기세를 꺾다’라는 부정적인 의미입니다. 하지만 <보기>에서 신제품은 회사의 위기를 해결하고 성공을 가져온 **긍정적인 요인**입니다. 따라서 신제품이 성공에 부정적 영향을 줬다는 이 표현은 상황과 정반대이므로 **적절하지 않습니다.**

**정답: J**"
Semantics,Rhetorical Expressions,1,J,J,J: 지현이는 발등에 불똥이 떨어졌다.
Syntax,Argument Structure & Valency,3,I,,[EMPTY_RESPONSE]
Semantics,Semantic Compatibility,1,I,I,"정답은 **I: 벽이 물감을 칠한다.** 입니다.

**이유:**
서술어 **'칠한다'**는 주어가 직접 행동하는 **능동의 의미**를 가집니다. 따라서 주어는 행동을 하는 **행위자(주체)**가 되어야 합니다. 

하지만 '벽'은 스스로 물감을 칠할 수 없는 무생물이며, 실제로는 물감이 칠해지는 **대상(객체)**입니다. 즉, 주어와 서술어의 의미 관계가 성립하지 않아 **의미적으로 호응하지 않는 비문**입니다.

올바르게 고치면 다음과 같습니다.
- **사람이 벽에 물감을 칠한다.** (능동문)
- **벽에 물감이 칠해진다.** (피동문)"
Semantics,Semantic Compatibility,3,I,I,"정답은 **I**입니다.

**이유:**
'달리다'는 다의어로, 다음과 같은 두 가지 의미가 있습니다.

1. **달리다¹ (동사)**: 빠르게 뛰다. (주어: 사람, 동물 등)
   - 예: **강아지가** 마당을 **달린다.**

2. **달리다² (동사)**: 어떤 것이 일정한 곳에 붙거나 매달리다. 또는 (부정적 현상이나 긍정적 현상이) 생기거나 발생하다. (주어: 사물, 현상 등)
   - 예: 게시판에 **댓글이** 많이 **달린다.**

따라서 '강아지'와 '댓글' 모두 '달리다'의 주어가 될 수 있으므로 I가 가장 적절합니다.

---

**다른 보기들이 틀린 이유:**

- **A**: '기르다'의 주어는 사람(행위자)이어야 합니다. '고양이'는 '기르다'의 목적어가 되며, '등잔'은 주어가 될 수 없습니다. (예: 사람이 고양이를 기른다)
- **B**: '꿈을 꾸다'가 올바른 표현입니다. '꿈이 사람을 꾸다'는 주어와 목적어가 뒤바뀐 비문입니다.
- **C**: '아동을 부르다'는 자연스럽지만, '노래가 부르다'는 어색합니다. '노래를 부르다'가 맞습니다. ('부르다'는 타동사로 목적어를 취해야 함)
- **D**: '미소를 띠다'는 자연스럽지만, '간격을 띠다'는 어색합니다. '간격을 두다'가 맞습니다.
- **E**: '대바늘'이 '도덕관을 가르친다'는 것은 의미적으로 성립하지 않는 비유입니다.
- **F**: '계획을 세우다'와 '건물을 세우다'는 모두 자연스러운 표현입니다. (건물을 세우다 = 건축하다)
- **G**: '문풍지를 속삭이다'는 어색합니다. '문풍지'가 '바스락거린다' 등이 자연스럽습니다.
- **H**: '제정하다'는 법률, 규칙, 예산 등을 만드는 것이므로 '일간지'는 목적어가 될 수 없습니다. (일간지를 창간하다/발행하다)
- **J**: '바람이 불다'가 올바른 표현입니다. '바람을 불다'는 비문입니다. (바람은 주어로 쓰임)"
Semantics,Conjunctions,1,D,D,D
Semantics,Conjunctions,1,F,,[EMPTY_RESPONSE]
Syntax,Agreement,3,C,F,"정답은 **F**입니다.

**이유:**
<보기>의 절 ""그는 권위 있는 한 관공서의 직원이""는 뒤에 오는 절에서 **주어(직원이)** 역할을 합니다. 즉, ""그는 [직원이 ~한/하는] 것을 ..."" 또는 ""그는 [직원이 ~한] ...을 ...""의 구조로 호응해야 합니다.

각 보기를 연결해 보면:

- **A**: 그는 직원이 **진술한** 의도를 간파했다. (직원이 진술함 → 자연스러움)
- **B**: 그는 직원이 **선임한** 세무 대리인을 검토했다. (직원이 선임함 → 자연스러움)
- **C**: 그는 직원이 **협의하는** 것을 보았다. (직원이 협의함 → 자연스러움)
- **D**: 그는 직원이 정치를 **계획하고 있다고** 생각했다. (직원이 계획함 → 자연스러움)
- **E**: 그는 직원이 **걸레질하는** 것을 보았다. (직원이 걸레질함 → 자연스러움)
- **F**: 그는 직원이 **누락한 정보를 재촉했다.** (직원이 정보를 누락함 → '누락한 정보'는 맞지만, **'정보를 재촉했다'**가 어색함. '재촉하다'는 사람이나 행동을 상대로 하는 것이지, 무생물인 '"
Syntax,Argument Structure & Valency,3,F,B,"정답은 **B, D**입니다.

**해설:**

서술어가 요구하는 자릿수(필수적 논항)는 동사의 성격에 따라 다릅니다. 
- **한 자리(1항)**: 주어만 필요 (자동사, 피동사)
- **두 자리(2항)**: 주어 + 목적어 (타동사) 또는 주어 + 보어 (계사)
- **세 자리(3항)**: 주어 + 목적어 + 부사어(여격/도구 등) (수여동사, 사동사 등)

각 문장을 분석하면 다음과 같습니다.

- **A (나부끼고)**: '나부끼다'는 주어(깃발이)만 필요로 하는 **1항(자동사)**입니다. (망루에서는, 이미는 부사어)
- **B (적재하세요)**: '적재하다'는 주어(생략된 '당신')와 목적어(금속 코일을)를 필요로 합니다. '화물트럭에는'은 장소 부사어이므로 필수 논항이 아닙니다. 따라서 **2항(타동사)**입니다. ✅
- **C (밀봉되었다)**: '밀봉되다'는 피동사로, 주어(편지들이)만 필요로 하는 **1항**입니다. (실링 왁스로는 도구 부사어)
- **D (파병했다)**: '파병하다'는 주어(군부에서)와 목적어(특수부대를)를 필요로 합니다. '동맹 국가에'는 방향 부사어이지만, '파병하다'의 의미상 '어디에'가 필수적일 수 있으나, 문법적으로 목적어가 핵심이며 '국가에'는 수여/방향 부사어로 분류됩니다. 그러나 표준국어대사전 및 학교 문법에서 '파병하다'는 '군대를 보내다'라는 뜻으로 목적어를 필수적으로 요구하는 **2항(타동사)**로 봅니다. (주어+목적어) ✅
- **E (명명했다)**: '명명하다'는 주어(호이징가가) + 목적어(인간을) + 부사어(호모 루덴스로)를 필요로 하는 **3항(수여동사)**입니다. (명명하다 = 이름을 지어 부르다, '~라고'가 필수)
- **F (출토되었다)**: '출토되다'는 피동사로, 주어(공예품들이)만 필요로 하는 **1항**입니다. (호수 밑바닥에서, 신라 시대의는 부사어/관형어)
- **G (창궐했다)**: '창궐하다'는 주어(코로나 바이러스가)만 필요로 하는 **1항(자동사)**입니다. (근 2년간, 전세계에, 는 부사어)
- **H (헛발질했다)**: '헛발질하다'는 주어(그가)만 필요로 하는 **1항(자동사)**입니다. (득점 찬스에서, 공중에, 는 부사어)
- **I (도리질했다)**: '도리질하다'는 주어(꼬마가)만 필요로 하는 **1항(자동사)**입니다. (말에, 는 부사어)
- **J (알선해주었다)**: '알선해주다'는 주어(브로커가) + 목적어(시술소를) + 부사어(내게)를 필요로 하는 **3항(수여동사)**입니다. (알선하다 = 어떤 일이 잘 되도록 소개하다, '~에게 ~을' 구조)

따라서 두 자리(주어+목적어)를 요구하는 것은 **B(적재하다)**와 **D(파병하다)**입니다."
Syntax,Agreement,2,A,,[EMPTY_RESPONSE]
Syntax,Agreement,1,G,D,D
Syntax,Argument Structure & Valency,2,D,,[EMPTY_RESPONSE]
Semantics,Inter-sentence Relations,1,F,F,"F: 좋아하는 프로그램의 생방송을 놓쳤다.

퇴근이 일찍 끝났다면 생방송을 **놓칠** 이유가 없기 때문에 맥락상 가장 부적절합니다."
Semantics,Inter-sentence Relations,1,E,,[EMPTY_RESPONSE]
Semantics,Semantic Compatibility,3,A,,[EMPTY_RESPONSE]
Semantics,Semantic Compatibility,3,B,I,"정답: **I: [회사3], [집1]**

이유:  
- **[집1]**은 “**[집1]에서 [회사2]까지**”에서 이동의 **출발점**으로 쓰였고,  
- **[회사3]**은 “**[회사3]에서 [집2]까지**”에서 역시 이동의 **출발점**으로 쓰였습니다.

둘 다 조사 **‘에서’**가 붙어 **출발점/근원지**라는 동일한 의미적 역할을 합니다.  
다른 선지들은 출발점, 도착점, 처소 등이 섞여 있어 의미적 역할이 같지 않습니다."
Syntax,Argument Structure & Valency,3,H,,[EMPTY_RESPONSE]
Morphology,POS & Morphemes,3,B,,[EMPTY_RESPONSE]
Syntax,Argument Structure & Valency,3,A,,[EMPTY_RESPONSE]
Morphology,Verbal Conjugation,3,C,,[EMPTY_RESPONSE]
Syntax,Ellipsis,3,D,,[EMPTY_RESPONSE]
Phonetics/Phonology,Phonological Constraints,2,H,H,"정답은 **H: 오뚝이**입니다.

**이유:**
한국어의 모음조화는 **양성모음(ㅏ, ㅗ)** 과 **음성모음(ㅓ, ㅜ)** 이 서로 어울려 쓰이는 규칙입니다. 
- 양성모음: ㅏ, ㅗ (밝고 가벼운 느낌)
- 음성모음: ㅓ, ㅜ (어둡고 무거운 느낌)
- 중성모음: ㅣ, ㅡ (어느 쪽과도 잘 어울림)

**오뚝이**는 '오(ㅗ - 양성)'와 '뚝(ㅜ - 음성)'이 한 단어 안에 섞여 있어 모음조화를 **어긴** 대표적인 예시입니다. (원래 모음조화 규칙대로라면 '오또기' 또는 '우뚝이' 형태가 되어야 하지만, 표준어는 '오뚝이'로 굳어졌습니다.)

**다른 보기들은 모두 모음조화를 지킨 예시입니다:**
- **A (먹어):** 먹(ㅓ) + 어(ㅓ) → 음성 + 음성 (지킴)
- **B (퐁당퐁당):** 퐁(ㅗ) + 당(ㅏ) → 양성 + 양성 (지킴)
- **C (퍼레지다):** 퍼(ㅓ) + 레(ㅔ) → 음성 계열 (지킴)
- **D (막았다):** 막(ㅏ) + 았(ㅏ) → 양성 + 양성 (지킴)
- **E (숨어):** 숨(ㅜ) + 어(ㅓ) → 음성 + 음성 (지킴)
- **F (깎아):** 깎(ㅏ) + 아(ㅏ) → 양성 + 양성 (지킴)
- **G (알록달록):** 알(ㅏ) + 록(ㅗ) + 달(ㅏ) + 록(ㅗ) → 모두 양성 (지킴)
- **I (설렁설렁):** 설(ㅓ) + 렁(ㅓ) → 모두 음성 (지킴)
- **J (모락모락):** 모(ㅗ) + 락(ㅏ) → 모두 양성 (지킴)"
Syntax,Argument Structure & Valency,2,B,B,"정답은 **B**입니다.

**해설:**

서술어의 자릿수란 서술어(동사/형용사)가 문장 성립을 위해 필수적으로 요구하는 문장 성분(주어, 목적어, 보어, 필수적 부사어)의 개수를 말합니다.

**<보기> 분석:**
- **피해자에게** (필수적 부사어, 1)
- **용서를** (목적어, 1)
- **(너가)** (주어, 1 - 생략됨)
- 서술어: **빌어라** (빌다)
- **자릿수: 3개** (주어 + 부사어 + 목적어) → 3자리 서술어

**B 분석:**
- **큰누나에게** (필수적 부사어, 1)
- **무어라고** (인용절/목적어 역할, 1)
- **(너가)** (주어, 1 - 생략됨)
- 서술어: **대꾸해서는** (대꾸하다)
- **자릿수: 3개** (주어 + 부사어 + 목적어/인용절) → 3자리 서술어

**다른 선택지 분석:**
- **A (등록되었다):** 주어(문화재가) + 부사어(국보에) → **2자리**
- **C (합심할 수 있었다):** 주어(주민 모두가) + (덕분에, 부사어는 필수 아님) → **1자리**
- **D (급증하고 있다):** 주어(반대표가) + (요즈음, 부사어는 필수 아님) → **1자리**
- **E (설계되지 않았다):** 주어(인생은) + (처음부터, 그렇게는 필수 아님) → **1자리**
- **F (고뇌했다):** 주어(나는) + (원한에, 부사어는 필수 아님) → **1자리**
- **G (부르터 버렸다):** 주어(발이) + (날씨에, 부사어는 필수 아님) → **1자리**
- **H (바글거린다):** 주어(소금물이) + (프라이팬 위에서, 부사어는 필수 아님) → **1자리**
- **I (쏘였다):** 주어(그가) + 부사어(일개미에게) → **2자리** (피동문)
- **J (버려지고 싶지 않다):** 주어(생략) + 부사어(친가로부터) → **2자리** (피동문)

따라서 <보기>와 같이 **3자리 서술어**를 가진 것은 **B**입니다."
Syntax,Argument Structure & Valency,1,D,,[EMPTY_RESPONSE]
Syntax,Argument Structure & Valency,2,I,I,"<보기>의 서술어 '덧나다'는 **주어 한 자리만 요구하는 1자리 서술어(자동사)**입니다.  
(위염이 - 주어 / 덧나 있었다)

이제 각 선택지의 서술어가 요구하는 자릿수를 분석해 보겠습니다.

- **A**: 취급하다 → '호른과 색소폰을'(목적어) + '같은 부류로'(부사어) + (생략된 주어) = **3자리**
- **B**: 공급하다 → '우리 공단에서는'(주어) + '조선소에'(부사어) + '모터를'(목적어) = **3자리**
- **C**: 물색하다 → (생략된 주어) + '개최지를'(목적어) = **2자리**
- **D**: 투입하다 → '소장님이'(주어) + '인력을'(목적어) + '공사판에'(부사어) = **3자리**
- **E**: 대체하다 → (생략된 주어) + '카레라이스를'(목적어) + '오므라이스로'(부사어) = **3자리**
- **F**: 헤집다 → '누군가'(주어) + '돌무덤을'(목적어) = **2자리**
- **G**: 간파하다 → '시어머님께서는'(주어) + '속내를'(목적어) = **2자리**
- **H**: 클릭하다 → (생략된 주어) + '아이콘을'(목적어) = **2자리**
- **I**: 타오르다 → '집념이'(주어)만 요구함. ('비아냥거리는 말에'는 필수적 부사어가 아닌 수의적 부사어) = **1자리**
- **J**: 채찍질하다 → '그 단장은'(주어) + '선수단을'(목적어) = **2자리**

따라서 <보기>의 '덧나다'와 같이 **1자리 서술어**인 것은 **I**입니다.

**정답: I**"
Syntax,Argument Structure & Valency,3,G,,[EMPTY_RESPONSE]
Pragmatics,Implicature,3,E,,[EMPTY_RESPONSE]
Syntax,Argument Structure & Valency,1,F,,[EMPTY_RESPONSE]
Syntax,Argument Structure & Valency,2,H,,[EMPTY_RESPONSE]
Syntax,Argument Structure & Valency,3,J,,[EMPTY_RESPONSE]
Pragmatics,Discourse Principles,2,D,,[EMPTY_RESPONSE]
Pragmatics,Social Relationship Marking,2,G,E,"정답은 **E**입니다.

**이유:**
E 보기에서 갑은 을을 **""선생님""**이라고 부르며 자리를 양보하고, 을은 갑을 **""젊은 학생""**이라고 지칭합니다. 두 사람이 서로를 '선생님'과 '학생'으로 직접 호칭하며 대화하고 있으므로, 가장 명확하게 **사제 관계(師弟關係, 스승과 제자)**임을 알 수 있습니다.

**다른 보기 분석:**
- **A:** 갑이 '선생님'이라고 부르지만, 을의 반말과 불손한 태도로 보아 단순히 나이 많은 어른을 높여 부르는 경우이거나 갑을 무시하는 상황입니다. (사제 관계로 보기 어려움)
- **B:** 두 사람이 과거 중학교 때를 회상하며 같은 추억을 나누고 있으므로 **동창 관계**입니다.
- **C:** 제품을 소개하고 둘러보겠다는 대화로 **판매원과 고객**의 관계입니다.
- **D:** 신분증을 요구하고 학생증을 묻는 상황으로 **공공기관 직원과 민원인(학생)**의 관계입니다.
- **F:** 급하게 먹는 것을 걱정하고 수업에 간다고 하므로 **가족(부모-자녀) 또는 친구** 관계로 볼 수 있습니다.
- **G:** 상담 주간에 부모님을 모시고 오라는 말은 선생님이 학생에게 할 수 있는 말이지만, 을이 '엄마'라고 부르는 것으로 보아 갑이 선생님인지 확실하지 않고, 호칭이 직접 드러나지 않아 E보다 명확하지 않습니다.
- **H:** 갑이 '얘들아'라고 하며 선생님처럼 행동하지만, 을이 ""왜 자꾸 선생님처럼 말하냐""고 묻는 것으로 보아 갑은 **학생(또래)**입니다.
- **I:** 급식 이야기를 하는 것으로 보아 을은 학생이고 갑은 가족(부모)으로 추정되나, 사제 관계가 아닙니다.
- **J:** 귀가 시간을 묻고 답하는 대화로 **가족(부모-자녀)** 관계입니다.

따라서 서로를 '선생님'과 '학생'으로 직접 호칭하며 존중하는 **E**가 사제 관계의 예로 가장 적절합니다."
Pragmatics,Speech Acts,2,C,,[EMPTY_RESPONSE]
Pragmatics,Speech Acts,3,F,F,"정답은 **F**입니다.

**해설:**

먼저, 제시된 문장 **""이제 그만 나가 주셔야겠습니다.""**의 행위적 기능(화행)을 분석해 보겠습니다.  
이 문장은 표면적으로는 화자의 판단이나 필요성을 진술하는 형태(""-야겠다"")이지만, 실제로는 상대방에게 **""나가 달라""**는 **간접적인 명령/요구(지시)**를 수행합니다. 즉, 상대방의 행동을 요구하는 '지시 화행'입니다.

이제 각 보기의 행위적 기능을 살펴보겠습니다.

- **A**: ""밥을 먹기 전에 손을 씻어야 착한 어린이겠지요?"" → '착한 어린이'라는 조건을 내세워 손을 씻으라는 **간접 명령**입니다. (지시)
- **B**: ""이제 네가 갔다올 때도 되지 않았니?"" → 시간이 되었다는 점을 환기시켜 가라고 **간접 명령**하는 것입니다. (지시)
- **C**: ""그건 지지니까 만지면 못써요."" → '뜨겁다'는 이유를 들어 만지지 말라는 **간접 금지(명령)**입니다. (지시)
- **D**: ""급해서 그런데 더 빨리 가주실 수 있을까요?"" → 능력(가능성)을 물어 더 빨리 가달라는 **간접 요청**입니다. (지시)
- **E**: ""내일 오후 열차로 예약해 줬으면 해."" → 화자의 바람을 표현하여 예약해 달라는 **간접 요청**입니다. (지시)
- **F**: ""시간도 늦었는데 자리를 옮길까요?"" → 상대방과 함께 자리를 옮기자고 하는 **간접 제안/권유**입니다. 이는 상대방에게 어떤 행동을 강요하거나 요구하는 '지시'가 아니라, 화자와 청자가 함께 행동할 것을 제안하는 '제안'의 기능을 합니다. 따라서 주어진 문장의 '명령/요구'와는 유형이 다릅니다.
- **G**: ""출력물은 메일로 전달 드린 주소로 보내 주시면 감사하겠습니다."" → 감사하다는 표현으로 보내 달라는 **간접 요청**입니다. (지시)
- **H**: ""교실 너희가 전세냈어?"" → 교실을 전세 낸 것처럼 오래/편하게 있지 말고 나가라는 **간접 명령(꾸짖음)**입니다. (지시)
- **I**: ""오늘 있었던 일에 대해 너희 부모님은 몰랐으면 좋겠어."" → 부모님이 모르셨으면 좋겠다는 바람을 빌어, 부모님께 말하지 말라는 **간접 요청/경고**입니다. (지시)
- **J**: ""내가 이제 시험지를 나눠줄 테니 모두 보던 책은 집어넣자."" → 시험지를 나눠준다는 조건을 들어 책을 집어넣으라는 **간접 명령**입니다. (지시)

따라서, 다른 보기들이 모두 상대방에게 특정 행동을 하도록 하는 '지시 화행(명령, 요구, 금지, 요청)'인 반면, **F만이 함께 하기를 제안하는 '제안 화행'**이므로, 주어진 문장과 동일한 유형의 행위적 기능을 간접적으로 수행하는 예로 가장 옳지 않은 것은 **F**입니다."
Pragmatics,Speech Acts,2,A,E,"정답은 **E**입니다.

**이유:**
E(선생이 공연히 건드리지 않아도 그냥 두면 알아서 잘 할 거야.)는 청자에게 특정 행동을 하거나 하지 말라고 요구하는 **명령/요청(지시 화행)**이 아니라, 어떤 상황에 대한 **단언/진술(주장, 평서문)**입니다. 화자가 자신의 생각이나 예측을 말할 뿐, 청자에게 직접적인 행동을 지시하거나 요청하는 힘(Directive force)을 가지고 있지 않습니다.

**다른 보기들 분석 (모두 명령/요청의 기능을 수행함):**
- **A**: ""하게 해 주지"" → 허락을 구하며 상대방이 행동하게 하는 **요청/제안**
- **B**: ""해 주면 안될까?"" → 의문형을 통한 **간접 요청**
- **C**: ""빌려줄 수 있어?"" → 의문형을 통한 **간접 요청**
- **D**: ""타고 가세요"" → 직접적인 **명령/권유**
- **F**: ""조용히 좀 합시다"" → 청유형을 통한 **명령/요청**
- **G**: ""주세요"" → 직접적인 **요청**
- **H**: ""챙겨 먹구"" → 명령형 어미를 통한 **명령/부탁**
- **I**: ""어떡합니까?"" → 의문형을 빌려 비난하며 행동을 중단시키려는 **간접 명령**
- **J**: ""다리 떨면 복 나간다"" → 경고를 통해 다리를 떨지 말라는 **간접 명령/금지** (조건문 형식이지만 청자의 행동을 통제하려는 지시 기능을 가짐)"
Syntax,Embedded Clauses,2,G,,[EMPTY_RESPONSE]
Syntax,Embedded Clauses,1,C,C,"정답은 **C**입니다.

**해설:**

- **C: 삼촌은 숨이 차도록 한참을 달렸다.**
  - 안긴 문장(내포절): **숨이 차도록** (숨이 차다 + 연결어미 '-도록')
  - 이 문장은 주절의 서술어 '달렸다'를 수식하며, 달린 **정도나 방식(어떻게)**을 나타내므로 **부사어(부사절)**의 역할을 합니다.

**다른 선택지 분석:**

- **A:** '외할아버지께 오징어 드실 것인지' → '여쭤봐'의 **목적어** (명사절)
- **B:** '당시 브레이크가 망가졌음이' → '밝혀졌다'의 **주어** (명사절)
- **D:** '우리가 어버이날에 부모님께 선물해드린' → '카네이션'을 수식하는 **관형어** (관형절)
- **E:** '욕실에 있는' → '동생'을 수식하는 **관형어** (관형절)
- **F:** '전원이 켜진' → '스피커'를 수식하는 **관형어** (관형절)
- **G:** '매일 악몽을 꾸기란' → '끔찍하다'의 **주어** (명사절)
- **H:** '이삿짐을 어디로 옮길지' → '의논해야 한다'의 **목적어** (명사절)
- **I:** '박쥐는 대개 날개가 얇다' → '날개가'는 주어, '얇다'는 서술어로, 이중 주어문 구조이며 안긴 문장이 없습니다. (단일문)
- **J:** '환자분은 상태가 좀 어떠신가요?' → '상태가'는 주어, '어떠신가요'는 서술어로, 이 역시 이중 주어문 구조이며 안긴 문장이 없습니다. (단일문)

따라서 안긴 문장의 역할이 '부사어'인 것은 **C**입니다."
Syntax,Embedded Clauses,2,H,H,"정답은 **H**입니다.

**해설:**

**H: 밀렵꾼이 말버릇이 참 고약하다.**

- 이 문장은 **이중주어문**으로, 큰 문장(안은문장)의 구조는 **‘밀렵꾼이 [말버릇이 참 고약하다]’**입니다.
- 여기서 **‘말버릇이 참 고약하다’**는 하나의 절(안긴문장)로, 큰 문장에서 주어 ‘밀렵꾼이’의 상태나 속성을 설명하는 **서술어**의 기능을 합니다.
- 이렇게 문장 전체의 서술어 자리에 절이 들어간 것을 **‘서술절’**이라고 하며, 이 서술절이 바로 안긴문장입니다.

**다른 보기들의 안긴문장 역할:**

- **A, B, J**: ‘수하물을 잃어버린’, ‘감자조림을 잘하시는’, ‘골리앗을 무찌른’ → 체언(명사)을 수식하는 **관형절(관형어)**.
- **C**: ‘매일 의식주를 해결하기’ → 문장의 주어 자리에 쓰인 **명사절(주어)**.
- **D**: ‘산모의 코가 매부리코임’ → 목적어 자리에 쓰인 **명사절(목적어)**.
- **E**: ‘다리가 붓도록’ → ‘달리기’의 정도나 결과를 나타내는 **부사절(부사어)**.
- **F**: ‘주교가 불러서’ → ‘병원에 갔다’의 원인을 나타내는 **부사절(부사어)**.
- **G**: ‘매니저가 비디오카메라를 어디에 뒀는지’ → 주어 자리에 쓰인 **명사절(주어)**.
- **I**: ‘달동네가 언제 철거되었는지’ → 목적어 자리에 쓰인 **명사절(목적어)**.

따라서 안긴문장의 역할이 ‘서술어’인 것은 **H**입니다."
Pragmatics,Speech Acts,3,B,,[EMPTY_RESPONSE]
Syntax,Argument Structure & Valency,1,F,F,"정답은 **F**입니다.

**해설:**

서술어가 요구하는 **자릿수(논항 수)**란, 그 서술어가 문장을 성립시키기 위해 필수적으로 요구하는 문장 성분(주어, 목적어, 보어 등)의 개수를 말합니다.

각 문장을 분석하면 다음과 같습니다.

- **A. 배웠다**: (누가) 낱말을 배웠다 → 주어 + 목적어 필요 (**두 자리**)
- **B. 펴라**: (네가) 돗자리를 펴라 → 주어 + 목적어 필요 (**두 자리**)
- **C. 삼켰다**: (그가) 알약을 삼켰다 → 주어 + 목적어 필요 (**두 자리**)
- **D. 모으자**: (우리가) 친구들을 모으자 → 주어 + 목적어 필요 (**두 자리**)
- **E. 기댔다**: (그가) 등을 벽에 기댔다 → 주어 + 목적어 필요 (**두 자리**)
- **F. 반짝거린다**: 바닷물이 반짝거린다 → **주어만 필요 (한 자리)**
- **G. 찾아가셨다**: 선생님께서 돈을 찾아가셨다 → 주어 + 목적어 필요 (**두 자리**)
- **H. 짰다**: (그가) 기름을 짰다 → 주어 + 목적어 필요 (**두 자리**)
- **I. 올려놓았니**: (누가) 이걸 올려놓았니 → 주어 + 목적어 필요 (**두 자리**)
- **J. 당겨라**: (네가) 문을 당겨라 → 주어 + 목적어 필요 (**두 자리**)

따라서 서술어가 요구하는 자릿수가 **한 자리(주어만 필요)**인 것은 **F**입니다."
Syntax,Agreement,3,I,E,"정답은 **E, I**입니다.

각 문장을 자세히 분석하면 다음과 같습니다.

**E: 선비는 사공에게 나루를 건넸다.**
- '건넸다'는 '건너다'의 과거형으로, 주어(선비)가 스스로 나루를 건너는 **주동문**입니다. 
- 여기서 '사공에게'는 '사공과 함께'라는 뜻의 부사어로 해석됩니다.
- 만약 사동문이라면 '건네다' (건너- + -이-)가 쓰여 ""선비가 사공에게 나루를 건너게 했다""가 되어야 합니다. 즉, '건넸다'는 '건네다'의 과거형이 아니라 '건너다'의 과거형으로 보는 것이 맞습니다.

**I: 삼촌의 때밀이에 묵은 때가 다 씻겼다.**
- '씻겼다'는 '씻다'에 피동 접미사 '-기-'가 결합된 **피동문**입니다.
- 때가 스스로 씻는 것이 아니라, 삼촌의 때밀이에 의해 '씻김을 당한' 것이므로 피동 표현입니다. (주어: 묵은 때)

---

**나머지 문장들이 사동문인 이유:**

- **A (신겼다):** '신다'의 사동형. 할머니가 아이에게 신게 함.
- **B (늦추셨다):** '늦다'의 사동형. 교수님이 기한을 늦게 함.
- **C (읽혔다):** '읽다'의 사동형. 교사가 주번에게 읽게 함.
- **D (가라앉혔다):** '가라앉다'의 사동형. 찌꺼기를 가라앉게 함.
- **F (늦췄다):** '늦다'의 사동형. 지휘자가 박자를 늦게 함.
- **G (읽히셨다):** '읽다'의 사동형 + 주체 높임. 교장이 학생들에게 읽게 함.
- **H (가라앉혔다):** '가라앉다'의 사동형. 선수가 흥분을 가라앉게 함.
- **J (업혔다):** '업다'의 사동형. 경찰관이 동료에게 취객을 업게 함."
Syntax,Agreement,2,F,F,"정답은 **F**입니다.

**해설:**

- **F: 누나가 무거운 짐을 내 손에 들렸다.**
  - 이 문장에서 '들리다'는 '들다(들어 올리다)'의 **사동사(使動詞)**입니다. 즉, '누나'가 '나'에게 짐을 들게 한 행위(시키거나 하게 함)를 나타냅니다. (누나가 짐을 들어서 내 손에 쥐어주었다는 능동적 의미)
  - 사동 접미사 '-이-'가 결합된 형태로, 주어(누나)가 동작을 직접 수행하는 **능동문/사동문**에 해당합니다.

**나머지 보기들은 모두 피동문(被動文)입니다.**

- **A:** 사로잡다 → 사로잡**히**다 (피동 접미사 -히-)
- **B:** 널다 → 널**리**다 (피동 접미사 -리-)
- **C:** 얹다 → 얹**히**다 (피동 접미사 -히-)
- **D:** 잡아먹다 → 잡아먹**히**다 (피동 접미사 -히-)
- **E:** 걷다 → 걷**히**다 (피동 접미사 -히-)
- **G:** 뜨다 → 뜨**이**다 (피동 접미사 -이-)
- **H:** 가로막다 → 가로막**히**다 (피동 접미사 -히-)
- **I:** 뒤섞다 → 뒤섞**이**다 (피동 접미사 -이-)
- **J:** 그을다 → 그을**리**다 (피동 접미사 -리-)

따라서 피동문이 아닌 것은 **F**입니다."
Syntax,Agreement,2,A,A,"정답은 **A**입니다.

**A: 그는 내 등에 환자를 업혔다.**

**해설:**
- **A**는 피동문이 아니라 **사동문(使動文)**입니다. 
  - 동사 '업다'의 피동형은 '업히다'이지만, 이 문장에서는 주어 '그'가 행위의 주체이고, 목적어 '환자를'이 존재합니다. 
  - 즉, ""그가 (누군가로 하여금) 환자를 내 등에 업게 하였다"" 또는 ""그가 환자를 내 등에 업혔다""라는 능동/사동의 의미로 쓰였습니다. 
  - 피동문이라면 ""환자가 (그에 의해) 내 등에 업혔다""처럼 주어가 피동의 대상이 되어야 하며, 목적어(을/를)가 올 수 없습니다.

**나머지 보기들은 모두 피동문입니다:**
- **B**: 고라니가 차에 **치였다** (치다 → 치이다)
- **C**: 농기구가 **쓰였다** (쓰다 → 쓰이다)
- **D**: 반이 **갈렸다** (가르다 → 갈리다)
- **E**: 철학이 **담겨있다** (담다 → 담기다)
- **F**: 진실이 **믿기지** 않았다 (믿다 → 믿기다)
- **G**: 그가 향기에 **이끌렸다** (이끌다 → 이끌리다)
- **H**: 글이 잡지에 **실렸다** (싣다 → 실리다)
- **I**: 일이 **뒤틀렸다** (뒤틀다 → 뒤틀리다)
- **J**: 그가 범인으로 **몰렸다** (몰다 → 몰리다)

따라서 피동문이 아닌 것은 **A**입니다."
Syntax,Agreement,3,I,,[EMPTY_RESPONSE]
Syntax,Agreement,1,G,,[EMPTY_RESPONSE]
Syntax,Agreement,1,G,,[EMPTY_RESPONSE]
Syntax,Argument Structure & Valency,3,H,H,"정답은 **H: 온종일 여행사가 설치고 있다.** 입니다.

**해설:**

<보기>의 핵심은 자동사라도 **주어가 의미역(施事/受事)에 따라 기저 생성 위치(VP 내부/외부)가 다르다**는 통사적 차이입니다. 이는 **비대격(unaccusative) 동사**와 **비능격(unergative) 동사**의 구분과 연결됩니다.

- **비대격 자동사 (주어가 VP 내부에서 생성)**: 주어가 동작의 **대상(受事)** 또는 **경험주**이며, 문장 표면의 주어는 원래 목적어 자리에서 이동한 것입니다. (예: '내비치다', '오락가락하다', '널부러지다', '북적거리다', '힘들다', '팔랑팔랑하다', '덜렁거리다', '뒤엉키다', '감화되다')
- **비능격 자동사 (주어가 VP 외부에서 생성)**: 주어가 동작의 **행위자(施事)** 이며, 처음부터 주어 자리에 생성됩니다.

**각 보기 분석:**

- **A~G, I, J**: 주어가 모두 동작의 대상이거나 상태의 주체(受事/경험주)입니다. 
  - A: 머리카락이 (스스로) 내비침 (대상)
  - B: 정신이 (스스로) 오락가락함 (상태)
  - C: 물품들이 (어디에) 널부러져 있음 (대상)
  - D: 공원이 (사람들로) 북적거림 (장소/대상)
  - E: 다리미질이 (나에게) 힘듦 (경험주)
  - F: 깃발이 (바람에) 팔랑거림 (대상)
  - G: 나사가 (풀려서) 덜렁거림 (대상)
  - I: 노끈이 (서로) 뒤엉켜 있음 (대상)
  - J: 예술가가 (칭찬에) 감화됨 (경험주/대상)
  → 이들은 모두 **비대격 동사**로, 주어가 **VP 내부(목적어 자리)** 에서 생성됩니다.

- **H: 온종일 여행사가 설치고 있다.**
  - '설치다'는 주어가 **의도적으로 행동하는 행위자(施事)** 입니다. (여행사가 주체적으로 '설치고' 있음)
  - 이는 **비능격 동사**로, 주어가 **VP 외부(주어 자리)** 에서 생성됩니다.

따라서 주어의 기저 생성 위치가 다른 것은 **H**입니다."
Syntax,Argument Structure & Valency,2,D,,[EMPTY_RESPONSE]
Syntax,Argument Structure & Valency,3,C,,[EMPTY_RESPONSE]
Syntax,Argument Structure & Valency,3,B,,[EMPTY_RESPONSE]
Syntax,Argument Structure & Valency,3,G,,[EMPTY_RESPONSE]
Syntax,Argument Structure & Valency,3,A,,[EMPTY_RESPONSE]
Pragmatics,Implicature,3,E,G,"정답: **E: 동생이 패럴림픽에서 메달을 땄대.**

**이유:**  
갑이 ""그런 일이 있었으면 나한테도 한 잔 사야지""라고 말한 것은 을에게 **좋은 일(축하할 만한 일)**이 있었음을 전제로 합니다.  
- E는 동생의 메달 획득이라는 큰 경사로, 을이 기뻐서 표정이 좋아졌을 상황이며, 갑이 술을 권할 만한 일입니다.  
- 다른 보기들은 슬픈 일(C, J), 고민(F, H), 반문(G), 단순한 사실(D), 갑의 일(I), 너무 작은 당첨(A) 등으로 대화의 흐름에 맞지 않습니다."
Syntax,Agreement,2,J,,[EMPTY_RESPONSE]
Syntax,Argument Structure & Valency,2,C,C,"정답은 **C**입니다.

**해설:**

- **A**: `듣다`라는 동사의 목적어는 `불협화음`입니다. (불협화음을 듣다)
- **B**: `발라 주다`라는 동사의 목적어는 `살코기`입니다. (살코기를 발라 주다)
- **C**: `아니다`는 목적어를 취하지 않는 **지정사(계사)**입니다. `비수기`는 `아니다`의 **보어(補語)**입니다. (비수기가 아니다) 따라서 목적어가 아닙니다.
- **D**: `제공하다`의 목적어는 `비디오카세트`입니다. (비디오카세트를 제공하다)
- **E**: `삐죽이다`의 목적어는 `입`입니다. (입을 삐죽이다)
- **F**: `사수하다`의 목적어는 `기지`입니다. (기지를 사수하다)
- **G**: `보다`의 목적어는 `공연`입니다. (공연을 보다)
- **H**: `신고하다`의 목적어는 `소득세`입니다. (소득세를 신고하다)
- **I**: `지참하다`의 목적어는 `신분증`입니다. (신분증을 지참하다)
- **J**: `손세탁하다`의 목적어는 `스카프`입니다. (스카프를 손세탁하다)

**참고**: 
C에서 `까진`은 `까지`와 `는`이 결합된 보조사로, 이 보조사가 붙어도 문장 성분(보어)이 바뀌지는 않습니다. `아니다` 앞의 체언은 항상 보어로 쓰입니다."
Syntax,Agreement,2,F,,[EMPTY_RESPONSE]
Syntax,Argument Structure & Valency,2,H,H,"정답은 **H**입니다.

**해설:**
각 문장에서 꺾쇠 안의 단어의 역할을 살펴보면 다음과 같습니다.

- **A~G, I, J**: 모두 동작이 미치는 대상, 즉 **목적어**입니다. (예: 발목을 삐끗하다, 말을 번역하다, 빨랫비누를 가져오다, 성냥불을 건네주다, 아이템을 획득하다, 얼굴을 파묻다, 협동심을 기르다, 약을 처방하다, 손목시계를 선보이다)
- **H**: '너만 오면'에서 '너'는 '오다'라는 동작의 주체, 즉 **주어**입니다. (보조사 '만'이 붙어 '오직 너'라는 뜻을 더할 뿐, 목적어가 아닙니다.)

따라서 목적어가 아닌 것은 **H**입니다."
Syntax,Agreement,1,E,E,"정답은 **E**입니다.

**해설:**

‘-겠’과 ‘-을 것’은 문맥에 따라 **미래의 계획(의지)** 또는 **추측(짐작)**을 나타냅니다. 문제에서 요구하는 것은 ‘화자의 계획’을 반영하는 경우이므로, 주어가 1인칭(화자 자신)이면서 화자의 의지나 결심이 드러나는 문장을 찾아야 합니다.

- **E (정답)**: ""거짓말투성이인 사람과는 이제 작벌하겠습니다.""
  - 주어가 생략되었지만 화자 자신(1인칭)이며, ‘-겠습니다’를 통해 ""이제 그 사람과 관계를 끊겠다""는 화자의 강한 의지와 계획을 나타냅니다.

**다른 보기들이 오답인 이유:**

- **A, B, G, H, I, J**: 모두 주어가 3인칭(타인, 사물, 상황)이며, ‘-을 것이다’, ‘-겠다’가 화자의 **추측(짐작)**을 나타냅니다. (예: ""버릴 수는 없을 것이다"" = 없을 거라고 추측함)
- **C**: ""외나무다리 위의 이병이 곧 마저 건너지르겠다."" - 주어가 3인칭(이병)이며, 화자가 그 병사의 행동을 **관찰하고 예측**하는 경우입니다. (추측에 가까움)
- **D**: ""흉작이라 품앗이라도 해야 할 지경이겠다."" - 상황에 대한 화자의 **판단 및 추측**입니다. (곤란한 지경일 거라고 추측)
- **F**: ""배영은 몰라도 자유형은 테스트할 수 있겠습니다."" - 화자가 자신의 **능력이나 가능성**을 완곡하게 표현한 것이지, 미리 세운 구체적인 계획(의지)은 아닙니다. (가능성에 대한 추측)"
Syntax,Argument Structure & Valency,2,G,G,"정답은 **G**입니다.

**해설:**

- **G: ""나만큼 비참한 <사람도> 있을까?""**  
  이 문장에서 동사는 **""있다""**입니다. ""있다""는 존재를 나타내는 **자동사(不及物动词)**이므로 목적어를 취할 수 없습니다. 꺽쇠 안의 ""사람도""는 문장의 **주어(主语)**입니다. 여기서 '도'는 보조사로, 주격 조사 '이/가'를 대신해 쓰인 것입니다. (→ *사람이* 있을까?)

**다른 보기들 분석 (모두 목적어가 맞음):**

- **A**: 긴장감을 (느끼게 하다) – 목적어
- **B**: 보고서를 (제출하다) – 목적어
- **C**: 조개껍데기를 (수집하다) – 목적어
- **D**: 여름옷 (사러 가다) – '여름옷을'에서 조사가 생략된 목적어
- **E**: 시내버스를 (타다) – 목적어
- **F**: 팥죽부터 (먹어보다) – '팥죽을'에 보조사 '부터'가 결합된 목적어
- **H**: 물을 (들이켜다) – 목적어
- **I**: 숙제 (베끼다) – '숙제를'에서 조사가 생략된 목적어
- **J**: 아경이라도 (보러 가다) – '아경을'에 보조사 '이라도'가 결합된 목적어 (참고로 '아경'은 '야경'의 오타로 보이나, 문법 구조상 목적어가 맞음)

따라서 목적어가 아닌 것은 **G**입니다."
Syntax,Argument Structure & Valency,2,H,H,"정답은 **H**입니다.

**해설:**
- **H: <습관은> 참으로 무서운 거야.** 에서 '습관은'은 서술어 '무섭다'의 **주어**입니다. (주격 조사 '은/는'이 결합된 주어)
- 나머지 A~J( H 제외)의 꺾쇠 안의 단어들은 모두 동작의 대상이 되는 **목적어**입니다.
  - A: 꽃병을 깨트리다 (목적어)
  - B: 선을 연결하다 (목적어)
  - C: 벽돌을 색칠하다 (목적어, '은'은 보조사이지만 의미상 목적어)
  - D: 고백을 거절하다 (목적어)
  - E: 앞머리를 다듬다 (목적어)
  - F: 계단을 오르내리다 (목적어)
  - G: 선수를 교체하다 (목적어)
  - I: 사람을 실어가다 (목적어)
  - J: 물건을 내놓다 (목적어)

따라서 목적어가 아닌 것은 **H**입니다."
Syntax,Argument Structure & Valency,3,A,A,"정답은 **A**입니다.

**이유:**
A 문장에서 꺾쇠 안의 단어는 **<물꼬가>**입니다.  
이 문장의 주어는 **""영미의 오 점 슛이""**이며, ""물꼬가""는 동사 **""되다""**의 **보어(補語)**입니다.  

한국어 문법에서 '되다'와 '아니다' 앞에 오는 체언은 주격 조사('이/가')를 취하지만, 이는 문장에서 **주어가 아니라 보어**의 기능을 합니다. 따라서 A가 정답입니다.

나머지 보기(B~J)의 꺾쇠 안의 단어들은 모두 문장에서 주어 역할을 합니다."
Syntax,Agreement,1,E,E,"정답은 **E**입니다.

**해설:**
문제의 조건은 **""아직 일어나지 않은 일""**을 **""완성시키고자 하는 의도(의지)""**를 가지고 표현한 것입니다.

- **E (범죄자는 모조리 검거하고 말겠다.)**에서 사용된 **'-고 말겠다'**는 화자가 어떤 일을 반드시 이루겠다는 강한 의지(의도)를 나타냅니다. '검거하다'라는 동작은 아직 일어나지 않은 미래의 일이며, 이를 완성시키겠다는 화자의 확고한 결심이 드러나 있습니다.

**다른 보기들의 분석:**
- **A, B, C, F, G, J**: 모두 '-ㄹ 것이다', '-겠-', '-겠구나' 등을 통해 **추측이나 짐작**을 나타냅니다. (과거 사실 추측, 현재 상황 추측, 미래 예측)
- **D, I**: '-겠습니다', '-겠어요'를 통해 **가능성이나 능력**을 나타냅니다.
- **H**: '-겠니?'를 통해 **부탁이나 요청**의 뜻을 나타냅니다.

따라서 미래의 일을 완성시키려는 화자의 의지(의도)가 담긴 것은 **E**가 유일합니다."
Syntax,Argument Structure & Valency,3,J,,[EMPTY_RESPONSE]
Semantics,Inter-sentence Relations,3,C,,[EMPTY_RESPONSE]
Semantics,Inter-sentence Relations,1,D,D,D: 2 → 4 → 1 → 3
Semantics,Inter-sentence Relations,1,H,H,"정답은 **H: 구조자**입니다.

**이유:**
지문의 맥락에서 **H(구조자)**는 물에 빠진 수달을 구조하는 **사람(인간)**을 가리킵니다. 

반면에 나머지 모든 선택지(A: 개체, B: 구조 대상, C: 성체, D: 이들, E: 새끼, F: 이 동물, G: 수달, I: 어미, J: 그들)는 전부 지문에서 **수달** 또는 수달의 특정 개체(새끼, 어미, 성체 등)를 가리키는 말입니다. 

따라서 가리키는 대상이 다른 것은 **H**입니다."
Semantics,Inter-sentence Relations,1,F,F,"정답: **F**

- 첫 번째 빈칸: “기기 자체의 사양에 비해 **제품 출시 가격이** 지나치게 높다는 지적” → 가격이 사양 대비 비싸다는 뜻으로 자연스럽습니다.
- 두 번째 빈칸: “초기 물량이 제한되어 있어 사실상 사전 예약자가 아니면 **구매가** 어려울 것으로 전망” → 구매하기 어렵다는 의미로 적절합니다.

따라서 **F: (제품 출시 가격이, 구매가)** 가 가장 알맞습니다."
Semantics,Conjunctions,3,A,A,"A: 반면, 그래서"
Semantics,Inter-sentence Relations,1,G,G,G: 좋아하는 프로그램의 생방송을 놓쳤다.
Syntax,Argument Structure & Valency,2,D,D,"정답은 **D**입니다.

**해설:**

문법에서 서술어가 요구하는 **자릿수(논항 수, valency)**란, 그 서술어가 문장을 성립시키기 위해 필수적으로 요구하는 문장 성분(주어, 목적어, 보어 등)의 개수를 말합니다.

- **한 자리 서술어(1항 동사)**: 주어 하나만 필요로 합니다. (자동사)
- **두 자리 서술어(2항 동사)**: 주어와 목적어(또는 보어)가 필요합니다. (타동사)
- **세 자리 서술어(3항 동사)**: 주어, 목적어, 그리고 간접 목적어나 부사어(장소, 방향 등)가 필요합니다. (수여동사 등)

각 보기를 분석하면 다음과 같습니다.

- **A. 매듭지었다** → 주어(당사자들이) + 목적어(스캔들을) → **두 자리**
- **B. 대입해봐라** → 주어(너) + 목적어(이 값을) + 부사어(그 미지수에) → **세 자리**
- **C. 집어삼켰다** → 주어(너울성 파도가) + 목적어(선박을) → **두 자리**
- **D. 다운되었다** → 주어(메인 서버가)만 필요. (익명의 해커에 의해, 완전히는 수식어일 뿐 필수 성분이 아님) → **한 자리** ✅
- **E. 파견했다** → 주어(정부에서) + 목적어(광부들을) + 부사어(자매국에) → **세 자리**
- **F. 할애한다** → 주어(고모부는) + 목적어(대부분을) + 부사어(갈고닦는 데에) → **세 자리**
- **G. 세척한다** → 주어(이 기계는) + 목적어(식기를) → **두 자리**
- **H. 기재했다** → 주어(대리님께서) + 목적어(현황을) + 부사어(보고서에) → **세 자리**
- **I. 육박한다** → 주어(몸무게는) + 부사어(4톤에) → **두 자리** (육박하다는 '~에'를 필수적으로 요구하는 2항 동사입니다)
- **J. 발령했다** → 주어(회사 측, 생략) + 목적어(그를) + 보어/부사어(새 지점장으로) → **세 자리**

따라서 주어 하나만을 필수 논항으로 요구하는 **한 자리 서술어**는 **D**의 **'다운되었다'**입니다."
Semantics,Conjunctions,1,H,H,"정답은 **H**입니다.

**이유:**
H 문장은 ""휴대폰 배터리가 다 닳았다. 그러므로 휴대폰의 충전 단자가 고장이 났다.""라고 되어 있는데, 이는 **인과관계가 거꾸로** 되어 있습니다.

- **배터리가 다 닳은 것**은 **충전 단자가 고장 난 결과(증상)**이지, 충전 단자가 고장 난 **원인**이 될 수 없습니다.
- 올바른 논리적 연결은 ""충전 단자가 고장이 났다. **그러므로** (충전이 안 돼서) 배터리가 다 닳았다.""가 되어야 자연스럽습니다.

**수정된 문장 예시:**
> 휴대폰의 충전 단자가 고장이 났다. 그러므로 배터리가 다 닳았다.

나머지 A, B, C, D, E, F, G, I, J는 모두 앞뒤 문맥이 자연스럽고 접속 부사의 쓰임이 적절합니다."
Semantics,Ambiguity,2,I,I,I
Semantics,Ambiguity,3,I,,[EMPTY_RESPONSE]
Semantics,Word Relationships,1,I,I,"**정답: I (수리하다)**

**이유 설명:**

<보기 1>의 **‘보다’**와 **‘전망하다’**의 의미 관계를 살펴보면, **‘보다’**는 아주 일반적이고 포괄적인 의미를 가진 동사이고, **‘전망하다’**는 ‘멀리 내다보거나 앞날을 내다본다’는 **"
Semantics,Word Relationships,1,A,A,"정답은 **A: 물어보세요**입니다.

**해설:**
문장 “수업 중 궁금한 게 생기면 바로 질문하세요.”에서 ‘질문하세요’는 **궁금한 점을 물어보라**는 의미로 사용되었습니다. 
- **A (물어보세요)**: ‘질문하다’의 가장 일반적이고 직접적인 동의어로, 궁금한 것을 묻는 행위를 뜻합니다. 문맥상 가장 유사합니다.
- 다른 보기들은 의미가 다릅니다:
  - **B (따지세요)**, **I (추궁하세요)**: 따지거나 캐묻는 강한 어조로, 단순한 질문과는 거리가 멉니다.
  - **C (설명하세요)**, **F (답변하세요)**, **H (대답하세요)**: 질문에 대한 응답이나 설명을 요구하는 것이므로 반대 방향입니다.
  - **D (얘기하세요)**: 대화를 나누는 포괄적인 의미로, 질문이라는 특정 행위를 지칭하지 않습니다.
  - **E (논의하세요)**: 서로 의견을 주고받는 토론을 의미합니다.
  - **G (알리세요)**: 정보를 전달하는 행위입니다.
  - **J (주장하세요)**: 자신의 의견을 내세우는 행위입니다."
Semantics,Ambiguity,2,D,,[EMPTY_RESPONSE]
Semantics,Ambiguity,2,A,A,"정답은 **A**입니다.

**이유:**
“말이 많다”는 **중의적(여러 뜻으로 해석될 수 있는)** 문장입니다. 
- ‘말’이 **동물(horse)**을 의미한다면 “동물인 말이 많다”는 뜻이 됩니다.
- ‘말’이 **언어(speech/word)**를 의미한다면 “수다스럽다” 또는 “할 말이 많다”는 뜻이 됩니다.

따라서 “말이 많다”는 중의적이지 않다는 A의 설명은 **적절하지 않습니다.**

---

**다른 보기들에 대한 간단한 검토:**
- **B, E, F**: “배가 참 맛있다”에서 ‘배’는 과일(pear)로만 해석되며, 교통수단(boat)이나 신체 부위(belly)로는 해석될 수 없습니다. (적절함)
- **C, G, H, I**: “저 배 좀 봐”는 ‘배’가 과일(pear), 신체 부위(belly), 교통수단(boat) 모두로 해석될 수 있어 중의적입니다. (적절함)
- **D, J**: “말이 많다”가 동물(horse)이 많다는 뜻과 수다스럽다는 뜻으로 각각 해석될 수 있다는 설명은 맞습니다. (적절함)"
Syntax,Agreement,2,A,A,"정답은 **A**입니다.

각 문항을 하나씩 분석해 보겠습니다.

**A (정답)**: ""이러한 상황에서는 상사의 말에 따르고 싶다 별로.""
- **분석**: 부사 '별로'는 반드시 부정 표현(없다, 아니다, -지 않다 등)과 함께 쓰여야 합니다. 긍정문인 ""따르고 싶다""와는 어울리지 않습니다. ""별로 따르고 싶지 않다""라고 해야 자연스럽습니다.
- **설명**: ""'별로'는 부정 동사와 결합해야 한다.""라는 지적이 정확합니다.

**B (오답)**: ""설령 내가 말하고 계속 주장했던 그 것이 사실이지만...""
- **분석**: '설령'은 '-(이)라도', '-더라도', '-일지라도' 등 양보의 연결어미와 호응해야 합니다. '-지만'과는 호응하지 않습니다. 또한 '설령'은 문장 맨 앞에 쓰일 수 있습니다.
- **설명**: ""'설령'은 문장의 맨 앞에서 쓰이지 않는다.""라는 이유는 틀렸습니다.

**C (오답)**: ""나와 친한 친구가 있는데, 어제 저녁밥을 먹고 그 친구가 집으로 바래다 주었다.""
- **분석**: '바래다주다'는 한 단어이므로 '바래다 주었다'로 띄어 쓰는 것은 잘못된 표기입니다. '바래다주었다'로 붙여 써야 합니다. 따라서 ""틀린 부분 없음""은 틀렸습니다.

**D (오답)**: ""결코 나는 어제 있었던 우리 사이의 일들을 말할 것이다.""
- **분석**: '결코'는 부정 표현과 호응해야 합니다. 긍정문인 ""말할 것이다""와는 어울리지 않습니다. 또한 '결코'는 문장 맨 앞에 올 수 있습니다(예: 결코 그런 일은 없다).
- **설명**: ""'결코'는 문두 부사가 아니어서 문장 맨 앞에 오지 않는다.""라는 이유는 틀렸습니다.

**E (오답)**: ""물을 주자 내가 항상 마음 속에 품고 있는 우리 애완 꽃에게.""
- **분석**: '애완'은 일반적으로 동물에게 쓰이지만, '애완 식물'이라는 표현도 널리 쓰이므로 '애완 꽃'이 완전히 불가능한 것은 아닙니다. 오히려 이 문장의 가장 큰 문제는 어순입니다. '물을 주자'라는 서술어가 문장 맨 앞에 오고 목적어(꽃에게)가 뒤에 온 비문법적인 도치입니다.
- **설명**: ""꽃은 '애완' 생물이 될 수 없다.""라는 이유는 적절하지 않습니다.

**F (오답)**: ""아이는 쉽게 자라지 않으므로 여간 많은 노력을 기울여야 하는 게 어려운 일이다.""
- **분석**: '여간'은 '여간 ... -지 않다'의 형태로 '매우 ...하다'는 뜻을 나타냅니다. 즉, 부정 표현과 호응해야 합니다. ""여간 많은 노력을 기울여야 하는 게 어려운 일이다""는 부정어 없이 쓰여 어색합니다. '여간 어려운 일이 아니다'처럼 써야 합니다.
- **설명**: ""'여간'은 '어렵다'와 같은 감정 동사와 결합하지 못함.""이라는 이유는 틀렸습니다. '여간'은 감정 동사와도 결합할 수 있지만, 반드시 부정어와 함께 쓰입니다.

**G (오답)**: ""이미 문제가 발생했지만 결과에 영향을 별로 미친다.""
- **분석**: A와 동일하게 '별로'는 부정 표현과 호응해야 합니다. ""별로 미치지 않는다""라고 해야 맞"
Syntax,Argument Structure & Valency,1,I,I,"<보기>의 서술어 '맵다'는 **주어 한 자리만 요구하는 1항 서술어(1자리 서술어)**입니다.  
(‘생각보다’는 비교를 나타내는 부사어로, 필수적 성분이 아닙니다.)

이제 각 선택지의 서술어가 요구하는 필수 성분(자릿수)을 분석해 보겠습니다.

- **A**: 만났다 → [주어]가 [목적어]를 만나다 (2항)
- **B**: 심었다 → [주어]가 [목적어]를 [부사어(에게)]에 심다 (3항)
- **C**: 묶어라 → [주어]가 [목적어]를 [부사어(에)]에 묶다 (3항)
- **D**: 흥정할 수 있다 → [주어]가 [목적어]를 흥정하다 (2항)
- **E**: 담아라 → [주어]가 [목적어]를 [부사어(에)]에 담다 (3항)
- **F**: 들어가야 한다 → [주어]가 [부사어(에)]에 들어가다 (2항)  
  (‘군만두에는’은 처소 부사어로, ‘들어가다’의 필수적 성분입니다.)
- **G**: 정벌하겠어 → [주어]가 [목적어]를 정벌하다 (2항)
- **H**: 하지 않는다 → [주어]가 [목적어]를 하다 (2항)
- **I**: 과잉되었다 → [주어]가 과잉되다 (1항)  
  (‘이번 달’은 시간 부사어로 필수 성분이 아닙니다.)
- **J**: 열고 있고 → [주어]가 [목적어]를 열다 (2항)

따라서 <보기>의 '맵다'와 같이 **1항 서술어**인 것은 **I**입니다.

**정답: I**"
Syntax,Argument Structure & Valency,1,A,,[EMPTY_RESPONSE]
Syntax,Embedded Clauses,2,I,I,"정답은 **I**입니다.

**이유:**
'안긴 문장'이란 문장 속에서 다른 문장의 성분(주어, 목적어, 관형어, 부사어, 서술어 등)으로 쓰이는 절(節)을 말합니다. 이 중 '관형어'의 역할을 하려면 체언(명사)을 수식해야 하며, 관형사형 어미 **-(으)ㄴ, -는, -(으)ㄹ, -던** 등으로 끝나야 합니다.

각 보기를 분석하면 다음과 같습니다.

- **A, D**: '창궐했음', '침체되었음' → 명사형 어미 '-음'이 쓰인 **명사절**로, 목적어 역할을 합니다.
- **B**: '건너기' → 명사형 어미 '-기'가 쓰인 **명사절**로, 주어 역할을 합니다.
- **C**: '선고받음' → 명사형 어미 '-음'이 쓰인 **명사절**로, 주어 역할을 합니다.
- **E**: '뜬소문'은 '뜨다'의 관형사형 '뜬'이 명사 '소문'을 꾸미는 형태이지만, '뜬'이 단독으로 쓰인 **단어(관형사)**에 가깝고, 주어와 서술어를 갖춘 완전한 절(안긴 문장)로 보기 어렵습니다.
- **F**: '귀가 아프도록' → 연결 어미 '-도록'이 쓰인 **부사절**로, 부사어 역할을 합니다.
- **G**: '항암 효과가 뛰어나다' → 인용 조사 '-고'가 생략된 **인용절**로, 서술어 역할을 합니다.
- **H**: '처신이 온아하다' → **서술절**로, 전체 문장의 서술어 역할을 합니다.
- **I**: **'농도가 높은'** → 주어 '농도'와 서술어 '높다'가 관형사형 어미 '-은'으로 끝나며, 뒤의 명사 **'식염수'**를 수식합니다. 따라서 이 안긴 문장은 **관형어** 역할을 합니다.
- **J**: '따님이 한방의셔요' → **서술절**로, 전체 문장의 서술어 역할을 합니다.

따라서 안긴 문장의 역할이 '관형어'인 것은 **I**입니다."
Syntax,Embedded Clauses,3,E,,[EMPTY_RESPONSE]
Syntax,Embedded Clauses,3,C,,[EMPTY_RESPONSE]
Syntax,Embedded Clauses,3,C,,[EMPTY_RESPONSE]
Syntax,Embedded Clauses,3,E,E,"정답: **E**

**이유:**  
E의 문장 ""내가 갈 수 있는 <호텔>에는 카지노가 없다.""에서 안긴 문장을 복원하면 **""내가 호텔에 갈 수 있다""**가 된다.  
이때 '호텔'은 '에'가 붙어 **장소를 나타내는 부사어**로 기능한다.  

다른 보기들은 꺾쇠 안의 용어가 안긴 문장에서 주어나 목적어로 쓰인다."
Pragmatics,Discourse Principles,2,A,A,"정답은 **A**입니다.

**해설:**
- **A (나는 밥도 좋고 면도 좋고 빵도 괜찮고 ... 아무거나 먹자.)**는 선택지를 여러 개 나열하며 장황하게 말하다가 결국 ""아무거나""라고 하여 명확한 답을 회피합니다. 이는 결정을 내리기 싫어하거나 상대방에게 선택을 미루는 **소극적이고 무관심한 태도**를 드러냅니다. '불명확하거나 장황한 발화'에 가장 정확히 해당합니다.

**다른 보기 분석:**
- **B (저는 춤추고 싶은데요.)**: 질문과 무관한 답변이지만, 발화 자체는 짧고 명확하여 '장황함'이나 '불명확함'과는 거리가 멉니다. (화제 전환으로 태도를 드러내지만, 문제의 조건인 '불명확하거나 장황한 발화'에는 해당하지 않음)
- **C, E, F, G**: 명확한 메뉴를 제안하거나 근거를 제시하며, 간결하고 분명한 태도를 보입니다.
- **D, H, I**: 점심을 먹지 않거나 이미 준비해 온 상황을 명확하고 간결하게 설명합니다.
- **J (네가 빌려준 책 정말 재밌다.)**: 질문과 완전히 무관한 화제로 대화를 돌리지만, 문장 자체는 명확하고 짧습니다. (B와 같은 이유로 조건에 부합하지 않음)"
Phonetics/Phonology,Phonological Constraints,3,H,,[EMPTY_RESPONSE]
Phonetics/Phonology,Phonological Constraints,2,D,,[EMPTY_RESPONSE]
Phonetics/Phonology,Phonological Constraints,3,C,C,"정답은 **C: 연구, 엽서**입니다.

- **요리, 연습, 여행, 유행**은 한자음의 첫소리 ‘ㄹ’이 두음법칙에 따라 ‘ㅇ’으로 바뀐 예입니다.  
  (料理→요리, 練習→연습, 旅行→여행, 流行→유행)

- **연구, 엽서**는 본래 한자음이 ‘연’, ‘엽’이므로 두음법칙이 적용되지 않은 경우입니다.  
  (硏究→연구, 葉書→엽서)"
Phonetics/Phonology,Suprasegmental Features,3,A,,[EMPTY_RESPONSE]
Semantics,Semantic Compatibility,3,F,F,정답은 **F:
Morphology,POS & Morphemes,3,J,,[EMPTY_RESPONSE]
Semantics,Semantic Compatibility,3,E,,[EMPTY_RESPONSE]
Semantics,Semantic Compatibility,3,J,,[EMPTY_RESPONSE]
Syntax,Embedded Clauses,2,E,E,"정답은 **E**입니다.

**해설:**

**서술절**이란 문장 안에서 전체 문장의 서술어 구실을 하는 절(마디)을 말합니다. 즉, 안은문장(겹문장)의 서술어 자리에 절이 들어가 있는 형태입니다. 

**E: 일본은 자판기가 유명하다.**
- 이 문장의 구조는 **'일본은' + [자판기가 유명하다]** 입니다.
- 여기서 '자판기가 유명하다'는 그 자체로 주어(자판기가)와 서술어(유명하다)를 갖춘 절입니다.
- 이 절이 전체 문장에서 '일본은'이라는 주제어(주어)에 대한 서술어 구실을 하고 있으므로 **서술절**입니다. (전체 문장의 서술어는 '유명하다'가 아니라 '자판기가 유명하다'라는 절 전체입니다.)

---

**다른 보기들의 절 종류 분석:**

- **A: 우리 가족은 날이 좋아서 대공원에 갔다.** → '날이 좋아서'는 원인/이유를 나타내는 **부사절**입니다.
- **B: 권력자는 궁녀에게 자신의 편이 되기를 권유했다.** → '자신의 편이 되기를'은 목적어 자리에 온 **명사절**입니다.
- **C: 언제 가분수를 배웠는지가 가물가물하다.** → '언제 가분수를 배웠는지가'는 주어 자리에 온 **명사절**입니다.
- **D: 옛날에도 응급실에 왔었는지가 의문점이다.** → '옛날에도 응급실에 왔었는지가'는 주어 자리에 온 **명사절**입니다.
- **F: 기관사는 두발자전거를 어디에 두었는지를 생각했다.** → '두발자전거를 어디에 두었는지를'은 목적어 자리에 온 **명사절**입니다.
- **G: 이끼가 앉은 저 돌담을 봐봐.** → '이끼가 앉은'은 '돌담'을 꾸며주는 **관형절**입니다.
- **H: 속이 더부룩해진 도령은 산책을 갔다.** → '속이 더부룩해진'은 '도령'을 꾸며주는 **관형절**입니다.
- **I: 다짜고짜 눈시울을 붉히는 사람을 조심해라.** → '눈시울을 붉히는'은 '사람'을 꾸며주는 **관형절**입니다.
- **J: 나그네는 아씨가 불러서 갔다.** → '아씨가 불러서'는 원인/이유를 나타내는 **부사절**입니다."
Syntax,Embedded Clauses,3,J,J,"정답은 **J**입니다.

**해설:**

**서술절**이란 문장 전체의 서술어(술어) 자리에 하나의 절(節, clause)이 들어와서 서술어의 기능을 하는 절을 말합니다. 흔히 **이중 주어문**의 형태로 나타납니다.

**J: 이 휘발유는 구린내가 심하다.**
- 이 문장의 전체 주제어(큰 주어)는 **'이 휘발유는'**입니다.
- 이 주제어에 대한 서술어 자리에 **'구린내가 심하다'**라는 절이 통째로 들어와 있습니다.
- 이때 '구린내가'는 절 안에서 주어 역할을 하고, '심하다'는 절 안에서 서술어 역할을 합니다.
- 따라서 **'구린내가 심하다'**가 전체 문장의 서술어 구실을 하는 **서술절**이며, 이 문장은 서술절을 안은 문장(안은문장)입니다.

---

**다른 보기들이 안은문장이 아닌 이유 (절의 종류):**

- **A:** 허리띠를 졸라맨 **종업원이** 내게 다가왔다. → '허리띠를 졸라맨'이 '종업원'을 꾸미는 **관형사절**입니다.
- **B:** 딱풀이 **시간이 갈수록** 딱딱해진다. → '시간이 갈수록'이 '딱딱해진다'를 꾸미는 **부사절**입니다.
- **C:** 봉사자가 **노크도 없이** 안으로 들어왔다. → '노크도 없이'가 '들어왔다'를 꾸미는 **부사절**입니다.
- **D:** **일반인이 자존심을 버리기란** 어렵다. → '일반인이 자존심을 버리기'가 문장의 주어 자리에 온 **명사절**입니다.
- **E:** **언제 화약을 터트릴지가** 확정되었다. → '언제 화약을 터트릴지'가 주어 자리에 온 **명사절**입니다.
- **F:** 시험장에는 스트레스가 가득한 **고등학생들이** 있다. → '스트레스가 가득한'이 '고등학생들'을 꾸미는 **관형사절**입니다.
- **G:** 전교생이 **채점이 완료되었음을** 알고 있었다. → '채점이 완료되었음을'이 '알고'의 목적어 자리에 온 **명사절**입니다.
- **H:** **산타클로스가 오는** 날은 언제에요? → '산타클로스가 오는'이 '날'을 꾸미는 **관형사절**입니다.
- **I:** 나는 **네가 손님을 접대하기를** 희망한다. → '네가 손님을 접대하기를'이 '희망한다'의 목적어 자리에 온 **명사절**입니다.

따라서 서술절을 안은 문장은 **J**입니다."
Syntax,Embedded Clauses,2,G,G,"정답은 **G**입니다.

**해설:**

**G: 이 통조림은 뚜껑이 꽤 작다.**
이 문장은 **이중주어문**입니다. 겉으로 보기에는 주어가 '이 통조림은'과 '뚜껑이' 두 개처럼 보이지만, 실제로 문장의 구조를 분석하면 다음과 같습니다.

- **주어(큰 주어):** 이 통조림은
- **서술절(안긴 문장):** 뚜껑이 꽤 작다

여기서 '뚜껑이 꽤 작다'는 그 자체로 '주어(뚜껑이) + 서술어(꽤 작다)'의 완전한 절(節)을 이루면서, 전체 문장에서 '이 통조림은'이라는 주어를 설명해 주는 **서술어**의 역할을 합니다. 이렇게 문장 전체의 서술어 자리에 들어와 있는 안긴 문장을 **'서술절'**이라고 부릅니다.

---

**다른 보기들의 안긴 문장 역할 분석:**

- **A (나는 너도 알다시피 물놀이를 좋아해):** '너도 알다시피'는 전체 문장을 꾸며주는 **부사절(인용적 연결어미)** 역할을 합니다.
- **B (선녀는 비가 오기를 기다린다):** '비가 오기를'은 '기다린다'의 목적어 역할을 하는 **명사절(목적어)** 입니다.
- **C (탐험가가 무엇을 발견했는지는 미지수이다):** '탐험가가 무엇을 발견했는지'는 '미지수이다'의 주어 역할을 하는 **명사절(주어)** 입니다.
- **D (배달원은 문제가 증폭되었음을 느꼈다):** '문제가 증폭되었음을'은 '느꼈다'의 목적어 역할을 하는 **명사절(목적어)** 입니다.
- **E (동민이가 출연한 드라마가 잘되었다):** '동민이가 출연한'은 '드라마'를 꾸며주는 **관형절(수식어)** 입니다.
- **F (혹시 새로 나온 햄버거 드셔보셨나요?):** '새로 나온'은 '햄버거'를 꾸며주는 **관형절(수식어)** 입니다.
- **H (사장님께서 말도 없이 보너스를 주셨네):** 안긴 문장이 없습니다. '말도 없이'는 단순한 부사어입니다.
- **I (혼자 교실 앞에서 발표하기가 부담스럽다):** '혼자 교실 앞에서 발표하기'는 '부담스럽다'의 주어 역할을 하는 **명사절(주어)** 입니다.
- **J (두더지는 대나무로 만들어진 그릇을 더럽혔다):** '대나무로 만들어진'은 '그릇'을 꾸며주는 **관형절(수식어)** 입니다.

따라서 안긴 문장의 역할이 '서술어'인 것은 **G**입니다."
Syntax,Embedded Clauses,3,G,G,"정답은 **G**입니다.

**이유:**
- **G**: ""팀장님이 토론에 참석했음은 전해 듣지 못했다.""
  - 명사절: **""팀장님이 토론에 참석했음""** (동사 '참석하다' + 명사화 어미 '-음')
  - 서술어: **""전해 듣지 못했다""** (타동사 '전해 듣다'의 부정형)
  - 명사절이 서술어 '전해 듣다'가 요구하는 대상(목적어)의 역할을 합니다. 비록 조사가 '은'으로 쓰였지만, 이는 목적어를 주제화(대조)한 것으로 문장 성분상 **목적어**입니다. (만약 '을'로 바꾸면 ""참석했음을 전해 듣지 못했다""가 되어 명확한 목적어가 됩니다.)

**다른 보기 분석:**
- **F**: ""홈페이지가 잘 수정되었는지가 주요 화제이다."" → 명사절('-는지')이 **주어** 역할 (조사 '가').
- **H**: ""매일 줄넘기하기가 상당히 지긋지긋하다."" → 명사절('-기')이 **주어** 역할 (조사 '가').
- **I**: ""집에서 사마귀를 키우기는 아무래도 어렵다."" → 명사절('-기')이 **주어/주제** 역할 (조사 '는').
- **A, C, D**: 명사절이 없음.
- **B, E, J**: 명사절이 아니라 체언(명사)을 수식하는 **관형절**임.

따라서 목적어 역할의 명사절을 안은 문장은 **G**입니다."
Syntax,Embedded Clauses,2,E,E,"정답은 **E**입니다.

**해설:**

- **E: ""토마토를 다 먹었음은 털어놓지 않았다.""**
  - 안긴 문장(내포절)은 **""토마토를 다 먹었음""**입니다.
  - 이 문장은 명사형 어미 **'-음'**이 붙어 명사절의 역할을 합니다.
  - 주절의 서술어 **""털어놓지 않았다""**가 목적어를 필요로 하는 타동사(他動詞)이므로, 명사절 ""토마토를 다 먹었음""은 이 서술어의 **목적어** 역할을 합니다. (단, 여기서는 보조사 '은'이 쓰였지만 문장 성분상 목적어입니다.)

**다른 보기들의 안긴 문장 역할:**

- **A:** ""눈썹이 휘날리도록"" → **부사절** (정도/상태)
- **B:** ""으르렁거리는 동물을 쳐다봄"" → **주어절** (명사절, '-ㅁ' 활용, '~은 위험하다')
- **C:** ""연기가 많이 늘었"" → **서술절** (주어 '그 여학생이'를 서술함)
- **D:** ""돋보기를 든"" → **관형절** (명사 '마술사' 수식)
- **F:** ""빛나는"" → **관형절** (명사 '미래' 수식)
- **G:** ""아들들이 착하다"" → **서술절** (주어 '그 회사원은'을 서술함)
- **H:** ""레스토랑을 예약하기"" → **주어절** (명사절, '-기' 활용, '~가 어렵다')
- **I:** ""여름철에 먹은"" → **관형절** (명사 '수박' 수식)
- **J:** ""밥맛 떨어지게"" → **부사절** (정도/상태)"
Pragmatics,Speech Acts,3,C,,[EMPTY_RESPONSE]
Pragmatics,Speech Acts,2,J,,[EMPTY_RESPONSE]
Pragmatics,Speech Acts,2,E,E,"정답은 **E**입니다.

**이유:**
- **E**는 청유형 종결어미 **'-ㅂ시다'**를 사용하여 문장 형식상으로는 화자와 청자가 함께 행동할 것을 제안하는 '청유'의 형태를 띠고 있습니다.
- 그러나 실제 발화 의도는 만원열차에서 앞을 막고 선 사람에게 **""비켜 달라"" 또는 ""내려 달라""**는 명령이나 요청입니다. 화자는 자신도 내릴 생각이 없이 상대방에게만 행동을 요구하는 상황이므로, 문장 형식(청유)과 실제 의도(명령/요청)가 일치하지 않습니다.
- 이처럼 문장의 형식과 발화 의도가 어긋나면서도 맥락을 통해 의도를 전달하는 것을 **간접 화행**이라고 하며, 이는 공손함이나 완곡함을 표현하기 위해 자주 사용됩니다.

**다른 보기 분석:**
- A: 평서문으로 정보 전달 (일치)
- B: 의문문으로 확인 질문 (일치)
- C: 청유문으로 권유/제안 (일치)
- D: 의문문으로 정보 요청 (일치)
- F: 명령형(금지)으로 요청 (일치)
- G: 의문문으로 정보 요청 (일치)
- H: 평서문으로 의지/약속 표현 (일치)
- I: 의문문으로 질문 (일치)
- J: 명령형으로 요청 (일치)"
Syntax,Argument Structure & Valency,2,D,,[EMPTY_RESPONSE]
Syntax,Argument Structure & Valency,3,B,J,"정답은 **J**입니다.

**이유:**
동사 **“뽐내다”**는 타동사(他動詞)로, **목적어(대상 논항)**가 반드시 필요합니다. 
- 주어(농부가)와 부사어(축제의 자리에서)는 있지만, **“무엇을”** 뽐내는지에 해당하는 목적어가 빠져 있어 문장이 의미적으로 불완전합니다.

**수정 예시:**
- 농부가 축제의 자리에서 **솜씨를** 뽐내고 있다.
- 농부가 축제의 자리에서 **자랑을** 뽐내고 있다.

**다른 보기들은 모두 자동사(不及物動詞) 또는 형용사적 용법으로 쓰여 주어와 부사어(장소, 원인 등)만으로 의미가 완결됩니다.**"
Syntax,Argument Structure & Valency,3,H,H,"정답은 **H**입니다.

**이유:**
의미역(의미적 역할)을 기준으로 보았을 때, 대부분의 문장에서 주어는 스스로 의지나 능동성을 가지고 행동하지 않는 **대상(테마, Theme)** 또는 **경험주(Experiencer)**입니다.

- **A~F, I, J**: 주어(공원, 다리미질, 나사, 머리카락, 노끈, 물품들, 정신, 깃발)는 모두 어떤 상태나 움직임을 **겪는 대상(테마)**입니다. (예: 나사가 덜렁거린다, 깃발이 팔랑팔랑하다)
- **G**: '예술가'는 칭찬에 의해 감정/정신의 변화를 겪는 **경험주(Experiencer)**입니다. 능동적으로 행동하는 주체가 아닙니다.

반면, **H**의 주어인 '여행사'는 ""설치고 있다""라는 동작을 **의도적이고 능동적으로 행하는 행위주(Agent)**입니다. (여기서 '여행사'는 사람을 비유적으로 이르는 표현으로, 주체적으로 행동합니다.)

따라서 의미역 상으로 다른 하나는 **H**입니다."
Syntax,Argument Structure & Valency,2,C,,[EMPTY_RESPONSE]
Syntax,Argument Structure & Valency,2,C,,[EMPTY_RESPONSE]
Phonetics/Phonology,Phonological Alternation,3,B,B,"**정답: B, D, H, I, J**

**비음화(鼻音化)**란 소리의 동화 현상 중 하나로, **파열음(ㄱ, ㄷ, ㅂ)이나 유음(ㄹ)이 이웃한 비음(ㄴ, ㅁ, ㅇ)의 영향을 받아 비음으로 바뀌는 현상**을 말합니다.

각 보기를 발음 규칙에 따라 분석하면 다음과 같습니다.

- **B: 생산량** → [생산냥]  
  (ㄹ이 앞의 ㄴ의 영향을 받아 ㄴ으로 바뀜 → 비음화)
- **D: 광한루** → [광한누]  
  (ㄹ이 앞의 ㄴ의 영향을 받아 ㄴ으로 바뀜 → 비음화)
- **H: 탄력** → [탄녁]  
  (ㄹ이 앞의 ㄴ의 영향을 받아 ㄴ으로 바뀜 → 비음화)
- **I: 대관령** → [대관녕]  
  (ㄹ이 앞의 ㄴ의 영향을 받아 ㄴ으로 바뀜 → 비음화)
- **J: 난로** → [난노]  
  (ㄹ이 앞의 ㄴ의 영향을 받아 ㄴ으로 바뀜 → 비음화)

---

**나머지 보기들(A, C, E, F, G)은 모두 '유음화(流音化)' 현상**입니다.  
유음화는 반대로 **ㄴ이 앞이나 뒤의 ㄹ의 영향을 받아 ㄹ로 바뀌는 현상**입니다.

- A: 신라 → [실라]
- C: 물놀이 → [물로리]
- E: 칼날 → [칼랄]
- F: 달나라 → [달라라]
- G: 줄넘기 → [줄럼끼]

따라서 비음화가 일어난 것은 **B, D, H, I, J**입니다."
Syntax,Argument Structure & Valency,3,J,J,"정답은 **J**입니다.

**<보기> 분석:**
""덕분에 목숨을 건졌다.""
- 용언: **건졌다** (건지다)
- **건지다**는 '무엇을 (목적어) 건지다'의 구조로, **주어**와 **목적어** 두 자리가 필요합니다. (2자리 서술어, 타동사)

**선택지 분석:**
- **A (보내다):** '이모부를(목적어) 교회로(부사어) 보내다' → 주어, 목적어, 부사어 (3자리)
- **B (닫히다):** '현관문이(주어) 닫히다' → 주어 (1자리, 자동사/피동사)
- **C (쉬다):** '날씨가(주어) 쉬어야 하다' → 주어 (1자리, 자동사) *('휴게소에서'는 필수적 부사어가 아님)*
- **D (맵다):** '파프리카는(주어) 맵다' → 주어 (1자리, 형용사)
- **E (뛰다):** '메뚜기가(주어) 뛰다' → 주어 (1자리, 자동사) *('보리밭을 향해'는 필수적 부사어가 아님)*
- **F (발사하다):** '물총새가(주어) 물을(목적어) 나뭇잎에(부사어) 발사하다' → 주어, 목적어, 부사어 (3자리)
- **G (맛있다):** '옥수수가(주어) 맛있다' → 주어 (1자리, 형용사)
- **H (예쁘다):** '담장이(주어) 예쁘다' → 주어 (1자리, 형용사)
- **I (가르치다):** '꼬마에게(부사어) 줄넘기를(목적어) 가르치다' → 주어, 목적어, 부사어 (3자리)
- **J (함께하다):** '행운이(주어) 그대와(부사어) 함께하다' → **주어**와 **부사어(상대)** 두 자리가 필요합니다. (2자리 서술어)

**결론:**
<보기>의 '건지다'가 주어+목적어(2자리)를 요구하는 것과 같이, **J**의 '함께하다'는 주어+부사어(2자리)를 요구하므로 자릿수가 같습니다."
Pragmatics,Deixis & Reference,3,I,,[EMPTY_RESPONSE]
Pragmatics,Deixis & Reference,3,D,,[EMPTY_RESPONSE]
Pragmatics,Deixis & Reference,3,I,,[EMPTY_RESPONSE]
Pragmatics,Deixis & Reference,3,I,,[EMPTY_RESPONSE]
Phonetics/Phonology,Phonological Alternation,2,J,,[EMPTY_RESPONSE]
Pragmatics,Deixis & Reference,3,D,,[EMPTY_RESPONSE]
Phonetics/Phonology,Phonological Alternation,3,A,A,"정답은 **A, B, C, E, G, I**입니다.

**설명:**
문제에서 말하는 '어떤 음의 조음에 비강의 공명이 수반되는 현상'은 바로 **비음화(鼻音化)**입니다. 
주어진 보기 중 비음화가 일어나는 경우는 모두 **'ㄴ'과 'ㄹ'이 만나 'ㄹ'이 'ㄴ'으로 바뀌는 현상(유음의 비음화)**입니다.

각 보기를 자세히 살펴보면 다음과 같습니다.

- **A: 생산량** → [생산냥] (산+량, ㄴ+ㄹ → ㄴ+ㄴ) **비음화**
- **B: 난로** → [난노] (ㄴ+ㄹ → ㄴ+ㄴ) **비음화**
- **C: 대관령** → [대괌녕] (관+령, ㅇ+ㄹ → ㅇ+ㄴ) **비음화**
- **D: 칼날** → [칼랄] (ㄹ+ㄴ → ㄹ+ㄹ) **유음화** (비음화 아님)
- **E: 신라** → [신나] (ㄴ+ㄹ → ㄴ+ㄴ) **비음화**
- **F: 달나라** → [달라라] (ㄹ+ㄴ → ㄹ+ㄹ) **유음화** (비음화 아님)
- **G: 광한루** → [광한누] (한+루, ㄴ+ㄹ → ㄴ+ㄴ) **비음화**
- **H: 물놀이** → [물롤이] (ㄹ+ㄴ → ㄹ+ㄹ) **유음화** (비음화 아님)
- **I: 탄력** → [탄녁] (탄+력, ㄴ+ㄹ → ㄴ+ㄴ) **비음화**
- **J: 줄넘기** → [줄럼끼] (ㄹ+ㄴ → ㄹ+ㄹ) **유음화** (비음화 아님)

따라서 비음화 현상이 일어난 것은 **A, B, C, E, G, I**입니다."
Phonetics/Phonology,Phonological Constraints,3,G,,[EMPTY_RESPONSE]
Pragmatics,Social Relationship Marking,2,I,I,"정답은 **I**입니다.

**이유:** 
I에서 갑은 ""오늘 저녁 같이 먹을래?""라고 을에게 식사를 제안하지만, 을은 ""우리 언니 생일""이라며 거절합니다. 을이 ""우리 언니""라고 말하는 것으로 보아 을에게 가족(언니)이 있다는 것은 알 수 있지만, 갑과 을 사이에 직접적인 가족 관계(부모-자식, 형제자매 등)를 암시하는 표현이 전혀 없습니다. 갑은 을의 가족이 아닌 친구나 지인일 가능성이 높습니다.

나머지 보기들은 모두 부모-자식 간의 대화(A, B, D, F, G, H, J), 형제자매 간의 대화(C, E) 등 명확한 가족 관계를 드러내고 있습니다."
Syntax,Argument Structure & Valency,1,E,,[EMPTY_RESPONSE]
Syntax,Argument Structure & Valency,1,I,I,"정답은 **I**입니다.

**해설:**
- **I: 내 춤 파트너로 <널> 택하겠어.**
  - '널'은 '너를'의 줄임말로, 목적격 조사 '를'이 결합된 형태입니다. 이 문장에서 주어는 생략된 '나'이고, '널'은 동사 '택하겠어'의 목적어(목적격)입니다.
  
**다른 보기들 확인:**
- A: 질병은 (주어, 보조사 '은'이 붙었지만 주어 역할)
- B: 열매 (주어)
- C: 경치가 (주격 조사 '가')
- D: 소리가 (주격 조사 '가')
- E: 학생도 (보조사 '도'가 붙었지만 주어 역할)
- F: 말이 (주격 조사 '이')
- G: 애기가 (주격 조사 '가')
- H: 걘 (걔는 = 그 아이는, 주어 역할)
- J: 창문이 (주격 조사 '이')

따라서 꺾쇠 안의 단어가 주어가 아닌 것은 **I**번입니다."
Syntax,Argument Structure & Valency,3,I,I,"정답은 **I**입니다.

**이유:**
문장 I의 구조는 **""화분에 손댄 건 (주어) + 내가 (보어) + 아니다 (서술어)""**입니다.

- **화분에 손댄 건** = 주어 (The one who touched the flowerpot)
- **내가** = 보어 (Complement) - '아니다'의 보충어 역할을 합니다.
- **아니다** = 서술어 (Predicate)

한국어 문법에서 **'아니다'**는 주어와 보어를 모두 필요로 하는 특수한 서술어입니다. 
""X가 Y가 아니다"" 구문에서 X는 주어, Y는 보어가 됩니다. 따라서 이 문장에서 꺾쇠 안의 **'내가'는 주어가 아니라 보어**입니다.

나머지 문장들(A, B, C, D, E, F, G, H, J)은 모두 꺾쇠 안의 단어가 문장의 주어로 기능합니다."
Syntax,Argument Structure & Valency,2,G,G,"정답은 **G**입니다.

**해설:**

- **G: 너 혹시 <귀신> 본 적 있니?**
  - 이 문장에서 주어는 '너'입니다. (너는 혹시 귀신을 본 적 있니?)
  - 꺽쇠 안의 '귀신'은 동사 '본'의 목적어(무엇을 보았는가) 역할을 합니다.

**다른 보기들의 꺽쇠 단어는 모두 주어입니다:**

- **A:** 내 **친구는** (주어) 맨날 다이어트를 다짐한다.
- **B:** **증조할머니께서** (주어, 주격 조사 '께서') 방 안에 계시다.
- **C:** 우리 마을 **용사는** (주어) 참 용감하다.
- **D:** **거북이도** (주어, 보조사 '도'가 붙었지만 주어) 토끼처럼 길을 건너가고 있다.
- **E:** 금세 **금붕어가** (주어, 주격 조사 '가') 눈 앞에 보였다. ('보이다'의 주체)
- **F:** 이번에 **순호** (주어, 조사 생략) 대학 합격했다더라.
- **H:** **누가** (주어, 주격 조사 '가') 저 멀리서 뛰어오고 있니?
- **I:** 이 **어미는** (주어) 네가 참 자랑스럽구나. ('자랑스럽다'의 주체는 '어미')
- **J:** 낮잠을 자는 **남동생이** (주어, 주격 조사 '이') 낯설다."
Syntax,Agreement,1,J,J,"정답은 **J**입니다.

**해설:**
- **J: ""난 이제 세면대에서 얼굴을 씻겠다.""** 에서 '-겠-'은 화자(1인칭 '난')의 **의지(의향)**를 나타냅니다. ""나는 이제 세면대에서 얼굴을 씻을 것이다""라는 뜻으로, 앞으로의 행동에 대한 강한 의지를 표현합니다.

**다른 보기들의 의미 분석:**
- **A, B, C, D, E, G, H**: 모두 '-을 것'이 **추측(억측)**이나 **가능성**을 나타냅니다. (예: A는 ""나쁘지 않을 것이다""라는 추측, B는 ""그릴 수 없을 것이다""라는 추측, D는 ""갈 것이다""라는 미래 추측 등)
- **F**: '-겠-'이지만, ""콜록콜록거리는 걸 보니""라는 근거를 바탕으로 한 **추측**입니다. (코가 막혀 콧물이 나올 것 같다는 추측)
- **I**: '-겠-'이지만, ""불을 쓰면""이라는 조건에 따른 **추측**입니다. (얼음이 녹을 것이라는 추측)

따라서 명확하게 화자의 **의지**를 나타내는 것은 **J**입니다."
Syntax,Agreement,2,G,G,"정답은 **G**입니다.

**해설:**
- **G: ""가해자의 표정에서 반성의 기미가 엿보이지 않았다.""**에서 핵심 서술어는 **'엿보이지 않았다'**입니다. 이는 동사 **'엿보다'**에 피동 접미사 **'-이-'**가 결합된 피동사 **'엿보이다'**의 부정형입니다. 즉, 주어(반성의 기미)가 스스로 행동하는 것이 아니라, 보는 사람(화자)에 의해 '보여지는' 피동 표현입니다.

**다른 보기들의 분석 (모두 주동 표현):**
- **A**: '가냘프다' - 주어의 성질을 나타내는 형용사 (주동)
- **B**: '강행했다' - 주어가 직접 행동함 (주동)
- **C**: '어그러졌다' - 주어(사이)가 스스로 그렇게 됨 (주동, 자동사)
- **D**: '말대답했다' - 주어가 직접 행동함 (주동)
- **E**: '가혹하지 않다' - 형용사 (주동)
- **F**: '멋들어진다' - 형용사 (주동)
- **H**: '시해했다' - 주어(일본 군대)가 직접 행동함 (주동)
- **I**: '감내했다' - 주어가 직접 행동함 (주동)
- **J**: '만끽했다' - 주어가 직접 행동함 (주동)

따라서 피동 표현이 사용된 **G**가 주동 표현이 포함되지 않은 문장입니다."
Semantics,Semantic Compatibility,1,C,C,"가장 어색한 문장은 **C: 배를 달래고자 허기를 먹었다.** 입니다.

**이유:**
- **'허기를 먹다'** 는 전혀 어색한 표현입니다. '허기'는 '배가 고픈 느낌' 즉, 추상적인 상태이지 먹을 수 있는 대상이 아닙니다. 
- 올바른 표현은 **'허기를 달래다'** (공복감을 없애다) 또는 **'밥을 먹다'**, **'음식을 먹다'** 등입니다.
- 즉, C는 '배를 달래다'와 '허기를 달래다'를 섞어 쓰면서 '먹다'라는 동사를 잘못 결합시킨 전형적인 문법/어휘 오류입니다.

**참고로 D(교각 위로 차가 지나간다)도 다소 어색할 수 있습니다.**
- '교각'은 다리를 받치는 기둥(교각)을 뜻하므로, 차가 '교각 위'를 지나간다는 것은 물리적으로 맞지 않습니다. '다리 위' 또는 '교량 위'가 자연스럽습니다.
- 하지만 C는 '먹다'라는 동사와 '허기'라는 목적어의 결합이 **의미적으로 완전히 불가능한 조합**이므로, D보다 더 심각하고 명백한 오류입니다. 따라서 가장 어색한 것은 **C**입니다."
Semantics,Semantic Compatibility,1,E,E,"가장 부적절한 선지는 **E**입니다.

**이유:**
- **E: ""하늘엔 주식이 밝게 빛나고 있었다.""**  
  '주식(株式)'은 금융 상품(주식)을 뜻하는 단어로, 하늘에서 빛나는 존재가 아닙니다. 하늘에서 빛나는 것은 '별' 또는 '달'이어야 합니다. 이 문장은 단어 선택(어휘)이 잘못된 전형적인 예시입니다.  
  올바르게 고치면 *""하늘엔 별이 밝게 빛나고 있었다.""* 가 되어야 자연스럽습니다.

**다른 선지들**은 모두 문법적으로나 의미적으로 자연스러운 일상적인 표현들입니다.  
- A: 속담/교훈적 표현  
- B: 일상적인 권유  
- C: 말장난(동음이의어 활용)  
- D: 상황 묘사  
- F: 기술적 필요성  
- G: 음식 평가  
- H: 시제/배경 설명  
- I: 신체 감각 묘사  
- J: 시적/철학적 표현  

따라서 정답은 **E**입니다."
Pragmatics,Discourse Principles,1,H,H,"정답은 **H: 나는 네가 현명한 결정을 내릴 줄 아는 애라고 생각한단다.** 입니다.

**이유 설명:**

- **H**는 겉으로는 칭찬처럼 들리지만, 화자가 ""미술 전공""이라는 선택지를 이미 '현명하지 못한 결정'으로 전제하고 있습니다. 
- ""현명한 결정""이 구체적으로 무엇을 의미하는지 명시하지 않아 **모호**하며, ""너는 현명하니까 잘 선택하겠지""라는 표면적 의미와 ""미술을 가겠다면 그건 현명한 선택이 아니야""라는 이면적 의미를 동시에 담고 있어 **중의적**입니다.
- 직접적으로 ""하지 마라""고 말하지 않고, 듣는 이로 하여금 스스로 '미술 = 비현명함'이라는 결론을 유추하게 만드는 전형적인 **우회적 반대** 표현입니다.

---

**다른 보기들에 대한 간략한 분석:**

- **A, C, D, F**: 반대 의견이지만 직설적이거나 명확한 이유를 제시하여 '우회적'이거나 '모호'하다고 보기 어렵습니다.
- **B, I, J**: 다른 대안(경영, 코딩, 경제)을 간접적으로 제시하지만, 그 의미가 비교적 명확하게 전달되어 '중의적'이라기보다는 단순한 방향 전환에 가깝습니다.
- **E, G**: 반대 의견이 아니라 지지하거나 중립적인 태도입니다."
Semantics,Conjunctions,1,B,B,"정답: **B: 다만**

**이유:**
지문의 앞부분은 ""설명을 듣고 나니 제 궁금증이 많이 해결되었습니다""라고 하여 긍정적인 반응을 보이고 있습니다. 그러나 뒷부분은 ""답변 중 마지막에 언급하신 부분에는 선뜻 동의하기 어렵습니다""라고 하여 부정적이거나 반대되는 의견을 제시하고 있습니다. 

이처럼 앞의 긍정적인 내용을 인정하면서, 뒤에 반대되거나 예외적인 내용을 덧붙일 때 사용하는 접속 부사는 **'다만'** (그러나, 단, 단지)입니다. '다만'은 앞의 내용을 인정하면서 조건이나 제한을 두거나, 반대되는 사실을 말할 때 쓰입니다.

**다른 보기 분석:**
- A (그렇다면), F (그러면): 앞의 내용을 조건으로 하여 결과를 이끌 때 사용 (의문 해결 후 동의로 이어져야 자연스러움).
- C (게다가), I (더욱이): 앞의 내용에 더해 추가 정보를 덧붙일 때 사용 (긍정에 긍정이 이어져야 함).
- D (가령): 예를 들어 설명할 때 사용.
- E (따라서), H (그러므로), J (그래서): 앞의 내용이 원인이 되어 결과가 이어질 때 사용 (의문 해결이 '동의 어려움'의 원인이 될 수 없음).
- G (역시): 앞의 내용과 마찬가지로 예상했던 대로임을 나타낼 때 사용."
Syntax,Argument Structure & Valency,3,I,,[EMPTY_RESPONSE]
Semantics,Conjunctions,1,A,A,A: 그래서
Semantics,Conjunctions,1,A,A,A: 그런데
Semantics,Numeral Classifiers,1,E,E,E: 한 돈 들어갑니다.
Semantics,Numeral Classifiers,2,B,B,B: 1돈입니다.
Semantics,Numeral Classifiers,2,B,,[EMPTY_RESPONSE]
Syntax,Agreement,2,A,,[EMPTY_RESPONSE]
Syntax,Agreement,3,D,B,"정답은 **B**입니다.

**해설:**
문장성분의 호응이란 문장 안에서 주어-서술어, 부사어-서술어, 접속어-서술어 등이 서로 자연스럽고 논리적으로 연결되는 것을 말합니다.

- **A:** '왜냐하면'은 뒤에 '때문이다'가 와야 호응이 되는데, '배우면서 자란다'가 와서 어색합니다. (왜냐하면 ~ 때문이다)
- **C:** '여간'은 부정적인 표현('여간 ~ 아니다')과 호응해야 하는데, '여간 많은 노력을 기울여야 하는 게 어려운 일이다'는 긍정문으로 쓰여 어색합니다. (여간 ~지 않다)
- **D:** '반드시'는 서술어('따라야 한다') 앞에 와야 자연스럽습니다. 문장 끝에 붙으면 어색합니다. (반드시 따라야 한다)
- **E:** '설령'은 양보의 접속어로 뒤에 '-ㄹ지라도', '-아도' 등이 와야 하는데 '사실이지만'과는 호응이 어색합니다. (설령 ~일지라도)
- **F:** '비단'은 '비단 A뿐만 아니라 B도'의 구성으로 쓰여야 하는데, '비단 영어만 잘 할 뿐'은 의미가 중복되고 어색합니다. (비단 ~뿐만 아니라)
- **G:** '결코'는 부정의 서술어와 호응해야 하는데, '말할 것이다'라는 긍정문과는 어울리지 않습니다. (결코 ~않다)
- **H:** '결코'는 부정의 서술어와 호응해야 하며, 문장 끝에 붙는 것도 어색합니다. (결코 밀어부치지 말아야 한다 등)
- **I:** '모름지기'는 당연히 해야 할 일이나 마땅한 이치를 나타낼 때 쓰이며, 뒤에 '-야 한다' 등이 와야 자연스럽습니다. '한다'와는 호응이 어색합니다. (모름지기 ~해야 한다)
- **J:** '물을 주자'라는 서술어가 먼저 나오고 '꽃에게'라는 부사어(간접목적어)가 문장 맨 끝에 와서 어순이 매우 어색합니다. (우리 애완 꽃에게 물을 주자)

**B의 경우:** ""나와 친한 친구가 있는데, 어제 저녁밥을 먹고 그 친구가 집으로 바래다 주었다."" 
'어제 저녁밥을 먹고'와 '그 친구가 집으로 바래다 주었다'가 시간적 순서에 따라 자연스럽게 연결되며, 주어('그 친구가')와 서술어('바래다 주었다')의 호응도 적절합니다."
Semantics,Ambiguity,3,G,,[EMPTY_RESPONSE]
Phonetics/Phonology,Phonological Alternation,3,F,,[EMPTY_RESPONSE]
Phonetics/Phonology,Phonological Alternation,2,J,,[EMPTY_RESPONSE]
Phonetics/Phonology,Phonological Alternation,2,E,,[EMPTY_RESPONSE]
Syntax,Ellipsis,3,D,,[EMPTY_RESPONSE]
Syntax,Argument Structure & Valency,2,G,,[EMPTY_RESPONSE]
Semantics,Semantic Compatibility,2,E,E,"정답은 **E: 1**입니다.

**해설:**

지문에서 괄호 안의 단어는 **[태양]**입니다. 각 보기의 진위를 하나씩 판별해 보겠습니다.

1. **""[태양]과 순우리말인 '해'는 여기서 같은 의미로 사용되지 않았다.""**  
   → 지문에서 ""올 해""의 '해'는 '1년(年)'을 뜻하고, [태양]은 '해(太陽)'를 뜻합니다. 서로 다른 의미이므로 **맞는 설명**입니다.

2. **""'한 해'를 여는 자격역에 해당한다.""**  
   → '자격역'은 '~로서'의 의미로 신분이나 자격을 나타냅니다. [태양]은 '한 해'의 자격이 아니라 '떴다'의 주체(주어)입니다. **틀린 설명**입니다.

3. **""'아프고'의 영향주역이다.""**  
   → '영향주역'은 어떤 동작이나 상태의 영향을 받는 대상입니다. '아프고 슬픈 일'의 영향을 받는 대상은 '모두'이지 [태양]이 아닙니다. **틀린 설명**입니다.

4. **""'슬픈 일'의 영향주역이다.""**  
   → 위와 동일하게 [태양]은 '슬픈 일'의 영향을 받는 대상이 아닙니다. **틀린 설명**입니다.

5. **""'기쁜 일'의 도착역이다.""**  
   → '도착역'은 행위가 도달하는 대상(수신자)입니다. '기쁜 일'이 도달하는 대상은 '모두'입니다. **틀린 설명**입니다.

6. **""'즐거운 일'의 내용역이다.""**  
   → '내용역'은 어떤 행위의 내용이 되는 대상입니다. [태양]은 '즐거운 일'의 내용이 될 수 없습니다. **틀린 설명**입니다.

7. **""'모두'의 동반주역이다.""**  
   → '동반주역'은 함께 행동하는 대상입니다. [태양]은 '모두'와 동반 관계가 아닙니다. **틀린 설명**입니다.

8. **""'다가온'의 대상역이다.""**  
   → '대상역'은 동작의 대상(목적어)입니다. '다가온'의 대상은 '한 해'이며, [태양]은 대상이 아닙니다. **틀린 설명**입니다.

9. **""'찬란'의 도구역이다.""**  
   → '도구역'은 어떤 행위를 할 때 사용하는 도구입니다. '찬란하게'는 [태양]이 뜨는 모양을 꾸며주는 부사어(방법/상태)이지 도구가 아닙니다. **틀린 설명**입니다.

따라서 옳은 설명은 **1번 하나뿐**이므로, 가장 옳은 것의 수는 **1개**입니다."
Semantics,Semantic Compatibility,3,B,,[EMPTY_RESPONSE]
Syntax,Agreement,2,E,E,"정답은 **E**입니다.

**해설:**

- **E: 악장이 그에게 튜바를 불렸다.**  
  이 문장은 **사동 표현(使動表現)**입니다. '불다'의 사동형인 '불리다'가 사용되어, 악장이 그에게 튜바를 **불게 했다**는 뜻입니다. (주어가 동작을 직접 하지 않고 남에게 시키는 것)

- **A, B, C, D, F, G, H, I, J**는 모두 피동 표현입니다.
  - A: 찍**히**다
  - B: 차**이**다
  - C: 풀**리**다
  - D: 쫓**기**다
  - F: 팔**리**다
  - G: 휘말**리**다
  - H: 찢**기**다
  - I: 흔들**리**다
  - J: 파묻**히**다

따라서 피동 표현이 포함되지 않은 것은 **E**입니다."
Semantics,Semantic Compatibility,3,H,E,"정답: **E: 정답 없음**

**지문 분석 및 각 선택지 검토:**

지문의 핵심 문장을 살펴보면 다음과 같습니다.

- ""다빈치는 당대 귀족이나 식자층의 자녀들처럼 정식 학교에서 읽고 쓰기를 배우지는 못했다.""  
  → 여기서 **귀족**과 **식자층**은 **자녀**를 꾸며주는 **관형어(수식어)** 역할을 합니다. 비교의 기준(기준치역)은 '귀족이나 식자층의 자녀들' 전체이며, '귀족' 단독이 다빈치의 기준치역이 아닙니다.

- ""피렌체의 인문주의 학자들로부터 무시가 이어지자""  
  → **피렌체**는 **학자들**을 꾸며주는 관형어입니다. '무시'의 출발점(출발점역)은 '학자들'이며, '피렌체'는 단순히 학자들의 출신지를 나타내는 수식어일 뿐입니다.

- ""마흔이 넘은 나이에 라틴어를 배웠고, 그 덕분에 더 넓은 학문을 익힐 수 있도록 큰 도움이 되었다.""  
  → **라틴어**는 '배웠고'의 목적어(대상역)입니다. '도움'의 내용(내용역)은 '더 넓은 학문"
Morphology,POS & Morphemes,3,C,C,C
Syntax,Argument Structure & Valency,3,D,D,"정답은 **D: 5**입니다.

각 문장의 서술어의 자릿수(필수적 논항의 수)를 분석하면 다음과 같습니다.

1. **예상 밖의 한파에 뺨이 무척 시리다.**
   - 서술어: '시리다' (형용사)
   - 필수 성분: 주어 '뺨이' (1개)
   - '예상 밖의 한파에'는 원인을 나타내는 부사어로, 문장 성립에 필수적이지 않은 수의적(수의적) 부사어입니다.
   - **자릿수: 1**

2. **홍합탕에 실수로 국자를 빠뜨렸다.**
   - 서술어: '빠뜨리다' (타동사)
   - 필수 성분: 주어(생략됨, '내가'), 목적어 '국자를', 부사어 '홍합탕에' (3개)
   - '빠뜨리다'는 '어디에 무엇을'이 모두 필요한 3자리 서술어입니다. '실수로'는 수의적 부사어입니다.
   - **자릿수: 3**

3. **부동산의 가격이 천정부지로 치솟는다.**
   - 서술어: '치솟다' (자동사)
   - 필수 성분: 주어 '가격이' (1개)
   - '천정부지로'는 정도나 방식을 나타내는 수의적 부사어입니다.
   - **자릿수: 1**

**따라서 총합은 1 + 3 + 1 = 5** 입니다."
Semantics,Semantic Compatibility,3,A,H,"정답은 **H: 정답 없음**입니다.

**이유 분석:**

1. **문장 구조 파악**:
   - ""한류 관련 보도가 가장 많은 국가 3곳은 인도와 미국, 태국이라는 조사 결과가 나왔다.""
   - ""이번 조사는 아시아 주요국 부터 아프리카, 유럽 까지 대부분의 국가를 포괄한 조사라는 점에서 의의가 크다.""

2. **각 괄호의 의미역(격) 검토**:
   - **[인도], [미국], [태국]**: 서술어 '이다'의 **보어(보격)** 역할을 합니다. (주어 '국가 3곳'을 보충 설명)
   - **[아시아 주요국]**: '부터'와 결합하여 **출발점역(기점)** 을 나타냅니다.
   - **[아프리카], [유럽]**: '까지'와 결합하여 **도착점역(종점)** 을 나타냅니다. (단, '아프리카, 유럽'이 함께 종점을 이룸)
   - **[한류]**: '관련'의 대상이 되는 **내용역(대상역)** 이나, 문장에서 '한류 관련'이 하나의 관형어구로 쓰였습니다.

3. **보기별 판단**:
   - A: [인도]는 동반 주역 → 오답 (보어임)
   - B: [미국]은 도착점역 → 오답 (보어임)
   - C: [아시아 주요국]은 경험주역 → 오답 (출발점역임)
   - D: [아시아 주요국]은 결과상태역 → 오답 (출발점역임)
   - E: [유럽]은 내용역 → 오답 (도착점역임)
   - F: [태국]은 기준치역 → 오답 (보어임)
   - G: [아프리카]는 영향주역 → 오답 (도착점역임)
   - I: [인도], [미국], [태국]은 [한류]의 동반 주역 → 오답 (보어이며, 한류의 동반 주역이 아님)
   - J: [태국]은 도착점역 → 오답 (보어임)

따라서 제시된 보기 중 옳은 설명이 없으므로 **H (정답 없음)** 가 가장 옳습니다."
Semantics,Semantic Compatibility,2,H,H,"정답: **H (정답 없음)**

**해설:**

문장에서 괄호 안의 **[사또]**는 동사 **'신기해 했다'**의 주어입니다. '신기해 하다'는 심리 동사로, 감정을 느끼는 주체를 필요로 합니다. 따라서 [사또]는 '신기함'이라는 감정을 **경험하는 주체**, 즉 **경험주( experiencer)** 역할을 합니다.

각 보기를 분석하면 다음과 같습니다.

- **A, B, C, E, F, G, J**: [사또]는 '신기'의 경로, 도구, 영향주(원인), 자격, 결과 상태, '알'의 결과 상태, '러시아'의 장소, '철갑상어'의 내용 등이 될 수 없습니다. '신기함'의 원인(영향주)은 [철갑상어 알]이지 [사또]가 아닙니다.
- **D**: [사또]는 '러시아'의 도착점이 아닙니다. '러시아'는 '보내온'의 출발점(근원)역입니다.
- **I**: '경험주'라는 용어가 맞지만, 보기에서 [사또]가 아니라 **'철갑상어'**의 경험주라고 잘못 지칭하고 있습니다. [사또]는 '철갑상어'의 경험주가 아니라 '신기'의 경험주입니다.

따라서 [사또]의 올바른 의미역은 **'신기'의 경험주**이지만, 보기에는 이를 정확히 설명한 항목이 없으므로 **H (정답 없음)**이 가장 적절합니다."
Syntax,Embedded Clauses,2,J,J,"정답은 **J**입니다.

**해설:**
- **J (아까 녹인 밥을 꺼내오거라)**에서 **'아까 녹인'**이 뒤에 오는 명사 **'밥'**을 수식하는 **관형절(안긴 문장의 관형어)**입니다. 
  - '녹인'은 동사 '녹이다'의 관형사형 어미 '-ㄴ'이 결합하여 명사 '밥'을 꾸며주는 역할을 합니다.

**다른 보기들의 안긴 문장 역할:**
- **A, E, F**: '성격이 독하다', '맛이 구수하다', '지능이 높다' → **서술절** (주어를 설명하는 이중주어문의 서술어)
- **B**: '만두를 더 먹기에' → **부사절** (이유를 나타냄)
- **C**: '기사가 약속을 지키기를' → **명사절** (목적어 역할, '-기를')
- **D**: '남매가 안전벨트를 매는지는' → **명사절** (주어 역할, '-는지')
- **G**: '고양이의 눈동자가 커졌음을' → **명사절** (목적어 역할, '-음을')
- **H**: '하품이 나도록' → **부사절** (정도를 나타냄)
- **I**: '모든 조건을 맞추기가' → **명사절** (주어 역할, '-기가')"
Pragmatics,Discourse Principles,2,G,G,"정답은 **G: 난 오늘 떡국 먹는다.** 입니다.

**이유:**
떡국은 한국에서 설날(1월 1일)이나 생일에 먹는 음식으로, ""떡국을 먹는다""는 말은 ""생일이다"" 또는 ""한 살 더 먹는다""는 뜻을 내포할 수 있습니다. 하지만 이 답변은 **구체적인 나이(숫자)나 나이를 유추할 수 있는 명확한 정보(예: 출생년도, 학년, 나이대 등)를 전혀 제공하지 않습니다.** 단순히 ""오늘 떡국을 먹는다""고만 했을 뿐, 상대방이 그 사람의 나이를 알 수 있는 단서가 전혀 없습니다.

**다른 보기들 분석:**
- **A (갓 성인이 됐어요):** 만 19세(한국 기준 성인)임을 알 수 있음.
- **B (내일이면 돌이에요):** 만 1세가 됨을 알 수 있음.
- **C (이제 6학년이 돼요):** 초등학교 6학년(약 11~12세)임을 알 수 있음.
- **D (선생님보다 하나 아래입니다):** 선생님의 나이를 알면 정확한 나이를 알 수 있는 상대적 정보 제공.
- **E (진갑이라고 하면 알아듣나?):** 진갑(回甲)은 60세를 의미하므로 나이를 알 수 있음.
- **F (70년 개띠면 올해로 몇이더라?):** 1970년생(개띠)임을 알려주어 올해 나이를 계산할 수 있음.
- **H (아드님과 동년배입니다):** 아드님의 나이를 알면 정확한 나이를 알 수 있는 상대적 정보 제공.
- **I (저는 열 살이고 얘는 아직 다섯 살이에요):** 정확한 나이(10세, 5세)를 명시함.
- **J (저도 이제 불혹입니다):** 불혹(不惑)은 40세를 의미하므로 나이를 알 수 있음.

따라서 **G**만이 나이에 대한 어떤 정보(절대적, 상대적, 상징적)도 제공하지 않습니다."
Syntax,Embedded Clauses,2,B,B,"정답은 **B**입니다.

**해설:**
- **B (나는 밤이 새도록 삼나무를 응시했다.)**에서 **'밤이 새도록'**은 절(주어+서술어의 구조를 가진 안긴문장)이면서, 주절의 서술어 **'응시했다'**를 시간적으로 수식하는 **부사어**의 역할을 합니다. (시간을 나타내는 부사절)

**다른 선택지 분석:**
- **A**: '사탕수수에서 짠' → '즙'을 수식하는 **관형어** (관형절)
- **C**: '내가 그를 얼마나 변호했는지' → '몰랐다'의 목적어인 **명사절** (목적어)
- **D**: 안긴 문장이 없는 단일문 (이중주어문)
- **E**: '대교 옆에 있는' → '대관람차'를 수식하는 **관형어** (관형절)
- **F**: '남편이 사실 불임이 아녔음' → '드러났다'의 주어인 **명사절** (주어)
- **G**: '삯바느질이 뭔지' → '알고 싶어요'의 목적어인 **명사절** (목적어)
- **H**: '어제 나한테 샤프심을 빌려준' → '애'를 수식하는 **관형어** (관형절)
- **I**: '꽃샘추위를 이겨 내기' → '버거워졌다'의 주어인 **명사절** (주어)
- **J**: 안긴 문장이 없는 단일문 ('상당히'는 일반 부사)"
Pragmatics,Implicature,2,D,,[EMPTY_RESPONSE]
Syntax,Embedded Clauses,3,A,,[EMPTY_RESPONSE]
Morphology,Verbal Conjugation,3,C,B,"<보기>의 기준에 따라 **어간과 어미가 모두 바뀌는 경우**는 **'ㅂ' 불규칙 활용**과 **'ㅎ' 불규칙 활용**입니다.

정답은 **B, C, G, H**입니다.

각 항목을 자세히 분석하면 다음과 같습니다.

- **B: 고와 (곱다)** - 'ㅂ' 불규칙 활용
  - 어간: 곱 → 고 (ㅂ이 오로 바뀜)
  - 어미: -아 → -와 (앞 음절의 'ㅗ'와 결합하여 '와'로 바뀜)
  - 따라서 어간과 어미가 모두 바뀝니다.

- **C: 빨개 (빨갛다)** - 'ㅎ' 불규칙 활용
  - 어간: 빨갛 → 빨가 (ㅎ이 탈락)
  - 어미: -아 → -애 (어간의 'ㅏ'와 결합하여 'ㅐ'로 축약)
  - 따라서 어간과 어미가 모두 바뀝니다.

- **G: 구워 (굽다)** - 'ㅂ' 불규칙 활용
  - 어간: 굽 → 구 (ㅂ이 우로 바뀜)
  - 어미: -어 → -워 (앞 음절의 'ㅜ'와 결합하여 '워'로 바뀜)
  - 따라서 어간과 어미가 모두 바뀝니다.

- **H: 도와 (돕다)** - 'ㅂ' 불규칙 활용
  - 어간: 돕 → 도 (ㅂ이 오로 바뀜)
  - 어미: -아 → -와 (앞 음절의 'ㅗ'와 결합하여 '와'로 바뀜)
  - 따라서 어간과 어미가 모두 바뀝니다.

---

**나머지 보기들에 대한 설명 (어간만 바뀌는 경우)**

- **A: 퍼 (푸다)** - 'ㅡ' 불규칙 활용 (어간의 'ㅡ'가 탈락하고 어미 '-어'와 축약, 어간 변화로 분류)
- **D: 흘러 (흐르다)** - '르' 불규칙 활용 (어간에 'ㄹ'이 추가됨, 어간 변화)
- **E: 물어 (묻다)** - 'ㄷ' 불규칙 활용 (어간 'ㄷ'이 'ㄹ'로 교체, 어간 변화)
- **F: 우는 (울다)** - 'ㄹ' 불규칙 활용 (어간의 'ㄹ'이 탈락, 어간 변화)
- **I: 지어 (짓다)** - 'ㅅ' 불규칙 활용 (어간의 'ㅅ'이 탈락, 어간 변화)
- **J: 이르러 (이르다)** - '르' 불규칙 활용 (어간에 'ㄹ'이 추가됨, 어간 변화)

결론적으로, **어간과 어미가 모두 바뀌는 경우는 B, C, G, H**입니다."
Morphology,Verbal Conjugation,3,C,,[EMPTY_RESPONSE]
Syntax,Embedded Clauses,2,D,D,"정답은 **D**입니다.

**해설:**

- **D (막둥이는 도망치다시피 뛰어나갔다.)**에서 안긴 문장은 **'도망치다시피'**입니다.  
  이는 연결어미 '-다시피'가 쓰여 '도망치는 것처럼'이라는 뜻으로, 뒤의 동사 '뛰어나갔다'를 수식하는 **부사어(부사절)** 역할을 합니다.

**다른 선택지 분석:**

- **A**: '이기주의자가 너의 이상형임을' → 명사절(-임을)이 **목적어** 역할.
- **B**: 안긴 문장 없음 (단문).
- **C**: '홍대에 있는' → 관형사절(-는)이 **관형어** 역할 (작업실 수식).
- **E**: '걔가 야행성 생활을 고칠지가' → 명사절(-ㄹ지가)이 **주어** 역할.
- **F**: '흐느끼던' → 관형사절(-던)이 **관형어** 역할 (후보자 수식).
- **G**: '용왕으로부터 도망치기란' → 명사절(-기란)이 **주어** 역할.
- **H**: '걔가 나한테 잘못을 덮어씌우는지' → 명사절(-는지)이 **목적어** 역할 (눈여겨보다의 대상).
- **I**: 안긴 문장 없음 (단문, '장난기가'가 주어).
- **J**: '곧 입대하는' → 관형사절(-는)이 **관형어** 역할 (아들 수식)."
Pragmatics,Speech Acts,3,E,,[EMPTY_RESPONSE]
Pragmatics,Speech Acts,1,G,,[EMPTY_RESPONSE]
Pragmatics,Speech Acts,2,B,B,"정답은 **B**입니다.

**이유:**
B의 ""시간이 늦었는데 이제 그만 일어날까요?""는 청유형 표현('-ㄹ까요?')을 사용하여 화자가 청자와 **함께** ""일어나는"" 행동을 할 것을 제안하고 있습니다.

**다른 보기들 분석:**
- **A** (""길 좀 물읍시다""): 화자가 혼자 길을 묻겠다는 의사 표현(공손한 의지)에 가깝습니다.
- **C** (""대할 수 있소?""): 항의나 질문으로, 함께 행동을 청하는 것이 아닙니다.
- **D** (""보던 책은 집어넣자""): 청유형이지만, 화자는 시험지를 나누고 청자는 책을 넣는 **서로 다른 행동**을 지시하는 것입니다.
- **E** (""나도 한 번만 해 보자""): 화자 자신이 해보겠다는 단독 의지 표현입니다.
- **F** (""반론해 주십시오""): 명령/요청으로, 함께 하는 행동이 아닙니다.
- **G** (""조용히 좀 합시다""): 청유형이지만, 화자가 이미 조용한 상태에서 청자에게 조용히 하라고 지시하는 의미가 강합니다.
- **H** (""부탁 하나만 하자""): 화자가 부탁을 하겠다는 단독 의지 표현입니다.
- **I** (""너도 가서 거들어라""): 명령형으로, 청자에게만 행동을 요구합니다.
- **J** (""지수가 한 번 말해 볼까?""): 화자가 아닌 **제3자(지수)**에게 말해보도록 권유하는 것입니다."
Pragmatics,Speech Acts,3,E,,[EMPTY_RESPONSE]
Syntax,Embedded Clauses,1,B,B,"정답: **B**

**해설:**  
B의 문장에서 **“보조금을 신청하기”**는 명사절로 안긴 문장이며, 전체 문장의 서술어 **“빠듯해졌다”**의 주어 역할을 합니다.  
즉, 안긴 문장이 문장 안에서 **주어**로 기능한 경우입니다."
Syntax,Embedded Clauses,2,B,B,"정답은 **B**입니다.

**B: 갑자기 마감 기한이 연장되는 것은 부당하다.**

- 여기서 **“갑자기 마감 기한이 연장되는 것”**이 명사절(‘-는 것’ 형태)로, 문장 전체의 **주어** 역할을 합니다.
- 즉, “(그것은) 부당하다”에서 ‘그것’에 해당하는 내용이 명사절로 확장된 구조입니다.

다른 선택지들은 명사절이 주어가 아니라 **목적어**(F, J), **관형절**(D, E, H), 또는 명사절이 아닌 경우(A, C, G)입니다."
Syntax,Embedded Clauses,1,I,I,"정답은 **I**입니다.

**해설:**

- **I: ""이 중학생이 테스트를 제시간에 마쳤는지가 의심스럽다.""**
  - 여기서 **""이 중학생이 테스트를 제시간에 마쳤는지""**가 명사절입니다.
  - 이 명사절 뒤에 주격 조사 **""-가""**가 붙어서 문장의 **주어** 역할을 합니다. (예: ...마쳤는지 + 가 -> 마쳤는지가)
  - 따라서 주어 역할의 명사절을 안은 문장입니다.

**다른 보기 분석:**

- **A, B, C, D, E, G, H:** 명사절이 없습니다. (A는 시간절, C·D·E는 관형절(수식절), B·G는 이중주어문, H는 부사절)
- **F:** ""가족사진 찍기""가 명사절이지만, 목적어 역할을 합니다. (찍기를 거부했다)
- **J:** ""우리 부모님이 맞벌이 하시는지""가 명사절이지만, 목적어 역할을 합니다. (물어보셨다)"
Syntax,Embedded Clauses,3,E,E,"**정답: E, I**

**해설:**

**'안은 문장'**이란 하나의 문장 안에 다른 문장(절)이 마치 하나의 문장 성분(주어, 목적어, 관형어, 부사어, 서술어 등)처럼 안겨 있는 문장을 말합니다. 즉, 홑문장이 아니라 **겹문장(복문)**의 한 종류입니다.

각 문장을 분석해 보겠습니다.

- **A**: 우리가 어제 본 **실습생**은 실수투성이였다.  
  → '우리가 어제 본'이 '실습생'을 꾸미는 **관형절**입니다. (안은 문장)

- **B**: **저 학설을 반박하기가** 그렇게 어렵니?  
  → '저 학설을 반박하기'가 문장의 주어 역할을 하는 **명사절**입니다. (안은 문장)

- **C**: **금이 간** 맥주병으로는 술을 마시지 마라.  
  → '금이 간'이 '맥주병'을 꾸미는 **관형절**입니다. (안은 문장)

- **D**: 단체장은 **색안경을 끼지 않겠다고** 단호히 말했다.  
  → '색안경을 끼지 않겠다고'가 '말했다'의 목적어 역할을 하는 **인용절**입니다. (안은 문장)

- **E**: 학생회장은 학생들 앞에서 선서했다.  
  → 주어(학생회장) + 부사어(학생들 앞에서) + 서술어(선서했다)로만 이루어진 **홑문장(단문)**입니다. 안긴 절이 없습니다. **(정답)**

- **F**: **소쿠리에 담긴** 실고추는 제법 맛있다.  
  → '소쿠리에 담긴'이 '실고추'를 꾸미는 **관형절**입니다. (안은 문장)

- **G**: **칭찬을 생활화하기란** 어렵다.  
  → '칭찬을 생활화하기'가 주어 역할을 하는 **명사절**입니다. (안은 문장)

- **H**: 이 닭조림은 **맛이 짜다**.  
  → '맛이 짜다'가 전체 문장의 서술어 역할을 하는 **서술절**입니다. (안은 문장)

- **I**: 맏딸은 개념 없이 말대답했다.  
  → 주어(맏딸은) + 부사어(개념 없이) + 서술어(말대답했다)로만 이루어진 **홑문장(단문)**입니다. '개념 없이'는 하나의 부사어(파생 부사)일 뿐, 절(문장)이 아닙니다. **(정답)**

- **J**: 내"
Syntax,Ellipsis,3,I,I,I
Semantics,Conjunctions,2,F,F,"정답: F

이유: 지문은 서로 다른 두 원두의 커피 향미를 대조적으로 소개하고 있습니다. 앞 문장에서는 ""이 원두""의 신맛과 과일 향을, 뒤 문장에서는 ""저 원두""의 쓴맛과 견과류 향을 제시하며, 이는 단순한 나열이 아니라 대비 관계입니다. 따라서 빈칸에는 대조를 나타내는 접속어인 ""반면""이 가장 자연스럽습니다. ""반면""은 두 대상의 차이를 명확히 드러내어 원두 종류에 따른 커피의 향미 변화를 효과적으로 전달합니다. 다른 보기들은 인과관계나 조건 등을 잘못 적용하거나, 접속어의 의미가 문맥에 맞지 않습니다."
Semantics,Conjunctions,3,I,I,I
Semantics,Conjunctions,1,B,B,B
Semantics,Conjunctions,2,H,H,"H: 사건을 시간 순서대로 제시하고 싶을 경우 빈칸에 ""곧바로""를 넣을 수 있다."
Semantics,Conjunctions,2,F,,[EMPTY_RESPONSE]
Semantics,Conjunctions,2,G,,[EMPTY_RESPONSE]
Syntax,Argument Structure & Valency,2,B,,[EMPTY_RESPONSE]
Phonetics/Phonology,Phonological Constraints,3,G,G,"정답은 **G: 낳다**입니다.

**이유:**
한국어의 음절 끝소리 규칙(음절 구조 제약)은 음절의 받침(종성) 자리에서 발음될 수 있는 소리를 **ㄱ, ㄴ, ㄷ, ㄹ, ㅁ, ㅂ, ㅇ** 7개로 제한합니다. 

- **낳다**의 경우, '낳'의 받침 'ㅎ'은 뒤에 오는 'ㄷ'과 만나 **축약**되어 [ㅌ]으로 발음됩니다. 즉, '낳다'는 **[나타]**로 발음됩니다. 이때 'ㅎ'은 받침으로서의 음가를 잃고 뒤 음절의 초성과 합쳐지므로, 받침 자리에서 7개 자음으로 바뀌는 제약이 적용되지 않습니다. (ㅎ + ㄷ → ㅌ)

**나머지 보기들**은 모두 받침이 음절 끝소리 규칙에 따라 7개 자음 중 하나로 교체되어 발음됩니다.
- A: 깎다 → [깍따] (ㄲ → ㄱ)
- B: 히읗 → [히읃] (ㅎ → ㄷ)
- C: 옷장 → [옫짱] (ㅅ → ㄷ)
- D: 낚시 → [낙씨] (ㄲ → ㄱ)
- E: 부엌 → [부억] (ㅋ → ㄱ)
- F: 바깥 → [바깓] (ㅌ → ㄷ)
- H: 잎 → [입] (ㅍ → ㅂ)
- I: 꽃집 → [꼳찝] (ㅊ → ㄷ)
- J: 옆 → [엽] (ㅍ → ㅂ)

따라서 음절 구조 제약(7개 자음으로의 중화)이 적용되지 않는 예시는 **G**입니다."
Pragmatics,Deixis & Reference,3,F,,[EMPTY_RESPONSE]
Pragmatics,Deixis & Reference,3,E,,[EMPTY_RESPONSE]
Pragmatics,Deixis & Reference,3,H,,[EMPTY_RESPONSE]
Pragmatics,Deixis & Reference,3,E,,[EMPTY_RESPONSE]
Pragmatics,Deixis & Reference,3,E,,[EMPTY_RESPONSE]
Pragmatics,Deixis & Reference,3,C,,[EMPTY_RESPONSE]
Pragmatics,Deixis & Reference,3,J,,[EMPTY_RESPONSE]
Pragmatics,Discourse Principles,1,D,D,"정답은 **D**입니다.

**해설:**
질문 ""학생은 왜 지각했나?""는 지각의 **원인**을 묻고 있습니다. 
- A, B, C, E, F, G, H, I, J는 모두 지각의 구체적인 사유(늦잠, 과제, 병원, 엘리베이터 고장, 용무, 공휴일 착각, 알람, 빗길 운전, 교수님 공지)를 제공하여 질문의 관련성(Relevance)을 지킵니다.
- 반면, **D**는 ""다른 애들도 지각했는데 왜 저한테만 그러세요?""라고 반문하며, 지각의 원인을 설명하는 대신 질문자의 태도나 처벌의 공정성에 초점을 돌립니다. 이는 질문의 핵심(원인)을 의도적으로 회피하고 화제를 전환하는 것으로, 대화의 관련성 원리를 가장 명백하게 위반합니다."
Semantics,Conjunctions,1,B,B,B: 반면
Semantics,Conjunctions,2,A,A,"가장 적절한 것은 **A: 그래서**입니다.

앞 문장에서 “대폭 수정해야 할 부분을 발견했다”는 원인이 되고, 뒤 문장에서 “급하게 조원들에게 연락하여 회의를 잡고 수정 방향을 결정했다”는 결과가 이어지므로, 인과 관계를 나타내는 **‘그래서’**가 자연스럽습니다."
Semantics,Conjunctions,1,F,F,F: 그런데
Semantics,Conjunctions,1,F,F,"빈칸에는 앞의 내용(국어·영어는 답이 같음)과 뒤의 내용(수학은 의견이 많이 갈림)을 대조하는 **‘그러나’**가 가장 적절합니다.

정답: **F: 그러나**"
Semantics,Numeral Classifiers,3,E,,[EMPTY_RESPONSE]
Semantics,Conjunctions,1,F,F,F: 그런데
Semantics,Numeral Classifiers,1,C,C,C: 한 돈 들어갑니다.
Semantics,Semantic Compatibility,1,D,D,"가장 어색한 선지는 **D: 음악을 마시다 돌아왔다.** 입니다.

**이유:**
'마시다'는 액체나 음료를 목으로 넘기는 동작에 사용하는 동사입니다. '음악'은 청각적으로 감상하는 대상이므로 '듣다'와 결합하는 것이 자연스럽습니다. '음악을 마시다'는 문법적으로는 성립하지만, 의미론적으로 어휘의 결합 관계(공기 관계)가 맞지 않아 매우 어색하고 비유적으로도 낯선 표현입니다. 

나머지 선지들은 모두 일상적이거나 문맥상 자연스러운 표현입니다."
Semantics,Semantic Compatibility,1,A,A,"가장 어색한 선지는 **A: 급히 집을 들고 뛰었다.** 입니다.

**이유:**
'집'은 건물(house)을 의미하므로, 사람이 집을 '들고' 뛰는 것은 물리적으로 불가능한 상황입니다. 이는 한국어에서 자주 나오는 **동음이의어(同音異義語) 함정** 문제로, '집(house)'과 '짐(luggage/baggage)'의 발음이 같다는 점을 이용한 것입니다. 
올바른 문장은 **""급히 짐을 들고 뛰었다""** (I quickly picked up my luggage and ran)가 되어야 자연스럽습니다.

나머지 선지들은 모두 문법적으로나 의미적으로 자연스러운 문장입니다. (B의 ""우연히 일어나""는 약간 시적인 표현이지만 문법적으로 틀리지 않으며, 나머지 C~J는 일상적이거나 문학적인 표현으로 전혀 어색하지 않습니다.)"
Semantics,Semantic Compatibility,2,E,E,"가장 어색한 선지는 **E: 설계는 고양이가 담당했다.** 입니다.

**이유:**
- 다른 보기들은 모두 자연스러운 문장 구조와 의미론적 연결성을 가지고 있습니다. (예: 운동-건강, 눈-발자국, 꽃-시듦, 비-고독, 분장-지움, 민속-발전, 고양이-하품, 전통문화-계승, 예술-몰입감)
- 하지만 E는 '설계'라는 전문적이고 인간적인 인지 활동을 '고양이'가 담당한다는 것은 현실적으로 전혀 말이 되지 않는 비논리적인 내용입니다. (물론 유머나 초현실적 설정이 아니라면 가장 어색합니다.)

참고로 C는 ""꽃이 시드는 게 아쉬워 받기 싫었다""는 다소 감성적이지만 문법적으로나 의미적으로 전혀 어색하지 않으며, 오히려 시적인 표현으로 자연스럽습니다. 따라서 정답은 **E**입니다."
Semantics,Semantic Compatibility,1,I,I,"가장 어색한 선지는 **I: ""맥주가 주차를 했다.""**입니다.

**이유:**
- **주어와 서술어의 비논리적 결합**: ""맥주""는 무생물(음료)이므로 스스로 ""주차""라는 행위(운전자가 차량을 세우는 행동)를 할 수 없습니다. 이는 명백한 **의미적 오류(비문)**입니다.
- 다른 선지들은 모두 문법적으로 자연스럽고, 내용적으로도 상식적이거나 논리적인 주장(예: C, D, G) 또는 감각적 표현(예: E)입니다.
- **F(단풍잎이 흩날리면 겨울이 온다)**는 사실 단풍은 가을에 지지만, ""겨울이 다가온다""는 계절의 흐름을 나타내는 은유적 표현으로 충분히 자연스럽게 해석될 수 있습니다.

따라서 무생물인 '맥주'가 '주차'라는 인간의 행위를 하는 **I**가 가장 어색합니다."
Syntax,Agreement,3,A,,[EMPTY_RESPONSE]
Syntax,Agreement,2,C,C,"<보기>의 문장 **""난 지방에 파견되어 대표단을 모시고 있어.""**에서 사용된 높임법은 **'객체 높임법(客體 높임法)'**입니다. 

- '모시고'는 '데리다'의 높임말로, 문장의 주어(나)가 목적어(대표단)를 높여서 표현한 것입니다. 즉, 동작의 대상(객체)을 높이는 방법입니다.

이제 각 보기를 분석해 보겠습니다.

- **A**: ""손녀딸을 못 봐서 폐인이 되어 버리셨다."" → 주어(할머니/할아버지)를 높이는 **주체 높임법**('-시-')입니다.
- **B**: ""경찰청에서 통계표를 토스해 줘야 한단 말이야."" → 특별한 높임법이 없는 반말입니다.
- **C**: ""통행금지를 풀어 달라고 수행원께 완곡히 말씀드려봐."" → '수행원께'는 '수행원에게'의 높임말(조사 '께'), '말씀드려봐'는 '말해봐'의 높임말(동사 '드리다')로, 동작의 대상(수행원)을 높이는 **객체 높임법**입니다.
- **D**: ""표고버섯은 본질적으로 영양소가 불균형해요."" → 청자를 높이는 **상대 높임법**('-요')입니다.
- **E**: ""대포알이 불량품이어서 반품을 해야겠습니다."" → 청자를 높이는 **상대 높임법**('-습니다')입니다.
- **F**: ""프로그래머가 프로그래밍으로 프로필을 만들었다."" → 높임법이 없는 평서문입니다.
- **G**: ""푸른곰팡이가 피기 전까지는 아이스케이크를 드셔도 됩니다."" → '드셔도'는 '먹어도'의 높임말로, 주어(청자)를 높이는 **주체 높임법**('-시-')과 상대 높임법('-습니다')이 함께 쓰였습니다.
- **H**: ""대학가에서 행사를 하면 항상 불만족하신단 말이지."" → 주어를 높이는 **주체 높임법**('-시-')입니다.
- **I**: ""상공업에서의 폐해를 교정하기 위해 생물학을 이용할 수 있습니다."" → 청자를 높이는 **상대 높임법**('-습니다')입니다.
- **J**: ""여기가 어릴 때 이름이 흰둥이셨던 우리 할아버지 생가야."" → 주어(할아버지)를 높이는 **주체 높임법**('-시-')입니다.

따라서 <보기>와 동일하게 **객체 높임법**이 사용된 문장은 **C**입니다.

**정답: C**"
Syntax,Agreement,2,G,,[EMPTY_RESPONSE]
Syntax,Agreement,3,F,,[EMPTY_RESPONSE]
Semantics,Word Relationships,2,D,,[EMPTY_RESPONSE]
Syntax,Embedded Clauses,2,H,,[EMPTY_RESPONSE]
Pragmatics,Discourse Principles,3,H,,[EMPTY_RESPONSE]
Pragmatics,Discourse Principles,1,A,A,"가장 적절한 답변은 **A**입니다.

**이유:**
'규칙은 규칙입니다'라는 표현은 동어반복(tautology)으로, 이미 알고 있는 사실을 반복함으로써 **새로운 정보를 제공하지 않습니다**. 이는 그라이스(Grice)의 협력 원리 중 **양의 격률(Quantity Maxim)**을 위반하여, 듣는 이로 하여금 ""규칙이니 바꿀 수 없다""는 함의(implicature)를 추론하게 만듭니다. 즉, 고의로 필요한 만큼의 정보를 제공하지 않음으로써 정중하게 거절하는 의미를 전달하는 것입니다.

**다른 보기들이 틀린 이유:**
- **B, G**: '그건 어렵겠습니다'나 '규칙은 규칙입니다'는 사실이 아닌 정보(질의 격률 위반)를 제공하는 것이 아닙니다.
- **C, F**: '규칙은 규칙입니다'는 기한을 늦춰주겠다는 수락의 의미가 아니라 거절의 의미입니다.
- **D, H**: '생각은 한 번 해 보죠'는 불명확한 표현(태도의 격률 위반)이지만, '반드시 늦춰주겠다'는 확정적인 수락의 의미는 아닙니다.
- **E, I, J**: '그건 어렵겠습니다'는 관련성이나 명료성을 위반하지 않으며, 수락이 아닌 거절의 의미를 전달합니다."
Pragmatics,Discourse Principles,1,C,B,"정답은 **C**입니다.

**해설:**

*   **C: '눈이 많이 오네요, 아버지': 고의로 대화의 관련성을 위반하고 있다.**
    *   상대방이 ""작은 아버지 한 번 보고 갈 테냐?""라고 제안/질문했을 때, ""눈이 많이 오네요""라고 대답하는 것은 질문의 내용(작은 아버지를 보러 갈 것인지)과 전혀 관련이 없는 발언입니다. 이는 대화의 흐름을 의도적으로 벗어나 화제를 돌리거나 대답을 회피하는 것으로, 그라이스(Grice)의 협력 원리 중 **관계성의 격률(Relevance Maxim)**을 위반한 것입니다.

**다른 보기 분석:**

*   **A, E, F, G ('예, 그럴게요')**: 이 응답은 질문에 대한 명확한 긍정의 답으로, 정보를 충분히 제공하고(양의 격률), 사실이며(질의 격률), 관련성이 있고(관계성의 격률), 명확합니다(방식의 격률). 따라서 어떤 격률도 위반하지 않습니다.
*   **B, I ('저도 마음 같아서는 그러고 싶은데 ...')**: 이 응답은 ""하지만 (사정이 있어서 안 된다)""는 뜻을 함축하며, 완전한 문장을 끝맺지 않아 **정보를 충분히 제공하지 않는(양의 격률 위반)** 전형적인 예입니다. 고의로 관련성을 위반하거나(B) 근거 없는 정보를 제공하는(I) 것이 아닙니다.
*   **H, J ('눈이 많이 오네요, 아버지')**: 이 발언은 관련성은 위반했지만, 불명확하거나 장황한 표현(H)이나 근거 없는 사실(J)이 아니라, 명확하고 사실적인 진술입니다. 단지 대화 주제와 무관할 뿐입니다."
Pragmatics,Speech Acts,3,I,,[EMPTY_RESPONSE]
Morphology,Verbal Conjugation,3,H,,[EMPTY_RESPONSE]
Morphology,Verbal Conjugation,3,H,,[EMPTY_RESPONSE]
Phonetics/Phonology,Suprasegmental Features,3,J,,[EMPTY_RESPONSE]
Pragmatics,Discourse Principles,1,I,I,"정답은 **I: 먹을 만큼 먹었지.** 입니다.

**이유:**
'나이가 어떻게 되나?'라는 질문에 대해 다른 보기들은 모두 구체적인 숫자(살, 개월), 출생 연도, 또는 상대방과의 동갑 여부 등 나이를 특정할 수 있는 정보를 제공합니다. 반면에 **I번 '먹을 만큼 먹었지'**는 나이가 많다는 것을 은유적으로 표현할 뿐, 실제 나이가 몇 살인지 전혀 알 수 없는 모호한 답변이므로 질문자가 필요로 하는 구체적인 정보를 제공하지 않습니다."
Syntax,Embedded Clauses,1,H,H,"정답은 **H**입니다.

**해설:**
안긴 문장(절)이 문장 안에서 **부사어**의 역할을 하려면, 서술어(주로 동사/형용사)를 수식하는 **부사절**이어야 합니다. 부사절은 주로 연결어미(-게, -도록, -면, -어서, -자, -기에 등)에 의해 실현됩니다.

- **H: 지금은 너구리가 겨울잠을 자기에 이른데.**
  - 안긴 문장: **너구리가 겨울잠을 자기에**
  - '자다'에 부사형 어미 **'-기에'**가 결합하여, 뒤의 서술어 '이르다'를 수식합니다. (이유/근거를 나타내는 부사절) → 역할: **부사어**

**다른 보기들의 역할 분석:**
- **A, C**: 서술절 (이중주어문에서 주어를 서술함)
- **B, D, I**: 관형절 (뒤의 명사를 수식함)
- **E, F**: 명사절 (주어 역할)
- **G, J**: 명사절 (목적어 역할)"
Syntax,Embedded Clauses,1,D,D,"정답은 **D**입니다.

**D: 삼촌은 숨이 차도록 달렸다.**

- **안긴 문장(부사절)**: '숨이 차도록'  
  (내용: 숨이 차다 + 연결어미 '-도록')
- **역할**: 앞의 안긴 문장이 뒤의 주동사 '달렸다'를 정도(결과)의 측면에서 수식하고 있습니다. 즉, ""숨이 찰 정도로"" 달렸다는 뜻으로, 동사 '달렸다'를 꾸며주는 **부사어(부사절)** 역할을 합니다.

---

**다른 보기들의 안긴 문장 역할 분석:**

- **A**: 박쥐는 [날개가 얇다] → **서술절** (주어 '박쥐는'에 대해 서술)
- **B**: [욕실에 있는] 동생이 위험하다 → **관형절** (명사 '동생' 수식)
- **C**: [전원이 켜진] 스피커를 찾아보시죠 → **관형절** (명사 '스피커' 수식)
- **E**: [우리가 어버이날에 부모님께 선물해드린] 카네이션이다 → **관형절** (명사 '카네이션' 수식)
- **F**: [브레이크가 망가졌음이] 밝혀졌다 → **명사절** (주어 역할, '-음' 활용)
- **G**: [악몽을 꾸기란] 끔찍하다 → **명사절** (주어 역할, '-기' 활용)
- **H**: 환자분은 [상태가 어떠신가요?] → **서술절** (주어 '환자분은'에 대해 서술)
- **I**: [이삿짐을 어디로 옮길지] 의논해야 한다 → **명사절** (목적어 역할, '-ㄹ지' 활용)
- **J**: [오징어 드실 것인지] 여쭤봐 → **명사절** (목적어 역할, '-ㄴ지' 활용)"
Pragmatics,Implicature,1,E,E,E: 너네 집 시계 고장났냐?
Syntax,Embedded Clauses,2,G,G,"정답은 **G**입니다.

**이유:**
안긴 문장이 '서술어'의 역할을 한다는 것은, 안긴 문장이 전체 문장의 서술어 자리를 차지하는 **서술절**임을 의미합니다.

- **G (일본은 자판기가 유명하다.)**  
  전체 문장의 주어는 '일본은'이고, 서술어는 '자판기가 유명하다'입니다. 이때 '자판기가 유명하다'는 그 자체로 주어(자판기가)와 서술어(유명하다)를 갖춘 하나의 절(안긴 문장)이며, 전체 문장에서 서술어의 기능을 합니다. 따라서 이는 **서술절**입니다.

---

**다른 보기들의 안긴 문장 역할:**
- **A, H**: '~는지'가 주어 역할 (명사절) → **주어**
- **B, F**: '~는지, ~기를'이 목적어 역할 (명사절) → **목적어**
- **C, I**: '~서'가 부사어 역할 (부사절) → **부사어**
- **D, E, J**: '~는, ~ㄴ'이 체언(명사)을 수식 (관형사절) → **관형어**"
Syntax,Embedded Clauses,1,J,J,"정답: **J**

**이 휘발유는 구린내가 심하다.**  
여기서 **‘구린내가 심하다’**는 주어 ‘이 휘발유는’에 대해 서술하는 **서술절**로, 안긴 문장이 전체 문장의 **서술어** 역할을 합니다."
Syntax,Embedded Clauses,2,A,A,"정답은 **A**입니다.

**해설:**

- **A: 이 통조림은 뚜껑이 작다.**
  - 안긴 문장: **뚜껑이 작다**
  - 역할: 전체 문장의 주어인 '이 통조림은'을 설명하는 **서술절**입니다. (이 통조림은 + [뚜껑이 작다] → 서술절)
  - 즉, 안긴문장이 전체 문장의 서술어 역할을 합니다.

**다른 보기들의 안긴 문장 역할:**

- **B:** 너도 알다시피 → **부사절** (물놀이를 좋아하는 정도/방식을 수식)
- **C:** 대나무로 만들어진 → **관형절** (그릇을 수식)
- **D:** 말도 없이 → **부사절** (주셨네를 수식)
- **E:** 문제가 증폭되었음을 → **명사절** (느꼈다의 목적어)
- **F:** 혼자 교실 앞에서 발표하기가 → **명사절** (부담스럽다의 주어)
- **G:** 동민이가 출연한 → **관형절** (드라마를 수식)
- **H:** 새로 나온 → **관형절** (햄버거를 수식)
- **I:** 탐험가가 무엇을 발견했는지는 → **명사절** (미지수이다의 주어)
- **J:** 비가 오기를 → **명사절** (기다린다의 목적어)

따라서 안긴 문장의 역할이 '서술어'인 것은 **A**입니다."
Phonetics/Phonology,Phonological Constraints,3,A,D,"정답은 **D: 다쳐 [다처]**입니다.

**이유:**
'다쳐'는 '다치다'의 활용형으로, 음절 구조가 [다-처]로 단순히 연음(또는 일반적인 발음)이 적용된 것뿐입니다. 여기에는 특별한 음소 배열 제약(음절 끝소리 규칙, 자음 동화, 경음화, 격음화 등)이 적용되지 않았습니다.

반면, 나머지 보기들은 모두 한국어의 음소 배열 제약이 적용된 예시입니다.

- **A: 부엌 [부억]** → 음절 끝소리 규칙 (ㅋ → ㄱ)
- **B: 갈등 [갈뜽]** → 경음화 (ㄷ → ㄸ)
- **C: 입자 [입짜]** → 경음화 (ㅈ → ㅉ)
- **E: 먹자 [먹짜]** → 경음화 (ㅈ → ㅉ)
- **F: 듣고 [듣꼬]** → 경음화 (ㄱ → ㄲ)
- **G: 좋고 [조코]** → 격음화 (ㅎ + ㄱ → ㅋ)
- **H: 달나라 [달라라]** → 유음화 (ㄴ → ㄹ)
- **I: 낳다 [나타]** → 격음화 (ㅎ + ㄷ → ㅌ)
- **J: 입학 [이팍]** → 격음화 (ㅂ + ㅎ → ㅍ) 및 음절 끝소리 규칙

따라서 음소 배열 제약이 적용된 예시가 **아닌** 것은 **D**입니다."
Morphology,POS & Morphemes,2,E,E,"정답은 **E**입니다.

**이유:**
'들'은 크게 두 가지로 쓰입니다.

1. **복수 접미사 (명사/대명사에 붙어 여러 명을 나타냄)**  
   예: 사람**들**, 너희**들**  
   이 경우 '들'은 단어의 일부가 되는 **접미사**이지 조사가 아닙니다.

2. **보조사 (문장 성분 뒤에 붙어 '여럿이 함께'의 뜻을 더함)**  
   예: 많이**들**, 어서**들**, 하고**들**  
   이 경우 '들'은 문장에서 특별한 의미를 더하는 **조사(보조사)**입니다.

**각 보기 분석:**
- **A**: `하고'들'` → 동사 연결 어미 뒤에 붙은 **보조사**
- **B**: `많이'들'` → 부사 뒤에 붙은 **보조사**
- **C**: `출근'들'` → 명사 뒤에 붙었지만, '여러 사람이 출근하다'는 뜻을 더하는 **보조사** (복수 명사가 아니라 동작 주체의 복수를 나타냄)
- **D**: `몸조리'들'` → 명사 뒤에 붙었지만, '여러 사람이 몸조리를 하다'는 뜻의 **보조사**
- **E**: `너희'들'` → 이미 복수인 대명사 '너희'에 붙어 복수를 강조하는 **복수 접미사** (조사가 아님) ✅
- **F**: `얼른'들'` → 부사 뒤에 붙은 **보조사**
- **G**: `안녕'들'` → 명사(감탄사적 용법) 뒤에 붙어 '여러 사람이 안녕하다'는 뜻의 **보조사**
- **H**: `어서'들'` → 부사 뒤에 붙은 **보조사**
- **I**: `밖에서'들'` → 부사격 조사 '에서' 뒤에 붙은 **보조사**
- **J**: `다'들'` → 부사 뒤에 붙은 **보조사**

따라서 '들'이 조사로 쓰이지 않은 경우는 **E**입니다."
Semantics,Semantic Compatibility,1,E,E,"E: [동식이], [강아지]"
Morphology,Verbal Conjugation,2,J,J,"정답은 **J**입니다.

**이유:**
'삼가다'는 '말이나 행동을 조심하다'라는 뜻의 동사입니다. 이 단어는 **'삼가다'** 자체가 하나의 동사이므로, '삼가하다'라는 말은 존재하지 않습니다. 

따라서 ""음주는 삼가해 주십시오""는 잘못된 활용이며, 올바른 표현은 **""음주는 삼가 주십시오""** 또는 **""음주는 삼가십시오""**입니다.

나머지 보기들은 모두 표준어 규범에 맞게 활용되었습니다.
- A: 할게 (하- + -ㄹ게)
- B: 깨친 (깨치- + -ㄴ)
- C: 메어 (메- + -어)
- D: 빗겨 (빗기- + -어)
- E: 치렀니 (치르- + -었- + -니)
- F: 갠 (개- + -ㄴ)
- G: 걷어붙이고 (걷어붙이- + -고)
- H: 담그고 (담그- + -고)
- I: 하길 (하- + -길)"
Phonetics/Phonology,Phonological Alternation,3,G,,[EMPTY_RESPONSE]
Morphology,Verbal Conjugation,3,H,,[EMPTY_RESPONSE]
Morphology,Word Formation,2,F,,[EMPTY_RESPONSE]
Morphology,Word Formation,3,B,,[EMPTY_RESPONSE]
Syntax,Embedded Clauses,2,B,,[EMPTY_RESPONSE]
Syntax,Embedded Clauses,3,H,,[EMPTY_RESPONSE]
Syntax,Embedded Clauses,3,D,,[EMPTY_RESPONSE]
Syntax,Embedded Clauses,3,G,G,"**정답: G**

**G: 아주버니는 사람 보는 안목이 대단하시다.**

- **‘사람 보는’**이 관형절로, 명사 **‘안목’**을 수식하며 안긴 문장입니다.  
- 전체 문장 속에 다른 절(관형절)이 성분으로 들어가 있으므로 **안은문장**입니다."
Syntax,Embedded Clauses,3,A,,[EMPTY_RESPONSE]
Syntax,Embedded Clauses,2,H,H,"안긴 문장(내포절)이 있는 것은 **H, I, J**입니다.

- **H: 팥빙수가 이가 시리게 차갑다.**
  - 안긴문장: **이가 시리게** (부사절)
  - '이가 시리다'라는 문장이 '~게'로 바뀌어 '차갑다'를 수식합니다.

- **I: 이웃집에 감사 인사를 전하러 가고 있다.**
  - 안긴문장: **감사 인사를 전하러** (부사절, 목적절)
  - '감사 인사를 전하다'라는 문장이 '~러'로 바뀌어 '가고 있다'를 수식합니다.

- **J: 항상 주의 좀 해줬으면 좋겠어.**
  - 안긴문장: **주의 좀 해줬으면** (부사절, 조건절)
  - '주의 좀 해주다'라는 문장이 '~면'으로 바뀌어 '좋겠어'를 수식합니다.

나머지 문장들은 모두 단일문(홑문장)으로, 안긴문장이 없습니다."
Syntax,Argument Structure & Valency,3,A,A,"정답은 **A**입니다.

**이유:**
서술어 '접목했다'는 문장에서 **주어(우리 계열사가)**, **목적어(AI를)**, **부사어(생산 라인에)** 이렇게 세 가지 필수 성분을 요구하는 3자리 서술어입니다.

**다른 보기들의 자릿수 분석:**
- **B (맞먹는다):** 주어(가격이) + 부사어(월급과) → **2자리**
- **C (확보되었다):** 주어(예산이) → **1자리** (피동문)
- **D (모내기한다):** 주어(사람들이) + 부사어(논으로) → **2자리** (자동사)
- **E (간소화했다):** 주어(생략) + 목적어(절차를) → **2자리**
- **F (냉각된다):** 주어(냉매는) → **1자리** (피동문)
- **G (작곡되었다):** 주어(혁명은) → **1자리** (피동문)
- **H (억제한다):** 주어(햇빛은) + 목적어(작용을) → **2자리**
- **I (편성했다):** 주어(생략) + 목적어(프로그램을) → **2자리**
- **J (급제했단다):** 주어(자식이) → **1자리** (자동사)"
Syntax,Argument Structure & Valency,1,J,J,"정답은 **J**입니다.

**해설:**
서술어가 요구하는 필수적 문장 성분(논항)의 개수를 '자릿수'라고 합니다. 
- **1자리 서술어**: 주어만 필요 (예: 가다, 예쁘다)
- **2자리 서술어**: 주어 + 목적어 (또는 보어) 필요 (예: 먹다, 좋아하다)
- **3자리 서술어**: 주어 + 목적어 + 부사어(간접 목적어) 필요 (예: 주다, 보내다, 약속하다)

**J의 '제안했다'**는 다음의 세 가지 성분을 필수적으로 요구합니다.
1. **주어**: 중국의 한 팀에서 (누가)
2. **간접 목적어(부사어)**: 그 프로게이머에게 (누구에게)
3. **직접 목적어**: 100억의 연봉을 (무엇을)

따라서 세 자리 서술어에 해당합니다.

**다른 보기 분석:**
- **A (누볐다)**: 주어(그 장수는) + 목적어(적진을) → 2자리 ('자기 집 앞마당처럼'은 필수 성분이 아닌 비교 부사어)
- **B (시행하자)**: 주어(우리는, 생략) + 목적어(플랜 B를) → 2자리
- **C (기진맥진했다)**: 주어(나는)만 필요 → 1자리
- **D (통곡했다)**: 주어(나는)만 필요 (뒤의 부사어는 수식어) → 1자리
- **E (복원되었다)**: 주어(숭례문은)만 필요 (피동문은 주어 1개) → 1자리
- **F (흉본다)**: 주어(저 변호사는) + 목적어(동료들을) → 2자리
- **G (화풀이하지)**: 주어(너는, 생략) + 목적어(애꿎은 사람한테) → 2자리 ('화풀이하다'는 '누가 누구에게 화풀이하다' 구조)
- **H (명심해라)**: 주어(너는, 생략) + 목적어(그것을) → 2자리
- **I (쉬었다)**: 주어(목이)만 필요 → 1자리

따라서 정답은 **J**입니다."
Semantics,Word Relationships,3,I,,[EMPTY_RESPONSE]
Semantics,Word Relationships,2,G,,[EMPTY_RESPONSE]
Semantics,Word Relationships,2,B,B,"정답은 **B: 감형 (減刑)** 입니다.

**이유 설명:**

- **""배고픔 : 식사""** 의 관계는 **""문제(원인) : 해결책(행동)""** 입니다. 배고픔이라는 문제를 해결하기 위해 식사를 합니다.
- 따라서 지문의 **""학교 폭력""** 이 ""배고픔""에 해당한다면, ""식사""에 해당하는 것은 **""학교 폭력에 대한 실질적인 대응책(처벌, 제재, 예방 활동 등)""** 이 되어야 합니다.

**각 보기 분석:**
- **A (정학), C (사회 봉사), D (훈계), H (퇴학), J (구속)** 등은 학교 폭력 가해자에게 내려지는 징계나 처벌로, 문제를 해결하기 위한 대응책에 해당합니다.
- **E (무기 징역), F (추방), G (유배), I (사형)** 은 극단적이지만, 범죄(학교 폭력)에 대한 강력한 처벌 또는 사회적 격리라는 점에서 '해결책'의 범주에 포함될 수 있습니다.
- **B (감형)** 는 **형벌을 줄여주는 것(가볍게 해주는 것)** 입니다. 이는 문제를 해결하는 것이 아니라 오히려 가해자에게 관대하게 대처하여 문제를 방치하거나 약화시키는 행위입니다. ""배고픔""에 ""식사""가 아닌 ""단식""을 선택하는 것과 같은 논리로, **가장 적합하지 않은 답**입니다.

따라서 정답은 **B**입니다."
Semantics,Word Relationships,2,D,D,"D: 노르웨이의 숲

**해설:**  
지문에서 ""고양이""는 ""식물""에 상응한다고 했습니다. 즉, ""식물""이라는 상위 범주(포괄적 개념)에 해당하는 것이 ""고양이""라는 동물의 상위 범주(포유류, 반려동물 등)로 치환된 것입니다.  

""식물:무궁화""의 관계는 **상위 개념(식물)과 그에 속하는 구체적인 하위 종(무궁화)** 의 관계입니다.  
따라서 ""고양이""라는 상위 개념(또는 대표적인 반려동물)에 해당하면서, 그중에서도 **특정 품종(하위 종)** 을 나타내는 단어를 찾아야 합니다.  

- **D: 노르웨이의 숲** → ""노르웨이 숲 고양이(Norwegian Forest Cat)""라는 고양이의 특정 품종을 의미합니다.  
- 다른 보기들(골든 리트리버, 보더콜리 등)은 개의 품종이고, 사자, 호랑이, 늑대 등은 고양이과이지만 품종명이 아니며, 나비, 미어캣, 드래곤은 해당 범주에 속하지 않습니다.  

따라서 정답은 **D**입니다."
Semantics,Word Relationships,1,H,H,H: 흑자
Semantics,Word Relationships,1,A,A,"A: 의향

“심중”은 ‘마음속’이라는 뜻이지만, 문맥에서는 항복을 권하는 적 사령관의 **속마음이나 의도**를 이해할 수 없다는 의미로 쓰였습니다. 따라서 가장 유사한 단어는 **의향(意向)**입니다."
Semantics,Word Relationships,3,C,G,G: 체포하다
Semantics,Word Relationships,3,I,C,"정답은 **C: 절감하다**입니다.

**해설:**
지문의 ""통감했다""는 한자어 **痛感(통감)** 으로, ""깊이 느끼다"" 또는 ""절실히 느끼다""라는 뜻입니다. 즉, 총괄 매니저가 프로젝트의 전 과정을 몸소 겪으며 깊이 체감했다는 의미입니다.

- **C: 절감하다 (切感)** 는 ""깊이 절실하게 느끼다""라는 뜻으로, '통감하다(痛感하다)'와 가장 유사한 동의어입니다.
- **E: 느끼다**는 의미는 통하지만 '절감하다'보다 포괄적이고 약한 표현이라 가장 유사한 단어로는 적합하지 않습니다.
- 나머지 보기들은 '꿰뚫어 보다(통찰, 꿰뚫다)', '살펴보다', '생각하다', '통과하다', '사무치다(뼈에 사무치다 등 감정에 한정)', '통독하다', '제안하다'로 문맥상 맞지 않습니다."
Pragmatics,Deixis & Reference,3,D,,[EMPTY_RESPONSE]
Syntax,Scrambling,2,B,B,B: 정답 없음.
Pragmatics,Deixis & Reference,3,G,,[EMPTY_RESPONSE]
Pragmatics,Deixis & Reference,3,D,,[EMPTY_RESPONSE]
Semantics,Inter-sentence Relations,3,D,D,"정답: **D**

**설명:**  
문장 ""요즘 무리해서 감기에 걸렸다. 그래서 ___ 나아졌다""에서 빈칸에는 감기에 걸린 후 회복의 원인이나 계기가 되는 행동이 들어가야 합니다. ""밤을 샜더니""는 무리한 행동으로 오히려 감기를 악화시키거나 회복에 도움이 되지 않으므로, ""나아졌다""와 논리적으로 연결될 수 없습니다. 따라서 ""밤을 샜더니""는 빈칸에 들어가기에 부적절하다는 설명이 타당합니다. 다른 보기들은 설명이 논리적으로 맞지 않거나, 실제로 적절한 표현임에도 설명이 틀렸습니다."
Semantics,Inter-sentence Relations,3,F,,[EMPTY_RESPONSE]
Semantics,Inter-sentence Relations,2,E,J,"정답: **J**

**이유:**
지문의 핵심은 ""평소 운동을 전혀 안 해서 부담이 심할까 봐 걱정했다""는 것이며, ""예상과 달리""라는 표현은 그 걱정과 반대되는 결과가 이어져야 합니다. 

- **J**는 ""유산소 운동과 스트레칭 중심이라 초보자에게도 적절한 Level였다""라고 하여, 걱정했던 것과 달리 수업 강도가 낮아 부담이 적었음을 직접적으로 보여줍니다. 이는 앞선 걱정과 가장 자연스럽고 논리적으로 대비됩니다.

**다른 선지가 부적절한 이유:**
- **A, C, H**: 수업의 방식이나 구체적인 내용을 설명할 뿐, ""걱정""과의 대비가 없어 ""예상과 달리""라는 접속사와 어울리지 않습니다.
- **B**: ""머쓱했다""는 부정적 감정으로, 걱정이 해소되는 방향과 맞지 않습니다.
- **D**: ""짝이랑""은 1:1 개인 수업이라는 전제와 모순됩니다.
- **E**: ""다음 날에도 걸어다닐 수 있었다""는 근육통이 없었음을 암시하지만, 수업 자체의 부담감과 직접적인 대비가 약합니다.
- **F**: ""온찜질""은 수업 후의 일로, 수업에 대한 걱정과 직접적인 관련이 없습니다.
- **G**: ""조깅으로 단련""은 ""평소 운동을 전혀 안 했다""는 지문 내용과 정면으로 배치됩니다.
- **I**: ""역시 이력이 믿을 만했다""는 ""예상과 달리""보다는 ""예상대로""의 뉘앙스에 가깝습니다."
Syntax,Embedded Clauses,3,I,,[EMPTY_RESPONSE]
Semantics,Conjunctions,1,J,J,J: 그렇지만
Semantics,Conjunctions,1,H,H,"정답은 **H: 다만**입니다.

**이유:**
지문의 앞부분에서 ""첫 번째 답변과 두 번째 답변에 동의합니다""라고 긍정적인 의견을 밝혔습니다. 그런데 이어지는 문장에서 ""마지막에 언급하신 부분에는 선뜻 동의하기 어렵습니다""라고 부정적인 의견을 말하고 있습니다. 즉, 앞의 내용(동의함)과 뒤의 내용(동의하기 어려움)이 서로 대조(대립)되는 관계입니다.

이처럼 앞의 내용을 인정하면서 뒤에 반대되거나 예외적인 내용을 덧붙일 때 사용하는 접속 부사는 **'다만'** (그러나, 단, 단지)입니다.

- **A, D, G (그러므로, 그래서, 따라서):** 원인/결과 관계를 나타내므로 부적절합니다.
- **B, J (그렇다면, 그러면):** 조건/가정의 관계를 나타내므로 부적절합니다.
- **C (가령):** 예를 들 때 사용하므로 부적절합니다.
- **E, F (게다가, 더욱이):** 앞 내용에 더해 추가할 때 사용하므로 부적절합니다.
- **I (역시):** 예상했던 것과 같음을 나타내므로 부적절합니다.

**해석:** ""질문이 세 개나 되었는데 상세히 답해주셔서 감사합니다. 우선 첫 번째 답변과 두 번째 답변에 동의합니다. **다만** 답변 중 마지막에 언급하신 부분에는 선뜻 동의하기 어렵습니다."""
Semantics,Conjunctions,1,A,A,A: 그래서
Pragmatics,Implicature,1,E,E,E: 나는 곧 내리는데 넌 한참 가야 하잖아.
Syntax,Argument Structure & Valency,1,G,G,"정답은 **G**입니다.

**이유:**
서술어의 자릿수(논항)는 서술어가 문장에서 필수적으로 요구하는 성분(주어, 목적어, 보어, 필수 부사어)의 개수를 말합니다.

- **G: ""단풍이 들면서 온 산이 <붉어졌다>.""**
  - '붉어지다'는 주어(온 산이) 하나만 필수적으로 요구하는 **1자리(1항) 서술어**입니다. '단풍이 들면서'는 시간이나 상황을 나타내는 수의적 부사어이므로 자릿수에 포함되지 않습니다.

**다른 문장들의 자릿수 분석:**
- **A (연구했다):** 주어 + 목적어 → 2자리
- **B (신청했다):** 주어 + 목적어 + 부사어(학교에) → 3자리 ('~에 ~을 신청하다')
- **C (누려보자):** 주어 + 목적어 → 2자리
- **D (켰다):** 주어 + 목적어(기지개를) → 2자리
- **E (파고들었다):** 주어 + 부사어(품으로) → 2자리 ('~으로 파고들다')
- **F (동의한다):** 주어 + 부사어(의견에) → 2자리 ('~에 동의하다')
- **H (임명했다):** 주어 + 목적어 + 부사어(학과장으로) → 3자리 ('~을 ~으로 임명하다')
- **I (지시했다):** 주어 + 목적어 + 부사어(직원에게) → 3자리 ('~에게 ~을 지시하다')
- **J (반납했다):** 주어 + 목적어 + 부사어(도서관에) → 3자리 ('~에 ~을 반납하다')

따라서 필수 성분이 주어 하나뿐인 문장은 **G**입니다."
Syntax,Agreement,3,J,,[EMPTY_RESPONSE]
Semantics,Ambiguity,3,F,G,"가장 적절하지 않은 선지는 **G**입니다.

**이유를 분석해 드릴게요.**

**G: ""모든 승객이 그 방송을 듣지 않았다.""는 중의적이지 않아.**

이 문장은 전형적인 **양화사(quantifier)와 부정(negation)의 작용역(scope) 중의성**을 가집니다. 즉, 두 가지로 해석될 수 있습니다.

1. **부정이 넓게 작용 (모든 승객이 듣지는 않았다)**: 모든 승객이 그 방송을 들은 것은 아니다. (즉, 일부 승객만 들었거나, 아무도 안 들었을 수도 있음)
2. **양화사가 넓게 작용 (모든 승객이 안 들었다)**: 모든 승객이 그 방송을 듣지 않았다. (즉, 승객 전원이 방송을 못 들음)

따라서 G는 ""중의적이지 않다""고 단정했으므로 **틀린 설명**입니다. (실제로는 중의적입니다.)

---

**다른 선지들이 적절한 이유 (간단 검증):**

- **A, D**: 위 G와 동일한 문장 구조로, A는 '일부만 들음'의 해석, D는 '아무도 안 들음'의 해석이 가능하다고 한 것이므로 **적절**.
- **B, J**: ""정말 훌륭한 책의 서평""은 '훌륭한 책'의 서평인지, '훌륭한 서평'인지 중의적입니다. B는 후자의 해석(서평이 훌륭함)을 말한 것이고, J는 쉼표(,)를 넣어 ""정말 훌륭한, 책의 서평""으로 만들어 '서평'에만 수식이 걸리도록 한 것이므로 중의성이 해소됩니다. 따라서 **적절**.
- **C, H, I**: ""모든 학생이 편지 한 장씩을 읽었다""는 '씩'이라는 분배적 표현 때문에 각자 한 장씩 읽은 것(분배적 해석)으로만 해석되어 중의적이지 않습니다. 반면 ""모든 학생이 편지 한 장을 읽었다""는 '학생 전부가 같은 편지 한 장을 읽음(집합적 해석)'과 '각자 다른 편지 한 장을 읽음(분배적 해석)'으로 중의적입니다. H와 I는 이 두 해석을 각각 말한 것이므로 **적절**.
- **E, F**: ""아름다운 내 반지""는 '아름다운'이 '내'를 수식할 수도 있고('아름다운 나'의 반지), '내 반지' 전체를 수식할 수도 있어 중의적입니다. 반면 ""내 아름다운 반지""는 '내'가 '아름다운 반지'를 수식하므로 '아름다운'은 오직 '반지'만 수식하게 되어 중의성이 없습니다. 따라서 **적절**.

**결론**: G만 유일하게 사실과 다른 진술이므로 정답은 **G**입니다."
Semantics,Ambiguity,3,G,,[EMPTY_RESPONSE]
Syntax,Agreement,2,J,A,"<보기>의 문장 **""상하는 관계없이 모두 교원님께 감사해야 한다.""** 에서 사용된 높임법은 **'께'**를 사용한 **객체 높임법(客体敬语法)**입니다.  
(여기서 '교원님'은 감사라는 행위가 미치는 대상(목적어)이므로, 그 대상을 높여 '께'를 썼습니다.)

이제 각 보기를 분석해 보겠습니다.

- **A**: '공격적이시네요' → 주체 높임법(‘-시-’)
- **B**: '하세요' → 주체 높임법(‘-시-’) + 상대 높임법(‘-요’)
- **C**: '보입니다' → 상대 높임"
Syntax,Agreement,2,H,H,"H

<보기>의 높임법은 **객체 높임법**입니다.  
‘고객님께’에서 ‘께’를 쓰고, ‘여쭤봐’처럼 낮춤말(여쭈다)을 사용하여 객체를 높였습니다.

H의 **‘교수님께’**도 ‘께’를 사용하여 객체인 교수님을 높였으므로 같은 종류의 높임법입니다."
Syntax,Agreement,2,G,G,G
Syntax,Agreement,2,G,G,"정답은 **G**입니다.

**해설:**

- **A:** `누였다` → `누다`(오줌을 싸다)의 사동형 (`-이-`). 강아지가 오줌을 싸게 함.
- **B:** `물먹였다` → `물먹다`(속다, 손해 보다)의 사동형 (`-이-`). 그를 속임.
- **C:** `곯렸다` → `곯다`(속이 상하다)의 사동형 (`-리-`). 남편의 속을 상하게 함.
- **D:** `늘어세운다` → `늘어서다`의 사동형 (`-이-`). 막자사발을 늘어서게 함.
- **E:** `앞장세웠다` → `앞장서다`의 사동형 (`-이-`). 팀장이 앞장서게 함.
- **F:** `꿇렸다` → `꿇다`의 사동형 (`-리-`). 무릎을 꿇게 함.
- **G:** `엉겨들었다` → `엉겨들다`(한데 모여 붙다)는 주동사(자동사)입니다. 사동 접미사가 없으며, 주어(군중)가 스스로 그렇게 행동한 것입니다. **사동 표현이 없음.**
- **H:** `덥혔다` → `덥다`(뜨겁게 하다)의 사동형 (`-히-`). 몸을 덥게 함.
- **I:** `빨린다` → `빨다`의 사동형 (`-리-`). 아기에게 젖병을 빨게 함.
- **J:** `띄웠다` → `뜨다`(사이가 벌어지다)의 사동형 (`-이-`). 배차 시간을 뜨게(벌어지게) 함.

따라서 사동 표현이 포함되지 않은 것은 **G**입니다."
Syntax,Agreement,2,J,J,"정답은 **J**입니다.

**이유:**
J의 '기재되었다'는 피동 표현(被動表現)입니다. '기재하다'의 피동사인 '기재되다'가 사용되어, 주어(내 사촌의 이름)가 스스로 행동하는 것이 아니라 다른 행위자에 의해 명단에 올려진 상태를 나타냅니다.

**다른 보기들(A~I)은 모두 사동 접사(-이-, -히-, -리-, -기-, -우-, -구-, -추-)가 포함된 사동사가 쓰였습니다.**
- A: 세우다 (서다 + -우-)
- B: 누이다 (눕다 + -이-)
- C: 세우다 (서다 + -우-)
- D: 드높이다 (높다 + -이-)
- E: 썩이다 (썩다 + -이-)
- F: 삭이다 (삭다 + -이-)
- G: 돋우다 (돋다 + -우-)
- H: 그을리다 (그을다 + -리-)
- I: 굶기다 (굶다 + -기-)

따라서 사동 표현이 포함되지 않은 것은 **J**입니다."
Syntax,Agreement,1,G,G,"정답은 **G**입니다.

**해설:**

사동 표현은 주어가 다른 사람이나 사물에게 어떤 동작을 하게 하거나, 어떤 상태가 되도록 하는 것을 나타냅니다. 한국어에서 사동 표현은 주로 **사동 접미사(-이-, -히-, -리-, -기-, -우-, -구-, -추-)** 또는 **'-게 하다'** 구문을 통해 만들어집니다.

각 보기를 분석하면 다음과 같습니다.

- **A**: 물렸다 → 물리다 (물다의 사동형, -리-) → 사고 피해자가 치료비를 내게 함.
- **B**: 물렸다 → 물리다 (물다의 사동형, -리-) → 언론이 재갈을 물게 함.
- **C**: 살찌웠다 → 살찌우다 (살찌다의 사동형, -우-) → 거위가 살이 찌게 함.
- **D**: 묵힌다 → 묵히다 (묵다의 사동형, -히-) → 술이 오래 묵게 함.
- **E**: 잠재웠다 → 잠재우다 (잠자다의 사동형, -우-) → 논란이 가라앉게 함.
- **F**: 익혔다 → 익히다 (익다의 사동형, -히-) → 고기가 익게 함.
- **G**: **지탱했다 → 지탱하다 (능동사)** → 받침대가 나무를 단단하게 '버티다'라는 뜻의 일반적인 능동문입니다. 사동 접미사나 '-게 하다'가 쓰이지 않았습니다. (만약 '지탱시키다'였다면 사동이지만, '지탱하다'는 사동사가 아닙니다.)
- **H**: 썩히고 → 썩히다 (썩다의 사동형, -히-) → 재능을 썩게 함 (방치함).
- **I**: 빗긴다 → 빗기다 (빗다의 사동형, -기-) → 딸의 머리를 (누가) 빗게 함.
- **J**: 애태웠다 → 애태우다 (애타다의 사동형, -우-) → 농민들이 애를 태우게 함.

따라서 사동 표현이 포함되지 않은 것은 **G**입니다."
Syntax,Agreement,2,F,,[EMPTY_RESPONSE]
Syntax,Agreement,2,I,I,"정답은 **I**입니다.

**해설:**

- **A~H, J**는 모두 피동 접미사(**-이-, -히-, -리-, -기-**)가 결합된 피동 표현입니다.
  - A: 그슬리다 (그슬다 + -리-)
  - B: 받들리다 (받들다 + -리-)
  - C: 빨리다 (빨다 + -리-)
  - D: 에워싸이다 (에워싸다 + -이-)
  - E: 건너다보이다 (건너다보다 + -이-)
  - F: 쥐어뜯기다 (쥐어뜯다 + -기-)
  - G: 뒤얽히다 (뒤얽다 + -히-)
  - H: 밉보이다 (밉보다 + -이-)
  - J: 내걸리다 (내걸다 + -리-)

- **I: 분개한 왕은 신하에게 무릎을 꿇렸다.**
  - 여기서 '꿇리다'는 피동 표현이 아니라 **사동 표현**입니다.
  - '꿇다'에 사동 접미사 **'-리-'**가 결합하여 ""무릎을 꿇게 하다""라는 뜻이 됩니다.
  - 즉, 왕이 신하에게 무릎을 꿇게 한 행위(사동)이지, 왕이 신하에 의해 무릎이 꿇려진 것(피동)이 아닙니다.

따라서 피동 표현이 포함되지 않은 것은 **I**입니다."
Morphology,Word Formation,3,A,A,"적절하지 않은 것은 **A**입니다.

‘읽히다’는 ‘읽다’에 피동/사동 접미사 ‘-히-’가 결합한 말로, 품사는 동사로 그대로이며 문장 구조만 달라지므로 **ㄷ**에 해당합니다. 따라서 **ㄹ**에 들어간다는 설명은 적절하지 않습니다."
Morphology,Verbal Conjugation,3,D,D,"정답은 **D**입니다.

**이유:**
'속을 썩이다'는 '마음을 몹시 쓰게 하거나 걱정하게 하다'라는 뜻의 관용구로, 이때는 사동사 **'썩이다'**를 사용하는 것이 표준 표현입니다. 
'썩이다'의 활용형은 '썩이 + 어 → **썩여**'가 되어야 하므로, D는 '썩혀'가 아니라 **'썩여'**로 써야 맞습니다.

반면, **'썩히다'**는 '물건이나 재능 등을 썩게 하다(방치하다)' 또는 '음식 등을 발효/부패시키다'라는 뜻으로 쓰입니다. 
D의 문장은 '부모님의 마음을 태우게 하다(걱정시키다)'라는 관용적 의미이므로 '썩이다'가 맞습니다.

---

**각 선지의 쓰임 정리:**
- **A, F, I**: 음식이나 메주를 부패/발효시키는 물리적 동작 → '썩히다' (적절)
- **B**: '골치를 썩이다' (관용구) → '썩이다'의 활용형 '썩이는' (적절)
- **C, E, H, J**: 재능, 기계, 장비 등을 방치하여 못 쓰게 만들다 → '썩히다' (적절)
- **G**: '속이 썩다' (자동사적 관용구) → '썩다'의 활용형 '썩어' (적절)
- **D**: '속을 썩이다' (타동사적 관용구) → '썩이다'의 활용형 '썩여'가 맞으나, '썩혀'로 잘못 쓰임 (부적절)

**올바른 문장:**  
D: 나는 이제까지 부모님 속을 **썩여** 본 적이 없다."
Morphology,Verbal Conjugation,3,C,,[EMPTY_RESPONSE]
Morphology,Word Formation,2,I,,[EMPTY_RESPONSE]
Phonetics/Phonology,Suprasegmental Features,3,A,H,"正确答案是 **H: ㄱ, ㄹ, ㅁ**。

**解析：**
在标准韩国语发音规则中，以下单词因词义不同而存在长音（ː）和短音的区别：

- **ㄱ. '밤'（夜晚）** → 发音为 **[밤ː]**（长音）
- **ㄴ. '밤'（栗子）** → 发音为 **[밤]**（短音）

- **ㄷ. '눈'（眼睛）** → 发音为 **[눈]**（短音）
- **ㄹ. '눈'（雪）** → 发音为 **[눈ː]**（长音）

- **ㅁ. '말'（话/言语）** → 发音为 **[말ː]**（长音）
- **ㅂ. '말'（马）** → 发音为 **[말]**（短音）

因此，发长音的是 **ㄱ（밤: 夜晚）、ㄹ（눈: 雪）、ㅁ（말: 话）**，对应选项 **H**。"
Phonetics/Phonology,Suprasegmental Features,3,D,,[EMPTY_RESPONSE]
Phonetics/Phonology,Phonological Alternation,2,J,J,"정답은 **J: 써서**입니다.

**이유:**
- **J (써서)**: '쓰다'에 '-아서'가 결합할 때, 어간의 모음 'ㅡ'가 탈락하고 'ㅏ'와 결합하여 '써서'가 됩니다. 이는 **모음 탈락** 현상입니다.
- **A~I**: 모두 **자음 탈락** 현상입니다.
  - A(부삽): 불 + 삽 → 'ㄹ' 탈락
  - B(우짖다): 울 + 지르다 → 'ㄹ' 탈락
  - C(쌓이다): 쌓 + 이다 → 'ㅎ' 탈락
  - D(낳은): 낳 + 은 → 'ㅎ' 탈락
  - E(좋아서): 좋 + 아서 → 'ㅎ' 탈락
  - F(바느질): 바늘 + 질 → 'ㄹ' 탈락
  - G(싫은): 싫 + 은 → 'ㅎ' 탈락
  - H(점잖은): 점잖 + 은 → 'ㅎ' 탈락
  - I(소나무): 솔 + 나무 → 'ㄹ' 탈락

따라서 음운 탈락의 성질(자음 탈락 vs 모음 탈락)이 다른 것은 **J**입니다."
Phonetics/Phonology,Phonological Alternation,3,H,,[EMPTY_RESPONSE]
Morphology,Word Formation,3,C,,[EMPTY_RESPONSE]
Morphology,Word Formation,3,H,B,"<보기>의 '기름지다'는 명사 '기름'에 접미사 '-지다'가 결합하여 만들어진 **파생어**입니다. 

각 선택지를 분석하면 다음과 같습니다.

- **A: 안간힘** - '안(안)' + '간(間)' + '힘'이 결합된 **합성어**입니다.
- **B: 그늘지다** - 명사 '그늘'에 접미사 '-지다'가 결합된 **파생어**입니다. (기름지다와 구조가 동일)
- **C: 소싯적** - '소시(少時)' + '적(적)'이 결합된 **합성어**입니다.
- **D: 날뛰다** - 동사 '날다'와 '뛰다'가 결합된 **합성어**입니다.
- **E: 틈새** - 명사 '틈'과 '새'가 결합된 **합성어**입니다.
- **F: 재미있다** - 명사 '재미'와 형용사 '있다'가 결합된 **합성어**입니다.
- **G: 얄밉다** - 어근 '얄-'과 형용사 '밉다'가 결합된 **합성어**입니다.
- **H: 생김새** - '생기다'의 명사형 '생김'과 '새'가 결합된 **합성어**입니다.
- **I: 머리카락** - 명사 '머리'와 '카락'이 결합된 **합성어**입니다.
- **J: 쥘손** - 동사 '쥐다'의 관형사형 '쥘'과 명사 '손'이 결합된 **합성어**입니다.

따라서 <보기>와 동일한 유형(파생어)은 **B: 그늘지다**입니다. 

**정답: B**"
Phonetics/Phonology,Suprasegmental Features,1,C,C,C
Morphology,Word Formation,3,B,D,"<보기>의 '입방아'는 '입'과 '방아'가 결합하여, 단어의 원래 의미(입 + 방아)에서 벗어나 '입으로 음식을 씹는 모양' 또는 '자꾸 되풀이하여 말함'이라는 전혀 새로운 의미를 만들어 냈습니다. 이는 두 어근의 의미가 단순히 합쳐지거나 한쪽이 다른 쪽을 꾸며주는 것이 아니라, 완전히 새로운 의미로 변화한 **'융합(融合) 합성어'**입니다.

이와 동일한 유형은 **D: 물개**입니다.
'물개'는 '물(水)'과 '개(犬)'가 결합했지만, 실제로는 바다에 사는 동물(물개)을 가리키는 새로운 의미로 굳어졌습니다. '물'과 '개'의 단순한 합이나 수식 관계가 아니라, 전혀 다른 대상을 지칭하는 융합의 예입니다.

**다른 보기들의 유형 분류:**
- **A: 벌판** - '벌(原野)'이 '판(地)'을 수식하는 **종속 합성어**
- **B: 빈말** - '빈(空)'이 '말(言)'을 수식하는 **종속 합성어**
- **C: 갈아입다** - '갈아(交替)'가 '입다'를 수식하는 **종속 합성어**
- **E: 높푸르다** - '높다'와 '푸르다'가 대등하게 결합한 **대등 합성어**
- **F: 달밤** - '달(月)'이 '밤(夜)'을 수식하는 **종속 합성어**
- **G: 달걀** - '닭'과 '알'의 결합으로 '닭'이 '알'을 수식하는 **종속 합성어** (음운 변동)
- **H: 옷자락** - '옷'이 '자락'을 수식하는 **종속 합성어**
- **I: 좁쌀** - '조(粟)'와 '쌀'의 결합으로 '조'가 '쌀'을 수식하는 **종속 합성어** (음운 변동)
- **J: 서넛** - '서(三)'와 '넛(四)'이 대등하게 결합한 **대등 합성어**

따라서 정답은 **D: 물개**입니다."
Morphology,Word Formation,1,E,,[EMPTY_RESPONSE]
Morphology,Word Formation,3,E,,[EMPTY_RESPONSE]
Morphology,Word Formation,1,F,F,"정답은 **F: 사라지다**입니다.

**이유:**
문제의 조건은 ""두 개의 용언(동사/형용사)이 결합된 단어"" 중에서 **원형을 밝혀 적은 것**을 찾는 것입니다. 즉, '본용언 + 보조용언' 또는 '동사 + 동사' 구조로, 앞말의 원래 형태(어간)가 그대로 드러나도록 적은 단어를 의미합니다.

각 단어를 분석해 보면:

- **A: 늘어나다** → 늘**다** + 나다 → '늘-' + '-어' + '나다' (원형 '늘다'가 밝혀짐)
- **B: 늘어지다** → 늘**다** + 지다 → '늘-' + '-어' + '지다' (원형 '늘다'가 밝혀짐)
- **C: 되짚어가다** → 되짚**다** + 가다 → '되짚-' + '-어' + '가다' (원형 '되짚다'가 밝혀짐)
- **D: 접어들다** → 접**다** + 들다 → '접-' + '-어' + '들다' (원형 '접다'가 밝혀짐)
- **E: 엎어지다** → 엎**다** + 지다 → '엎-' + '-어' + '지다' (원형 '엎다'가 밝혀짐)
- **G: 벌어지다** → 벌**다** + 지다 → '벌-' + '-어' + '지다' (원형 '벌다'가 밝혀짐)
- **H: 들어가다** → 들**다** + 가다 → '들-' + '-어' + '가다' (원형 '들다'가 밝혀짐)
- **I: 흩어지다** → 흩**다** + 지다 → '흩-' + '-어' + '지다' (원형 '흩다'가 밝혀짐)
- **J: 넘어지다** → 넘**다** + 지다 → '넘-' + '-어' + '지다' (원형 '넘다'가 밝혀짐)

반면, **F: 사라지다**는 '사라다'라는 독립적인 용언이 존재하지 않으며, '사라지다' 자체가 하나의 어근으로 이루어진 단일 용언입니다. 즉, 두 개의 용언이 결합된 형태가 아니므로 **원형을 밝혀 적은 것**에 해당하지 않습니다.

따라서 정답은 **F**입니다."
Syntax,Ellipsis,3,G,G,"띄어쓰기가 삽입되어야 하는 위치를 분석해 보겠습니다.

- **<1>**: `창작은` + `커녕` → `은`과 `커녕` 모두 조사이므로 붙여 씁니다. (띄어쓰기 X)
- **<2>**: `창작은커녕`과 `설명서` 사이 → 단어와 단어 사이이므로 띄어쓰기가 필요합니다. (띄어쓰기 O)
- **<3>**: `설명서` + `대로` → `대로`는 ""그대로, 법대로""처럼 앞말에 붙여 쓰는 조사(또는 의존명사)로, 여기서는 `설명서대로`로 붙여 쓰는 것이 올바릅니다. (띄어쓰기 X)
- **<4>**: `설명서대로조차`와 `못하겠다` 사이 → 조사와 동사 사이이므로 띄어쓰기가 필요합니다. (띄어쓰기 O)

따라서 띄어쓰기가 필요한 곳은 **<2>**와 **<4>**이며, 숫자의 합은 **2 + 4 = 6**입니다.

정답은 **G: 6**입니다."
Syntax,Embedded Clauses,2,B,B,"정답은 **B**입니다.

**해설:**

<보기>의 원리에 따라 각 문장을 안은 문장(주절)과 안긴 문장(관형절)으로 분리하고, 꺽쇠 안의 명사를 안긴 문장에 넣어 그 문장성분을 확인해 보겠습니다.

- **A**: 달려 내려오는 <산토끼>의 눈망울이 아기별 같다.
  - 안긴 문장: 산토끼가 달려 내려온다. → '산토끼'는 **주어** 기능.
- **B**: 액체가 담긴 <꽃병>이 출렁거린다.
  - 안긴 문장: 액체가 꽃병에 담긴다. → '꽃병'은 '꽃병에'로 바뀌어 **부사어**(장소/처소) 기능. (능동문 '액체를 꽃병에 담다'의 피동 표현)
- **C**: 스키장에서 영화를 찍은 <스타>는 추워 보인다.
  - 안긴 문장: 스타가 스키장에서 영화를 찍었다. → '스타'는 **주어** 기능.
- **D**: 어이쿠, 얼떨결에 받은 <재산>으로 재벌이 됐네.
  - 안긴 문장: 얼떨결에 재산을 받았다. → '재산'은 **목적어** 기능.
- **E**: 데이트를 하는 날에는 눈앞에 있는 <상대>에게 열중해야 한다.
  - 안긴 문장: 상대가 눈앞에 있다. → '상대'는 **주어** 기능.
- **F**: 램프에 넣은 <물건>은 봄꽃이었다.
  - 안긴 문장: 램프에 물건을 넣었다. → '물건'은 **목적어** 기능.
- **G**: 예수가 말했던 <주장>은 이기적인 마음을 버리라는 것이었다.
  - 안긴 문장: 예수가 주장을 말했다. → '주장'은 **목적어** 기능.
- **H**: 나는 이 늦추어진 <재판>의 끝을 재촉하고 싶다.
  - 안긴 문장: 재판이 늦추어졌다. → '재판'은 **주어** 기능.
- **I**: 톱밥을 먹고 사는 <너구리>가 있다고?
  - 안긴 문장: 너구리가 톱밥을 먹고 산다. → '너구리'는 **주어** 기능.
- **J**: 놀부가 돌돌 만 <파스타>를 흥부의 입에 넣었다.
  - 안긴 문장: 놀부가 파스타를 돌돌 말았다. → '파스타'는 **목적어** 기능.

따라서 안긴 문장 안에서 '부사어' 기능을 하는 것은 **B**입니다."
Syntax,Embedded Clauses,3,E,,[EMPTY_RESPONSE]
Pragmatics,Implicature,1,J,,[EMPTY_RESPONSE]
Syntax,Embedded Clauses,2,C,,[EMPTY_RESPONSE]
Syntax,Embedded Clauses,2,J,J,"정답은 **J**입니다.

**해설:**
J의 문장 ""장래에 우리가 만날 <또래>는 라일락을 좋아하게 될 거야.""에서 안긴 문장(관형절)은 **""우리가 만날 또래""**입니다.

이 안긴 문장을 원래 문장(절)으로 복원하면 **""우리가 또래를 만날 것이다""**가 됩니다.
- 주어: 우리가
- 목적어: **또래를** (꺽쇠 안의 단어)
- 서술어: 만날 것이다

따라서 꺽쇠 안의 '또래'는 안긴 문장에서 동사 '만나다'의 **목적어** 기능을 합니다.

**다른 보기들 간단 검토:**
- A: 우주여행은 허가되지 않았다 (주어)
- B: 방이 깨끗하다 (주어)
- C: 잉어가 사파리에 산다 (주어)
- D: 눈이 스키장에 내린다 (주어)
- E: 지난가을 (시간 부사어/시간 명사)
- F: 내 사랑이 엄지손톱만 했다 (주어)
- G: 월드컵이 재작년에 열렸다 (주어)
- H: 패션이 특이하다 (주어)
- I: 케이스가 창의적이다 (주어)"
Syntax,Embedded Clauses,3,C,,[EMPTY_RESPONSE]
Syntax,Embedded Clauses,2,F,F,"정답은 **F**입니다.

**해설**
안긴 문장이 목적어로 기능하려면, 안긴 문장이 명사절(주로 '-음', '-기', '-는지' 등으로 끝남)이 되어 서술어(타동사)의 목적어 자리에 놓여야 합니다.

- **F**: ""산부인과의는 [비뇨기과에 불을 질렀음]을 묵인했다.""
  - 안긴 문장: '비뇨기과에 불을 질렀음' (명사절, '-음'으로 끝남)
  - 역할: '묵인했다'의 목적어 (무엇을 묵인했는가? → 불을 질렀음을)

**다른 보기들의 안긴 문장 역할**
- **A**: '사람이 먹기에' → 부사절 (안전한 이유/기준)
- **B**: '관상가가 싸움의 도화선이었는지' → 명사절이지만 주어 ('~가 관건이다'의 주어)
- **C**: '신발의 창이 떨어져 나가도록' → 부사절 (정도/결과)
- **D**: '취미로 패러글라이딩을 하는' → 관형절 ('친구' 수식)
- **E**: '미풍양속을 되살리려는' → 관형절 ('목적' 수식)
- **G**: '류머티즘이 심한' → 관형절 ('어머니' 수식)
- **H**: '문하생이 문학잡지를 절도했느냐' → 명사절이지만 주어 ('~가 문제시되었다'의 주어)
- **I**: '물결무늬가 독특하' → 서술절 (주어 '이 남방은'의 서술어)
- **J**: '앞날이 창창하' → 서술절 (주어 '청년들은'의 서술어)"
Syntax,Embedded Clauses,3,A,A,"정답은 **A**입니다.

**이유:**
꺽쇠 안의 단어(여중생)를 포함하여 안긴 문장을 복원하면 **""여중생이 의약품이 필요하다""**가 됩니다. 이 문장에서 '여중생'은 '필요하다'의 주"
Syntax,Argument Structure & Valency,2,E,E,"정답은 **E**입니다.

**이유**: 서술어의 자릿수는 그 서술어가 문장을 완성하기 위해 필수적으로 요구하는 문장 성분(주어, 목적어, 보어, 필수 부사어)의 개수를 의미합니다.

- **E의 ""설치했다""**는 **[주어]가 [목적어]를 [장소/처소]에 설치하다**의 구조를 가집니다. 
  - 예: ""(나는) 컴퓨터에 백신 프로그램을 설치했다.""
  - 여기서 '컴퓨터에'는 생략할 수 없는 필수적 부사어이므로, **주어 + 목적어 + 부사어 = 3자리** 서술어입니다.

**다른 보기들의 자릿수 분석**:
- **A (으깼다)**: 주어 + 목적어 (2자리) - '숟가락으로'는 도구 부사어로 필수가 아님.
- **B (졸라맸다)**: 주어 + 목적어 (2자리) - '세게'는 정도 부사어로 필수가 아님.
- **C (낭비되고)**: 주어 (1자리) - 피동사로 목적어를 취하지 않음. '쓸데없는 곳에'는 수식어.
- **D (반해버렸다)**: 주어 + 부사어('에게') (2자리) - ""그에게 반하다"" 구조.
- **F (들떴다)**: 주어 (1자리) - ""기분이 들뜨다"".
- **G (밤새웠다)**: 주어 (1자리) - ""우리가 밤새웠다"". '뜬눈으로', '조원들과'는 필수 부사어가 아님.
- **H (좁아진다)**: 주어 (1자리) - ""눈이 좁아진다"".
- **I (집착하지는)**: 주어 + 부사어('에') (2자리) - ""일에 집착하다"".
- **J (패스했다)**: 주어 + 부사어('에') (2자리) - ""시험에 패스하다""."
Syntax,Argument Structure & Valency,3,J,,[EMPTY_RESPONSE]
Pragmatics,Discourse Principles,1,H,H,H
Pragmatics,Discourse Principles,3,E,,[EMPTY_RESPONSE]
Syntax,Argument Structure & Valency,3,I,,[EMPTY_RESPONSE]
Syntax,Argument Structure & Valency,3,E,,[EMPTY_RESPONSE]
Syntax,Argument Structure & Valency,3,F,A,"정답은 **A, D, F, J**입니다.

각 서술어의 자릿수(요구하는 필수 논항의 수)를 분석하면 다음과 같습니다.

- **A. 감쌌다** (2자리)
  - 논항: [주어]가 [목적어]를 감싼다. (예: *내가* 피가 난 곳을 감쌌다)
  - '거즈로'는 필수 논항이 아닌 도구 부사어입니다.

- **D. 대한다** (2자리)
  - 논항: [주어]가 [상대(에게)]를 대한다. (예: *그는* 누구에게나 대한다)
  - '상냥하게'는 양태 부사어입니다.

- **F. 가꾼다** (2자리)
  - 논항: [주어]가 [목적어]를 가꾼다. (예: *누나는* 텃밭을 가꾼다)
  - '취미로'는 부사어입니다.

- **J. 달라졌다** (2자리)
  - 논항: [주어]가 [비교 대상(과)] 달라졌다. (예: *그의 얼굴이* 이전과 달라졌다)
  - '이전과'는 '달라지다'가 필수적으로 요구하는 비교 보충어입니다.

---

**나머지 보기 분석 (오답 이유)**

- **B. 예뻐졌더라** (1자리) - [주어]가 예뻐졌다. (게다가 꺾쇠 `< >`가 없어 애초에 해당되지 않습니다.)
- **C. 목욕했다** (1자리) - [주어]가 목욕했다. ('찬물로'는 도구 부사어)
- **E. 떠들더라** (1자리) - [주어]가 떠들었다. ('늦게까지'는 시간 부사어)
- **G. 쉬었다** (1자리) - [주어]가 쉬었다. ('집에서', '며칠'은 부사어)
- **H. 보냈다** (3자리) - [주어]가 [받는 이(께)]에게 [물건(을)]을 보냈다. (주어+여격+목적어)
- **I. 얹으신다** (3자리) - [주어]가 [장소(에)]에 [대상(을)]을 얹는다. (주어+처격+목적어)"
Pragmatics,Speech Acts,2,J,J,"정답은 **J**입니다.

각 예문의 의도를 하나씩 분석해 보겠습니다.

- **A: 난방을 꺼주실 수 있을까요?** → **질문 (X)**
  겉으로는 질문의 형태를 띠고 있지만, 실제로는 상대방에게 난방을 꺼달라고 요청하는 **부탁(요청)** 또는 **명령**에 가까운 발화입니다. (간접 화행)
- **B: 노력해서 안될 일이 어디 있어?** → **질문 (X)**
  수사적 의문문으로, 실제로 답을 묻는 것이 아니라 ""노력하면 안 될 일이 없다""는 뜻을 강조하는 **진술**입니다.
- **C: 오늘 저녁은 저희가 살게요** → **청유 (X)**
  화자가 자신의 의지를 나타내며 상대방에게 지불하겠다고 약속하는 **약속**에 해당합니다. (청유는 '같이 하자'는 뜻)
- **D: 주말에 바쁘지 않으시면 식사 한 번 같이 했으면 해요** → **감정 표현 (X)**
  상대방에게 식사를 함께 하자고 권하는 **청유**입니다. (소망을 표현했지만 발화의 주된 의도는 권유)
- **E: 오늘은 낮부터 강한 비가 내리는 곳이 많겠습니다** → **약속 (X)**
  일기예보처럼 사실이나 정보를 전달하는 **진술**입니다.
- **F: 남의 걸 훔치면 돼, 안 돼?** → **질문 (X)**
  수사적 의문문으로, ""훔치면 안 된다""는 사실을 강조하며 상대방을 꾸짖는 **명령** 또는 **진술**에 가깝습니다.
- **G: 내 정신 좀 봐** → **명령 (X)**
  자신의 실수를 깨닫고 탄식하며 하는 말로, 상대방에게 명령하는 것이 아니라 자신의 심정을 나타내는 **감정 표현**입니다.
- **H: 민지 네가 한 번만 봐 주렴** → **청유 (X)**
  '~주렴'은 윗사람이 아랫사람에게 무엇을 하도록 시키는 **명령**의 의미를 지닌 종결어미입니다.
- **I: 넌 자꾸 그렇게 말 안 듣고 매를 벌어라** → **청유 (X)**
  '~어라'는 명령형 종결어미로, 상대방에게 행동을 강요하는 **명령**입니다.
- **J: 난 엄마한테 죽었다** → **감정 표현 (O)**
  '죽었다'는 과장된 표현으로, 엄마에게 크게 혼났거나 곤란한 상황에 처했음을 나타내며 화자의 당황스러움, 두려움, 난처함 등의 **감정**을 표현한 것입니다.

따라서 예문과 의도가 올바르게 연결된 것은 **J**입니다."
Phonetics/Phonology,Phonological Alternation,3,B,,[EMPTY_RESPONSE]
Phonetics/Phonology,Phonological Alternation,2,B,,[EMPTY_RESPONSE]
Semantics,Word Relationships,1,H,H,H: 빼먹어서
Semantics,Word Relationships,2,J,J,"정답: **J: 적대적이고**

**부착하다**와 **탈착하다**는 서로 반대되는 의미 관계, 즉 **반의 관계**입니다.  
지문의 **“호의적이고”**는 ‘우호적이고 친절한’ 뜻이므로, 이와 반대되는 말은 **“적대적이고”**입니다."
Semantics,Word Relationships,1,G,G,"정답은 **G: 기념하는**입니다.

**해설:**
지문에서 ""기리는""은 '희생 정신을 칭송하고 오래도록 잊지 않기 위해' 목탑을 세웠다는 의미로, **'기념하다'**와 가장 유사합니다. 
'기리다'는 '칭송하다', '추모하다', '기념하다'의 뜻을 가지고 있습니다.

- **A (확언하는)**: 단호하게 주장하는 것.
- **B (책망하는) / C (힐난하는)**: 꾸짖고 나무라는 것 (반대 의미).
- **E (탐구하는) / F (조사하는)**: 깊이 파고들어 연구하는 것.
- **H (평가하는)**: 가치나 수준을 판단하는 것.
- **I (탄복하는)**: 감탄하여 칭찬하는 것 (기리다와 비슷하지만, '기념'의 의미가 더 강한 G가 정답).
- **J (기재하는)**: 문서에 적어 넣는 것.

따라서 문맥상 가장 적절한 단어는 **G**입니다."
Semantics,Word Relationships,2,F,F,F: 뜨거움
Semantics,Word Relationships,2,G,,[EMPTY_RESPONSE]
Semantics,Word Relationships,2,I,,[EMPTY_RESPONSE]
Semantics,Inter-sentence Relations,3,E,,[EMPTY_RESPONSE]
Semantics,Inter-sentence Relations,2,A,,[EMPTY_RESPONSE]
Semantics,Inter-sentence Relations,2,J,J,J
Syntax,Embedded Clauses,3,F,,[EMPTY_RESPONSE]
Semantics,Inter-sentence Relations,3,A,,[EMPTY_RESPONSE]
Pragmatics,Speech Acts,2,J,J,"정답은 **J**입니다.

**이유:**
A부터 I까지의 발화는 모두 화자가 미래에 특정 행동을 하겠다는 **'약속'** (또는 의지 선언)의 성격을 가지고 있습니다.

- A: 다시는 안 그렇겠다는 약속
- B: 탈고하겠다는 약속
- C: 압수하겠다는 약속 (선언)
- D: 용돈을 올려주겠다는 조건부 약속
- E: 연락드리겠다는 약속
- F: 넘어가 주겠다는 약속
- G: 일찍 들어오겠다는 약속
- H: 발포하겠다는 조건부 경고이자 약속 (화자의 행동 선언)
- I: 이따 오겠다는 약속

반면, **J**는 화자가 직접 미래에 행동을 하겠다는 약속이 아니라, **'아랫집 아저씨'라는 제3자가 할 행동을 경고하거나 사실을 알려주는 '진술'**에 해당합니다. 따라서 혼자 다른 의도(약속이 아닌 진술/경고)를 나타내는 것은 **J**입니다."
Pragmatics,Speech Acts,3,G,,[EMPTY_RESPONSE]
Pragmatics,Implicature,2,A,A,A: 주말에 친구 부부를 초대하고 싶지 않다.
Syntax,Agreement,1,J,J,"정답은 **J**입니다.

**해설:**
각 보기의 서술어를 분석해 보면, A부터 I까지는 모두 피동 접미사(-이-, -히-, -리-, -기-)가 결합된 피동 표현입니다.

- **A**: 가로놓**이**었다 (가로놓다 + 이)
- **B**: 휘감**기**ㄴ다 (휘감다 + 기)
- **C**: 내몰**리**었다 (내몰다 + 리)
- **D**: 떼**이**ㄴ다 (떼다 + 이)
- **E**: 억눌**리**었다 (억누르다 + 리)
- **F**: 낚**이**ㄴ다 (낚다 + 이)
- **G**: 씹**히**었다 (씹다 + 히)
- **H**: 내쫓**기**었다 (내쫓다 + 기)
- **I**: 집**히**었다 (집다 + 히)

반면, **J**의 '마땅찮다'는 '마땅하지 않다'가 줄어든 형용사로, 피동 접미사가 결합된 형태가 아니라 주어의 상태나 느낌(사장의 생각)을 나타내는 능동(주동) 표현입니다. 따라서 피동 표현이 포함되지 않은 것은 **J**입니다."
Syntax,Agreement,1,B,B,"정답은 **B: 줄다리기 선수가 밧줄을 잡아당긴다.** 입니다.

**이유:**
- **B**는 주어(선수)가 스스로 동작(잡아당기다)을 행하는 **능동 표현**입니다. 피동 접사(-이-, -히-, -리-, -기-)나 피동 보조용언(-어지다)이 없습니다.

**다른 보기들의 피동 표현 분석:**
- **A**: 널려있다 → '널다(능동)' + '-리-' (피동 접사) + '-어 있다' → 피동
- **C**: 사로잡혔다 → '사로잡다' + '-히-' (피동 접사) → 피동
- **D**: 뜨였다 → '뜨다' + '-이-' (피동 접사) → 피동
- **E**: 걷혔다 → '걷다' + '-히-' (피동 접사) → 피동
- **F**: 가로막혔다 → '가로막다' + '-히-' (피동 접사) → 피동
- **G**: 얹혀있다 → '얹다' + '-히-' (피동 접사) + '-어 있다' → 피동
- **H**: 그을렸다 → '그을다' + '-리-' (피동 접사) → 피동
- **I**: 뒤섞여있다 → '뒤섞다' + '-이-' (피동 접사) + '-어 있다' → 피동
- **J**: 잡아먹혔다 → '잡아먹다' + '-히-' (피동 접사) → 피동

따라서 피동 표현이 포함되지 않은 것은 **B**입니다."
Semantics,Semantic Compatibility,1,G,,[EMPTY_RESPONSE]
Semantics,Semantic Compatibility,1,A,A,"가장 어색한 선지는 **A: 헬스장이 눈속을 달리고 있었다.** 입니다.

**이유:**
- **A**는 무생물인 '헬스장(건물/시설)'이 주어로 와서 '달리고 있었다'라는 동작을 하는 것은 비문(非文)에 가깝고, 문맥상 전혀 자연스럽지 않습니다. (만약 '헬스장에 있는 사람들'이나 '헬스장을 나온 사람들'이라는 의미로 쓰려 해도 주어-술어 호응이 크게 어긋납니다.)
- 나머지 **B부터 J까지**는 모두 일상생활이나 글에서 자연스럽게 쓰일 수 있는 정상적인 문장들입니다. (예: B는 조언, C는 묘사, D는 정책 논의, E는 예술 표현, F는 건강 상식, G는 구호, H는 풍경 묘사, I는 사실 진술, J는 자연 현상 묘사)"
Semantics,Semantic Compatibility,2,H,H,"가장 어색한 선지는 **H: 선거용지가 창문을 두드렸다.** 입니다.

**이유:**
'선거용지'(무생물)가 '창문을 두드렸다'(생물적 행위)라는 동작을 주어 스스로 행하는 것은 의미적으로 맞지 않습니다. '두드리다'는 사람이나 동물처럼 의지와 신체적 능력이 있는 존재가 하는 행위이기 때문입니다. 

다른 선지들은 모두 문법적으로나 의미적으로 자연스럽습니다. 특히 F(해바라기를 심고 태양을 기다림)는 시적 허용으로, G(그림 아래 잠든 사랑)는 은유적 표현으로 충분히 자연스럽게 해석됩니다. 반면 H는 특별한 문맥(예: 바람에 날린 선거용지가 창문에 부딪힘)이 없으면 성립하기 어려운 비문(非文)에 가깝습니다.

자연스러운 수정 예시: *""바람에 날린 선거용지가 창문을 두드렸다.""* 또는 *""선거용지가 창문에 부딪혔다.""*"
Semantics,Semantic Compatibility,1,J,J,"가장 어색한 선지는 **J: 헌법 제 1조가 아침을 먹었다.** 입니다.

**이유:**
다른 선지들은 모두 현실적으로 말이 되거나, 문학적/비유적 표현으로 자연스럽게 해석될 수 있습니다. 하지만 J는 '헌법 제1조'라는 추상적인 법 조항이 '아침을 먹는' 행위를 할 수 없다는 점에서 의미적으로 전혀 성립하지 않는 비문(非文)입니다. (주어와 서술어의 의미 관계가 완전히 어긋난 '의미적 이상 문장'입니다.)

참고로 F(오래된 일기장의 마지막 장을 꺼내들었다)는 '장(page)'을 '꺼내든다'는 표현이 다소 시적이고 약간 어색할 수는 있으나, 문맥상 충분히 수용 가능한 표현입니다."
Semantics,Semantic Compatibility,1,H,H,"가장 어색한 선지는 **H**입니다.

**이유:**

- **H: ""푹신한 코코아에서 소파를 마신다.""**  
  이 문장은 동사 ""마시다""의 목적어로 ""소파""라는 고체 사물이 와서 **의미적으로 전혀 성립하지 않습니다.** 또한 ""푹신한""이라는 형용사는 일반적으로 ""소파""를 수식하는 말인데 ""코코아""를 수식하고 있어, 두 대상이 서로 뒤바뀐 듯한 비문(非文)입니다. 시적 허용으로 보기에도 너무 파격적이고 논리적으로 맞지 않아 가장 어색합니다.

- **참고로 A: ""막 도착한 그의 심장이 거칠게 뛰었다.""**  
  이 문장은 ""막 도착한""이라는 관형어가 ""그""가 아닌 ""심장""을 수식하는 **수식 관계의 오류**가 있습니다. 하지만 ""막 도착한 그가 심장이 거칠게 뛰었다""로 고치면 자연스러워지는 흔한 문법적 실수에 가깝습니다. 

반면 H는 문법적 오류를 넘어 **현실에서 절대 일어날 수 없는 불가능한 상황**을 묘사하고 있어, 주어진 선지 중 가장 어색하고 비논리적입니다. 

**정답: H**"
Semantics,Semantic Compatibility,1,G,G,"가장 어색한 선지는 **G: 고정 금리가 드론을 정교하게 조종한다.** 입니다.

**이유:**
'고정 금리'(금융 용어)는 무생물이자 추상적인 개념인데, '드론을 정교하게 조종한다'라는 물리적이고 구체적인 행위를 하는 주어가 될 수 없습니다. 주어와 서술어의 의미 관계가 전혀 성립하지 않는, 전형적인 '비문(非文)'이자 의미론적 오류입니다. 

나머지 선지들은 모두 문법적으로 자연스럽고, 특정 상황(비즈니스, 일상, 음악, 건강 등)에서 충분히 의미가 통하는 문장입니다."
Semantics,Ambiguity,3,F,,[EMPTY_RESPONSE]
Semantics,Ambiguity,2,D,,[EMPTY_RESPONSE]
Semantics,Ambiguity,3,D,H,H
Syntax,Agreement,2,I,,[EMPTY_RESPONSE]
Semantics,Ambiguity,3,J,,[EMPTY_RESPONSE]
Pragmatics,Implicature,1,G,G,"正确答案：**G: 난 내일 새벽 일찍 나가야 해서 일찍 자려고.**

乙以“明天要早起、需要早睡”为由拒绝邀请，甲才说“没办法，那我一个人去看完再进去”。"
Syntax,Agreement,2,F,F,"정답은 **F**입니다.

**이유:**
F의 ""몰린다""는 피동사 '몰리다'이지만, 여기서는 **자동사**로 쓰여 ""사람들이 저절로 모여들다""는 뜻입니다. 즉, 특정한 주체가 관광객들을 ""몰아넣는"" 행위가 아니라, 관광객들 스스로 모여드는 자연스러운 현상을 나타냅니다.

따라서 능동 표현인 ""누군가가 관광객들을 몰았다""로 바꾸면 의미가 완전히 달라지거나 어색해집니다. (예: ""이 지역에는 늘 관광객들이 몰려든다""는 능동이지만, 이는 '몰리다'의 능동형이 아니라 다른 동사입니다.)

**나머지 보기들은 모두 능동 표현으로 바꿀 수 있습니다.**
- A: 누군가가 승부를 갈랐다.
- B: 광부들이 그 화약을 널리 썼다.
- C: 폭우가 차의 묵은 때를 씻었다.
- D: 장인이 매듭을 이리저리 얽었다.
- E: 세발자전거가 큰아버지를 쳤다.
- G: 선생님이 나를 등을 떠밀었다.
- H: 작가가 디자인에 숨은 의도를 담았다.
- I: 비난이 심사를 뒤틀었다.
- J: 신문사가 내 인터뷰를 잡지에 실었다."
Syntax,Agreement,2,J,,[EMPTY_RESPONSE]
Phonetics/Phonology,Phonological Alternation,3,E,,[EMPTY_RESPONSE]
Phonetics/Phonology,Phonological Alternation,3,G,,[EMPTY_RESPONSE]
Syntax,Ellipsis,3,I,,[EMPTY_RESPONSE]
Syntax,Agreement,2,H,,[EMPTY_RESPONSE]
Phonetics/Phonology,Phonological Alternation,3,J,E,"<보기>의 예시들은 모두 **음절의 끝소리 규칙(종성 neutralization)**을 보여 줍니다.  
- 옷[옫]: ㅅ → ㄷ  
- 부엌[부억]: ㅋ → ㄱ  
- 낮[낟]: ㅈ → ㄷ  

즉, 음절 끝에서 모든 자음이 대표음(ㄱ, ㄴ, ㄷ, ㄹ, ㅁ, ㅂ, ㅇ) 중 하나로 발음되는 규칙입니다.

이 규칙이 적용된 사례는 **J: 읊고**입니다.

- **J: 읊고 [읍꼬]**  
  '읊'의 겹받침 'ㄹㅍ' 중 'ㄹ'이 탈락하고, 남은 'ㅍ'이 음절 끝에서 대표음 'ㅂ'으로 바뀌어 [읍꼬]로 발음됩니다. 이는 음절의 끝소리 규칙(ㅍ → ㅂ)이 적용된 예입니다.

**다른 보기들 분석**  
- A: 않고 [안코] – ㅎ 탈락 및 된소리되기(축약)  
- B: 협력 [혐"
Phonetics/Phonology,Phonological Alternation,3,D,,[EMPTY_RESPONSE]
Phonetics/Phonology,Phonological Alternation,2,B,,[EMPTY_RESPONSE]
Phonetics/Phonology,Phonological Alternation,3,G,,[EMPTY_RESPONSE]
Syntax,Embedded Clauses,2,I,I,"정답: **I**

**I: 기마병은 사태가 긴급함을 단박에 느꼈다.**

- 안긴 문장: **“사태가 긴급함”**  
- 이 문장은 명사화된 절(-ㅁ)로, 전체 문장에서 **‘느꼈다’의 목적어** 역할을 합니다.  
  → “기마병은 [사태가 긴급함]을 느꼈다”에서 대괄호 부분이 목적어입니다.

다른 보기들은 안긴 문장이 주로 **관형어(수식어)** 또는 **주어**, **부사어** 등으로 쓰였습니다."
Syntax,Embedded Clauses,2,E,E,"正确答案是 **E**。

解析：  
E中“고라니”是定语从句“고단한 삶에 고뇌하듯 뛰어가는”的主语，即“고라니가 고단한 삶에 고뇌하듯 뛰어간다”。其余选项中，括号内的词在从句中均为宾语（如“해산물을 캐내다”“품위를 갖다”“항구를 단속하다”等），而非主语。"
Semantics,Numeral Classifiers,1,B,B,"정답은 **B**입니다.

**이유:**
'필(匹)'은 주로 **말(馬)**, **소(牛)**, 또는 **천/베**를 세는 단위입니다. 고양이를 셀 때는 '마리'를 사용하는 것이 자연스럽습니다. 
따라서 ""우리 집엔 고양이가 **한 마리** 있다.""라고 해야 올바른 표현입니다.

**다른 보기들의 분류사 사용은 모두 자연스럽습니다.**
- A: 소쿠리 (용기), 개 (과일/채소 등)
- C: 본 (모종/식물)
- D: 팩 (우유/음료)
- E: 대 (차량)
- F: 병 (액체 용기)
- G: 장 (표/종이)
- H: 켤레 (양말/신발 등 짝을 이루는 것)
- I: 장 (종이)
- J: 덩이 (바위/흙 등 덩어리)"
Syntax,Embedded Clauses,3,H,E,"정답은 **E, H, J**입니다.

각 문장의 꺾쇠 안의 용어가 안긴 문장(관계 관형절)에서 어떤 기능을 하는지 분석하면 다음과 같습니다.

**A.** 처음 만난 <신입생>이 금빛으로 성장했다.
- 안긴 문장: (내가) 신입생을 처음 만났다. → **목적어** (탈락)

**B.** 그가 희생으로 제시한 <가치>는 강렬하다.
- 안긴 문장: 그가 가치를 희생으로 제시했다. → **목적어** (탈락)

**C.** 소방대원이 예방한 <불>은 숲길을 가로질러 났다.
- 안긴 문장: 소방대원이 불을 예방했다. → **목적어** (탈락)

**D.** 여기는 정정당당한 승부를 겨룰 수 있는 <스케이트장>이다.
- 안긴 문장: (사람들이) 스케이트장에서 정정당당한 승부를 겨룰 수 있다. → **부사어(장소)** (탈락)

**E.** 병사가 이번에 된 <계급>은 상당히 높다.
- 안긴 문장: 병사가 이번에 계급이 되었다. → **보어(주격 조사 '이' 결합)** 
- '되다'의 보어는 목적어도 부사어도 아니므로 **선택**.

**F.** 방울토마토가 자랄 수 있는 <환경>은 제한되어 있다.
- 안긴 문장: 환경에서 방울토마토가 자랄 수 있다. → **부사어(장소)** (탈락)

**G.** 학부모님이 사 주신 <모니터>는 쓸 만하다.
- 안긴 문장: 학부모님이 모니터를 사 주셨다. → **목적어** (탈락)

**H.** 시멘트까지 빨아들이는 <진공청소기>가 있다고?
- 안긴 문장: 진공청소기가 시멘트를 빨아들인다. → **주어** 
- 목적어도 부사어도 아니므로 **선택**.

**I.** 나는 매번 형이 때리는 <꿀밤>을 먹었다.
- 안긴 문장: 형이 꿀밤을 때린다. → **목적어** (탈락)

**J.** 레슬링 교육이라는 <게> 있다고?
- 안긴 문장: (그) 게 레슬링 교육이다. (게 = 것이) → **주어** 
- 목적어도 부사어도 아니므로 **선택**.

따라서 꺾쇠 안의 용어가 안긴 문장에서 '부사어'나 '목적어' 기능을 하지 않는 것은 **E, H, J**입니다."
Semantics,Numeral Classifiers,1,J,,[EMPTY_RESPONSE]
Semantics,Numeral Classifiers,2,C,,[EMPTY_RESPONSE]
Semantics,Numeral Classifiers,2,H,H,"정답은 **H**입니다.

- 4인용 스탠딩 테이블 다섯 **개**
- 음료수 큰 페트 열 **병**
- 일회용 컵 스무 **개**
- 쓰레기봉투 세 **장**
- 포스터 두 **장**

이 조합이 가장 자연스러운 수량사 사용이며, 보기 중 **H**가 정확히 일치합니다."
Syntax,Embedded Clauses,1,F,F,"정답은 **F**입니다.

**해설:**

**F: 팀장이 토론에 참석했음을 전해 들었다.**
- 안긴 문장(내포절)은 **'팀장이 토론에 참석했음'**입니다.
- 이 문장이 '을'로 이어지며, 서술어 **'전해 들었다'**의 행위가 미치는 대상, 즉 **목적어** 역할을 합니다.
- '-(으)ㅁ' 명사형 어미가 붙어 명사적 기능을 하며, 목적격 조사 '을'이 결합되어 목적어임을 명확히 보여줍니다.

---

**다른 보기들의 안긴 문장 역할 분석:**

- **A (매일 줄넘기하기가 지긋지긋하다):** '줄넘기하기'가 주어 역할 (주어절).
- **B (저 원수는 기분 나쁘게 젓가락질한다):** '기분 나쁘게'가 부사어 역할 (부사절).
- **C (파릇파릇한 바질이 올라간 파스타를 먹겠어):** '파릇파릇한 바질이 올라간'이 '파스타'를 수식하는 관형어 역할 (관형절).
- **D (홈페이지가 잘 수정되었는지가 주요 화제이다):** '홈페이지가 잘 수정되었는지'가 주어 역할 (주어절).
- **E (집에서 사마귀를 키우기는 아무래도 어렵다):** '사마귀를 키우기'가 주어 역할 (주어절). (보조사 '는'이 붙었지만 기본적으로 주어)
- **G (지난 주에 발급 받은 쿠폰 쓸까?):** '지난 주에 발급 받은'이 '쿠폰'을 수식하는 관형어 역할 (관형절).
- **H (휴게실에서 쉬고 있는 사람은 아마 회장이다):** '휴게실에서 쉬고 있는'이 '사람'을 수식하는 관형어 역할 (관형절).
- **I (종업원은 아무런 항의 없이 진통제를 주었다):** 안긴 문장이 없음. '항의 없이'는 단순한 부사구일 뿐 절(문장)이 아님.
- **J (화강암은 그 밀도가 균질하다):** '그 밀도가 균질하다'가 주어 '화강암'을 설명하는 서술어 역할 (서술절)."
Semantics,Semantic Compatibility,1,B,,[EMPTY_RESPONSE]
Phonetics/Phonology,Suprasegmental Features,3,H,J,J
Semantics,Semantic Compatibility,3,E,J,"정답은 **J**입니다.

**해설:**

- **지문 분석**: ""광어는 [도다리] 같다.""에서 괄호 안의 '도다리'는 광어(주어)를 표현하기 위해 비유의 대상(원관념을 드러내는 보조 관념)으로 사용되었습니다. 즉, '~같다'라는 직유법(明喻)을 통해 광어의 생김새나 특징을 도다리에 빗대어 표현한 것입니다.

- **선지 분석**:
    - **J**: ""[천사] 같은 우리 선생님이 좋다.""에서 '천사'는 선생님을 표현하기 위한 비유의 대상입니다. '~같은'이라는 직유법을 사용하여 선생님의 성품을 천사에 빗대었습니다. 지문과 동일하게 **비유의 대상(보조 관념)** 역할을 합니다.
    - **A**: '편의점'은 단순한 장소(부사어)입니다.
    - **B**: '성장'은 추상적인 개념으로, 비유라기보다는 일반적인 명사로 쓰였습니다.
    - **C**: '차다'는 날씨를 설명하는 서술어(형용사)입니다.
    - **D**: '치유'는 마음을 치료한다는 은유적 표현이지만, '~같다'라는 직유적 형식이 아니라 동사적 은유이며, 괄호 안의 단어가 비유의 대상이라기보다는 행위 자체를 나타냅니다.
    - **E**: '동생'은 단순히 비교의 대상(비교의 기준)일 뿐, 비유(수사법)가 아닙니다.
    - **F, H**: '도다리', '광어'는 단순히 잡거나 먹는 대상(목적어)입니다.
    - **I**: '횟감'은 참치의 쓰임새나 속성을 설명하는 보어(주격 중복)에 가깝습니다.

따라서 지문의 '[도다리]'와 의미적 역할(비유의 대상)이 가장 비슷한 것은 **J**의 '[천사]'입니다."
Semantics,Semantic Compatibility,3,J,F,"정답: **F**

해설:  
지문의 **‘돌부리’**는 ‘걸려 넘어지다’라는 동작에서 **발이 걸리는 장애물/대상**의 의미 역할을 합니다.  
F의 **‘[다리]에 걸려 책상과 함께 넘어졌다’**도 동일하게 **‘~에 걸려 넘어지다’** 구조에서 장애물의 역할을 하고 있어 가장 유사합니다.

B·D는 단순한 **원인(~으로 인해)**이고, 나머지는 대상·도구·장소 등으로 의미 역할이 다릅니다."
Semantics,Semantic Compatibility,3,E,E,"정답: **E**

**해설:**

지문에서 `[재]`는 ""숯더미""가 연소 과정을 거쳐 **변화한 결과물**을 의미합니다. 즉, ""숯더미""가 `[재]`가 **되었다**는 것은 상태 변화의 결과를 나타냅니다.

선지 E의 `[7번 아이언]`은 ""그 선수""가 기존의 클럽을 **바꾸어 든 결과물**입니다. ""~으로 바꾸어 들었다""는 이전 상태에서 새로운 상태로의 전환을 의미하며, 이는 지문의 ""~이/가 되었다""와 동일하게 **변화의 결과**를 나타내는 역할을 합니다.

**다른 선지 분석:**
- A: `[드디어 덕배를 찾았다]`는 '말했다'의 내용(인용절)입니다.
- B, D, G: `[카페]`, `[매장]`, `[폴란드]`는 각각 장소나 출신지를 나타냅니다.
- C: `[눈보라]`는 '가려졌다'의 원인/행위 주체입니다.
- H: `[프로그래밍]`은 '잘한다'의 대상(목적어)입니다.
- I: `[덕배]`는 문장의 주어입니다.
- J: `[전투]`는 '사투'와 유의어 관계로, 변화의 결과가 아닙니다.

따라서 지문의 `[재]`와 의미적으로 가장 유사한 역할을 하는 것은 **E**입니다."
Semantics,Semantic Compatibility,2,A,A,"A: [손], [목소리]

이 둘은 모두 ‘~로’라는 조사와 함께 쓰여 **도구/수단**의 의미적 역할을 수행합니다.  
- [손]으로 무엇인가를 만지작거린다.  
- [목소리]로 회의를 시작하였다.

따라서 의미적으로 가장 유사한 것은 A입니다."
Semantics,Semantic Compatibility,3,E,,[EMPTY_RESPONSE]
Semantics,Semantic Compatibility,3,E,,[EMPTY_RESPONSE]
Pragmatics,Speech Acts,2,I,,[EMPTY_RESPONSE]
Syntax,Argument Structure & Valency,2,G,G,"정답: **G**

**뒤집혔다**는 주어(달걀프라이가)만 필수적으로 요구하는 **한 자리 서술어(자동사)**입니다.  
나머지는 모두 목적어를 요구하는 두 자리 서술어입니다."
Pragmatics,Implicature,2,J,J,J: ‘지금 시간이 몇 시지?’는 을이 예정과 다른 시간에 나타났음을 의미한다.
Pragmatics,Implicature,1,I,I,"을이 부정의 답을 하고 있지 않은 것은 **I**입니다.

**이유:**
- **I**에서 을은 ""내가 언제 밥때 거르는 것 봤니?""라고 반문합니다. 이는 ""내가 밥때를 거른 적이 없으니 당연히 저녁도 챙겨 먹었다""는 긍정의 의미를 담고 있습니다. 즉, 갑의 질문(저녁을 챙겨 드셨어요?)에 대해 부정하지 않고 긍정하는 답변입니다.
- 나머지 보기(A, B, C, D, E, F, G, H, J)는 모두 갑의 질문에 대해 간접적으로 ""아니다"" 또는 ""하지 않았다""는 부정의 답을 하고 있습니다."
Syntax,Argument Structure & Valency,1,B,B,"정답은 **B**입니다.

**해설:**

서술어가 요구하는 자릿수(논항, argument)는 그 서술어가 문장에서 필수적으로 요구하는 성분의 개수를 의미합니다. 각 보기를 분석하면 다음과 같습니다.

- **A. 집어삼켰다** → 주어(파도가) + 목적어(선박을) = **2자리**
- **B. 다운되었다** → 주어(서버가)만 필요합니다. '해커에 의해'는 수동태의 부사어(선택적 성분)이지 필수 논항이 아닙니다. = **1자리** ✅
- **C. 할애한다** → 주어(고모부는) + 목적어(여가를) = **2자리**
- **D. 파견했다** → 주어(정부에서) + 목적어(광부들을) = **2자리** (자매국에'는 부사어)
- **E. 육박한다** → 주어(몸무게는) + 부사어/보어(4톤에) = **2자리** ('에'가 필수적으로 요구됨)
- **F. 매듭지었다** → 주어(생략) + 목적어(스캔들을) = **2자리**
- **G. 대입해봐라** → 주어(생략) + 목적어(값을) + 부사어(미지수에) = **3자리** (대입하다는 '~에 ~을' 구조를 필수로 요구)
- **H. 발령했다** → 주어(생략) + 목적어(그를) + 부사어(지점장으로) = **3자리** ('~을 ~으로' 구조)
- **I. 기재했다** → 주어(대리님께서) + 목적어(현황을) + 부사어(보고서에) = **3자리** ('~에 ~을' 구조)
- **J. 세척한다** → 주어(기계는) + 목적어(식기를) = **2자리**

따라서 주어 하나만을 필수 논항으로 요구하는 1자리 서술어는 **B**입니다."
Pragmatics,Implicature,1,A,C,"정답은 **A**입니다.

**이유:**
- **A**: 갑이 ""팀으로 나가 볼래?""라고 제안하자, 을이 ""상금은 다 내 거다""라고 말합니다. 이는 상금을 조건으로 내세우긴 했지만, 대회에 나가겠다는 의사를 내비친 **조건부 승낙**입니다.
- **나머지 보기들**은 모두 을이 거절하거나(B, D, E, F, G, H, I, J), 명확한 답을 보류하는(C) 예입니다.

따라서 갑의 제안에 을이 승낙하고 있는 예는 **A**입니다."
Syntax,Argument Structure & Valency,3,I,,[EMPTY_RESPONSE]
Pragmatics,Implicature,1,A,A,A: 을은 자녀가 공부를 충분히 하지 않았다고 생각한다.
Syntax,Agreement,3,G,,[EMPTY_RESPONSE]
Syntax,Agreement,1,C,,[EMPTY_RESPONSE]
Syntax,Agreement,1,H,,[EMPTY_RESPONSE]
Semantics,Word Relationships,1,A,A,"정답은 **A: 옭혔다**입니다.

**해설:**
지문에서 ""감겼다""는 ""머리카락이 시계에 **휘감기다**""라는 뜻으로, 무언가에 붙어서 빙빙 둘리거나 걸린 상태를 의미합니다.

- **A: 옭혔다** – ""옭다""의 피동형으로, 끈이나 실 따위가 무엇에 **휘감기어 묶이거나 걸리다**라는 뜻입니다. 지문의 ""감겼다""와 의미가 가장 유사합니다.
- B: 질렸다 – 싫증이 나거나 목이 막히는 느낌.
- C: 밀렸다 – 뒤로 처지거나 연기됨.
- D: 고였다 – 물이나 액체가 한곳에 괴어 있음.
- E: 막혔다 – 통하지 않고 막힘.
- F: 날렸다 – 공중으로 흩어져 사라짐.
- G: 씻었다 – 물로 더러움을 없앰.
- H: 뜨였다 – 눈에 보이거나 드러남.
- I: 팔렸다 – 상품이 거래됨.
- J: 쓰였다 – 사용되거나 적힘.

따라서 ""감겼다""와 가장 문맥적 의미가 같은 단어는 **A: 옭혔다**입니다."
Semantics,Word Relationships,3,F,F,"정답은 **F: 소홀한**입니다.

**해설:**
지문에서 ""데면데면한""은 '일을 대하는 태도가 진지하지 않고 건성건성이며, 신경을 쓰지 않는'이라는 뜻입니다. 즉, 맡은 일에 대해 **주의를 기울이지 않고 태만한** 성격을 의미합니다.

- **F: 소홀한**은 '관심을 기울여 주의를 다하지 않는'이라는 뜻으로, ""데면데면한""과 문맥상 가장 유사합니다.
- 다른 선택지들(A 몰입하는, B 확고한, I 집착하는)은 오히려 적극적이거나 강한 태도를 의미하여 반대입니다.
- C 소심한, D 불친절한, E 친밀감이 없는, G 부도덕한, H 완고한, J 무차별한은 ""데면데면함""의 핵심 의미인 '일을 건성으로 대하는 태도'와 직접적인 관련이 없습니다."
Semantics,Word Relationships,3,H,H,H: 우애가
Semantics,Word Relationships,2,E,E,"答案：**E: 수도（修道）**

문맥에서 “속세를 떠나 산중의 작은 암자에 기거하며 수양하였다”는 세속을 떠나 수행하며 몸과 마음을 닦는 의미이므로, **수도(修道)**가 가장 유사합니다."
Semantics,Word Relationships,2,C,C,C: 보관
Semantics,Semantic Compatibility,1,B,B,"가장 어색한 선지는 **B: 고기가 저녁 만찬을 요리했다.** 입니다.

**이유:**
'고기'는 무생물(사물)이므로 스스로 '요리'라는 행동을 할 수 없습니다. 주어와 서술어의 관계가 성립되지 않는 비문(非文)입니다. 
(만약 '요리사가 고기로 저녁 만찬을 요리했다'라면 자연스러운 문장이 됩니다.)

나머지 A, C, D, E, F, G, H, I, J는 모두 문법적으로나 의미적으로 자연스러운 문장입니다."
Semantics,Semantic Compatibility,2,A,,[EMPTY_RESPONSE]
Semantics,Semantic Compatibility,1,C,C,"가장 어색한 선지는 **C: 부동산 가격이 사각거렸다.** 입니다.

**이유:**
- **'사각거리다'**는 '눈을 밟는 소리', '종이나 천이 스치는 소리'처럼 **물리적인 청각적 감각**을 나타내는 의성어입니다.
- **'부동산 가격'**은 추상적인 경제 지표이므로 '오르다', '내리다', '급등하다', '급락하다', '흔들리다' 등과 같은 동사와 어울리지, '사각거리다'처럼 소리나 촉감을 나타내는 단어와는 전혀 어울리지 않습니다. (의인화된 표현으로도 보기 어려울 만큼 부자연스러운 비유입니다.)

**다른 선지들에 대한 간단한 해설:**
- **A**: '솔솔'은 바람이 부는 모양을 나타내는 부사로, 시적인 표현으로 자연스럽습니다.
- **B**: '고딕 양식을 추구하다'는 건축/예술 분야에서 자연스러운 표현입니다.
- **D**: '급락세'는 경제 용어로 자연스럽습니다.
- **E**: 철학적이거나 문학적인 비교로 자연스럽습니다.
- **F**: '경제 안보'는 정책 용어로 자연스럽습니다.
- **G**: '가결을 선언하다'는 회의 진행 절차상 자연스러운 표현입니다.
- **H**: 일상적인 표현으로 자연스럽습니다.
- **I**: '한 점 티없다'는 관용적인 표현으로 자연스럽습니다.
- **J**: 격언이나 충고처럼 자연스러운 문장입니다."
Semantics,Semantic Compatibility,1,H,H,"가장 어색한 선지는 **H: 바위를 마신다**입니다.

**이유:**
- 다른 모든 선지(A~G, I, J)는 일상생활이나 뉴스, 문학 등에서 자연스럽게 쓰이는 문장들입니다.
- 반면, **H: ""바위를 마신다""** 는 '바위'는 마실 수 없는 대상이므로 의미적으로 전혀 성립하지 않는 비문(非文)입니다. (만약 '바람을 마신다' 또는 '물을 마신다'였다면 자연스러웠을 것입니다.)"
Semantics,Semantic Compatibility,1,E,E,"가장 어색한 선지는 **E**입니다.

**E: 나른한 오후에 커피가 책을 읽었다.**

**이유:**
주어와 서술어의 관계가 비문(非文)에 가깝습니다. ""커피""는 무생물이므로 ""책을 읽는"" 행위를 할 수 없습니다. 문장 구조상 '커피'가 주어가 되어 '책을 읽었다'라는 동작을 수행하는 것은 논리적으로 성립하지 않습니다. 
(만약 의도가 '나른한 오후에 커피를 마시며 책을 읽었다'라면 주어가 생략된 '내가'여야 하며, '커피가'가 아닌 '커피를 마시며' 등의 표현이 되어야 자연스럽습니다.)

나머지 보기들은 모두 문법적으로 정상적이며, A, B, D, H, J는 감각적/문학적 표현으로 자연스럽고, C, F, G, I는 경제/사회 현실을 설명하는 평이한 문장으로 어색함이 없습니다."
Semantics,Semantic Compatibility,1,F,F,"가장 어색한 선지는 **F: 맥주가 주차를 했다.** 입니다.

**이유:**
- **F**는 주어와 서술어의 관계가 성립하지 않는 **비문(非文)**입니다. ""맥주""는 무생물(음료)이므로 ""주차""라는 행위(사람이나 차량이 하는 행동)를 할 수 없습니다. 이는 전형적인 **의미적 오류(어휘적 충돌)** 로, 문법적으로는 맞을지 몰라도 현실적으로 전혀 말이 되지 않습니다.

**다른 선지들에 대한 간단한 검토:**
- **A~E, G~I**: 모두 자연스러운 일상 표현이거나 논리적으로 타당한 주장입니다.
- **J**: ""단풍잎이 흩날리면 겨울이 온다""는 약간의 시적 허용이 있지만, 단풍이 지는 늦가을을 겨울의 시작으로 보는 관점에서 충분히 자연스럽게 해석될 수 있습니다. (F에 비하면 훨씬 자연스러움)

따라서 정답은 **F**입니다."
Semantics,Semantic Compatibility,1,G,G,"가장 어색한 선지는 **G: 설계는 의자가 담당했다.** 입니다.

**이유:**
- **G**는 무생물인 '의자'가 '설계'라는 인간의 지적 행위를 담당했다는 비논리적인 문장입니다. 주어와 서술어의 의미 관계가 전혀 성립하지 않아 문법적으로도, 내용적으로도 가장 어색합니다.
- **D (민속을 발전시켰다)** 는 '민속'이라는 전통적인 개념에 '발전'이라는 단어가 다소 어울리지 않게 느껴질 수 있으나, '민속을 발전시키다'는 특정 맥락(예: 현대적으로 재해석하여 발전시키다)에서 충분히 사용 가능한 표현입니다. 따라서 G만큼 심각한 오류는 아닙니다.
- 나머지 A, B, C, E, F, H, I, J는 모두 자연스러운 한국어 표현입니다."
Semantics,Semantic Compatibility,1,B,B,"가장 어색한 선지는 **B: 급히 집을 들고 뛰었다.** 입니다.

**이유:**
- **'집을 들다'**는 '이사하다' 또는 '가정을 이루다(분가하다)'라는 뜻의 관용구로 쓰이지만, 문장에서 **'들고 뛰었다'**처럼 물리적으로 '들어 올려서 나르는' 동작과 결합하면 전혀 어색합니다. 
- '급히 들고 뛰었다'와 자연스럽게 어울리는 말은 **'짐'** (급히 짐을 들고 뛰었다) 또는 **'가방'** 등입니다. 
- '집'은 건물이나 주거지를 의미하므로, 사람이 들고 뛰는 것은 물리적으로 불가능하고 문맥상 말이 되지 않습니다.

**다른 선지들은 모두 자연스럽습니다:**
- A: 시적 표현으로 자연스러움.
- C: '우연히 일어나'는 다소 시적이지만 문법적으로 문제없음.
- D, E, G, J: 일상적이고 논리적인 문장.
- F, H: 자연스러운 비유적 표현.
- I: 격언처럼 자연스러운 문장."
Pragmatics,Implicature,3,D,D,D
Pragmatics,Implicature,3,C,G,"정답은 **G**입니다.

**이유를 하나씩 살펴보면:**

- **A**: ""할 일이 산더미야"" → 바쁘다는 뜻으로, 모임에 **못 간다(부정)**는 것을 알 수 있음.
- **B**: ""전 활동적인 취미가 좋더라고요"" → 영화는 활동적인 취미가 아니므로 **영화를 안 좋아한다(부정)**는 것을 알 수 있음.
- **C**: ""머리는 저를 안 닮고 애엄마를 닮았어요"" → 엄마가 똑똑하다는 의미로, **공부를 잘한다(긍정)**는 것을 알 수 있음.
- **D**: ""다음 주면 시험이야"" → 시험 기간이라 **못 간다(부정)**는 것을 알 수 있음.
- **E**: ""세수도 겨우 했어"" → 아침에 쫓기듯 일어나서 **밥을 못 먹었다(부정)**는 것을 알 수 있음.
- **F**: ""애는 착해요"" → 공부와는 다른 이야기를 하지만, 한국어 화법에서 공부를 못한다는 뜻을 완곡하게 돌려 말하는 것이므로 **공부를 못한다(부정)**는 것을 유추할 수 있음.
- **G**: ""아, 갑자기 목이 타네"" → 질문(공부 잘하냐)과 전혀 무관한 엉뚱한 대답으로, 긍정인지 부정인지 **전혀 판단할 수 없음**.
- **H**: ""좀 있다가 커피나 마시려고"" → 아침을 안 먹고 커피로 때우려는 뜻이므로 **밥을 안 먹었다(부정)**는 것을 알 수 있음.
- **I**: ""부모님이 시골에서 올라오신대"" → 부모님을 모셔야 하므로 **못 간다(부정)**는 것을 알 수 있음.
- **J**: ""면허증으로는 안 될까요?"" → 주민등록증을 **안 가지고 왔다(부정)**는 것을 알 수 있음.

따라서 **G**만이 질문에 대한 긍정/부정을 전혀 판단할 수 없는 예입니다."
Pragmatics,Deixis & Reference,3,C,,[EMPTY_RESPONSE]
Phonetics/Phonology,Phonological Alternation,3,C,,[EMPTY_RESPONSE]
Phonetics/Phonology,Phonological Alternation,2,A,A,"제시된 보기 **A부터 J까지 모두 유음화가 일어나는 단어**입니다. 

유음화는 'ㄴ'과 'ㄹ'이 이웃할 때 서로 영향을 주고받아 모두 'ㄹ'로 바뀌는 현상입니다. (ㄴ + ㄹ → ㄹ + ㄹ, ㄹ + ㄴ → ㄹ + ㄹ)

각 단어의 표준 발음을 살펴보면 다음과 같습니다.

- **A: 달님** → [달림] (ㄹ + ㄴ → ㄹ + ㄹ)
- **B: 생산량** → [생살량] (ㄴ + ㄹ → ㄹ + ㄹ)
- **C: 입원료** → [이붤료] (원료 → [월료], ㄴ + ㄹ → ㄹ + ㄹ)
- **D: 공권력** → [공궐력] (권력 → [궐력], ㄴ + ㄹ → ㄹ + ㄹ)
- **E: 결단력** → [결딜력] (단력 → [딜력], ㄴ + ㄹ → ㄹ + ㄹ)
- **F: 상견례** → [상결례] (견례 → [결례], ㄴ + ㄹ → ㄹ + ㄹ)
- **G: 대관령** → [대괄령] (관령 → [괄령], ㄴ + ㄹ → ㄹ + ㄹ)
- **H: 이원론** → [이월론] (원론 → [월론], ㄴ + ㄹ → ㄹ + ㄹ)
- **I: 동원령** → [동월령] (원령 → [월령], ㄴ + ㄹ → ㄹ + ㄹ)
- **J: 의견란** → [의결란] (견란 → [결란], ㄴ + ㄹ → ㄹ + ㄹ)

따라서 정답은 **A, B, C, D, E, F, G, H, I, J (전부)**입니다. 

만약 이 문제가 단일 선택(하나만 고르는) 문제였다면, 문제에 오류가 있거나 '유음화가 일어나지 않는 것'을 찾는 문제였을 가능성이 높습니다. 유음화가 일어나지 않는 예시로는 '신문' [신문]처럼 'ㄴ'과 'ㄴ'이 만나는 경우나 '종로' [종노]처럼 비음화가 일어나는 경우가 있습니다."
Pragmatics,Implicature,3,B,J,"最不恰当的是 **J**。

理由：对话中乙明确表示“주말에 약속 있어”（周末有约），并且提到是“저녁 약속”（晚餐约会）、“친구”（朋友），说明乙是有社交活动的。但对话中完全没有信息能推断出“乙平时不太和别人聚会”（평소 타인과 모임을 잘 갖지 않는다），这是过度推测，因此最不合适。"
Syntax,Ellipsis,2,B,,[EMPTY_RESPONSE]
Syntax,Agreement,3,F,,[EMPTY_RESPONSE]
Semantics,Ambiguity,3,H,,[EMPTY_RESPONSE]
Semantics,Ambiguity,2,I,,[EMPTY_RESPONSE]
Semantics,Ambiguity,3,H,,[EMPTY_RESPONSE]
Semantics,Ambiguity,3,F,,[EMPTY_RESPONSE]
Semantics,Ambiguity,3,B,B,B
Pragmatics,Social Relationship Marking,1,G,G,"가장 적절한 것은 **G**입니다.

**이유:**  
G에서 갑은 “너희가 교실 전세 냈어? 시끄러워 죽겠어.”라고 반말로 불평하고, 을은 “쉬는 시간인데 왜 시비야?”라고 반말로 맞서고 있습니다.  
‘교실’, ‘쉬는 시간’이라는 학교 상황이 드러나고, 서로 반말을 주고받으며 동등한 위치에서 대화하므로 **학생-학생 관계**로 보는 것이 가장 자연스럽습니다."
Semantics,Rhetorical Expressions,1,F,F,F
Semantics,Rhetorical Expressions,1,A,A,"정답: **A: 햇병아리**

**해설:**
지문에서 정민이는 **사회생활을 막 시작한 신입사원**으로, 업무에 대한 지식이 부족하고 사수의 도움이 없으면 일을 제대로 처리하지 못하는 상황입니다. 이는 **경험이 없고 서툰 초보자**를 뜻하는 관용적 표현인 **'햇병아리'**와 가장 잘 어울립니다. 

- **B (생쥐)**: 조용하고 작은 존재, 또는 겁 많은 사람을 비유할 때 사용.
- **C (날다람쥐)**: 날렵하게 움직이는 사람을 비유.
- **D (능구렁이)**: 교활하고 음흉한 사람을 비유.
- **E (하루살이)**: 덧없는 삶이나 짧은 시간을 비유.
- **F (미꾸라지)**: 교활하게 잘 빠져나가는 사람을 비유.
- **G (청개구리)**: 남의 말을 반대로 듣는 고집 센 사람을 비유.
- **H (강아지)**: 귀엽고 애교 많은 사람을 비유.
- **I (송아지)**: 순진하고 어리숙한 사람을 비유하기도 하지만, '햇병아리'만큼 '신입/초보'의 의미가 직접적이지는 않음.
- **J (꾀꼬리)**: 목소리가 아름다운 사람을 비유."
Phonetics/Phonology,Phonological Alternation,3,I,,[EMPTY_RESPONSE]
Phonetics/Phonology,Phonological Alternation,2,B,,[EMPTY_RESPONSE]
Phonetics/Phonology,Phonological Alternation,3,J,,[EMPTY_RESPONSE]
Phonetics/Phonology,Phonological Alternation,3,E,E,"<보기>의 '솜이불[솜니불]'은 앞말 '솜'이 자음(ㅁ)으로 끝나고, 뒷말 '이불'이 '이'로 시작할 때 'ㄴ' sound가 새로 끼어드는 **'ㄴ-삽입(ㄴ-첨가)'** 현상입니다.  
즉, 합성어나 파생어에서 앞말이 자음으로 끝나고 뒷말이 '이, 야, 여, 요, 유' 등으로 시작할 때 'ㄴ'이 첨가되는 규칙입니다.

각 보기를 분석해 보면:

- **A. 한여름** → [한녀름] (ㄴ 삽입)
- **B. 식용유** → [시굥뉴] (ㄴ 삽입)
- **C. 막일** → [망닐] (ㄴ 삽입 + 비음화)
- **D. 색연필** → [생년필] (ㄴ 삽입 + 비음화)
- **E. 나룻배** → [나루때] (뒷말 '배'가 'ㅂ'으로 시작하므로 **ㄴ 삽입이 일어나지 않음**. 'ㅅ' 받침의 영향으로 'ㅂ'이 'ㅃ'으로 된소리되기(경음화)만 일어남)
- **F. 늑막염** → [능망념] (ㄴ 삽입 + 비음화)
- **G. 학여울** → [항녀울] (ㄴ 삽입 + 비음화)
- **H. 꽃잎** → [꼰닙] (ㄴ 삽입 + 된소리되기)
- **I. 서른여섯** → [서른녀섣] (ㄴ 삽입)
- **J. 할 일** → [할릴] (ㄴ 삽입 후 'ㄹ'과 동화)

따라서 **ㄴ-삽입 현상이 일어나지 않는 것은 E(나룻배)** 입니다.

**정답: E**"
Syntax,Argument Structure & Valency,1,G,,[EMPTY_RESPONSE]
Syntax,Embedded Clauses,3,G,,[EMPTY_RESPONSE]
Syntax,Ellipsis,3,A,,[EMPTY_RESPONSE]
Syntax,Embedded Clauses,2,F,,[EMPTY_RESPONSE]
Semantics,Numeral Classifiers,1,B,B,"正确答案：**B: (권, 개, 잔)**

- 소설책 두 **권**（两本小说）
- 달걀샌드위치 한 **개**（一个鸡蛋三明治）
- 커피 한 **잔**（一杯咖啡）"
Semantics,Numeral Classifiers,3,A,A,"A: 네, 그럼 우선 금번 상가 매각 대금 전액으로 30킬로그램 정도 투자하겠습니다.

**해설:**
문제의 지문은 ""잉여 현금의 일정 부분""으로 금을 매수하자는 제안입니다. 따라서 응답은 구체적이고 현실적인 투자 계획을 제시해야 하며, 금의 표준 중량 단위(킬로그램)를 사용하는 것이 적절합니다.

- **A (정답):** ""상가 매각 대금 전액""은 회사의 잉여 현금에서 나온 특정 자금이므로 '일정 부분'이라는 조건에 부합하며, 30킬로그램은 기업 규모에서 현실적인 투자 단위입니다.
- **B, D, E, F, G, H:** '병', '단', '말', '박스', '척', '서 말' 등은 금을 세는 비표준적이거나 부피/길이 단위로, 금 투자에는 부적절합니다.
- **C:** '만 관'은 1관이 약 3.75kg이므로 37,500kg에 달하는 과도한 수량이며 비현실적입니다.
- **I, J:** '두 돈'(약 7.5g)이나 '한 량'(약 37.5g)은 개인 수준의 소액으로, 회사 차원의 투자에는 너무 적습니다."
Semantics,Numeral Classifiers,3,C,,[EMPTY_RESPONSE]
Semantics,Numeral Classifiers,1,G,G,G: 다섯 단 정도 팔렸습니다.
Semantics,Numeral Classifiers,1,H,H,H: 세 벌 주문해.
Semantics,Rhetorical Expressions,3,J,J,"정답은 **J: 좀벌레를 두 마리나 먹을 것**입니다.

**이유:**
문제의 문장은 ""배가 몹시 고파서""라는 상황을 나타내는 표현을 요구합니다. 즉, 빈칸에는 **극심한 배고픔**을 과장해서 표현하는 관용구나 비유가 들어가야 합니다.

- **A~I**는 모두 ""엄청나게 많이 먹을 수 있을 것 같다"", ""몹시 허기지다""는 의미의 과장된 표현입니다. (예: 속이 없어진 것, 상다리까지 먹을 것, 소 열마리도 들어갈 것, 걸신이 들린 것 등)
- **J: ""좀벌레를 두 마리나 먹을 것""**은 오히려 **아주 적은 양**을 먹는 것을 의미하거나, 배고픔과는 거리가 먼 이상한 표현입니다. 좀벌레는 아주 작은 벌레이므로, ""두 마리나 먹는다""는 표현은 배고픔의 정도를 나타내기에 전혀 적절하지 않습니다. (오히려 '배가 고프지 않다'거나 '특이한 식성을 가졌다'는 뉘앙스에 가깝습니다.)

따라서 문맥상 가장 어울리지 않는 것은 **J**입니다."
Pragmatics,Implicature,2,E,E,"정답은 **E**입니다.

**이유:**
을의 마지막 발화 **“쟤 배 볼록해진 건 안 보이세요?”** 는 고양이의 배가 부르다는 것(볼록함)을 근거로 제시합니다. 
갑이 “밥그릇이 비어 있는 것 안 보여?”라고 지적하자, 을은 “밥그릇이 비어 있는 것은 고양이가 **사료를 다 먹었기 때문**이며, 그 증거로 배가 볼록하다”라고 반박하는 논리입니다. 즉, 을은 사료를 급여했고, 고양이가 그 사료를 다 먹어서 밥그릇이 비어 있다는 의미를 전달합니다.

**다른 선택지 분석:**
- **A**: 배가 볼록한 것은 임신 가능성보다는 ‘식사 직후 배부른 상태’를 의미하는 맥락입니다.
- **B**: 사료를 급여한 사람은 을이지 갑이 아닙니다.
- **C**: 을은 사료를 급여했다고 반박하고 있습니다.
- **D**: 갑이 밥그릇이 비어 있다고 말했으므로 가득 차 있지 않습니다.
- **F**: 을은 갑에게 급여를 요구하는 것이 아니라 자신의 행동을 변호하고 있습니다.
- **G**: “제가 언제 사료를 안 챙겨 줬어요?”는 특정 시각을 묻는 질문이 아니라, ‘사료를 안 챙겨 준 적이 없다’는 강한 부정(반어적 의문문)입니다.
- **H**: 고양이가 먹지 않았다면 배가 볼록해질 수 없습니다.
- **I**: 일시적으로 배가 부른 것과 살이 찐 것은 구별됩니다.
- **J**: 다른 집에서 먹었다는 정보는 대화에 전혀 언급되지 않았습니다."
Semantics,Rhetorical Expressions,1,H,H,"정답: **H: 거대한 산처럼**

**이유:**  
평균대에서 날아오르는 동작은 가볍고 유연한 이미지가 어울리는데, ‘거대한 산처럼’은 무겁고 움직이지 않는 이미지라서 동작과 가장 어색합니다."
Semantics,Semantic Compatibility,3,I,A,"정답은 **A: [회사1], [회사2], [회사3]** 입니다.

**이유 분석:**

지문에서 괄호로 표시된 단어들이 수행하는 의미적 역할을 분류하면 다음과 같습니다.

1. **직장(회사)의 역할**: [회사1], [회사2], [회사3]
   - [회사1]: ""출근한""의 목적지(장소)로, 직장을 의미합니다.
   - [회사2]: ""[집1]에서 [회사2]까지"" 이동 경로의 도착점(직장)입니다.
   - [회사3]: ""[회사3]에서 [집2]까지"" 이동 경로의 출발점(직장)입니다.
   - 세 단어 모두 **'직장(회사)'이라는 공간적 의미**를 가지며, 출퇴근(이동)과 관련된 장소로 기능합니다.

2. **집(주거지)의 역할**: [집1], [집2]
   - [집1]: 이동 경로의 출발점(집)입니다.
   - [집2]: 이동 경로의 도착점(집)입니다.
   - 두 단어 모두 **'주거지'**라는 공간적 의미를 가집니다.

3. **회사 내 부대시설의 역할**: [구내 식당], [탕비실], [휴게실]
   - 세 단어 모두 회사 건물 **내부의 특정 공간(시설)**을 지칭하며, 인적이 끊긴 장소를 나열하는 데 사용됩니다.

**선지 검토:**
- A: [회사1], [회사2], [회사3] → 모두 '직장'이라는 동일한 의미 범주로 묶입니다. (가장 유사)
- B: [휴게실](시설), [집1](집), [집2](집) → 역할이 다릅니다.
- C: [회사3](직장), [집1](집) → 역할이 다릅니다.
- D: [휴게실](시설), [회사2](직장), [집2](집) → 역할이 다릅니다.
- E: [회사2](직장), [회사3](직장), [집1](집) → 직장과 집이 섞여 있습니다.
- F: [구내 식당](시설), [탕비실](시설), [집1](집) → 시설과 집이 섞여 있습니다.
- I: [회사1](직장), [탕비실](시설), [휴게실](시설) → 직장과 시설이 섞여 있습니다.

따라서 세 단어 모두 '직장(회사)'이라는 동일한 의미적 역할을 수행하는 **A**가 정답입니다."
Phonetics/Phonology,Phonological Alternation,3,G,E,"<보기>의 예시들(쌓지, 각하, 옷 한 벌)에서 공통적으로 발생하는 음운 변동 현상은 **격음화(기식음화)**입니다.  

- 쌓지: [싸치] (ㅎ + ㅈ → ㅊ)  
- 각하: [가카] (ㄱ + ㅎ → ㅋ)  
- 옷 한 벌: [오탄벌] (ㅅ + ㅎ → ㅌ)  

즉, 평음(ㄱ, ㄷ, ㅂ, ㅈ, ㅅ)이 'ㅎ'을 만나 거센소리(ㅋ, ㅌ, ㅍ, ㅊ)로 바뀌는 현상입니다.  

이제 각 선택지를 살펴보면,  

- A: 좁히다 → [조피다] (ㅂ + ㅎ → ㅍ) → 격음화  
- B: 젖히다 → [저치다] (ㅈ + ㅎ → ㅊ) → 격음화  
- C: 좋고 → [조코] (ㅎ + ㄱ → ㅋ) → 격음화  
- D: 밝히다 → [발키다] (ㄱ + ㅎ → ㅋ) → 격음화  
- **E: 숱하다 → [수타다]**  
  여기서 '숱'의 받침은 'ㅌ'으로, 이미 거센소리입니다. 'ㅌ'과 'ㅎ'이 만나면 'ㅎ'이 탈락하여 [수타다]가 됩니다. 이는 격음화가 아니라 **ㅎ탈락** 현상입니다.  
- F: 국화 → [구콰] (ㄱ + ㅎ → ㅋ) → 격음화  
- G: 싫증 → [실층] (ㅎ + ㅈ → ㅊ) → 격음화  
- H: 맏형 → [마텽] (ㄷ + ㅎ → ㅌ) → 격음화  
- I: 닳지 → [달치] (ㅎ + ㅈ → ㅊ) → 격음화  
- J: 닿다 → [다타] (ㅎ + ㄷ → ㅌ) → 격음화  

따라서 격음화가 일어나지 않는 것은 **E: 숱하다**입니다.  

**정답: E**"
Phonetics/Phonology,Phonological Alternation,3,J,,[EMPTY_RESPONSE]
Phonetics/Phonology,Phonological Alternation,3,G,,[EMPTY_RESPONSE]
Pragmatics,Implicature,3,J,J,J: 갑은 방송에 나온 장소에 을과 함께 방문하고 싶다고 생각한다.
Morphology,Verbal Conjugation,3,A,,[EMPTY_RESPONSE]
Pragmatics,Implicature,3,H,G,"정답: **G: 이 시간에 불러내다니 무슨 일이야?**

이유: 밤 늦게 전화를 건 상황에서 갑이 ""무슨 일이야?""라고 이유를 묻는 말에 대해 을이 ""급히 할 말이 있어서 그래.""라고 대답하는 것이 자연스럽기 때문입니다."
Morphology,Word Formation,3,B,B,"<보기>의 '미화'는 어근 '미(美)' 뒤에 접미사 '화(化)'가 결합된 **접미사** 단어입니다. 즉, 접사가 어근의 **뒤**에 붙는 경우입니다.

각 선택지를 분석해 보면:

- **A 애당초**: '애(접두사) + 당초(어근)' → 접두사
- **B 달구다**: '덥(어근) + -구-(접미사) + -다(어미)' → 접미사 (어근 '덥' 뒤에 접미사 '-구-'가 결합)
- **C 되살리다**: '되(접두사) + 살리다(어근)' → 접두사
- **D 올벼**: '올(접두사) + 벼(어근)' → 접두사
- **E 쪽배**: '쪽(접두사) + 배(어근)' → 접두사
- **F 줄초상**: '줄(접두사) + 초상(어근)' → 접두사
- **G 드솟다**: '드(접두사) + 솟다(어근)' → 접두사
- **H 선잠**: '선(접두사) + 잠(어근)' → 접두사
- **I 빗면**: '빗(접두사) + 면(어근)' → 접두사
- **J 한여름**: '한(접두사) + 여름(어근)' → 접두사

따라서 어근의 **뒤**에 접사가 결합된 것은 **B: 달구다**입니다.

**정답: B**"
Syntax,Argument Structure & Valency,3,D,D,"정답은 **D**입니다.

**해설:**

서술어가 요구하는 **자릿수(논항, Argument)**란, 그 서술어가 문장을 완성하기 위해 필수적으로 요구하는 성분(주어, 목적어, 보어 등)의 개수를 말합니다.

각 보기를 분석하면 다음과 같습니다.

- **A. 동의한다** → (나는) [네 의견에] 동의한다. → **주어 + 부사어(에)** = **두 자리** (2항)
- **B. 연구했다** → [그 학자는] [수학을] 연구했다. → **주어 + 목적어** = **두 자리** (2항)
- **C. 임명했다** → [학과에서] [곽 교수를] [새 학과장으로] 임명했다. → **주어 + 목적어 + 부사어(으로)** = **세 자리** (3항)
- **D. 퍼부었다** → [세찬 비가] 퍼부었다. → **주어만** 있으면 문장이 성립합니다. ('전국에'는 선택적인 수식어일 뿐 필수 성분이 아님) = **한 자리** (1항) ✅
- **E. 켰다** → (내가) [기지개를] 켰다. → **주어 + 목적어** = **두 자리** (2항)
- **F. 파고들었다** → (내가) [아버지의 품으로] 파고들었다. → **주어 + 부사어(으로)** = **두 자리** (2항)
- **G. 신청했다** → (내가) [학교에] [급식을] 신청했다. → **주어 + 부사어(에) + 목적어** = **세 자리** (3항)
- **H. 지시했다** → [사장님이] [직원에게] [문서 작성을] 지시했다. → **주어 + 부사어(에게) + 목적어** = **세 자리** (3항)
- **I. 반납했다** → (내가) [도서관에] [책을] 반납했다. → **주어 + 부사어(에) + 목적어** = **세 자리** (3항)
- **J. 누려보자** → (우리가) [복지를] 누려보자. → **주어 + 목적어** = **두 자리** (2항)

따라서 서술어가 요구하는 자릿수가 **한 자리(1항)**인 것은 **D**입니다."
Pragmatics,Implicature,2,J,J,"정답은 **J**입니다.

**이유:**
A부터 I까지의 모든 대답은 ""더 빨리 갈 수 없다""는 **거절**의 의미를 담고 있습니다. (교통 체증, 안전, 규정 위반, 시간적 여유 등 이유를 대며 거절)

반면, **J: ""그럼 손잡이나 꽉 잡으쇼.""** 는 승객의 요청을 받아들여 **승낙**하는 의미입니다. (실제로 빨리 가겠다는 뜻으로, 손잡이를 잡으라는 경고를 덧붙인 것)

따라서 승낙/거절 여부가 혼자 다른 것은 **J**입니다."
Syntax,Argument Structure & Valency,3,G,G,"정답은 **G**입니다.

**해설:**

**필수적 부사어**란 문장의 성립에 반드시 필요한 부사어로, 이를 생략하면 문장이 성립하지 않거나 의미가 심각하게 훼손되는 부사어를 말합니다. 주로 특정 서술어(동사/형용사)가 요구하는 부사어입니다.

각 보기를 분석하면 다음과 같습니다.

- **G (정답)**: **물리학자가 최종 <수상자로> 발탁되었다.**
  - 동사 **'발탁되다'**는 ""어떤 자격이나 신분으로 뽑히다""라는 의미를 가지므로, **'~로(으로)'**라는 자격/신분 부사어를 반드시 요구합니다. 
  - ""물리학자가 최종 발탁되었다.""라고 하면 '무엇으로' 발탁되었는지가 없어 문장이 성립하지 않습니다. 따라서 **'수상자로'**는 필수적 부사어입니다.

- **A**: '그끄저께'는 시간 부사어로, 생략해도 ""한국 병사가 이스라엘에서 전사하였다.""가 성립합니다. (수의적)
- **B**: '영양실조로'는 원인 부사어로, 생략해도 ""오누이가 앓아누웠다.""가 성립합니다. (수의적)
- **C**: '하루아침에'는 시간/상태 부사어로, 생략해도 ""실업률이 급증했다.""가 성립합니다. (수의적)
- **D**: '아버지보단'은 비교 부사어로, 생략해도 ""견우는 어머니와 닮았다.""가 성립합니다. (수의적)
- **E**: '재래시장에서'는 장소 부사어로, 생략해도 ""외숙부께서는 요리하는 것을 좋아하신다.""가 성립합니다. (수의적)
- **F**: '소맷자락에'는 장소 부사어로, 생략해도 ""눈이 소복이 쌓인 것이 보이니?""가 성립합니다. (수의적)
- **H**: '오막살이집에'는 방향/장소 부사어로, 생략해도 ""어쩐 일로 떡을 가져오셨습니까?""가 성립합니다. (수의적)
- **I**: '차도에까지'는 범위/장소 부사어로, 생략해도 ""강물이 범람했다.""가 성립합니다. (수의적)
- **J**: '시계탑에서'는 장소 부사어로, 생략해도 ""위원단은 정의를 부르짖었다.""가 성립합니다. (수의적)

따라서 필수적 부사어가 포함된 문장은 **G**입니다."
Syntax,Argument Structure & Valency,2,B,B,"정답은 **B**입니다.

**이유:**
'걸린'의 기본형인 '걸리다'는 **'병에 걸리다', '사기에 걸리다'**처럼 특정 대상이나 원인(여기서는 '심장병')을 반드시 필요로 하는 동사입니다. 
만약 <심장병에>를 빼면 ""걸린 환자를 위한 치료법""이 되어, 무엇에 걸렸는지 의미가 성립되지 않아 문장이 완전해지지 않습니다. 따라서 이때의 부사어는 문장 성립에 필수적인 **필수적 부사어**입니다.

**다른 보기들이 필수적 부사어가 아닌 이유:**
- **A, C, D, F, G, H, J**: 이들은 장소, 방향, 시간, 경로 등을 나타내는 부사어로, 이를 빼도 문장은 완전하게 성립합니다. (예: ""산들바람이 불고 있다"", ""소방관이 한 고양이를 구조했다"" 등)
- **E**: '오늘부터'는 시간 부사어로, 빼도 ""휴무제가 시행되었다""로 문장이 성립합니다.
- **I**: '큰오빠와'는 함께 하는 대상을 나타내는 부사어로, 빼도 ""칼싸움을 자주 했다""로 문장이 성립합니다. (참고로 J에서 '들렀다'가 장소를 필요로 하지만, 꺾쇠 안의 단어는 '등교길에'이므로 필수 요소가 아닙니다.)"
Syntax,Argument Structure & Valency,3,D,,[EMPTY_RESPONSE]
Syntax,Argument Structure & Valency,2,H,H,"정답은 **H**입니다.

**해설:**

**필수적 부사어**란 문장의 서술어(동사/형용사)가 뜻을 완성하기 위해 반드시 요구하는 부사어로, 이를 생략하면 문장이 성립하지 않거나 의미가 크게 달라지는 성분입니다.

각 보기를 분석하면 다음과 같습니다.

- **H: 나는 학교에서 <모범생으로> 통한다.**
  - 서술어 **'통한다'**는 여기서 '사람이나 사물이 어떤 것으로 여겨지다/인정되다'라는 뜻으로 쓰였습니다. 이 의미의 '통하다'는 **'~으로/로'**라는 부사어(규정어)를 필수적으로 요구합니다. 
  - ""나는 학교에서 통한다""라고 하면 '통과한다'는 다른 뜻으로 해석되거나 문장이 어색해집니다. 따라서 **<모범생으로>는 필수적 부사어**입니다.

**다른 보기들이 필수적 부사어가 아닌 이유 (수의적 부사어):**
나머지 보기들의 꺾쇠 표현은 모두 **장소나 시간을 나타내는 수의적(선택적) 부사어**로, 이를 생략해도 문장이 자연스럽고 의미 전달에 문제가 없습니다.

- **A:** ""냉장고에 놔둔 찌개"" → ""놔둔 찌개가 썩었다"" (성립)
- **B:** ""소파에 앉아서"" → ""앉아서 먹은 것을 소화했다"" (성립)
- **C:** ""세탁소에 세제를 가지러 갔다"" → ""세제를 가지러 갔다"" (성립)
- **D:** ""수영장에서 수영하고 싶다"" → ""수영하고 싶다"" (성립)
- **E:** ""오르막길에서는 조심해야 한다"" → ""항상 안전을 조심해야 한다"" (성립)
- **F:** ""세면대에서 세수를 했다"" → ""세수를 했다"" (성립)
- **G:** ""병원에서 잘 회복하면 된다"" → ""잘 회복하면 된다"" (성립)
- **I:** ""어젯밤에 어항을 샀다"" → ""어쩌다 어항을 샀어?"" (성립)
- **J:** ""입학식에서 마주쳤다"" → ""어떤 젊은이를 마주쳤다"" (성립)

따라서 필수적 부사어가 포함된 문장은 **H**입니다."
Syntax,Argument Structure & Valency,2,H,H,"정답은 **H**입니다.

**해설:**
- **H: <너만> 오면 이제 하교할 수 있어.**
  - 이 문장에서 '너만'은 동사 '오면'의 주체, 즉 **주어**입니다. ('너' + 보조사 '만')
  - 목적어는 동작의 대상이 되어 '을/를'의 목적격 조사가 붙거나, 보조사가 붙어도 문장 안에서 목적어 역할을 해야 합니다.

**다른 보기들의 목적어 확인:**
- **A**: '말'을 번역하다 → 목적어 (을/를 생략됨)
- **B**: '얼굴을' 파묻다 → 목적어
- **C**: '아이템을' 획득하다 → 목적어
- **D**: '협동심을' 기르다 → 목적어 (관형사절 안에서)
- **E**: '빨랫비누'를 가져오다 → 목적어 (을/를 생략됨)
- **F**: '손목시계까지' 선보이다 → 목적어 (보조사 '까지'가 붙었지만 '선보이다'의 대상)
- **G**: '약이라도' 처방하다 → 목적어 (보조사 '이라도'가 붙었지만 '처방하다'의 대상)
- **I**: '발목을' 삐끗하다 → 목적어
- **J**: '성냥불을' 건네주다 → 목적어

따라서 꺽쇠 안의 단어가 목적어가 아닌 것은 **H**입니다."
Syntax,Argument Structure & Valency,2,D,D,"정답은 **D**입니다.

**해설:**

- **D: 나만큼 비참한 <사람도> 세상에 있기는 할까?**
  - 이 문장에서 '사람도'는 동사 '있기는 할까'의 **주어**입니다. '있다'는 존재를 나타내는 **자동사**이므로 목적어를 취할 수 없습니다. 여기서 '사람도'는 주격 조사 '이/가' 대신 보조사 '도'가 쓰인 주어입니다.

**다른 보기들의 목적어 확인:**
- **A:** 긴장감마저 (느끼게 하다의 목적어, '을/를' 대신 '마저' 사용)
- **B:** 숙제 (베낀의 목적어, '을' 생략)
- **C:** 조개껍데기만 (수집한다의 목적어, '을/를' 대신 '만' 사용)
- **E:** 물부터 (들이켰다의 목적어, '을/를' 대신 '부터' 사용)
- **F:** 보고서를 (제출하도록의 목적어)
- **G:** 여름옷 (사러의 목적어, '을' 생략)
- **H:** 팥죽부터 (먹어보자꾸나의 목적어, '을/를' 대신 '부터' 사용)
- **I:** 아경이라도 (보러의 목적어, '을/를' 대신 '이라도' 사용)
- **J:** 시내버스 (타려면의 목적어, '을' 생략)

따라서 목적어가 아닌 것은 **D**입니다."
Semantics,Word Relationships,1,B,B,"정답: **B. 실토**

문맥에서 “승복하였다”는 잘못이나 사실을 인정하고 털어놓았다는 뜻이므로, **실토(실토하다)**와 가장 가깝습니다."
Semantics,Word Relationships,2,E,E,"E: 줄곧

여기서 “시종”은 ‘始終’으로, “처음부터 끝까지”라는 뜻이며, 문맥상 “줄곧”과 가장 유사합니다."
Syntax,Agreement,1,I,I,"<보기>의 문장 **""초여름에 회장님께서 출산하셨다.""** 에 사용된 높임법은 **주체 높임법(主语敬语)**입니다.  
- '회장님께서'에서 주격 조사 '께서'를 사용하여 주체(회장님)를 높였고,  
- '출산하셨다'에서 선어말 어미 '-시-'를 사용하여 동작의 주체를 높였습니다.  
(참고로 '출산하다'는 원래 임신한 여성에게 쓰는 말이지만, 문법적으로는 주체 높임이 맞습니다.)

이제 각 보기를 분석해 보겠습니다.

- **A**: 꾀꼬리가 운다. (주체 높임 없음, 평서문)
- **B**: 직원이 아이들을 지휘했다. (주체 높임 없음)
- **C**: 마귀할멈이 콩밥을 편식했습니다. ('했습니다'는 상대 높임(하십시오체)이며, 주체 높임('-시-')이 없음)
- **D**: 대학생이 덤프트럭을 운전할 수 있다고요? ('-요'는 상대 높임, 주체 높임 없음)
- **E**: 후배님의 학교생활을 평가해 봅시다. ('후배님'은 높임 명사지만, 서술어 '평가해 봅시다'에 '-시-'가 없어 주체 높임이 아님. '봅시다'는 상대 높임(청유형))
- **F**: 갯벌에서 체육복은 무거워서 못 입겠어요. ('-요'는 상대 높임, 주체 높임 없음)
- **G**: 파김치가 넘칠 가능성이 있으니 조심하자. ('-자'는 반말, 주체 높임 없음)
- **H**: 나는 마누라를 회의실에서 만났어. ('마누라'는 낮춤말, '-어'는 반말, 주체 높임 없음)
- **I**: **창의력이 남다르신 청소년님이 여기 있다.**  
  → '남다르**시**- + -ㄴ'에서 선어말 어미 '-시-'가 사용되어 주체(청소년님)를 높였습니다. 또한 '청소년님'이라는 높임 명사와 결합하여 **주체 높임법**이 쓰였습니다. (서술어 '있다'에는 '-시-'가 없지만, 관형사형 어미 '-시-'도 주체 높임에 해당)
- **J**: 매점에서 모델님을 찾아뵐 수 있어서 좋았어.  
  → '찾아뵐'은 '뵙다'라는 특수한 높임 동사로, **객체 높임법(宾语敬语)**에 해당합니다. (모델님을 높임)

따라서 <보기>와 동일한 **주체 높임법**이 사용된 문장은 **I**입니다.

**정답: I**"
Syntax,Agreement,2,I,I,"正确答案是 **I**。

<보기>의 “싫어하신다”는 주어(외할머니)를 높이는 **주체 높임법**입니다.  
I의 “싸우시더니”, “드시면서”, “화해하셨다” 모두 주어를 높이는 ‘-시-’가 사용되어 주체 높임법에 해당합니다."
Syntax,Agreement,1,A,A,"정답은 **A**입니다.

**해설:**

- **A: 여태 이런저런 우표들을 수집했다.**
  - '수집했다'는 능동사 '수집하다'의 과거형입니다. 주어(생략된 '나')가 직접 우표를 수집하는 행위를 했으므로 **능동 표현**입니다.

나머지 보기들은 모두 피동 접미사(-이-, -히-, -리-, -기-)가 결합된 피동사이거나 피동 표현이 포함되어 있습니다.

- **B: 실렸다** → 싣다 + **-리-** (피동사)
- **C: 갈렸다** → 가르다 + **-리-** (피동사)
- **D: 이끌렸다** → 이끌다 + **-리-** (피동사)
- **E: 믿기지** → 믿다 + **-기-** (피동사)
- **F: 쓰였다** → 쓰다 + **-이-** (피동사)
- **G: 치였다** → 치다 + **-이-** (피동사)
- **H: 몰렸다** → 몰다 + **-리-** (피동사)
- **I: 담겨있다** → 담다 + **-기-** (피동사)
- **J: 뒤틀렸다** → 뒤틀다 + **-리-** (피동사)

따라서 피동 표현이 포함되지 않은 것은 **A**입니다."
Syntax,Agreement,1,E,E,"정답은 **E**입니다.

**E: 어떤 관객이 내 소지품을 훔쳤다.**
이 문장은 주어(어떤 관객)가 동작(훔치다)을 직접 행하는 **능동문**입니다. 피동 접사(-이-, -히-, -리-, -기-)나 '-어/아 지다' 등이 쓰이지 않았습니다.

**다른 보기들의 피동 표현 분석:**
- **A**: 찢기다 (찢다 + -기-)
- **B**: 파묻히다 (파묻다 + -히-)
- **C**: 쫓기다 (쫓다 + -기-)
- **D**: 휘말리다 (휘말다 + -리-, 피동사)
- **F**: 풀리다 (풀다 + -리-)
- **G**: 흔들리다 (흔들다 + -리-)
- **H**: 차이다 (차다 + -이-)
- **I**: 찍히다 (찍다 + -히-)
- **J**: 팔리다 (팔다 + -리-)"
Syntax,Agreement,3,H,,[EMPTY_RESPONSE]
Syntax,Agreement,1,J,J,"정답은 **J**입니다.

**해설:**
'-고 있'은 크게 두 가지 의미로 쓰입니다.

1. **진행(動作의 進行)**: 어떤 동작이 지금 막 이루어지고 있는 중임을 나타냄.
2. **상태의 지속(狀態의 持續)**: 어떤 동작이 끝난 후, 그 결과나 상태가 계속 유지되고 있음을 나타냄. 주로 심리 상태나 인지 동사(알다, 믿다, 생각하다, 가정하다 등)와 함께 쓰여 그 마음의 상태가 계속됨을 뜻합니다.

각 보기를 살펴보면:

- **A~I**는 모두 눈에 보이는 신체적 동작(뒤따라오다, 두리번거리다, 가로지르다, 갈겨쓰다, 강의하다, 낚시하다, 말싸움하다, 낭송하다, 걸어오다)이 현재 진행 중임을 나타내는 **'진행'**의 의미입니다.
- **J (난 그게 거짓이라고 가정하고 있다)**: '가정하다'는 물리적 동작이 아니라 머릿속에서 어떤 사실을 전제로 삼는 **심리적/인지적 상태**입니다. ""가정하고 있다""라고 하면 '가정'이라는 행위가 끝난 뒤 그 **가정한 상태가 계속 유지**되고 있음을 뜻하므로 **'상태의 지속'**의 의미로 쓰였습니다.

따라서 정답은 **J**입니다."
Syntax,Argument Structure & Valency,1,H,H,"정답은 **H: 영희가 학교에서 집으로 천천히 걸었다.** 입니다.

**해설:**
- **H**의 동사 '걸었다'는 주어인 '영희'가 스스로 의지를 가지고 행위를 직접 수행하는 **능동동사(주동사)**입니다. 주어가 행위의 주체가 되어 능동적으로 행동합니다.
- 나머지 보기들은 모두 주어가 행위를 직접 하는 것이 아니라, 어떤 상태에 놓이거나 변화를 겪는 **피동/상태 변화/비능동**의 의미를 가집니다.
  - A (얼어붙었다), B (깨져 있다), C (되었네요), D (떨어졌다), E (떠 있다), F (나타났다), G (빛날 거야), I (남아 있습니다), J (죽었다) - 이들은 모두 주어가 스스로 의지를 가지고 한 행동이 아니라, 자연 현상, 우연한 사건, 상태 변화, 또는 존재의 양태를 나타냅니다."
Phonetics/Phonology,Phonological Constraints,3,E,E,"<보기>의 예시들은 모두 **의성어·의태어**로, 한국어의 **모음조화(母音調和)** 규칙을 따르고 있습니다.  
모음조화란 **양성모음(ㅏ, ㅗ)** 은 양성모음끼리, **음성모음(ㅓ, ㅜ, ㅡ)** 은 음성모음끼리 어울리는 현상입니다.

<보기>를 분석해 보면:
- **아장아장**: ㅏ(양) - ㅏ(양) → 양성
- **엉금엉금**: ㅓ(음) - ㅡ(음) → 음성
- **홀짝홀짝**: ㅗ(양) - ㅏ(양) → 양성
- **훌쩍훌쩍**: ㅜ(음) - ㅓ(음) → 음성

즉, **ABAB 구조에서 A와 B의 모음이 같은 성격(양성끼리 또는 음성끼리)을 가져야** 합니다.

이제 각 선택지를 확인해 보겠습니다.
- **A. 퐁당퐁당**: ㅗ(양) - ㅏ(양) → 양성 (규칙 준수)
- **B. 버럭버럭**: ㅓ(음) - ㅓ(음) → 음성 (규칙 준수)
- **C. 차곡차곡**: ㅏ(양) - ㅗ(양) → 양성 (규칙 준수)
- **D. 모락모락**: ㅗ(양) - ㅏ(양) → 양성 (규칙 준수)
- **E. 오순도순**: ㅗ(양) - ㅜ(음) → **양성과 음성이 섞임 (규칙 위반)**
- **F. 알록달록**: ㅏ(양) - ㅗ(양) → 양성 (규칙 준수)
- **G. 얼룩덜룩**: ㅓ(음) - ㅜ(음) → 음성 (규칙 준수)
- **H. 글썽글썽**: ㅡ(음) - ㅓ(음) → 음성 (규칙 준수)
- **I. 살랑살랑**: ㅏ(양) - ㅏ(양) → 양성 (규칙 준수)
- **J. 무럭무럭**: ㅜ(음) - ㅓ(음) → 음성 (규칙 준수)

따라서 **모음조화 규칙을 어기는 사례는 E (오순도순)** 입니다.  
(참고로 '오순도순'은 '오손도손'의 변형으로, 실제로는 모음조화를 벗어난 고정된 표현입니다.)

**정답: E**"
Phonetics/Phonology,Phonological Constraints,3,I,I,"<보기>의 예시들은 한국어의 **모음조화(元音和谐)** 규칙을 따르고 있습니다.  
- **아장아장** (ㅏ, ㅏ) → 양성모음(阳性元音)  
- **엉금엉금** (ㅓ, ㅡ, ㅓ) → 음성모음(阴性元音)  
- **홀짝홀짝** (ㅗ, ㅏ) → 양성모음  
- **훌쩍훌쩍** (ㅜ, ㅓ) → 음성모음  

즉, 같은 단어가 반복될 때 **양성모음(ㅏ, ㅗ)끼리** 또는 **음성모음(ㅓ, ㅜ, ㅡ)끼리**만 짝을 이루어야 합니다.  

각 보기를 분석하면:  
- A: 글썽글썽 (ㅡ, ㅓ) → 음성모음 (규칙 준수)  
- B: 모락모락 (ㅗ, ㅏ) → 양성모음 (규칙 준수)  
- C: 무럭무럭 (ㅜ, ㅓ) → 음성모음 (규칙 준수)  
- D: 살랑살랑 (ㅏ, ㅏ) → 양성모음 (규칙 준수)  
- E: 깡총깡총 (ㅏ, ㅗ) → 양성모음 (규칙 준수)  
- F: 퐁당퐁당 (ㅗ, ㅏ) → 양성모음 (규칙 준수)  
- G: 알록달록 (ㅏ, ㅗ, ㅏ, ㅗ) → 양성모음 (규칙 준수)  
- H: 버럭버럭 (ㅓ, ㅓ) → 음성모음 (규칙 준수)  
- **I: 뚝딱뚝딱 (ㅜ, ㅏ)** → **ㅜ(음성)과 ㅏ(양성)이 섞여 있어 모음조화를 위반**  
- J: 차곡차곡 (ㅏ, ㅗ) → 양성모음 (규칙 준수)  

따라서 **모음조화 규칙을 따르지 않는 사례는 I: 뚝딱뚝딱**입니다.  

**정답: I**"
Semantics,Semantic Compatibility,1,C,C,"정답은 **C**입니다.

**이유:**
C 문장(주머니에서 동전 하나가 빠져나와 하수구로 쏙 들어가버렸다)은 물리적으로 충분히 일어날 수 있는 자연스러운 상황을 묘사하고 있습니다. 동전이 주머니에서 떨어져 하수구로 굴러 들어가는 것은 전혀 어색하지 않습니다.

반면, 나머지 문장들은 모두 무생물(돌, 농구공, 안마기, 상자, 책, 가로수, 식탁, 기둥, 의자)이 사람처럼 행동하는 **의인화(擬人化)** 또는 비현실적인 과장법을 사용하여 의도적으로 '어색한' 상황을 만들고 있습니다.

- A: 돌이 '밟고' 지나감 (발이 없음)
- B: 농구공이 '손가락질'함 (손가락이 없음)
- D: 안마기가 '효자손을 집어들고' (팔이 없음)
- E: 상자들이 '쳐다봄' (눈이 없음)
- F: 책이 '똑바로 누움' (의지가 없음)
- G: 가로수가 '걷는 것을 지켜봄' (나무는 움직이지 못함)
- H: 식탁이 '꽈배기를 씹음' (입이 없음)
- I: 기둥이 '다리를 걷어참' (다리가 없음)
- J: 의자가 '자리를 박차고 나감' (이동 능력이 없음)

따라서 유일하게 자연스러운 문장은 **C**입니다."
Syntax,Embedded Clauses,3,J,,[EMPTY_RESPONSE]
Semantics,Numeral Classifiers,3,D,D,"정답은 **D: 장미 한 그루**입니다.

**이유:**
- **그루**는 나무를 세는 단위입니다. 장미는 나무가 아닌 관목(떨기나무)이므로, 장미의 포기(株)를 셀 때는 **'포기'**를 사용하는 것이 올바릅니다. 즉, ""장미 한 포기""라고 해야 합니다.

**다른 보기들의 단위가 적절한 이유:**
- **A (파래김 여덟 톳)**: '톳'은 김(해초)을 세는 단위로, 1톳은 보통 100장을 의미합니다.
- **B (바늘 다섯 쌈)**: '쌈'은 바늘이나 성냥갑처럼 종이에 싸서 묶은 것을 세는 단위입니다.
- **C (백김치 네 포기)**: '포기'는 배추, 상추, 김치 등을 통째로 셀 때 사용합니다.
- **E (갑오징어 세 축)**: '축'은 마른 오징어나 북어 등을 10마리 또는 20마리씩 묶어 세는 단위입니다.
- **F (비단 열 필)**: '필'은 피륙(천)을 세는 단위입니다.
- **G (고무신 두 켤레)**: '켤레'는 신발, 양말, 장갑 등 짝을 이루는 물건을 세는 단위입니다.
- **H (좁쌀 여섯 섬)**: '섬'은 곡식, 가루 등의 부피를 재는 단위입니다.
- **I (흑마늘 아홉 접)**: '접'은 마늘이나 과일(사과, 배 등)을 100개(또는 100송이)씩 묶어 세는 단위입니다.
- **J (유조선 일곱 척)**: '척'은 배를 세는 단위입니다."
Syntax,Scrambling,3,H,,[EMPTY_RESPONSE]
Syntax,Scrambling,2,B,B,"‘황량한’은 명사 ‘공원’을 꾸미는 것이 자연스럽습니다.  
따라서 **‘공원에서’ 앞**에 넣어 **“황량한 공원에서”**가 되어야 합니다.

정답: **5번** (B)"
Semantics,Semantic Compatibility,1,G,G,"가장 어색한 선지는 **G: 하늘엔 주식이 밝게 빛나고 있었다.** 입니다.

**이유:**
- **'주식(主食)'**은 밥, 빵, 국수 등 식사의 기본이 되는 음식을 뜻하거나, **'주식(株式)'**은 주식회사의 자본을 이루는 증권(주식)을 뜻합니다.
- 하늘에서 밝게 빛나는 것은 일반적으로 **별, 달, 해** 또는 **구름** 등입니다. 음식이나 금융 상품이 하늘에서 빛나는 것은 전혀 자연스럽지 않고 문맥상 말이 되지 않습니다.
- 아마도 '별(星)'이나 '주성(主星)'을 잘못 표기한 것으로 보이지만, 주어진 문장 그대로는 가장 어색합니다.

나머지 선지들은 모두 일상생활에서 자연스럽게 쓰이는 표현입니다."
Syntax,Argument Structure & Valency,3,D,,[EMPTY_RESPONSE]
Syntax,Agreement,3,H,,[EMPTY_RESPONSE]
Syntax,Agreement,3,B,,[EMPTY_RESPONSE]
Phonetics/Phonology,Phonological Alternation,3,G,,[EMPTY_RESPONSE]
Syntax,Agreement,2,D,D,"정답은 **D**입니다.

**이유:**
- **원문**: ""철수가 열심히 공부하고 싶어 하는지이다""는 주어 '철수가'에 서술어 '~인지이다'가 연결되어 어색합니다. (철수가 ~인지이다? -> 성립하지 않음)
- **수정문**: ""문제는 철수가 열심히 공부하고 싶어하는지이다""로 바꾸면 주어 '문제는'과 서술어 '~인지이다'가 자연스럽게 호응합니다.

**다른 보기들이 틀린 이유:**
- **A**: '모르신다'는 주어 '민수'가 아닌 화자가 청자를 높이는 표현이라 호응이 어긋남.
- **B**: '먹던'으로 바꾸면 의미가 완전히 달라지고, '영희는 ~다는 것이다' 구조는 여전히 어색함.
- **C**: '도무지 간다'는 어색하며, '도무지'는 부정어와 함께 쓰여야 함.
- **E**: '~인지이다'로 바꿔 오히려 주어(철수가)와 서술어 호응이 깨짐.
- **F**: 원문 ""민수가 강아지가 빨리 달리고 싶어 한다""는 이중 주어로 문법적으로 잘못되었는데 ""없음""이라고 한 것은 오답.
- **G**: 무생물인 '음악'에 높임 선어말어미 '계신다'를 써서 잘못됨.
- **H**: '감자탕을 끓는다'가 아니라 '끓인다'가 맞음.
- **I**: 지명 '발리'에 높임 조사 '께서'를 쓸 수 없고, 주어 '영희'에 '보시기를'도 맞지 않음.
- **J**: 원문 ""영희가 마무리하지 못한 그림이라는 것이다""는 '그것은 ~라는 것이다'로 해석되면 문법적으로 문제가 없는데, 굳이 '사실이다'로 바꿀 필요가 없음. (주어-술어 호응 문제가 아님)"
Morphology,Word Formation,3,G,,[EMPTY_RESPONSE]
Pragmatics,Discourse Principles,3,H,,[EMPTY_RESPONSE]
Syntax,Argument Structure & Valency,3,I,,[EMPTY_RESPONSE]
Syntax,Agreement,3,C,,[EMPTY_RESPONSE]
Syntax,Argument Structure & Valency,2,B,B,B
Syntax,Argument Structure & Valency,3,J,,[EMPTY_RESPONSE]
Syntax,Embedded Clauses,1,H,,[EMPTY_RESPONSE]
Syntax,Agreement,2,F,F,"<보기>의 높임법은 **주체 높임법**입니다.  
‘물어보**셨**다고’에서 선어말어미 ‘-시-’가 주어인 ‘김승지’를 높이고 있습니다.

같은 종류의 높임법이 쓰인 문장은 **F**입니다.

**F**: “그가 식음을 전폐하고 바라보**셨던** 북한산성이…”  
여기서 ‘바라보시-’의 ‘-시-’가 주어 ‘그’를 높이는 **주체 높임법**입니다.

**답: F**"
Syntax,Agreement,3,C,C,"<보기>의 문장 **“외할머니가 버섯을 싫어하신다.”** 에서는 주어(외할머니)를 높이는 **주체 높임법**이 쓰였습니다. (‘싫어하시-’의 ‘-시-’)

각 보기의 높임법을 분석하면 다음과 같습니다.

- **A**: ‘있습죠’ → **상대 높임법** (듣는 이를 높임)
- **B**: ‘시작했다’ → 높임법 없음
- **C**: ‘잡수어 보소’ → ‘잡수-’는 ‘먹다’의 주체 높임법(주체 높임), ‘-소’는 상대 높임법. **주체 높임법 포함**
- **D**: ‘짜 줬다’ → 높임법 없음
- **E**: ‘있어요’ → **상대 높임법**
- **F**: ‘줘요’ → **상대 높임법**
- **G**: ‘힘쓰고 있습니다’ → **상대 높임법**
- **H**: ‘모셔’ → **객체 높임법** (할머니를 높임), ‘오렴’ → 상대 높임법
- **I**: ‘있었어요’ → **상대 높임법**
- **J**: ‘했어요’ → **상대 높임법**

따라서 <보기>와 동일하게 **주체 높임법**이 사용된 문장은 **C**입니다.

**정답: C**"
Syntax,Agreement,3,D,,[EMPTY_RESPONSE]
Semantics,Rhetorical Expressions,1,I,I,"정답: **I**

**해설:**
지문의 핵심은 ""금괴가 있다는 소문이 돌았지만 **아무도 찾는 데 관심이 없어서** 소문이 곧 잦아들었다""는 것입니다. 즉, 금괴를 찾으려는 시도나 행동이 전혀 없었다는 뜻입니다.

- **I (우물을 파헤쳐서 대어를 낚으려는 사람은 안 나왔다):** ""대어(큰 물고기)""는 금괴를 비유적으로 표현한 말로, 금괴를 얻기 위해 우물을 파헤칠 사람(행동에 나설 사람)이 아무도 없었다는 지문의 내용과 가장 정확하게 일치합니다.

**다른 보기들이 틀린 이유:**
- **A, B, D, J:** 금괴가 실제로 발견되었거나 발굴 이후의 상황을 가정하지만, 지문에서는 발견 사실이 없습니다.
- **C:** 사람들이 금괴를 찾았다고 하지만, 지문에서는 관심이 없었다고 했습니다.
- **E, F:** 소문이 경종을 울리거나 치안 문제로 비화되었다고 하나, 지문에서는 그냥 잦아들었습니다.
- **G:** 사람들이 모였다고 하나, 지문에서는 아무도 관심을 두지 않았습니다.
- **H:** 장밋빛 미래를 꿈꾸는 사람이 있다고 하나, 지문에서는 관심 자체가 없었습니다."
Semantics,Word Relationships,1,F,F,"**정답: F: 트럭**

‘새’는 ‘까치’의 상위 개념이고, ‘까치’는 ‘새’의 한 종류입니다.  
지문에서 ‘차’는 청과물을 운반하는 **차량**을 뜻하므로, ‘차’의 한 종류인 **트럭**이 가장 적절합니다."
Semantics,Ambiguity,2,C,,[EMPTY_RESPONSE]
Semantics,Ambiguity,1,C,B,"가장 어색한 설명은 **C**입니다.

**이유:**
""전원이 문제였다""는 문장은 **중의적(多義的)**입니다. 
- **전원(全員)**: 전체 인원이 문제가 되었다는 뜻 (B)
- **전원(電源)**: 전류 공급(전력)에 문제가 있었다는 뜻 (I)

따라서 ""한 가지 뜻으로 해석된다""고 말한 C는 문장의 실제 의미(중의성)를 부정하는 잘못된 설명입니다. 나머지 보기들은 각 문장이 지닌 중의적 해석 가능성을 정확하게 지적하고 있습니다."
Semantics,Ambiguity,2,B,,[EMPTY_RESPONSE]
Semantics,Ambiguity,1,C,C,C
Syntax,Argument Structure & Valency,1,E,E,"꺽쇠 안의 서술어가 요구하는 **자릿수(논항, 필수적 문장 성분)**가 **한 자리(주어 1개만 필요)**인 것은 **E**입니다.

각 문장을 자세히 분석하면 다음과 같습니다.

- **A. 당겨라** → 두 자리 (주어 + 목적어)  
  예: ""(네가) 문을 당겨라."" (목적어 '문'이 필수)
- **B. 모으자** → 두 자리 (주어 + 목적어)  
  예: ""(우리가) 친구들을 모으자."" (목적어 '친구들'이 필수)
- **C. 삼켰다** → 두 자리 (주어 + 목적어)  
  예: ""(내가) 알약을 삼켰다."" (목적어 '알약'이 필수)
- **D. 배웠다** → 두 자리 (주어 + 목적어)  
  예: ""(내가) 낱말을 배웠다."" (목적어 '낱말'이 필수)
- **E. 반짝거린다** → **한 자리 (주어만 필요)**  
  예: ""바닷물이 반짝거린다."" (주어 '바닷물' 하나만으로 문장이 성립하며, 목적어나 다른 필수 성분이 필요 없음)
- **F. 찾아가셨다** → 두 자리 (주어 + 목적어)  
  예: ""선생님께서 돈을 찾아가셨다."" (목적어 '돈'이 필수)
- **G. 짰다** → 두 자리 (주어 + 목적어)  
  예: ""(내가) 기름을 짰다."" (목적어 '기름'이 필수)
- **H. 기댔다** → 세 자리 (주어 + 목적어 + 부사어)  
  예: ""(내가) 등을 벽에 기댔다."" (주어, 목적어 '등', 부사어 '벽에'가 모두 필수)
- **I. 올려놓았니** → 세 자리 (주어 + 목적어 + 부사어)  
  예: ""누가 이걸 여기에 올려놓았니?"" (주어, 목적어 '이걸', 부사어 '여기에'가 모두 필수)
- **J. 펴라** → 두 자리 (주어 + 목적어)  
  예: ""(너는) 돗자리를 펴라."" (목적어 '돗자리'가 필수)

따라서 **주어 하나만을 필수 성분으로 요구하는 한 자리 서술어**는 **E의 '반짝거린다'**입니다."
Syntax,Embedded Clauses,2,A,,[EMPTY_RESPONSE]
Semantics,Rhetorical Expressions,1,F,F,F: 언제든 발을 빼려고 했던 것 역시
Semantics,Rhetorical Expressions,1,D,D,"정답: **D**

**D: 비밀 계좌로 큰 이득을 보기도 했으니 결과적으로 전화위복이네.**

이 문장은 적절하지 않습니다.  
주인공은 비밀 계좌로 일시적으로 큰 이득을 보기도 했지만, 결국 회복할 수 없는 손실을 회사에 입히고 체포되었기 때문에 ‘전화위복(轉禍爲福)’이라고 볼 수 없습니다. 결과적으로는 더 큰 재앙이 되었으므로 적절하지 않은 표현입니다."
Semantics,Rhetorical Expressions,3,G,G,G
Semantics,Rhetorical Expressions,1,C,,[EMPTY_RESPONSE]
Syntax,Embedded Clauses,1,C,C,"정답: **C**

**해설:**  
C의 문장 **“사실 내가 토마토를 다 먹었음을 털어놓았다.”** 에서  
안긴 문장은 **“내가 토마토를 다 먹었음”** 입니다.

이것은 명사형 어미 **‘-음’**이 붙어 명사절이 되었고,  
전체 문장의 서술어 **“털어놓았다”**의 **목적어** 역할을 합니다.

따라서 안긴 문장의 역할이 **목적어**인 것은 **C**입니다."
Semantics,Rhetorical Expressions,3,B,F,"적절하지 않은 선지는 **F**입니다.

**F: “다이아몬드의 가치처럼 이런 상황일수록 명품은 더 빛이 날 거야.”**

이 문장은 오히려 명품이 더 가치 있고 빛을 발할 것이라는 긍정적인 전망을 담고 있습니다. 하지만 지문은 소비자들이 명품 소비를 줄이고 실용적인 구매를 선호하는 상황을 설명하고 있으므로, 명품이 더 빛날 것이라는 F는 지문의 흐름과 반대됩니다."
Syntax,Embedded Clauses,1,C,C,"C

**이유:**  
C의 문장에서 **“아네모네가 쌍떡잎식물인지가”**는 명사절(안긴 문장)로, 뒤의 서술어 **“불분명하다”**의 **주어** 역할을 합니다.  
(주격 조사 ‘-가’가 결합되어 있음)"
Syntax,Embedded Clauses,2,F,F,"答案：**F**

**해설:**  
F 문장에서 **“보조금을 신청하기”**는 명사화된 절(안긴문장)로, 뒤의 **“가”**와 함께 문장 전체의 **주어** 역할을 합니다.  

- F: **밤사이 보조금을 신청하기가** 빠듯해졌다.  
  → ‘보조금을 신청하기’가 주어.

다른 보기들은 안긴문장이 주어가 아니라 관형어, 목적어, 서술어, 부사어 등으로 쓰였습니다."
Phonetics/Phonology,Phonological Alternation,3,I,I,"<보기>의 기준에 따라 각 선지를 분석해 보겠습니다.

**정답은 I입니다.**

각 선지에 대한 상세 분석은 다음과 같습니다.

- **A: '좋다며'는 자음 축약이 나타난다. (옳음)**
  - '좋다며'는 '좋- + -다며'로, 어간 끝 'ㅎ'과 어미 첫소리 'ㄷ'이 만나 거센소리 'ㅌ'으로 축약됩니다. (ㅎ + ㄷ → ㅌ) 이는 자음 축약입니다.

- **B: '먹히다'는 자음 축약이 나타난다. (옳음)**
  - '먹히다'는 '먹- + -히- + -다'로, 어간 'ㄱ'과 접미사 'ㅎ'이 만나 'ㅋ'으로 축약됩니다. (ㄱ + ㅎ → ㅋ) 이는 자음 축약입니다.

- **C: '법학'은 자음 축약이 나타난다. (옳음)**
  - '법학'은 '법 + 학'으로, 앞말의 받침 'ㅂ'과 뒷말의 'ㅎ'이 만나 'ㅍ'으로 축약됩니다. (ㅂ + ㅎ → ㅍ) 이는 자음 축약입니다.

- **D: '숱하게'는 자음 축약이 나타난다. (옳음)**
  - '숱하게'는 '숱- + -하게'로, 어간 받침 'ㅌ'과 어미 'ㅎ'이 만나 거센소리 'ㅌ'으로 축약됩니다. (ㅌ + ㅎ → ㅌ) 이는 자음 축약입니다.

- **E: '띄게'는 어간에서만 축약이 나타난다. (옳음)**
  - '띄게'는 '뜨- + -이- + -게'로 분석됩니다. 여기서 어간 '뜨-'에 사동접미사 '-이-'가 결합하면서 'ㅡ + ㅣ → ㅢ'로 축약되어 '띄-'라는 새로운 어간이 형성됩니다. 이는 어간 내부에서만 일어난 모음 축약입니다.

- **F: '옷 한 벌'은 자음 축약이 나타난다. (옳음)**
  - '옷 한 벌'은 '옷 + 한'이 결합할 때 '옫 한'을 거쳐 'ㅅ(ㄷ) + ㅎ → ㅌ'으로 축약되어 [오탄벌]로 발음됩니다. 이는 자음 축약입니다.

- **G: '나눴다'는 어간과 어미의 축약이 나타난다. (옳음)**
  - '나눴다'는 '나누- + -었- + -다'로 분석됩니다. 어간 '나누-'의 'ㅜ'와 어미 '-었-'의 'ㅓ'가 만나 'ㅝ'로 축약되어 '나눴-'이 됩니다. (ㅜ + ㅓ → ㅝ) 이는 어간과 어미 사이에서 일어난 모음 축약입니다.

- **H: '씌다'는 어간에서만 축약이 나타난다. (옳음)**
  - '씌다'는 '쓰- + -이- + -다'로 분석됩니다. 어간 '쓰-'에 사동접미사 '-이-'가 결합하면서 'ㅡ + ㅣ → ㅢ'로 축약되어 '씌-'라는 어간이 형성됩니다. 이는 어간 내부에서만 일어난 모음 축약입니다.

- **I: '보였다'는 어미에서만 모음축약이 나타난다. (틀림 - 정답)**
  - '보였다'는 '보- + -이- + -었- + -다'로 분석됩니다. 여기서 '보-'에 사동접미사 '-이-'가 결합하여 어간 '보이-'가 되고, 이 어간 '보이-'의 'ㅣ'와 어미 '-었-'의 'ㅓ'가 만나 'ㅕ'로 축약되어 '보였-'이 됩니다. (ㅣ + ㅓ → ㅕ) 따라서 이는 **어간과 어미의 축약**에 해당합니다. (어미에서만 일어난 것이 아님)

- **J: '입으셨다'는 어미에서만 축약이 나타난다. (옳음)**
  - '입으셨다'는 '입- + -으시- + -었- + -다'로 분석됩니다. 여기서 선어말어미 '-으시-'의 'ㅣ'와 어미 '-었-'의 'ㅓ'가 만나 'ㅕ'로 축약되어 '-으셨-'이 됩니다. (ㅣ + ㅓ → ㅕ) 이는 어미와 어미 사이에서 일어난 모음 축약이므로 '어미에서만' 일어난 축약이 맞습니다.

**결론:** <보기>의 기준에 따르면, '보였다'는 어간('보이-')과 어미('-었-')의 축약이므로, ""어미에서만 모음 축약이 나타난다""고 한 **I선지가 옳지 않습니다.**"
Morphology,Word Formation,3,G,A,"주어진 보기 중 **합성어와 그 형식적 결합 방식에 따른 분류가 적절히 대응된 것**은 다음과 같습니다.

**정답: A, B, C, D, E, F, G, H, J** (I번만 틀렸습니다.)

각 보기에 대한 상세한 판정 근거는 다음과 같습니다.

**1. 통사적 합성어 (문장의 어순과 일치하는 결합)**
- **B: 굳세다** (형용사 + 형용사, 대등적 결합) → **통사적 합성어** (적절)
- **E: 검붉다** (형용사 + 형용사, 대등적 결합) → **통사적 합성어** (적절)
- **F: 부슬비** (관형사 + 명사, 수식 관계) → **통사적 합성어** (적절)
- **G: 종이호랑이** (명사 + 명사, '종이로 만든 호랑이'라는 수식 관계) → **통사적 합성어** (적절)
- **J: 늦더위** (관형사 + 명사, 수식 관계) → **통사적 합성어** (적절)

**2. 비통사적 합성어 (문장의 어순에서 벗어나거나 조사/어미가 생략된 결합)**
- **A: 차례차례** (명사가 반복되어 부사가 된 반복 합성어) → **비통사적 합성어** (적절)
- **C: 건널목** (동사 어간 '건너-' + 명사 '목', '건너는 목'에서 관형사형 어미 '-는'이 생략된 형태) → **비통사적 합성어** (적절)
- **D: 본받다** (명사 '본' + 동사 '받다', '본을 받다'에서 조사 '을'이 생략된 형태) → **비통사적 합성어** (적절)
- **H: 곧잘** (부사 '곧' + 부사 '잘', 두 부사가 대등하게 결합하여 새로운 부사가 된 형태로, 수식 관계가 성립하지 않음) → **비통사적 합성어** (적절)

**3. 틀린 보기**
- **I: 새해** → '새'는 관형사, '해'는 명사입니다. 관형사가 명사를 수식하는 **통사적 합성어**에 해당하므로, **비통사적 합성어**라고 한 것은 **부적절**합니다.

따라서 옳은 것은 **A, B, C, D, E, F, G, H, J**이며, **I번만 틀린 보기**입니다."
Morphology,Word Formation,2,F,,[EMPTY_RESPONSE]
Morphology,Verbal Conjugation,3,D,,[EMPTY_RESPONSE]
Morphology,Verbal Conjugation,3,J,,[EMPTY_RESPONSE]
Phonetics/Phonology,Articulatory Phonetics,3,J,J,J: 3
Phonetics/Phonology,Articulatory Phonetics,3,H,,[EMPTY_RESPONSE]
Phonetics/Phonology,Articulatory Phonetics,3,F,F,"정답은 **F: ㅊ**입니다.

**해설:**
- **파찰음(affricate)**: 파열과 마찰이 결합된 소리로, 한국어에서는 **ㅈ, ㅉ, ㅊ** 세 개가 해당합니다.
- **무기음(unaspirated)**: 발음할 때 거센 숨(기식)이 거의 또는 전혀 나오지 않는 소리입니다. 한국어의 평음(예사소리)과 경음(된소리)이 여기에 해당합니다.
- **유기음(aspirated)**: 발음할 때 거센 숨이 나오는 소리로, 한국어의 격음(거센소리)이 여기에 해당합니다.

따라서 파찰음 중에서 **무기음이 아닌 것(즉, 유기음인 것)**은 **ㅊ**입니다.

- **ㅈ**: 무기음(평음) + 파찰음
- **ㅉ**: 무기음(경음) + 파찰음
- **ㅊ**: 유기음(격음) + 파찰음 → 조건 충족"
Syntax,Argument Structure & Valency,2,G,G,"정답은 **G**입니다.

**이유:**
- **G**: ""습관은 참으로 무서운 거야.""에서 꺽쇠 안의 '습관은'은 서술어 '무서운 거야'의 주체, 즉 **주어**입니다. (보조사 '은'이 붙었지만 문장 성분상 주어입니다.)
- **나머지 보기들**은 모두 꺽쇠 안의 단어가 동작의 대상, 즉 **목적어**입니다.
  - A: 계단(을) 오르내리다
  - B: 선수(를) 교체했다
  - C: 물건(을) 내놓아봐
  - D: 앞머리(를) 다듬는
  - E: 고백(을) 거절했어
  - F: 벽돌(을) 색칠했어
  - H: 꽃병(을) 깨트려
  - I: 선(을) 연결하면
  - J: 사람(을) 실어갔다

따라서 목적어가 아닌 것은 **G**입니다."
Syntax,Argument Structure & Valency,3,D,D,"정답은 **D**입니다.

**이유:**
D 문장 ""오늘 <수술은> 잘 마쳤니?""에서 '수술은'은 동사 '마쳤니'의 행동 대상, 즉 **목적어**입니다. 
이 문장의 주어는 생략되어 있으며, ""너는"" 또는 ""의사 선생님은"" 등으로 볼 수 있습니다. 즉, ""(너는) 수술을 잘 마쳤니?""의 구조이므로 '수술은'은 주어가 아닙니다.

**다른 보기들 확인:**
- **A**: '연이율이'는 안긴문장(명사절) ""연이율이 어떤지""의 주어입니다. (전체 문장의 주어는 생략됨)
- **B**: '밥줄이라도'는 '끊어지다'의 주어입니다. (밥줄이 끊어지다)
- **C**: '에너지마저'는 '압도했다'의 주어입니다. (에너지가 압도하다)
- **E**: '관찰력은'은 '예리하다'의 주어입니다.
- **F**: '판사는'은 '아랑곳하지 않았다'의 주어입니다.
- **G**: '성공은'은 '말미암았다'의 주어입니다.
- **H**: '엽록소는'은 '물들인다'의 주어입니다.
- **I**: '모금액이'는 '모였다'의 주어입니다.
- **J**: '기색이'는 '역력하다'의 주어입니다.

따라서 꺾쇠 안의 단어가 주어가 아닌 것은 **D**입니다."
Syntax,Argument Structure & Valency,3,C,,[EMPTY_RESPONSE]
Syntax,Agreement,2,A,,[EMPTY_RESPONSE]
Syntax,Agreement,1,E,E,"정답은 **E**입니다.

**이유:**
'-겠'은 크게 두 가지 의미로 쓰입니다.
1. **추측(推测)** : 어떤 사실이나 상황을 미루어 짐작함 (A, B, C, D, F, G, H, I, J)
2. **의지/의도(意志/意图)** : 말하는 사람의 굳은 결심이나 뜻을 나타냄 (E)

각 보기를 살펴보면,

- **A**: 스트레스가 풀리**겠다** → (아이가 추측함) 스트레스가 풀릴 것이다. (추측)
- **B**: 놓아 두었**겠지** → (군인이 추측함) 누군가 놓아 두었을 것이다. (추측)
- **C**: 걸려들었**겠다** → (사냥꾼이 추측함) 걸려들었을 것이다. (추측)
- **D**: 감이 열리**겠다** → (추측/예상) 감이 열릴 것이다. (추측)
- **E**: 꼭 먹**겠다** → (말하는 사람의 의지) 꼭 먹을 것이다. (의지/의도) ✅
- **F**: 올 수 있**겠다** → (추측) 연예인도 올 수 있을 것이다. (추측)
- **G**: 필요하**겠다** → (추측) 필요할 것이다. (추측)
- **H**: 가슴이 벅차**겠다** → (추측/감탄) 가슴이 벅찰 것이다. (추측)
- **I**: 만들어야 하**겠다** → (추측/판단) 다시 만들어야 할 것이다. (추측)
- **J**: 사람이 되**겠다** → (추측/예상) 손꼽히는 사람이 될 것이다. (추측)

따라서, 나머지 보기들은 모두 '-겠'이 **추측**의 의미로 쓰인 반면, **E**만 **화자의 강한 의지(의도)**를 나타내므로 의미가 다릅니다."
Syntax,Argument Structure & Valency,2,H,H,"정답은 **H**입니다.

**해설:**

- **H: 화분에 손댄 건 <내가> 아니다.**
  - 이 문장에서 실제 주어(문장의 주체)는 **'화분에 손댄 건'**입니다.
  - '내가'는 주어가 아니라, 보어(주격 조사 '가'를 취하지만 '이다/아니다' 앞에서 주어를 보충해 주는 말)입니다. 즉, '내가'는 '아니다'의 보어 역할을 합니다.

**다른 보기들 분석:**
- **A**: <진화는> - '진행되었다'의 주어. (주어)
- **B**: <연애는> - '험난하다'의 주어. (주어)
- **C**: <능력은> - '타고나는 것이다'의 주어. (주어)
- **D**: <손재주는> - '정교하다'의 주어. (주어)
- **E**: <바람은> - '선선하구나'의 주어. (주어)
- **F**: <사람들이> - '줄지었다'의 주어. (주어)
- **G**: <아들은> - '챙겨먹는다'의 주어. (주어)
- **I**: <너> - '접해봤니'의 주어. (주어, '너는'의 '는' 생략)
- **J**: <강연> - '유익했다'의 주어. (주어, '강연은'의 '은' 생략)

따라서 꺽쇠 안의 단어가 주어가 아닌 것은 **H**입니다."
Syntax,Argument Structure & Valency,3,J,J,"정답은 **J**입니다.

**해설:**
- **J: <귀신은> 혹시 본 적이 있니?**
  - 이 문장에서 주어는 생략된 **'너'**입니다. (너는 혹시 귀신을 본 적이 있니?)
  - 꺾쇠 안의 **'귀신은'**은 동사 '본'의 대상이 되는 **목적어**입니다. 여기서 '은'은 주격 조사가 아니라 **보조사(주제 표지)**로 쓰였습니다.

**다른 보기들 확인:**
- A: 용사는 → '용감하다'의 주어
- B: 거북이도 → '건너가고 있다'의 주어
- C: 금붕어가 → '보였다'의 주어
- D: 증조할머니께서 → '계시다'의 주어
- E: 순호 → '합격했다'의 주어 (조사 생략)
- F: 남동생이 → '낯설다'의 주어
- G: 누가 → '뛰어오고 있니'의 주어
- H: 어미는 → '자랑스럽구나'의 주어 (이중주어문에서 큰 주어)
- I: 친구는 → '다짐한다'의 주어

따라서 주어가 아닌 것은 **J**입니다."
Syntax,Agreement,3,F,,[EMPTY_RESPONSE]
Syntax,Agreement,3,G,G,"정답은 **G**입니다.

**해설:**
'-고 있'은 크게 두 가지 의미로 쓰입니다.

1. **동작의 진행**: 어떤 행동이 지금 막 진행되고 있는 중임을 나타냄. (예: A, B, C, D, E, F, H, I, J)
2. **상태의 지속**: 어떤 동작이 끝난 후 그 결과나 상태가 계속 유지되고 있음을 나타냄. 주로 심리 상태나 태도를 나타내는 동사와 결합할 때 많이 쓰입니다.

- **G: 그는 분명 나를 업신여기고 있다.** 
  - '업신여기다'는 '남을 얕보고 깔보다'라는 뜻의 **심리/태도 동사**입니다. 이 경우 '-고 있'은 '업신여기는 행동'이 진행 중이라는 뜻이 아니라, **'업신여기는 마음이나 태도'가 현재 계속 유지되고 있는 상태**를 나타냅니다. 따라서 '상태의 지속'의 의미로 쓰였습니다.

**다른 보기들 분석:**
- A (야옹거리고 있다), B (찜질하고 있다), C (조준하고 있다), D (흡입하고 있다), E (자전하고 있다), F (증발하고 있다), H (우려내고 있다), I (협의하고 있다), J (주물럭거리고 있다)는 모두 눈에 보이는 물리적 동작이 현재 진행 중임을 나타내는 **'동작의 진행'** 의미입니다."
Syntax,Agreement,1,G,G,"정답은 **G**입니다.

**이유:**
'-고 있'은 크게 두 가지 의미로 쓰입니다.
1. **동작의 진행**: 어떤 행동이 지금 막 진행되고 있음을 나타냄 (예: 밥을 먹고 있다).
2. **상태의 지속**: 어떤 상태가 계속 유지되고 있음을 나타냄. 주로 심리 상태나 변화의 결과가 유지되는 동사에 붙습니다.

**G (내 잘못이 걸릴까봐 조마조마하고 있다)** 에서 '조마조마하다'는 동작(행동)을 나타내는 동사가 아니라, 마음이 불안한 **심리 상태**를 나타내는 형용사(상태 동사)입니다. 따라서 '-고 있'이 붙으면 '조마조마한 상태가 계속 유지되고 있다'는 **'상태의 지속'**의 의미로 쓰입니다.

**나머지 보기들(A, B, C, D, E, F, H, I, J)** 은 모두 '갈아타다', '구출하다', '건네주다', '검토하다', '마시다', '기록하다', '만지작거리다', '뒤척이다', '시청하다'와 같은 **동작(행동) 동사**이므로, '-고 있'이 붙으면 **'동작의 진행'**을 나타냅니다."
Syntax,Agreement,1,E,E,E. 수연이가 정훈이를 보고 즐거워하고 있다.
Syntax,Agreement,2,F,,[EMPTY_RESPONSE]
Syntax,Agreement,1,C,,[EMPTY_RESPONSE]
Syntax,Agreement,1,C,C,"**정답: C**

**C: 햄스터가 내 발을 간지럽히고 있다.**  
→ ‘간지럽히다’는 동작동사로, 현재 햄스터가 발을 간지럽히는 **동작이 진행 중**임을 나타낸다.

나머지 보기들은 대부분 심리 상태(부러워하다, 염려하다, 공경하다, 동정하다 등)나 피동 상태(구별되다, 소외되다) 또는 결과 상태(발끈하다, 멋모르다, 실감하다)를 나타내므로 ‘동작의 진행’이 아니다."
Syntax,Agreement,1,I,,[EMPTY_RESPONSE]
Syntax,Agreement,1,H,,[EMPTY_RESPONSE]
Syntax,Ellipsis,3,E,,[EMPTY_RESPONSE]
Syntax,Ellipsis,2,A,,[EMPTY_RESPONSE]
Syntax,Agreement,1,C,C,"정답은 **C: 그는 독감에 걸렸다.**입니다.

**이유:**
'걸리다'는 여러 의미를 가진 동사이지만, '독감에 걸리다'에서 쓰인 '걸리다'는 **자동사**입니다. 즉, 어떤 능동적인 주체가 '독감'이라는 대상을 '걸다'라고 하는 행위를 할 수 없기 때문에 능동 표현으로 바꿀 수 없습니다. (예: ""독감이 그를 걸었다"" 또는 ""그가 독감을 걸었다""는 성립하지 않습니다.)

반면, 나머지 보기들은 모두 능동문으로 자연스럽게 전환이 가능합니다.

- **A:** 어머니가 어린 아이를 안았다.
- **B:** 탐정이 진실을 밝혔다.
- **D:** 어떤 수학자가 난제를 풀었다.
- **E:** 할머니가 유리잔을 깨뜨렸다.
- **F:** 팬들이 그 가수를 오래 사랑했다.
- **G:** 많은 사람들이 이 소설을 읽었다.
- **H:** 새가 벌레를 잡아먹었다.
- **I:** 경찰이 도둑을 잡았다.
- **J:** 친구가 그를 초대했다.

**결론:** 피동 표현은 일반적으로 능동문의 '주어(행위자) + 목적어(대상) + 동사' 구조로 되돌릴 수 있지만, **C의 '걸리다'는 본래 자동사이므로 피동문이 아닌 단순 주동문(능동문)으로 봐야 하며, 따라서 능동 표현으로 바꿀 수 없습니다.**"
Syntax,Embedded Clauses,2,B,B,"정답은 **B**입니다.

**이유:**
각 문장에서 꺾쇠(< >) 안의 단어가 안긴 문장(관형절) 안에서 수행하는 문장 성분을 분석하면 다음과 같습니다.

- **A**: 그들이 그제 갔던 **<음식점>** → '음식점에 갔다' (장소 부사어)
- **B**: 그 소녀가 읽은 **<책>** → '책을 읽다' (**목적어**)
- **C**: 내가 늘 앉아서 쉬던 **<소파>** → '소파에 앉다' (장소 부사어)
- **D**: 우리가 함께 수영장에 갔던 **<주말>** → '주말에 갔다' (시간 부사어)
- **E**: 대리석으로 된 **<바닥>** → '바닥이 대리석으로 되다' (주어)
- **F**: 매일 테니스를 치는 **<친구>** → '친구가 테니스를 치다' (주어)
- **G**: 시대에 뒤떨어진 **<생각>** → '생각이 시대에 뒤떨어지다' (주어)
- **H**: 어제 결혼한 **<부부>** → '부부가 결혼하다' (주어)
- **I**: 우리가 어제 공부했던 **<도서관>** → '도서관에서 공부하다' (장소 부사어)
- **J**: 내 동생을 닮은 **<친구>** → '친구가 동생을 닮다' (주어)

**분류 결과:**
- **주어** 기능: E, F, G, H, J
- **부사어(장소/시간)** 기능: A, C, D, I
- **목적어** 기능: **B** (유일)

따라서 안긴 문장 안에서 꺾쇠의 단어가 **목적어**로 기능하는 것은 **B**이며, 나머지는 모두 주어 또는 부사어이므로 기능이 다릅니다."
Syntax,Embedded Clauses,2,H,H,"정답은 **H**입니다.

**이유:**
'안긴 문장'은 한 문장 안에서 다른 문장의 성분(주어, 목적어, 수식어 등)으로 들어가 있는 절을 말합니다. 반면, **H**는 두 개의 문장이 대등하게 연결된 **이어진 문장(겹문장)** 입니다.

- **H: 비가 오지만 날씨가 춥지 않다.**
  - '비가 오다' + '날씨가 춥지 않다'가 연결어미 '-지만'으로 이어져 있습니다.
  - 두 문장이 서로 주종 관계가 아니라 대등하게 연결되어 있으므로, 안긴 문장이 아니라 **이어진 문장**입니다.

**나머지 보기들은 모두 안긴 문장(내포절)을 포함하고 있습니다:**
- **A:** '주희가 시험에 합격하기' → **명사절** (목적어)
- **B:** '비가 오는' → **관형사절** (수식어)
- **C:** '이가 시리게' → **부사절** (수식어)
- **D:** '발에 땀이 나도록' → **부사절** (수식어)
- **E:** '손가락이 가늘다' → **서술절** (서술어)
- **F:** '인구가 매우 많다' → **서술절** (서술어)
- **G:** '하늘이 어둡다고' → **인용절** (목적어)
- **I:** '그 일을 하기' → **명사절** (주어)
- **J:** '그녀가 그린' → **관형사절** (수식어)

따라서 안긴 문장이 없는 것은 **H**입니다."
Syntax,Argument Structure & Valency,2,G,G,"정답은 **G**입니다.

**해설:**

**G: 나는 쉬는 시간에 <그와> 걸었다.**
동사 '걷다'는 혼자서도 충분히 성립하는 동사입니다. '그와'는 함께 걷는 상대방을 나타내는 부사어이지만, 이를 빼고 **""나는 쉬는 시간에 걸었다""**라고 해도 문장이 완전하게 성립하며 뜻이 전달됩니다. 따라서 '그와'는 **수의적(필수적이지 않은) 부사어**입니다.

**나머지 보기들이 필수적 부사어인 이유:**
- **A (지리에 밝다):** '밝다'가 '어떤 분야에 잘 알다'는 뜻으로 쓰일 때는 '~에'가 반드시 필요합니다. (""그는 밝다""만으로는 뜻이 불완전)
- **B (이 꽃과 다르다):** '다르다'는 비교 대상인 '~와/과'가 필수적입니다.
- **C (엄마와 닮았다):** '닮다'는 닮은 대상인 '~와/과'가 필수적입니다.
- **D (직무에 적합하다):** '적합하다'는 적합한 대상인 '~에'가 필수적입니다.
- **E (경로에서 이탈했다):** '이탈하다'는 이탈하는 출발점인 '~에서'가 필수적입니다.
- **F (예쁘게 생겼다):** '생기다'는 상태나 모양을 나타낼 때 '~게'와 같은 방식 부사어가 필수적입니다. (""그 애는 생겼다""는 어색함)
- **H (제자에게 조언을 주었다):** '주다'는 주는 대상인 '~에게'가 필수적입니다.
- **I (취향과 비슷하다):** '비슷하다'는 비교 대상인 '~와/과'가 필수적입니다.
- **J (취미로 삼았다):** '삼다'는 '무엇으로 삼다'라는 목적격 조사 '~로/으로'가 필수적입니다."
Syntax,Argument Structure & Valency,1,D,D,"<보기>의 서술어 '두었다'는 **'누가(주어) + 무엇을(목적어) + 어디에(부사어)'**라는 세 가지 필수 성분을 요구합니다. (3개)

각 선택지의 서술어가 요구하는 필수 성분의 개수를 분석하면 다음과 같습니다.

- **A: 다르다** → '무엇이(주어) + 무엇과(부사어)' (2개)
- **B: 달래주었다** → '누가(주어) + 누구를(목적어)' (2개)
- **C: 되었다** → '누가(주어) + 무엇이(보어)' (2개)
- **D: 삼았다** → '누가(주어) + 누구를(목적어) + 무엇으로(부사어)' (3개) ✅
- **E: 마셨다** → '누가(주어) + 무엇을(목적어)' (2개, '공원에서'는 수의적 부사어)
- **F: 지었다** → '누가(주어) + 무엇을(목적어)' (2개, '하루 만에'는 수의적 부사어)
- **G: 높다** → '무엇이(주어)' (1개, '생각보다'는 수의적 부사어)
- **H: 피었다** → '무엇이(주어)' (1개, '활짝'은 수의적 부사어)
- **I: 아니다** → '누가(주어) + 무엇이(보어)' (2개)
- **J: 닮았다** → '누가(주어) + 누구와(부사어)' (2개)

따라서 <보기>와 같이 필수 성분이 **3개**인 것은 **D**입니다.

**정답: D**"
Syntax,Agreement,3,J,,[EMPTY_RESPONSE]
Pragmatics,Discourse Principles,1,J,,[EMPTY_RESPONSE]
Syntax,Agreement,1,F,F,"정답: **F**

- **A**: ""먹고 있다"" → 현재 진행  
- **B**: ""갔었다"" → 과거 완료  
- **C**: ""사용해 왔다"" → 현재 완료  

따라서 **A - (현재/진행), B - (과거/완료), C - (현재/완료)** 인 **F**가 올바른 매칭입니다."
Pragmatics,Discourse Principles,3,D,D,"정답은 **D**입니다.

**이유:**
대화의 진실성(질의 격률)을 지키려면 근거가 없거나 거짓이라고 믿는 말을 해서는 안 됩니다. 

- **D**에서 을은 ""사는 게 사는 게 아니야""라고 말합니다. 이는 문자 그대로 보면 '삶이 삶이 아니다'라는 논리적으로 불가능한 거짓된 진술입니다. 을은 자신의 처지가 매우 힘들다는 것을 과장된 표현(과장법)으로 나타내기 위해 일부러 사실이 아닌 말을 한 것입니다. 따라서 대화의 진실성을 지키지 않은 사례입니다.

**다른 보기들 분석:**
- **A**: 질문에 직접 답하지 않고 화제를 돌렸지만(관련성의 격률 위반), 거짓된 말을 한 것은 아닙니다.
- **B**: 단순히 질문을 한 것이므로 위반이 없습니다.
- **C**: ""너도 참 너다""는 상대의 성향에 대한 평가로, 거짓이나 근거 없는 주장이라기보다 빈정대는 표현입니다.
- **E**: 사과하는 말로, 진실성과 무관합니다.
- **F**: ""어딘가엔 있겠지""는 동어반복적이고 소극적인 대답으로 정보를 주지 않지만(관련성/방식의 격률 위반), 그 자체로 거짓된 말은 아닙니다.
- **G**: ""여름은 여름이군요""는 동어반복으로 공허한 확인일 뿐, 거짓된 말이 아닙니다.
- **H**: ""방에 불 켜져 있잖아""는 민영이의 위치를 추론하게 하는 간접 화법으로, 불이 켜져 있다는 사실 자체는 근거가 있는 말입니다.
- **I**: ""그냥 친구""는 모호하게 답하며 정보를 숨긴 것이지(방식의 격률 위반), 거짓말을 한 것은 아닙니다.
- **J**: 상대의 말에 대한 적절한 제안으로, 진실성과 무관합니다.

결론적으로, 명시적으로 **거짓이거나 근거가 없는 말**을 한 것은 **D**가 유일합니다."
Syntax,Agreement,2,J,J,"정답: **J: ㅁ**

**ㄱ[나]**는 이야기하는 화자, 즉 부모님과 함께 서울대공원에 간 아이를 가리킵니다.  
부모님이 그 아이를 부르는 말이 **ㅁ[얘]**이므로, **ㄱ[나]와 같은 대상**을 가리킵니다."
Semantics,Inter-sentence Relations,3,H,,[EMPTY_RESPONSE]
Syntax,Agreement,2,B,,[EMPTY_RESPONSE]
Syntax,Agreement,1,I,I,"정답은 **I**입니다.

**이유:**
**I: ""이 물건이 정말 네 것이라면, 그렇다는 증거를 보여봐라.""**  
이 문장에서 '보여봐라'는 '보이다' + 보조동사 '보다'가 결합된 형태입니다. 여기서 '보이다'는 '보다'의 피동형(보이게 되다)이 아니라, **사동형**(남에게 보이게 하다, 즉 '보여주다')으로 쓰였습니다. 목적어('증거를')를 취하고 있어 피동문이 될 수 없습니다. 따라서 피동 표현이 포함되지 않았습니다.

---

**다른 문장들의 피동 표현 분석:**
- **A:** '실려가다' → '싣다'의 피동형 '실리다' (금이 가다, 실려가다)
- **B:** '들려오다' → '듣다'의 피동형 '들리다' (소리가 들려오다)
- **C:** '쫓겨나다' → '쫓다'의 피동형 '쫓기다' (쫓겨나다)
- **D:** '바뀌다' → '바꾸다'의 피동형 (가방이 바뀌다)
- **E:** '먹혀버리다' → '먹다'의 피동형 '먹히다' (쿠키를 먹혀버리다)
- **F:** '닫히다' → '닫다'의 피동형 (문이 닫히다)
- **G:** '베이다' → '베다'의 피동형 (손을 베이다)
- **H:** '얽혀있다' → '얽다'의 피동형 '얽히다' (줄이 얽혀있다)
- **J:** '밀려나다' → '밀다'의 피동형 '밀리다' (순위권에서 밀려나다)"
Semantics,Semantic Compatibility,1,E,E,"정답은 **E: 주어가 의미적으로 서술어에 적절하지 않다.** 입니다.

**이유:**
문장 ""철수가 산 책 한 권이 학교를 지나 개천으로 달렸다.""는 문법적 구조(통사 구조) 자체는 정상입니다. 
- 주어: 책 한 권이
- 서술어: 달렸다 (학교를 지나 / 개천으로는 부사어 및 연결어미 구성)

하지만 **'책'** 이라는 무생물(사물)이 **'달리다'** 라는 유생물(생명체)만 할 수 있는 동작을 하는 것은 의미적으로 말이 되지 않습니다. 즉, 주어(책)와 서술어(달렸다)의 의미론적 결합 관계가 어긋난 **의미적 비문**입니다.

**다른 보기들이 틀린 이유:**
- A, B, C, D, F, G, H, I: 구조적 문제나 자릿수(논항) 문제, 어순 문제는 해당 없음.
- J: 의미적으로 비문이므로 ""비문이 아니다""는 틀림."
Syntax,Embedded Clauses,1,G,G,"정답은 **G**입니다.

**해설:**

- **G (갑자기 마감 기한이 연장되는 것은 부당하다.)**에서 **""갑자기 마감 기한이 연장되는 것""**이 안긴 문장입니다. 이 문장은 '-(으)ㄴ/는 것'의 형식으로 명사화되어 전체 문장에서 **주어** 역할을 합니다. (서술어: 부당하다)

**다른 보기들의 안긴 문장 역할 분석:**

- **A**: '리허설을 하기에' → **부사어** (이유/시간)
- **B**: '밥알이 크다' → 안긴 문장이 아니라 **이중 주어문** (큰 주어: 숭늉은, 작은 주어: 밥알이)
- **C**: '외할아버님이 뭘 염려하시는지' → **목적어** (알고 있다의 대상)
- **D**: '사건의 심각성을 실감한' → **관형어** (심부름꾼을 수식)
- **E**: '시외버스가 정상 운행되는지' → **목적어** (여쭙고 싶다의 대상)
- **F**: '앞으로 연재될' → **관형어** (에피소드를 수식)
- **H**: 안긴 문장 없음 (단문)
- **I**: '상인이 지니고 있던' → **관형어** (비녀를 수식)
- **J**: '매너가 좋다' → 안긴 문장이 아니라 **이중 주어문** (큰 주어: 미화원들은, 작은 주어: 매너가)"
Syntax,Embedded Clauses,1,G,G,"정답은 **G**입니다.

**해설:**

- **G: 이 중학생이 테스트를 제시간에 마쳤는지가 의심스럽다.**
  - 안긴 문장: **""이 중학생이 테스트를 제시간에 마쳤는지""** (명사절)
  - 이 문장이 문장 전체에서 '주어' 역할을 합니다. 안긴 문장 뒤에 주격 조사 **'-가'**가 붙어 있고, 서술어 **""의심스럽다""**의 주체가 바로 이 안긴 문장입니다. (즉, ""그가 마쳤는지""가 의심스럽다는 뜻)

**다른 보기들의 안긴 문장 역할:**

- **A:** ""우리 부모님이 맞벌이 하시는지"" → **목적어** (물어보았다)
- **B:** ""어제 산"" → **관형어** (세발자전거를 수식)
- **C:** ""두통이 심하던"" → **관형어** (마누라를 수식)
- **D:** ""공부에 방해되게"" → **부사어** (바스락거렸다를 수식)
- **E:** ""시간이 지날수록"" → **부사어** (놀랐다를 수식)
- **F:** ""기후가"" → 안긴 문장이 아니라 이중 주어문의 **주어** (아프리카는 기후가 건조하다. 여기서 '기후가'는 안긴 문장이 아닌 단일 문장의 주어)
- **H:** ""벌집을 실수로 건드린"" → **관형어** (뻐꾸기를 수식)
- **I:** ""관심사가"" → 안긴 문장이 아니라 이중 주어문의 **주어** (남자친구는 관심사가 특이하다)
- **J:** ""가족사진 찍기"" → **목적어** (거부했다)"
Syntax,Embedded Clauses,1,C,C,"C: 꽃을 잘 키우기란 까다롭다.

여기서 안긴 문장은 **“꽃을 잘 키우기”**이며, 명사형 어미 ‘-기’가 붙어 명사절이 되어 전체 문장의 **주어** 역할을 합니다."
Pragmatics,Implicature,1,C,C,C: 갑은 방송에 나온 장소에 방문하고 싶다고 생각한다.
Syntax,Embedded Clauses,2,J,J,"정답은 **J**입니다.

**해설:**
J의 안긴 문장은 **""야구공을 잘 던지시던""**입니다. 
이 문장을 홑문장(절)으로 풀어 쓰면 **""할아버지가 야구공을 잘 던지셨다""**가 되며, 이때 동사 '던지시-'의 동작 주체는 **<할아버지>**입니다. 따라서 꺾쇠 안의 '할아버지'는 안긴 문장에서 **주어** 기능을 합니다.

**다른 보기들이 안긴 문장에서 갖는 기능은 다음과 같습니다:**
- **A (빵):** '구운'의 목적어 (빵을 굽다)
- **B (곳):** '팔았던'의 부사어/처격어 (곳에서 팔다)
- **C (배):** '발견한'의 목적어 (배를 발견하다)
- **D (직업):** '되고 싶었던'의 보어 (직업이 되다)
- **E (드레스):** '만든'의 목적어 (드레스를 만들다)
- **F (집):** '본'의 목적어 (집을 보다)
- **G (물티슈):** '뭉쳐놓은'의 목적어 (물티슈를 뭉쳐놓다)
- **H (아이):** '좋아하는'의 목적어 (아이를 좋아하다)
- **I (질문):** '했던'의 목적어 (질문을 하다)"
Syntax,Argument Structure & Valency,2,H,,[EMPTY_RESPONSE]
Syntax,Argument Structure & Valency,3,I,,[EMPTY_RESPONSE]
Syntax,Argument Structure & Valency,3,E,E,"정답은 **E**입니다.

**이유:**
'필수적 부사어'란 문장의 성립에 반드시 필요한 부사어로, 이를 생략하면 문장이 성립하지 않거나 의미가 크게 손상되는 성분을 말합니다. 

- **E (수상자로)**: 동사 '발탁되다'는 '~로 발탁되다'처럼 **선택되거나 뽑히는 신분/자격**을 반드시 요구합니다. '물리학자가 최종 발탁되었다'라고만 하면 '무엇으로' 발탁되었는지가 빠져 의미가 완성되지 않으므로, '수상자로'는 필수적 부사어입니다.

**다른 보기들이 필수적 부사어가 아닌 이유:**
- **A (재래시장에서)**: '요리하다'는 장소 없이도 '요리하는 것을 좋아한다'로 문장이 성립합니다. (수의적 부사어)
- **B (영양실조로)**: '앓아눕다'는 원인 없이도 '오누이가 앓아누웠다'로 문장이 성립합니다.
- **C (시계탑에서)**: '부르짖다'는 장소 없이도 '정의를 부르짖었다'로 문장이 성립합니다.
- **D (오막살이집에)**: '가져오다'는 방향이 없어도 '떡을 가져오셨습니까'로 문장이 성립합니다. (방향은 수의적)
- **F (하루아침에)**: '급증하다'는 시간 없이도 '실업률이 급증했다'로 문장이 성립합니다.
- **G (차도에까지)**: '범람하다'는 범위 없이도 '강물이 범람했다'로 문장이 성립합니다.
- **H (아버지보단)**: '닮다'는 비교 대상이 필요하지만, '어머니와'가 필수적이며 '아버지보단'은 단순히 비교의 기준을 덧붙이는 수의적 부사어입니다.
- **I (소맷자락에)**: '쌓이다'는 장소 없이도 '눈이 소복이 쌓인 것이 보이니'로 문장이 성립합니다.
- **J (그끄저께)**: '전사하다'는 시간 없이도 '한국 병사가 이스라엘에서 전사하였다'로 문장이 성립합니다. (오히려 '이스라엘에서'가 장소 부사어이지만, 이것도 생략 가능)"
Syntax,Embedded Clauses,3,G,G,"정답은 **G**입니다.

**이유:**
G의 문장 ""코카인이 밀수입된 <항구>는 나의 관할이 아니다.""에서 안긴 문장은 **""코카인이 밀수입된""** (관형절)입니다. 
이 관형절이 꾸미는 명사 '항구'는 안긴 문장 속에서 **""코카인이 (항구에) 밀수입되다""**처럼 처소를 나타내는 **부사어(부사격 조사 '에'가 생략된 형태)** 기능을 합니다.

**다른 보기들의 기능:**
- **A, D, E, F, I, J**: 안긴 문장에서 꺾쇠 안의 명사가 **주어** 역할을 합니다. (예: A의 '군주'는 ""군주가 폐하여지다""의 주어)
- **B, C, H**: 안긴 문장에서 꺾쇠 안의 명사가 **목적어** 역할을 합니다. (예: B의 '운명'은 ""운명을 도려내고 싶다""의 목적어)"
Semantics,Rhetorical Expressions,1,E,E,"정답은 **E**입니다.

**해설:**
지문에서 소개된 선생님은 학생의 마음을 보살피고 꿈을 찾도록 돕는 데 보람을 느끼는, 따뜻하고 헌신적인 분입니다.

- **E (저 선생님께 진로상담을 받는다면 바늘방석에 앉은 느낌이겠지.)**는 '바늘방석'이라는 표현 때문에 **불안하고 초조하며 편안하지 않은 느낌**을 나타냅니다. 이는 학생을 편안하게 보살피고 격려하는 선생님의 이미지와 정반대이므로 적절하지 않습니다.

**다른 보기들(적절한 설명):**
- **A**: 학업 부담을 털어놓고 싶을 만큼 상담을 잘 해주는 선생님.
- **B**: 폭풍우(어려움)를 이겨낼 힘을 주는 선생님.
- **C**: 채찍질(엄한 벌) 없이도 잘 지도하는 따뜻한 선생님.
- **D**: 꿈을 찾도록 도와주니 진로 찾기에 열풍이 불겠다는 긍정적 반응.
- **F**: 얼음장 같은 마음(차가운 마음)도 녹일 만큼 따뜻한 선생님.
- **G**: 인생의 갈림길(진로)에서 의지가 되는 선생님.
- **H**: 천군만마(든든한 지원군)를 얻은 기분이라는 긍정적 표현.
- **I**: 비단결 같은 마음씨(부드럽고 고운 마음)로 그리움을 사는 선생님.
- **J**: 미담(좋은 이야기)이 심금(마음)을 울린다는 긍정적 표현."
Semantics,Ambiguity,1,I,I,"정답: **I**

**이유:**  
""방학 숙제는 두 도시의 거리를 조사하는 것이다.""에서 ""거리""는 **두 도시 사이의 공간적 간격** 또는 **길(도로)** 으로 해석될 수 있어 중의적입니다. 따라서 ""중의적이지 않다""는 설명은 적절하지 않습니다."
Semantics,Ambiguity,2,A,A,"가장 적절하지 않은 것은 **A**입니다.

**이유:**
""전원이 문제였다""에서 '전원'은 **'전체 인원'**과 **'전류 공급(전원)'**의 두 가지로 해석될 수 있는 중의적 표현입니다. 따라서 ""한 가지 뜻으로만 해석된다""는 A의 진술은 사실이 아닙니다.

**다른 선택지 검토:**
- **B, I, J**: '약 두 개'는 '대략 두 개(약=약간)'와 '약품 두 개(약=藥)'로 해석되어 중의적이며, 각각의 해석이 가능합니다. (적절)
- **C, F, G**: '입장'은 '견해나 처지(立場)'와 '어떤 곳으로 들어감(入場)'으로 해석될 수 있어 중의적이며, C와 F의 해석 모두 가능합니다. (적절)
- **D, E, H**: '전원'의 중의성과 각각의 해석(전체 인원, 전류 공급)이 모두 맞는 설명입니다. (적절)

따라서 정답은 **A**입니다."
Semantics,Ambiguity,2,B,B,"정답: **B**

**이유:**  
""금을 그대로 두어라""에서 ""금""은 **금속(金)** 또는 **자국(線, 금)** 으로 해석될 수 있습니다. 따라서 ""금""을 자국으로 해석하는 것이 가능하므로 B가 적절합니다. 다른 보기들은 중의성이나 의미 해석에 오류가 있습니다."
Semantics,Ambiguity,2,J,,[EMPTY_RESPONSE]
Semantics,Rhetorical Expressions,1,B,B,B: 뜬구름 잡는
Syntax,Agreement,3,H,,[EMPTY_RESPONSE]
Syntax,Ellipsis,2,D,D,"정답은 **D, J**입니다.

각 문장을 하나씩 살펴보면 다음과 같습니다.

- **A**: ""소지 및 사용**이** 가능한"" → 주어 자리이므로 '이/가'가 적절합니다.
- **B**: ""이번 여름**에** 자주 보이는"" → 시간을 나타내는 부사격 조사 '에'가 적절합니다.
- **C**: ""최근**에** 초등 저학년"" → 시간을 나타내는 '에'가 적절합니다. ('최근에'는 표준 표현입니다.)
- **D**: ""연구 인원**에서** 모집"" → '모집하다'는 목적어를 필요로 하는 타동사이므로 ""인원**을** 모집""이 맞습니다. '에서'는 부적절합니다.
- **E**: ""동일**한** 장소"" → '동일하다'의 관형사형 '동일한'이 적절합니다.
- **F**: ""나**를** 볼 때마다"" → '보다'의 목적어이므로 '을/를'이 적절합니다.
- **G**: ""개인적**인** 사정"" → '개인적이다'의 관형사형 '개인적인'이 적절합니다.
- **H**: ""서울**에** 눈보라"" → 장소를 나타내는 '에'가 적절합니다.
- **I**: ""우리**가** 함께 들어 있어"" → 주어 자리이므로 '이/가'가 적절합니다.
- **J**: ""기어코 너**가** 하루 몰래..."" → '너'에 주격 조사 '가'가 결합하면 표준어로 **'네가'**가 되어야 합니다. '너가'는 비표준어이므로 '이/가'를 그대로 쓰는 것은 부적절합니다.

따라서 조사가 적절하지 않은 것은 **D**와 **J**입니다."
Syntax,Argument Structure & Valency,3,D,,[EMPTY_RESPONSE]
Syntax,Embedded Clauses,3,J,J,"정답은 **J**입니다.

**분석:**

- **J**: ""그렇게 해서 모면할 수 있을 <위기>라면 애초에 없었지.""
  - 안긴문장(관형절): ""그렇게 해서 모면할 수 있을""
  - 이 관형절이 꾸미는 명사(핵심어)는 **<위기>**입니다.
  - 관형절을 풀어 쓰면 **""위기를 그렇게 해서 모면할 수 있다""**가 됩니다.
  - 여기서 '모면하다'는 타동사이므로, 목적어는 **'위기를'**입니다. 따라서 꺾쇠 안의 '위기'는 안긴문장에서 **목적어** 기능을 합니다.

**다른 보기들 간단 검토:**
- **A**: ""재조정된 <세출>"" → '세출이 재조정되다' (피동문, 주어 기능)
- **B**: ""약동하는 <한해의 시작>"" → '한해의 시작이 약동하다' (주어 기능)
- **C**: ""앉은 <대학원생>"" → '대학원생이 앉다' (주어 기능)
- **D**: ""말달리는 <소리>"" → '패잔병이 말을 달리는 소리' (소리는 주어, 말이 목적어)
- **E**: ""밀생한 <속리산의 한 지역>"" → '오동나무가 (속리산의 한 지역에) 밀생하다' (부사어 기능)
- **F**: ""내리는 <비>"" → '비가 내리다' (주어 기능)
- **G**: ""전출 나간 <패거리>"" → '패거리가 전출 나가다' (주어 기능)
- **H**: ""허술한 <알고리즘>"" → '알고리즘이 허술하다' (주어 기능)
- **I**: ""부르는 <그>"" → '그가 내게 세레나데를 부르다' (주어 기능)

따라서 조건(1. 종속 관형절, 2. 꺾쇠 용어가 목적어)을 모두 만족하는 것은 **J**입니다."
Syntax,Agreement,2,C,,[EMPTY_RESPONSE]
Morphology,Word Formation,1,J,C,"정답은 **C(미닫이)**와 **J(목거리)**입니다.

**이유 설명:**

한글 맞춤법에서는 파생어를 만들 때, 어원(원형)이 분명하고 의미가 그대로 이어지면 원형을 밝혀 적습니다. 하지만 발음이 변하거나 의미가 고정되어(관용화) 원형을 밝혀 적지 않는 경우가 있습니다.

- **C: 미닫이**  
  - 원형: **밀다** + 닫다 + -이  
  - '밀다'의 어간 '밀-'에서 'ㄹ'이 탈락하여 '미닫이'로 굳어졌습니다. 원형 '밀'을 밝혀 '밀닫이'로 적지 않으므로, **원형을 밝혀 적지 않은 경우**입니다.

- **J: 목거리**  
  - 원형: 목 + **가리다** + -이  
  - '가리다'의 어간 '가리-'가 '거리'로 모음이 바뀌어 굳어졌습니다. 원형 '가리'를 밝혀 '목가리'로 적지 않으므로, **원형을 밝혀 적지 않은 경우**입니다.

**나머지 보기들은 원형을 밝혀 적은 경우입니다.**
- **A(앎)**: 알다 + -ㅁ → '앎' (원형 '알' 유지)
- **B(벼훑이)**: 벼 + 훑다 + -이 → '벼훑이' (원형 '훑' 유지)
- **D(죽음)**: 죽다 + -음 → '죽음' (원형 '죽' 유지)
- **E(만듦)**: 만들다 + -ㅁ → '만듦' (원형 '만들' 유지, 발음은 [만듬])
- **F(살림살이)**: 살다 + -ㅁ + 살다 + -이 → '살림살이' (원형 '살' 유지)
- **G(얼음)**: 얼다 + -음 → '얼음' (원형 '얼' 유지)
- **H(익히)**: 익다 + -히 → '익히' (원형 '익' 유지)
- **I(작히)**: 작다 + -히 → '작히' (원형 '작' 유지)

따라서 원형을 밝혀 적지 않은 것은 **C와 J**입니다."
Semantics,Rhetorical Expressions,3,J,,[EMPTY_RESPONSE]
Morphology,POS & Morphemes,2,D,D,"正确答案：**D: 가, -자, 들, 은, 히, 로, -았-, -다**

简要分析：

문장: **비가 내리자 인부들은 황급히 건물로 갔다.**

형식 형태소(문법 기능을 하는 형태소)를 순서대로 찾으면:

1. **가** – 주격 조사  
2. **-자** – 연결 어미  
3. **들** – 복수 접미사  
4. **은** – 보조사  
5. **히** – 부사 파생 접미사  
6. **로** – 조사  
7. **-았-** – 선어말 어미(과거 시제)  
8. **-다** – 종결 어미  

따라서 **D**가 맞습니다."
Semantics,Rhetorical Expressions,3,B,,[EMPTY_RESPONSE]
Phonetics/Phonology,Articulatory Phonetics,3,B,B,"答案：**B(한), G(문), J(날)**

解析：  
“지속음(持续音)”指发音时气流可以持续流出的辅音，主要包括**摩擦音、鼻音、流音**。

- **B 한**：초성 ㅎ → 마찰음(摩擦音) → 지속음  
- **G 문**：초성 ㅁ → 비음(鼻音) → 지속음  
- **J 날**：초성 ㄴ → 비음(鼻音) → 지속음  

其他选项的初声多为破裂音或破擦音，不属于持续音。"
Phonetics/Phonology,Articulatory Phonetics,3,A,A,"정답은 **A: 럼**입니다.

**이유:**
한국어 음운론에서 **향음(響音, sonorant)**은 공명음이라고도 하며, 소리가 울리면서 장애 없이 나는 소리를 말합니다. 대표적인 향음 초성은 **ㄴ, ㄹ, ㅁ, ㅇ**입니다.

각 보기의 초성을 살펴보면:

- A: 럼 → **ㄹ** (향음)
- B: 춤 → ㅊ (마찰/파찰음, 장애음)
- C: 칼 → ㅋ (파열음, 장애음)
- D: 자 → ㅈ (파찰음, 장애음)
- E: 탈 → ㅌ (파열음, 장애음)
- F: 달 → ㄷ (파열음, 장애음)
- G: 밥 → ㅂ (파열음, 장애음)
- H: 학 → ㅎ (마찰음, 장애음)
- I: 각 → ㄱ (파열음, 장애음)
- J: 삵 → ㅅ (마찰음, 장애음)

따라서 초성이 향음(공명음)인 단어는 **럼**뿐입니다.

(참고로, 만약 문제가 '후음(喉音, 목구멍 소리)'을 의도한 것이라면 ㅎ이 포함된 **H: 학**이 정답이 되지만, 문제에 명시된 '향음'은 공명음을 뜻하므로 **A**가 맞습니다.)"
Phonetics/Phonology,Articulatory Phonetics,3,J,,[EMPTY_RESPONSE]
Phonetics/Phonology,Phonological Constraints,3,D,D,"정답은 **D: 이 현상은 '연구' 대상이다.** 입니다.

**이유:**
두음법칙은 단어의 첫머리에서 'ㄹ'이나 'ㄴ'이 특정 모음 앞에서 'ㅇ'으로 바뀌는 현상입니다. 즉, 원래 한자음이 'ㄹ' 또는 'ㄴ'으로 시작하는 단어가 두음법칙이 적용된 것입니다.

각 단어의 원래 한자음을 살펴보면:

- **A. 연습 (練習):** 練(련) → 두음법칙 적용 (ㄹ → ㅇ)
- **B. 유행 (流行):** 流(류) → 두음법칙 적용 (ㄹ → ㅇ)
- **C. 연락 (連絡):** 連(련) → 두음법칙 적용 (ㄹ → ㅇ)
- **D. 연구 (硏究):** 硏(연) → 원래부터 'ㅇ'으로 시작. **두음법칙 적용 안 됨**
- **E. 여자 (女子):** 女(녀) → 두음법칙 적용 (ㄴ → ㅇ)
- **F. 여행 (旅行):** 旅(려) → 두음법칙 적용 (ㄹ → ㅇ)
- **G. 여군 (女軍):** 女(녀) → 두음법칙 적용 (ㄴ → ㅇ)
- **H. 요리 (料理):** 料(료) → 두음법칙 적용 (ㄹ → ㅇ)
- **I. 이론 (理論):** 理(리) → 두음법칙 적용 (ㄹ → ㅇ)
- **J. 이륙 (離陸):** 離(리) → 두음법칙 적용 (ㄹ → ㅇ)

따라서 '연구'의 '연(硏)'은 본래부터 'ㅇ'으로 시작하는 한자이므로 두음법칙이 적용되지 않은 예시입니다."
Phonetics/Phonology,Phonological Constraints,3,B,B,"정답은 **B: '연산'공식을 외우면 계산에 도움이 된다.** 입니다.

**이유:**
두음법칙은 한자어의 첫머리에서 'ㄹ'이나 'ㄴ'이 특정 모음 앞에서 변하는 현상입니다. 
- 'ㄹ'은 '"
Phonetics/Phonology,Phonological Constraints,3,E,,[EMPTY_RESPONSE]
Phonetics/Phonology,Suprasegmental Features,3,J,,[EMPTY_RESPONSE]
Phonetics/Phonology,Articulatory Phonetics,2,J,I,"정답은 **I: ㅎ**입니다.

'향음'은 '후음(喉音)'의 오타로 보이며, 후음은 목청에서 나는 소리로 한국어 자음 중 **ㅎ**이 이에 해당합니다. 보기에서 자음은 E, G, H, I, J이며, 그중 후음은 ㅎ뿐입니다."
Syntax,Agreement,3,B,B,"정답은 **B**입니다.

**이유:**
B의 '뒤얽혀 있다'는 피동 표현처럼 보이지만, 실제로는 '뒤얽히다'가 자동사로 굳어져 현재의 상태를 나타내는 표현입니다. 이를 능동문으로 바꾸려면 ""누가 뿌리들을 뒤얽었다""가 되어야 하는데, 이는 문법적으로는 가능하나 의미가 매우 어색하고, 실제로 '뒤얽다'라는 능동 동사가 일상적으로 쓰이지 않아 자연스러운 능동 표현으로 전환할 수 없습니다.

**다른 보기들의 능동 전환 예시:**
- **A**: 농노들이 비를 수호신으로 받들었다.
- **C**: 당주가 이웃 가문 사람들의 재산을 강제로 내걸었다.
- **D**: 상대 격투가가 나를 코너에 곤두박았다.
- **E**: 반란군이 제국의 수도를 에워쌌다.
- **F**: 내가 철물점 내부를 건너다본다.
- **G**: 적장이 아군 포로들을 진흙탕에서 무릎을 꿇렸다.
- **H**: 보스가 그 조직원의 입을 다물렸다.
- **I**: 잔불이 시멘트 가벽을 시커멓게 그슬렸다.
- **J**: 마누라가 내 친구의 팔을 쥐어뜯었다.

따라서 능동 표현으로 바꿀 수 없는 것은 **B**입니다."
Syntax,Agreement,3,A,C,"정답은 **C**입니다.

**이유:**
C의 ""트이다""는 ""트다""의 피동형이지만, ""답답했던 가슴도 트였다""에서 쓰인 의미는 '막혔던 것이 시원하게 통하다'라는 **상태의 변화**를 나타내는 자동사적 표현입니다. 
이를 능동문으로 바꾸려면 ""야경이 가슴을 텄다""가 되는데, 이는 '트다'의 타동사적 의미(뚫다, 개척하다)와 맞지 않아 어색하거나 비문이 됩니다. 즉, 행위자가 명확하지 않고 주어 스스로 상태가 변화하는 의미이므로 자연스러운 능동문으로 변환할 수 없습니다.

**다른 보기들은 모두 능동문으로 자연스럽게 바꿀 수 있습니다.**
- A: (베개 등이) 머리카락을 짓눌렀다.
- B: 대중이 그녀를 일류 골프 선수로 손꼽는다.
- D: 상대편이 우리 팀을 휘둘렀다.
- E: 무당이 처녀귀신을 사로잡았다.
- F: 들짐승이 농작물들을 짓밟았다.
- G: 직원 한 명이 각종 서류들을 뒤섞어 버렸다.
- H: 행인이 내 손목을 붙들었다.
- I: 호랑이가 고라니를 잡아먹었다.
- J: 침입자들이 창고를 털었다."
Syntax,Agreement,3,B,,[EMPTY_RESPONSE]
Syntax,Agreement,2,I,I,"정답은 **I**입니다.

**이유:**
피동문을 능동문으로 바꾸려면 행위자(주체)가 명시적이거나 암시적으로 존재해야 합니다. 그러나 **I번(새 옷에 주름이 잔뜩 잡혔다)** 은 특정한 행위자가 없이 자연스럽게 발생한 상태 변화를 나타내는 **상태 피동**입니다.

- '주름이 잡히다'는 옷감이 구겨지거나 접혀서 생긴 자연스러운 현상을 뜻합니다.
- 이를 능동문으로 바꾸려면 ""새 옷이 주름을 잡았다""라고 해야 하는데, 이는 문법적으로 성립하지 않으며, 억지로 ""사람이 새 옷에 주름을 잡았다""라고 하면 원래 문장의 의미(자연 발생)와 달라집니다.

**나머지 보기들은 모두 능동문으로 바꿀 수 있습니다.**
- A: 적의 군대가 정문을 뚫었다.
- B: (사람이) 어려운 문제를 드디어 풀었다. (암시적 행위자)
- C: 많은 사람이 그 책을 읽었다.
- D: 사냥꾼이 토끼를 쫓고 있다.
- E: 낯선 사람이 내 발을 밟았다.
- F: 여동생이 내 소매를 붙잡았다.
- G: 모기가 내 팔을 여러 번 물었다.
- H: 멋진 그림이 내 마음을 빼앗았다.
- J: 거센 바람이 나무마저 흔들었다.

따라서 능동 표현으로 바꿀 수 없는 것은 **I**입니다."
Syntax,Agreement,3,A,,[EMPTY_RESPONSE]
Syntax,Agreement,2,J,J,"주동문(主動文)이란 주어가 동작을 직접 행하는 문장을 말하며, 피동문(被動文)이나 사동문(使動文)이 아닌 문장을 뜻합니다.

주어진 보기 중 **주동문이 아닌 것**은 **J**입니다.

- **J: 옛 정에 너무 그렇게 얽매이지 마라.**
  - 이 문장의 서술어는 **'얽매이다'**입니다. 이는 동사 **'얽매다'**에 피동 접미사 **'-이-'**가 결합된 피동사입니다. 즉, '옛 정'에 의해 주어(너)가 얽매이는(묶이는) 동작을 당하는 의미이므로 **피동문**에 해당합니다.

**다른 보기들(A~I)의 간단한 분석:**
- **A, B, C, D, E, F, H**: 주어가 동작을 직접 행하는 능동사(장만했다, 가로챘다, 공유한다, 출몰했다, 강조했다, 갉아먹었다, 거들떠보지 않았다)를 사용한 **주동문**입니다.
- **G, I**: '감쪽같다', '무한하다'는 형용사(상태나 성질을 나타냄)로, 동작의 주체가 직접 행하는 능동의 의미를 가지므로 주동문의 범주에 포함됩니다.

따라서 정답은 **J**입니다."
Syntax,Agreement,3,G,,[EMPTY_RESPONSE]
Syntax,Agreement,3,I,I,"정답은 **I**입니다.

**이유:**
'녹였다'는 주동사 '녹다'에 사동 접미사 '-이-'가 결합된 **사동 표현(사동문)**입니다. 
- 주동 표현: 고드름이 녹았다. (주어가 스스로 녹음)
- 사동 표현: 입김으로 고드름을 녹였다. (주어가 다른 대상(고드름)을 녹게 함)

나머지 보기들은 모두 주어가 직접 동작을 행하는 **주동 표현**입니다.

- A: (내가) 근심을 내려놓았다.
- B: (아기가) 혀를 깨물었다.
- C: (선주가) 꿈을 꾸었다.
- D: (내가) 선을 그었다.
- E: (가로등이) 가득하다. (상태·묘사 표현)
- F: (개구리가) 울고 있다.
- G: (옆 차가) 끼어들었다.
- H: (배우가) 옷을 갈아입었다.
- J: (자동차가) 굴러가고 있다.

따라서 사동 표현이 포함된 **I**가 정답입니다."
Phonetics/Phonology,Phonological Alternation,3,B,,[EMPTY_RESPONSE]
Semantics,Semantic Compatibility,1,H,H,"가장 부적절한 선지는 **H: 민주가 명단을 결심했다.**입니다.

**이유:**
동사 **'결심하다'**는 주로 '마음을 단단히 먹다' 또는 '어떤 일을 하기로 마음속으로 정하다'라는 뜻으로, 주로 **행동이나 의지**와 관련된 목적어(예: 결심을 하다, 출가를 결심하다)와 함께 쓰입니다. 
하지만 '명단'은 구체적인 **대상이나 사물**이므로, '명단을 결심했다'는 어휘 간의 의미상 호응(결합 관계)이 어색합니다. 

이 문장을 자연스럽게 고치려면 **'민주가 명단을 결정했다'** 또는 **'민주가 명단을 확정했다'**라고 해야 적절합니다. 

나머지 선지들은 모두 문법적으로나 의미적으로 자연스러운 문장입니다."
Semantics,Semantic Compatibility,1,G,G,"가장 어색한 선지는 **G: 여자아이가 여행을 매겼다.** 입니다.

**이유:**
'매기다'는 주로 **세금, 값, 점수, 벌칙** 등을 부과하거나 정할 때 사용하는 동사입니다. (예: 세금을 매기다, 값을 매기다, 점수를 매기다)
'여행'은 '가다', '떠나다', '계획하다' 등의 동사와 어울리며, '여행을 매기다'는 전혀 성립하지 않는 잘못된 문장입니다.

**다른 선지들에 대한 간단한 해설:**
- **A, B, C, D, E, H, J**: 모두 자연스러운 문장입니다.
- **F (아픔이 늦게 가신다)**: '가시다'는 '열이 가시다', '아픔이 가시다'처럼 증상이 사라질 때 쓰는 정상적인 표현입니다. ('늦게'가 붙어도 자연스럽습니다)
- **I (그 회사원은 구두를 교체한다)**: '갈아 신는다'가 더 일상적이지만, '교체한다'도 문법적으로 틀리지 않고 의미가 통하는 문장입니다.

따라서 동사와 목적어의 결합이 완전히 어긋난 **G**가 가장 어색합니다."
Semantics,Semantic Compatibility,2,I,E,"정답: **E**

**해설:**

- **E (정답):** ""걷다""는 여러 의미를 가진 동사입니다. 
  - '거두어 치우다'라는 뜻으로 쓰일 때는 목적어를 취할 수 있습니다. 예: **이불을 걷다**, 소매를 걷다.
  - '흩어져 사라지다'라는 뜻으로 쓰일 때는 자동사이므로 목적어를 취할 수 없습니다. 예: **연무가 걷다** (안개가 걷다). 따라서 ""연무를 걷다""는 성립하지 않습니다. 
  - 즉, ""이불""은 목적어가 가능하지만 ""연무""는 목적어가 될 수 없다는 진술은 적절합니다.

**다른 보기들이 틀린 이유:**

- **A:** ""성사시키다""는 일, 계획, 결혼 등을 이루는 것이지, ""소비재""나 ""고해""와는 어울리지 않습니다.
- **B:** ""선박을 건조하다""는 매우 자연스러운 표현입니다.
- **C:** ""추정하다""의 주어는 사람이면 누구나 가능합니다. 외교관도 조부모도 주어가 될 수 있습니다.
- **D:** ""건재하다""는 '튼튼하게 살아 있다'는 뜻의 자동사로, 목적어를 취할 수 없습니다. ""소속감을 느끼다""가 맞습니다.
- **F:** ""지급하다""는 돈이나 물품을 내어주는 것이지, ""집단행동""과는 어울리지 않습니다.
- **G:** ""관행을 타파하다""가 올바른 능동 표현입니다. ""관행이 타파하다""는 문법적으로 틀렸으며, 피동형은 ""타파되다""입니다.
- **H:** ""선구자를 동경하다""도 자연스럽고, ""동경을 표하다""도 자연스러운 표현입니다.
- **I:** ""계약을 체결하다""는 맞지만, ""협상을 체결하다""는 어색합니다. 협상은 ""타결하다"" 또는 ""마무리하다""와 어울립니다.
- **J:** ""짓무르다""는 자동사로, ""살갗이 짓무르다""가 맞습니다. ""감시자가 살갗을 짓무르다""는 문법적으로 성립하지 않습니다. (감시자의 살갗이 짓물러야 합니다.)"
Semantics,Semantic Compatibility,1,H,H,H: 목적어가 의미적으로 서술어에 적절하지 않다.
Semantics,Word Relationships,1,C,C,"정답: **C: 까다롭지만**

‘식물을 가꾸는 것은 어렵지만 재미있다’에서 ‘어렵지만’은 **손이 많이 가고 까다롭다**는 뜻으로 쓰였습니다.  
‘까다롭지만’이 문맥상 가장 자연스럽고 의미가 가깝습니다."
Semantics,Semantic Compatibility,1,G,,[EMPTY_RESPONSE]
Semantics,Semantic Compatibility,1,H,H,"가장 어색한 선지는 **H: 여자아이가 여행을 매겼다.**입니다.

**이유:**
'매다'는 끈이나 줄을 묶거나, 신발끈을 묶을 때, 또는 가방을 어깨에 멜 때(이 경우는 '메다'가 맞지만) 사용하는 동사입니다. 즉, 물리적으로 묶거나 걸치는 행위에 쓰입니다. 
'여행'은 추상적인 행위이므로 '매다'와 결합할 수 없습니다. 올바른 표현은 **""여행을 떠났다""**, **""여행을 갔다""**, 또는 **""여행을 했다""**입니다.

**다른 선지들에 대한 간단한 해설:**
- **A (바위가 부서졌다):** 자연스러운 표현입니다.
- **B (관객이 가수에게 박수를 보낸다):** '박수를 보내다'는 자연스러운 연어(콜로케이션)입니다.
- **C (너는 쉽게 일을 그만두네):** 자연스러운 표현입니다.
- **D (공격이 거세다):** 자연스러운 표현입니다.
- **E (아픔이 늦게 가신다):** '아픔이 가시다'는 관용적인 표현이며, '늦게'가 수식해도 크게 어색하지 않습니다.
- **F (나는 할머니가 그립다):** 자연스러운 표현입니다.
- **G (그 회사원은 구두를 교체한다):** '구두를 교체하다'는 다소 격식 있는 표현이지만 문법적으로 틀리지 않습니다.
- **I (까마귀가 날았다):** 자연스러운 표현입니다.
- **J (그는 미소를 지었다):** 자연스러운 표현입니다.

따라서 동사와 목적어의 결합 관계가 전혀 성립하지 않는 **H**가 가장 어색합니다."
Syntax,Ellipsis,3,A,,[EMPTY_RESPONSE]
Semantics,Inter-sentence Relations,3,B,I,"정답은 **I: 하겠더라**입니다.

**이유를 설명해 드릴게요.**

민서는 ""과대가 나한테 쩌렁쩌렁하게 소리쳤어서 확실히 기억해""라고 말합니다. 즉, **자기가 직접 듣고 겪은 일**을 회상하며 말하는 상황입니다.

- **I: 하겠더라**는 과거에 직접 경험한 사실을 회상하여 전할 때 사용하는 표현입니다. (예: ""엄마가 일찍 오라고 하겠더라."")
  - 문장에 적용하면 ""과대가 나한테 샌드위치 받으라고 **하겠더라**""가 되어, ""과대가 (나에게) 그렇게 말하는 것을 내가 직접 들었어""라는 의미가 되어 '확실히 기억해'라는 말과 자연스럽게 이어집니다.

**다른 선택지가 왜 틀렸는지 간단히 보면:**

- **A: 했다더라**는 남에게서 들어서 아는 것(간접 경험)을 전할 때 쓰므로, 직접 들은 민서의 상황과 맞지 않습니다.
- **B: 하던걸**은 과거에 습관적으로 했던 일을 회상할 때 쓰는데, '아까'라는 특정 시점의 일이므로 어색합니다.
- **C: 하렴**은 윗사람이 아랫사람에게 명령할 때 쓰는 말로, 과대가 민서에게 쓸 표현으로는 적절하지 않습니다.
- **D: 한답시고**는 '~한다고 하면서'라는 뜻으로, 상대방의 행동을 비꼬거나 부정적으로 볼 때 쓰여 맥락에 맞지 않습니다.
- **E: 한다니까**는 상대방이 믿지 않을 때 강조해서 말하는 표현이라, 지수가 의심하지 않는 상황에서는 어색합니다.
- **F, G, H, J**는 각각 '~하겠지만', '~했을지라도', '~하옵소서(아주 높임)', '~했어야지(후회)'의 의미로 모두 문맥에 맞지 않습니다."
Semantics,Inter-sentence Relations,3,D,E,"정답: **C: 살겠네**

**해설:**
성민은 음료 가격이 너무 비싸서 아무도 사지 않을 것이라고 단정적으로 말하고 있습니다. 
- **""살겠네""**는 화자가 상황을 근거로 자신의 판단이나 예측을 단정적으로 표현할 때 사용합니다. ""너무 비싸서 아무도 안 살겠네""는 ""아무도 사지 않을 것 같다""는 결론을 내리는 자연스러운 표현입니다.
- **""살겠지"" (E)**도 가능하지만, 이는 상대방의 동의를 구하거나 가벼운 추측을 나타내는 어감이 강합니다. 앞서 ""하나도 안 팔릴걸""이라고 단정적으로 말한 성민의 어조에는 **""살겠네""**가 더 자연스럽고 맥락에 부합합니다.

따라서 가장 자연스러운 표현은 **C**입니다."
Semantics,Inter-sentence Relations,2,G,G,"정답: **G**

해설:  
동아리실은 **본관 1층**이다. 지영이는 음악실에서 “같은 건물 바로 아래층”인 동아리실로 가려고 했으므로, 음악실은 **본관 2층**이다. 그런데 과학실은 **본관 3층**이므로, 음악실과 과학실은 같은 층이 아니다.

따라서 **G는 확실히 틀린 설명**이다. 나머지 선지는 지문만으로 참/거짓을 확정할 수 없다."
Semantics,Numeral Classifiers,2,D,,[EMPTY_RESPONSE]
Semantics,Numeral Classifiers,3,G,,[EMPTY_RESPONSE]
Pragmatics,Speech Acts,3,A,,[EMPTY_RESPONSE]
Pragmatics,Implicature,1,C,C,C: 나는 친구에게 그 얘기를 앞으로도 하지 않을 것이다.
Semantics,Inter-sentence Relations,3,H,,[EMPTY_RESPONSE]
Semantics,Rhetorical Expressions,3,J,,[EMPTY_RESPONSE]
Semantics,Conjunctions,2,J,,[EMPTY_RESPONSE]
Semantics,Word Relationships,3,E,,[EMPTY_RESPONSE]
Syntax,Argument Structure & Valency,2,D,D,"정답은 **D**입니다.

**해설:**

**필수적 부사어**란 문장을 구성하는 데 있어서 생략할 수 없는 필수 성분을 말합니다. 즉, 이를 빼면 문장이 성립하지 않거나 의미가 크게 달라지는 부사어입니다.

각 보기를 살펴보겠습니다.

- **D: <심장병에> 걸린 환자를 위한 치료법이 연구되고 있다.**
  - 동사 '걸리다'는 **'병에 걸리다'**처럼 특정 대상(병명)을 반드시 필요로 합니다. '걸린 환자'라고만 하면 무엇에 걸렸는지 알 수 없어 문장이 성립하지 않습니다. 따라서 '심장병에'는 생략할 수 없는 **필수적 부사어**입니다.

- **A: 이 젤리는 <미국에서> 수입한 것이다.**
  - '미국에서'를 빼면 ""이 젤리는 수입한 것이다""가 되어 문법적으로 성립합니다. (어디서 수입했는지 정보만 줄어들 뿐입니다.) → **수의적 부사어**

- **B: 나그네가 취해서 <뒤로> 나가떨어졌다.**
  - '뒤로'를 빼면 ""나그네가 취해서 나가떨어졌다""가 되어 문장이 성립합니다. → **수의적 부사어**

- **C: 소방관이 <쓰레기장에서> 한 고양이를 구조했다.**
  - '쓰레기장에서'를 빼면 ""소방관이 한 고양이를 구조했다""가 되어 문장이 성립합니다. → **수의적 부사어**

- **E: <등대에서> 종종 바위섬을 바라보았다.**
  - '등대에서'를 빼면 ""종종 바위섬을 바라보았다""가 되어 문장이 성립합니다. → **수의적 부사어**

- **F: 수상한 사람이 <뒷골목에서> 서성거리고 있다.**
  - '뒷골목에서'를 빼면 ""수상한 사람이 서성거리고 있다""가 되어 문장이 성립합니다. → **수의적 부사어**

- **G: 어릴 적부터 <큰오빠와> 칼싸움을 자주 했다.**
  - '큰오빠와'를 빼면 ""어릴 적부터 칼싸움을 자주 했다""가 되어 문장이 성립합니다. → **수의적 부사어**

- **H: 휴무제가 <오늘부터> 시행되었다.**
  - '오늘부터'를 빼면 ""휴무제가 시행되었다""가 되어 문장이 성립합니다. → **수의적 부사어**

- **I: 나는 <등교길에> 독서실에 들렀다.**
  - '등교길에'를 빼면 ""나는 독서실에 들렀다""가 되어 문장이 성립합니다. (참고로 '독서실에'는 '들르다'의 필수적 부사어이지만, 문제에서 꺾쇠로 표시된 것은 '등교길에'입니다.) → **수의적 부사어**

- **J: <산기슭에> 산들바람이 불고 있다.**
  - '산기슭에'를 빼면 ""산들바람이 불고 있다""가 되어 문장이 성립합니다. → **수의적 부사어**

따라서 꺾쇠 안의 단어가 필수적 부사어인 것은 **D**입니다."
Semantics,Rhetorical Expressions,3,F,I,"정답: I

설명: 지문은 소비자들이 명품 소비를 줄이고 실용적 구매를 선호하는 반면, 명품 브랜드들은 가격 인상을 고수하는 상황을 설명하고 있습니다. 보기 중 I는 ""금리와 물가가 같이 올라가는 건 매우 모순되는 상황 같은데""라고 경제 현상에 대한 의문을 제기할 뿐, 지문의 상황(소비자와 명품 브랜드의 대조적 행동)을 설명하거나 평가하지 않습니다. 따라서 상황 설명으로 적절하지 않습니다."
Semantics,Rhetorical Expressions,3,I,,[EMPTY_RESPONSE]
Semantics,Rhetorical Expressions,2,J,J,"정답은 **J: 못 본 걸 본 듯**입니다.

**해설:**
- **J (못 본 걸 본 듯)**은 ""보지 못한 것을 본 것처럼 행동한다""는 뜻으로, 실제로는 보지 못했지만 본 척하거나, 또는 반대로 **""못 본 척한다""**는 의미로 쓰이는 관용적 표현입니다. 이는 ""일어나""라는 동작이나 새벽의 상황과 전혀 어울리지 않습니다.
- 나머지 보기들은 모두 새벽에 잠에서 깨어나 멍한 정신을 차리며 일어나는 동작이나 상태를 자연스럽게 묘사합니다.
  - A (꽁무니에 불이 붙은 듯): 매우 급하게 서둘러
  - B (찬물을 맞은 듯): 정신이 번쩍 들게
  - C (기를 쓰고): 있는 힘을 다해 억지로
  - D (힘들더라도): 어려움이 있어도
  - E (하품하며): 졸음을 참으며
  - F (눈을 비비고): 잠을 쫓으려고
  - G (개구리처럼 펄떡): 갑자기 벌떡
  - H (죽었다 깨어나듯): 필사적으로 억지로
  - I (기지개 켜고): 몸을 쭉 펴며

따라서 문맥상 가장 적절하지 않은 것은 **J**입니다."
Semantics,Rhetorical Expressions,2,E,E,"정답은 **E: 죽음을 앞둔 불나방**입니다.

**해설:**
강연 문맥은 변동성 높은 시장 속에서도 꾸준히 투자와 확장을 반복하며 성과를 이룬 대표님을 **긍정적이고 능동적인 이미지**로 칭송하는 내용입니다.

- **A, B, C, F, G, H, I, J**는 모두 용기, 확신, 통찰력, 강인함, 안정감 등 긍정적인 비유입니다.
- **D (거대한 바위)**와 **J (흔들리지 않는 산)**는 안정감을, **F (달리는 호랑이)**는 역동성을, **I (멀리 내다보는 새)**는 통찰력을 나타냅니다.
- 반면, **E (죽음을 앞둔 불나방)**는 불꽃에 뛰어들어 죽음을 자초하는 곤충으로, **무모하고 파멸적인 이미지**를 상징합니다. 이는 지속적인 성장과 확장을 이룬 성공한 경영인을 묘사하는 문맥에 전혀 어울리지 않습니다."
Semantics,Rhetorical Expressions,1,H,H,"정답은 **H: 거대한 산처럼**입니다.

**해설:**
""날아올랐다""는 가볍고 역동적인 동작을 의미합니다. 
- A, B, C, E, I, J는 가볍고 빠르거나 유연한 움직임을 나타내는 표현입니다.
- D, F, G는 감정이나 상황을 동작에 비유한 표현으로 문맥상 자연스럽습니다.
- 그러나 **H(거대한 산처럼)**는 산의 무겁고 정적인 이미지를 떠올리게 하여, 평균대에서 가볍게 날아오르는 동작과 어울리지 않습니다. 따라서 가장 적절하지 않은 표현입니다."
Semantics,Numeral Classifiers,1,B,B,B: 세 벌 주문해.
Semantics,Numeral Classifiers,2,H,H,H: 다섯 단 정도 팔렸습니다.
Morphology,Word Formation,1,E,E,"정답은 **E: 며칠**입니다.

**이유:**
<보기>의 규정(한글 맞춤법 제4장 27항)에 따르면, 둘 이상의 단어나 접두사가 결합할 때는 원형을 밝혀 적는 것이 원칙이지만, **어원이 분명하지 않은 경우**에는 원형을 밝히지 않아도 됩니다.

- **며칠**은 '몇' + '일(日)'이 결합한 말로, 원형을 밝혀 적으면 '몇일'이 되어야 합니다. 하지만 '며칠'은 어원이 분명하지 않거나 발음이 [며칠]로 굳어져 표준어로 '며칠'로 인정되므로, 원형을 밝히지 않고 적은 예시입니다. (참고로 '몇일'은 틀린 표기입니다.)

**나머지 보기들은 모두 원형을 밝혀 적은 예시입니다.**
- **A. 엿듣다**: '엿-' + '듣다' (접두사와 동사의 결합, 원형 유지)
- **B. 홑몸**: '홑' + '몸' (원형 유지)
- **C. 굶주리다**: '굶-' + '주리다' (ㄹ 받침 유지)
- **D. 꽃잎**: '꽃' + '잎' (겹받침과 ㄴ첨가, 원형 유지)
- **F. 맞먹다**: '맞-' + '먹다' (ㅈ 받침 유지)
- **G. 엎누르다**: '엎-' + '누르다' (ㅍ 받침 유지)
- **H. 물난리**: '물' + '난리' (원형 유지)
- **I. 헛웃음**: '헛-' + '웃음' (ㅅ 받침 유지)
- **J. 웃옷**: '웃-' + '옷' (ㅅ 받침 유지)

따라서 원형을 밝히어 적지 않은 예시는 **E**입니다."
Morphology,Word Formation,2,E,,[EMPTY_RESPONSE]
Morphology,Word Formation,1,C,C,"정답은 **C: 지우개**입니다.

**이유를 설명해 드릴게요.**

**<보기> 조건 분석**
1. **어근과 접사가 결합하여 형성된 단어** → 파생어여야 합니다.
2. **접미사로 인해 어근의 품사가 바뀐 단어** → 접미사가 붙어서 품사가 달라져야 합니다.

**C: 지우개 분석**
- **어근**: `지우-` (동사 '지우다'의 어간)
- **접사**: `-개` (접미사, '도구'의 뜻을 더함)
- **결합**: `지우-` + `-개` = `지우개` (명사)
- **품사 변화**: 동사(지우다) → 명사(지우개)로 **품사가 바뀌었습니다.**
- 따라서 두 조건을 모두 만족합니다.

---

**다른 보기들이 왜 틀렸는지 간단히 보면**
- **A, B, D, E, F**: 모두 `헛-`, `새-`, `덧-`, `군-`, `풋-` 같은 **접두사**가 붙은 파생어입니다. 접두사는 품사를 바꾸지 않으므로 조건 2를 만족하지 못합니다.
- **G, H, I, J**: `돌+다리`, `손+수건`, `나무+잎`, `쌀+알`처럼 **어근과 어근이 결합한 합성어**입니다. 조건 1(접사 결합)을 만족하지 못합니다.

**결론: 정답은 C입니다.**"
Phonetics/Phonology,Phonological Constraints,3,B,,[EMPTY_RESPONSE]
Syntax,Argument Structure & Valency,3,A,A,"정답은 **A, G**입니다.

각 문장의 서술어가 요구하는 필수 논항(자릿수)을 분석하면 다음과 같습니다.

**A. 설교하신다** → **3자리**
- 논항: 큰아버지는(주어) + 우리 남매에게(부사어) + 학벌의 중요성을(목적어)
- '~에게 ~을 설교하다' 구조로 주어, 부사어, 목적어가 필수적으로 요구됩니다.

**G. 분쇄한다** → **3자리**
- 논항: 암석 분쇄기는(주어) + 암석을(목적어) + 고운 알갱이로(부사어)
- '~이 ~을 ~로 분쇄하다' 구조로 주어, 목적어, 부사어(결과)가 필수적으로 요구됩니다.

---

**나머지 문항 분석 (1자리 또는 2자리)**

- **B. 부각된다** (1자리): 인물이(주어) - 피동사로 주어만 필요.
- **C. 출소하셨다** (1자리): 고모가(주어) - '교도소에서'는 생략 가능한 부사어.
- **D. 간과했다** (2자리): (그 탐정이)(주어) + 증거 하나를(목적어) - 주어와 목적어만 필요.
- **E. 깐죽거린다** (1자리): 그 녀석은(주어) - 나머지는 수식어.
- **F. 달이고** (2자리): (내가)(주어) + 보약을(목적어) - '재료들로'는 도구 부사어로 생략 가능.
- **H. 헛살았다** (1자리): 너는(주어) - 나머지는 수식어.
- **I. 소탕되었다** (1자리): 잔당이(주어) - 피동사로 주어만 필요.
- **J. 쇄도했다** (1자리): 전화가(주어) - '고객센터에'는 생략 가능한 부사어."
Syntax,Argument Structure & Valency,3,F,F,"정답은 **F**입니다.

**F: 우리 계열사에서 업계 최초로 생산 라인에 AI를 <접목했다>.**

- **서술어**: 접목했다
- **요구하는 필수 성분(자릿수)**: 
  1. **주어** (생략됨, ""우리 계열사가"")
  2. **부사어** (대상: ""생산 라인에"")
  3. **목적어** (""AI를"")
- 즉, **주어 + 부사어 + 목적어**의 세 자리를 요구하는 3자리 서술어입니다. (A에 B를 접목하다 구조)

---

**다른 보기들의 자릿수 분석:**

- **A (간소화했다)**: 주어 + 목적어 → 2자리
- **B (확보되었다)**: 주어 → 1자리 (피동문)
- **C (맞먹는다)**: 주어 + 부사어(비교 대상) → 2자리
- **D (급제했단다)**: 주어 + 부사어(분야) → 2자리
- **E (편성했다)**: 주어 + 목적어 → 2자리
- **G (냉각된다)**: 주어 → 1자리 (피동문)
- **H (모내기한다)**: 주어 + 부사어(장소) → 2자리
- **I (억제한다)**: 주어 + 목적어 → 2자리
- **J (작곡되었다)**: 주어 + 부사어(자격/용도) → 2자리 (피동문)"
Syntax,Argument Structure & Valency,1,A,A,"정답은 **A**입니다.

**이유:**
서술어 **'제안하다'**는 ""무엇을 누구에게 제안하다""라는 구조로, **주어(主语) + 목적어(宾语) + 부사어/여격어(与格/间接宾语)** 총 **세 자리(3개)의 논항(论元)** 을 요구하는 대표적인 3자리 서술어(3价动词)입니다.

- A: [중국의 한 팀에서(주어)] [그 프로게이머에게(여격어)] [100억의 연봉을(목적어)] **제안했다** → 3자리

**다른 보기 분석:**
- **B (흉본다):** [저 변호사는(주어)] [동료들을(목적어)] → 2자리
- **C (시행하자):** [(우리는)(주어)] [플랜 B라도(목적어)] → 2자리
- **D (복원되었다):** [숭례문은(주어)] → 피동문으로 1자리 (능동문이면 2자리)
- **E (명심해라):** [(너는)(주어)] [것을(목적어)] → 2자리
- **F (기진맥진했다):** [(나는)(주어)] → 1자리 (형용사/자동사)
- **G (통곡했다):** [나는(주어)] → 1자리 (자동사)
- **H (누볐다):** [그 장수는(주어)] [적진을(목적어)] → 2자리 ('언월도를 들고'는 부사적 수단, '앞마당처럼'은 부사어로 필수 논항 아님)
- **I (쉬었다):** [목이(주어)] → 1자리 (자동사)
- **J (화풀이하지):** [(너는)(주어)] [애꿎은 사람한테(여격어)] → 2자리 ('화풀이하다'는 '화'가 목적어로 분리되지 않는 통합적 서술어)"
Syntax,Argument Structure & Valency,2,A,A,"정답은 **A**입니다.

**이유:**
서술어의 '자릿수'는 서술어가 문장을 구성하기 위해 필수적으로 요구하는 성분(주어, 목적어, 보어, 필수적 부사어)의 개수를 말합니다. 3자리 서술어는 **주어 + 목적어 + 부사어(또는 보어)**를 필요로 합니다.

- **A (박았다):** '박다'는 ""무엇을 어디에 박다""처럼 **주어(생략됨) + 목적어(말뚝을) + 부사어(옥수수 밭 둘레에)**를 필수적으로 요구하는 3자리 서술어입니다. (예: *그가 못을 벽에 박았다*)

**다른 보기들의 자릿수:**
- **B (식어버렸다):** 주어(차가)만 필요 → 1자리
- **C (타올랐다):** 주어(장작 더미가)만 필요 → 1자리
- **D (돋아났다):** 주어(싹이)만 필요 → 1자리
- **E (엎었다):** 주어(형이) + 목적어(커피를) → 2자리 ('식탁보에'는 수의적 부사어)
- **F (남겼다):** 주어(우리는) + 목적어(음식을) → 2자리
- **G (물놀이한다):** 주어(우리 가족은)만 필요 → 1자리
- **H (쉬셨다):** 주어(어머니는) + 목적어(한숨만) → 2자리
- **I (푼다):** 주어(내 친구는) + 목적어(수학 문제를) → 2자리
- **J (접었다):** 주어(생략) + 목적어(종이학을) → 2자리 ('친구에게'는 수의적 부사어)

따라서 세 자리 서술어는 **A**입니다."
Syntax,Argument Structure & Valency,2,I,I,"<보기>의 서술어 **'지지부진하다'**는 주어 한 자리만 요구하는 **1자리 서술어(한 자리 서술어)**입니다.  
(예: 진척이 지지부진하다 → 주어 1개)

각 선택지의 서술어가 요구하는 자릿수를 분석하면 다음과 같습니다.

- **A. 통보했다** : 주어 + 부사어(에게) + 목적어 → **3자리**
- **B. 언짢아하셨다** : 주어 + 목적어 → **2자리**
- **C. 옹립하셨더군** : 주어 + 목적어 + 부사어(으로) → **3자리**
- **D. 호언장담하더라** : 주어 + 목적어(인용절) → **2자리**
- **E. 보급했다** : 주어 + 부사어(에게) + 목적어 → **3자리**
- **F. 소집해라** : 주어 + 목적어 → **2자리**
- **G. 왈가왈부하지** : 주어 + 부사어(에 대해) → **2자리**
- **H. 도려내야** : 주어 + 목적어 → **2자리**
- **I. 으스러졌다** : 주어만 필요 → **1자리**
- **J. 간주한다** : 주어 + 목적어 + 부사어(으로) → **3자리**

따라서 <보기>와 같이 **1자리 서술어**를 가진 것은 **I**입니다.

**정답: I**"
Syntax,Embedded Clauses,2,G,G,"정답은 **G**입니다.

**해설:**
- **G (불화살이 딸꾹질하던 빈민에게 명중했다.)**에서 **'딸꾹질하던'**이 안긴 문장입니다. 이 문장은 관형사형 어미 **'-던'**을 사용하여 뒤의 명사 **'빈민'**을 수식하고 있습니다. 따라서 안긴 문장의 역할이 **관형어**입니다.

**다른 보기들의 안긴 문장 역할 분석:**
- **A**: '사망률이 낮지 않대' → 인용절 (서술어 '대'의 내용)
- **B**: '실력도 없이' → 부사절 (서술어 '치켜뜬다'를 수식)
- **C**: '원정군이 ... 섬멸했음' → 명사절 (주어 '알려졌다'의 주어)
- **D**: '작품이 ... 입각했음' → 명사절 (목적어 '인증하였다'의 목적어)
- **E**: '출산율을 높이기에' → 부사절 (서술어 '역부족입니다'를 수식)
- **F**: '탈출구가 좁다' → 서술절 (주어 '통나무집은'의 서술어)
- **H**: '학식이 비범한가' → 명사절 (목적어 '봐'의 목적어)
- **I**: '수면제를 복용하기' → 명사절 (목적어 '선호한다'의 목적어)
- **J**: '무엇이 출토되었는지' → 명사절 (주어 '화젯거리가 되었다'의 주어)"
Syntax,Embedded Clauses,2,G,,[EMPTY_RESPONSE]
Syntax,Embedded Clauses,2,D,D,"정답은 **D**입니다.

**해설:**
- **D (옛이야기를 해주시던 할머니가 그리워.)**에서 **'옛이야기를 해주시던'**이 뒤의 명사 **'할머니'**를 수식하는 **관형절(안긴문장)**입니다. 관형사형 어미 **'-던'**이 사용되어 문장 전체가 명사를 꾸미는 관형어 역할을 합니다.

**다른 보기 분석:**
- **A (급한 일일수록 침착하세요):** '급한 일일수록'은 조건/비례의 **부사절**입니다. ('-ㄹ수록')
- **B (냈는지가 애매하다):** '어제 내가 약값을 냈는지'는 문장의 주어 역할을 하는 **명사절**입니다. ('-는지')
- **C (안내원이 속내가 시꺼멓다):** 이중주어문으로, 안긴 문장이 없습니다. (서술절 '속내가 시꺼멓다'가 안겼다고 볼 수 있으나, 이는 **서술절**입니다.)
- **E (가져오길 바란다):** '종이컵 좀 가져오길'은 목적어 역할을 하는 **명사절**입니다. ('-기')
- **F (타기에 나쁘다):** '케이블카를 타기에'는 이유/근거를 나타내는 **부사절**입니다. ('-기에')
- **G (소재가 세련되다):** 이중주어문으로, 안긴 문장이 없습니다. (서술절)
- **H (순두부 만들기가 쉬워졌어):** '순두부 만들기'는 명사화된 단일어구로, 절(문장)이 아닙니다.
- **I (다했음을 증명했다):** '본인이 최선을 다했음'은 목적어 역할을 하는 **명사절**입니다. ('-음')
- **J (촉감이 부드럽다):** 이중주어문으로, 안긴 문장이 없습니다. (서술절)

따라서 안긴 문장의 역할이 **관형어**인 것은 **D**입니다."
Syntax,Embedded Clauses,2,D,D,"정답은 **D**입니다.

**해설:**
각 보기에서 안긴문장(절)의 역할을 분석하면 다음과 같습니다.

- **A**: '작년에 별세한' → **관형어**(작가를 수식)
- **B**: '심령술에 손댔었음을' → **목적어**(실토했다의 대상)
- **C**: '보푸라기가 일어나는' → **관형어**(옷을 수식)
- **D**: '해가 갈수록' → **부사어**(늘어났다를 수식, 정도나 방식의 부사절)
- **E**: 안긴문장 없음 (단일문, '가마우지가 흔하다'가 서술절의 형태를 띠지만, 이는 안은문장이 아닌 이중주어문으로 봄)
- **F**: '잔재주를 부리기는' → **주어**(쉽다의 주어, 명사절)
- **G**: '실내악단을 섭외하기가' → **주어**(어려워의 주어, 명사절)
- **H**: 안긴문장 없음 (단일문, '삭정이가 많다'는 서술절이지만 이중주어문으로 봄)
- **I**: '의남매가 위문편지를 보내주기를' → **목적어**(기대했다의 대상, 명사절)
- **J**: '이해타산이 빠른' → **관형어**(사람을 수식)

따라서 안긴문장이 문장 안에서 **부사어**의 역할을 하는 것은 **D**입니다."
Morphology,Word Formation,2,I,,[EMPTY_RESPONSE]
Morphology,Word Formation,3,D,,[EMPTY_RESPONSE]
Morphology,Word Formation,3,F,,[EMPTY_RESPONSE]
Semantics,Rhetorical Expressions,3,C,F,"적절하지 않은 선지: **F**

**이유:**  
제시문은 시험 범위와 난이도가 과도하게 높아 학생들이 본업인 연구에 집중하지 못하고, 결국 연구 성과도 나지 않는 **부정적 상황**을 지적하고 있습니다.  
그런데 F는 이를 “소수 정예로 일당 백의 실력을 키우고자 하는 전략”이라고 **긍정적으로 해석**하고 있어, 제시문의 비판적 맥락과 맞지 않습니다."
Morphology,POS & Morphemes,2,I,I,"<보기>의 조사는 '은'입니다. 
'은'은 문장에서 특정 대상을 두드러지게 하거나 대조의 의미를 더하는 **보조사**입니다.

이제 각 선택지의 조사 종류를 분석해 보겠습니다.
- **A**: '의' → 소유나 소속을 나타내는 **격 조사(관형격)**.
- **B**: '하고' → 두 대상을 이어 주는 **접속 조사**.
- **C**: '과' → 두 대상을 이어 주는 **접속 조사**.
- **D**: '아' → 부르는 대상임을 나타내는 **격 조사(호격)**.
- **E**: '이' → 주어의 자격을 나타내는 **격 조사(주격)**.
- **F**: '랑' → 두 대상을 이어 주는 **접속 조사**.
- **G**: '으로' → 방향이나 도구를 나타내는 **격 조사(부사격)**.
- **H**: '가' → 주어의 자격을 나타내는 **격 조사(주격)**.
- **I**: '까지' → '그런 것까지'에서 '그런 것'을 특별히 강조하며 범위의 끝을 나타내는 **보조사**입니다. (단순한 격 관계가 아닌 특별한 의미를 더함)
- **J**: '를' → 목적어의 자격을 나타내는 **격 조사(목적격)**.

따라서 <보기>의 '은'과 동일하게 **보조사**가 쓰인 것은 **I**입니다.

**정답: I**"
Morphology,POS & Morphemes,3,A,,[EMPTY_RESPONSE]
Semantics,Rhetorical Expressions,2,E,,[EMPTY_RESPONSE]
Semantics,Rhetorical Expressions,3,I,,[EMPTY_RESPONSE]
Semantics,Numeral Classifiers,3,H,H,"정답은 **H: 한 축 주문해두겠습니다.** 입니다.

**이유:**
- 오징어는 식재료로 주문할 때 주로 **‘축’**이라는 단위를 사용합니다. (예: 오징어 한 축 = 오징어 10마리 정도를 묶어서 파는 단위)
- 시험"
Semantics,Numeral Classifiers,1,J,,[EMPTY_RESPONSE]
Morphology,POS & Morphemes,3,D,D,"올바르지 않은 설명은 **D**입니다.

**D: 의존 형태소들끼리만 결합해서는 단어를 형성할 수 없다.**

**해설:**
의존 형태소에는 **어근**(실질 형태소이지만 홀로 쓰이지 못하는 것, 예: '먹-', '놀-')과 **접사**(형식 형태소, 예: '-이', '-님')가 있습니다. 이들은 모두 의존 형태소이지만, 이들끼리 결합하여 충분히 새로운 단어를 만들 수 있습니다.

- 예시: **'먹-'** (의존 형태소, 어근) + **'-이'** (의존 형태소, 접사) = **'먹이'** (명사, 하나의 단어)
- 예시: **'놀-'** (의존 형태소) + **'-이'** (의존 형태소) = **'놀이'** (명사, 하나의 단어)

따라서 의존 형태소들만으로도 단어 형성이 가능하므로, D의 설명은 틀렸습니다.

---

**다른 선택지 검토 (왜 맞는 말인가):**

- **B (맞음):** 형태소는 단어를 만들기 위해 서로 결합할 수 있습니다. (예: '집' + '에' = '집에')
- **C (맞음):** 자립 형태소가 아닌 실질 형태소가 존재합니다. 용언의 어간('먹-', '작-')이 대표적입니다.
- **E (맞음):** 형태소는 뜻을 가진 최소 단위이므로, 더 쪼개면 뜻이 없는 음운(음소)만 남습니다.
- **F (맞음):** 형식 형태소는 조사, 어미처럼 문법적 기능을 담당합니다.
- **G (맞음):** 용언의 어간은 구체적인 어휘적 의미를 가지므로 실질 형태소입니다.
- **H (맞음):** 자립 형태소는 그 자체로 단어가 될 수 있어 다른 형태소와의 결합이 필수적이지 않습니다. (예: '하늘', '사과')
- **I (맞음):** 조사 '을'은 문법적 기능(목적격 조사)을 하므로 형식 형태소입니다.
- **J (맞음):** 하나의 형태소가 곧 하나의 단어가 될 수 있습니다. (예: '나', '책', '산')

**정답: D**"
