category,subcategory,level,answer,pred,response
Syntax,Agreement,3,F,F,"정답은 **F**입니다.

- **F: 삼촌의 때밀이에 묵은 때가 다 씻겼다.**
  - ‘씻겼다’는 여기서 **피동 표현**입니다.
  - 묵은 때가 삼촌의 때밀이로 인해 **씻김을 당했다**는 뜻입니다.

나머지는 ‘늦추다, 가라앉히다, 읽히다, 건네다, 업히다, 신기다’ 등의 사동 표현이 사용된 **사동문**입니다."
Syntax,Agreement,2,F,F,"**정답: F**

- **“신문에 그의 치욕스러운 사진이 실렸다.”**에서 **‘실렸다’**는 ‘싣다’의 **피동 표현**인 ‘실리다’입니다. 사진이 신문에 게재되었다는 뜻으로, 사동 표현이 아닙니다.
- 나머지는 ‘드높이다, 곤두세우다, 굶기다, 그을리다, 누이다, 곧추세우다, 돋우다, 삭이다, 썩이다’와 같은 사동 표현을 포함합니다."
Syntax,Agreement,3,A,A,"**정답: A**

- **A: 아들이 옆집 개에게 팔뚝을 물렸다.**  
  여기서 **‘물렸다’**는 ‘물다’의 **피동사**이다. 즉, 아들이 옆집 개에게 물림을 당했다는 뜻이므로 **피동문**이다.

나머지는 ‘익히다, 애태우다, 빗기다, 물리다, 썩히다, 잠재우다, 살찌우다, 묵히다’ 등 사동의 의미를 나타내는 동사가 사용된 **사동문**이다."
Syntax,Agreement,3,D,D,"정답은 **D**입니다.

- **D: 거센 바람에 연이 높이 날렸다.**  
  여기서 **‘날렸다’**는 연이 바람에 의해 날아간다는 뜻의 **피동 표현**입니다.

나머지는 모두 사동의 의미를 나타냅니다.

- 감다 → **감기다**
- 괴롭다 → **괴롭히다**
- 끓다 → **끓이다**
- 갈아입다 → **갈아입히다**
- 깨다 → **깨우다**
- 굽다 → **굽히다**
- 구르다 → **굴리다**
- 기울다 → **기울이다**
- 굳다 → **굳히다**

따라서 **사동 표현이 포함되지 않은 것은 D**입니다."
Syntax,Agreement,3,J,J,"**정답: J**

- **젖소가 풀을 뜯다** → **(목동이) 젖소들에게 풀을 뜯기다**
- 여기서 **‘뜯기다’**는 ‘젖소가 풀을 뜯게 하다’라는 뜻의 **사동 표현**입니다.  
  문장의 목적어도 그대로 **‘풀을’**로 나타납니다.

피동이라면 보통 **“풀이 젖소들에게 뜯겼다”**처럼 ‘풀’이 주어가 됩니다. 따라서 피동 표현이 없는 것은 **J**입니다."
Syntax,Agreement,2,G,G,"정답은 **G**입니다.

- **G: (누군가가) 길들인 말에게 재갈을 물렸다.**
  - ‘물렸다’는 ‘말이 재갈을 물게 하다’라는 뜻의 **사동 표현**입니다.
  - 목적어인 ‘재갈을’이 있으므로 피동문이 아닙니다.

나머지는 ‘걷히다, 널리다, 그을리다, 뒤섞이다, 뜨이다, 잡아먹히다, 얹히다, 가로막히다, 사로잡히다’ 등의 피동 표현이 사용되었습니다."
Syntax,Agreement,2,E,E,"정답은 **E**입니다.

- **E: 그는 내 등에 환자를 업혔다.**
  - 여기서 **‘업혔다’**는 피동이 아니라 사동의 의미입니다.
  - 즉, **“그는 내가 환자를 업게 했다.”**라는 뜻입니다.
  - 피동문이라면 **“환자가 내 등에 업혔다.”**처럼 ‘환자’가 주어가 됩니다.

나머지는 ‘실리다, 갈리다, 이끌리다, 믿기다, 쓰이다, 치이다, 뒤틀리다, 담기다, 몰리다’ 등의 피동 표현이 사용되었습니다."
Pragmatics,Deixis & Reference,3,A,A,"정답은 **A: (‘요게[1]’, ‘저것’)**입니다.

- **요게[1]**: 달달한 이 가게의 시그니처 칵테일
- **저것**: 바로 앞에서 언급한, 옆 사람이 마시고 있는 달달한 시그니처 칵테일

따라서 두 표현은 같은 대상을 가리킵니다."
Semantics,Ambiguity,3,F,F,"정답은 **F**입니다.

- **장을 보다**: 적절한 표현
- **연필 한 장을 깎다**: 부적절한 표현  
  → 연필은 **‘한 자루’**라고 세므로 **“연필 한 자루를 깎았다”**가 맞습니다.

따라서 두 빈칸에 동시에 **‘장’**이 들어갈 수 없습니다."
Phonetics/Phonology,Phonological Alternation,3,F,F,"정답은 **F. 뱃길**입니다.

<보기>에는 공통적으로 **‘ㄴ’ 첨가**가 나타납니다.

- 솜이불 → [솜**니**불]
- 장식용 → [장싱**뇽**]
- 결막염 → [결망**념**]

반면 **뱃길**은 [배낄/밷낄]로 발음되어, 사이시옷에 의한 **된소리되기**가 나타날 뿐 ‘ㄴ’ 첨가는 일어나지 않습니다."
Semantics,Word Relationships,2,G,G,"정답은 **G**입니다.

- **‘가슴에 못을 박다’**는 ‘마음에 큰 상처를 주다’라는 관용적 의미입니다.
- 따라서 **‘못’을 ‘나사’로 해석한 것은 적절하지 않습니다.**

※ D의 ‘쓰임새’는 정확히는 **‘씀씀이’**라고 표현하는 것이 자연스럽습니다."
Syntax,Embedded Clauses,2,B,B,"정답은 **B**입니다.

- 안긴 문장 복원: **“너를 그리워하면 조만간 비가 온다.”**
- 이 안긴 문장의 중심 서술어는 **‘오다’**입니다.
- ‘오다’에 필수적으로 필요한 성분은 주어 **‘비가’** 하나뿐입니다.

> **비가 온다.** → 주어 1개 → **한 자리 서술어**

조건절인 ‘너를 그리워하면’의 ‘그리워하다’는 ‘누가 누구를 그리워하다’의 두 자리 서술어이지만, 전체 안긴 문장의 중심 서술어는 ‘오다’입니다. 다른 선택지의 안긴 문장에는 ‘하다, 되다, 통과하다, 제출하다, 가져오다, 아니다’ 등 두 자리 이상의 서술어가 쓰였습니다.

**따라서 정답: B**"
Syntax,Embedded Clauses,1,C,C,"정답은 **C**입니다.

- **A** ‘별로 일하고 싶지 않은’ → ‘날’을 꾸미는 **관형절**
- **B** ‘우리가 이제 만날’ → ‘인물’을 꾸미는 **관형절**
- **C** ‘나를 내 친구가 소개해 줬다고’ → 말한 내용을 인용한 **인용절** ✅
- **D** ‘저 하늘에 날아다니는’ → ‘새’를 꾸미는 **관형절**
- **E** ‘어제 내가 학교에서 친구들과 함께 간’ → ‘떡볶이 집’을 꾸미는 **관형절**
- **F** ‘너무나 어른 같았던’ → ‘초등학교 친구’를 꾸미는 **관형절**
- **G** ‘오늘 만나 뵐’ → 의존 명사 ‘수’를 꾸미는 **관형절**
- **H** ‘내가 어제 먹은’ → ‘메뉴’를 꾸미는 **관형절**
- **I** ‘내가 너를 좋아하겠다는’ → 인용의 내용을 나타내는 구성으로, **조건절이 아님**
- **J** ‘내가 옛날에 밥을 사 줬던’ → ‘그 친구’를 꾸미는 **관형절**

따라서 올바르게 설명한 것은 **C**입니다."
Semantics,Numeral Classifiers,1,E,E,"**정답: E**

‘말’은 곡식이나 액체의 부피를 재는 단위로, **1말은 10되**입니다. 쇠고기의 양을 셀 때는 보통 무게 단위인 **근**, **킬로그램** 등을 씁니다.

- 부자연스러운 표현: 쇠고기 한 말  
- 자연스러운 표현: **쇠고기 한 근**, **쇠고기 1킬로그램**

따라서 **E: “쇠고기 한 말이 이렇게 비싸다니 놀랍다.”**가 자연스럽지 않습니다."
Semantics,Numeral Classifiers,1,G,G,"정답은 **G: 한 권 남았어요.**입니다.

‘문제집’과 같은 책을 셀 때는 분류사 **‘권’**을 사용합니다."
Semantics,Semantic Compatibility,1,D,D,"정답은 **D: 이해관계를 인상하다**입니다.

**‘인상하다’**는 주로 가격·요금·임금처럼 수치나 수준을 **올리는 대상**과 호응합니다.

- 자연스러운 표현: **가격을 인상하다**, **임금을 인상하다**
- ‘이해관계’와는 **이해관계를 조정하다**, **이해관계를 고려하다** 등이 자연스럽습니다."
Semantics,Semantic Compatibility,3,C,C,"정답은 **C(0개)**입니다.

[사또]는 ‘신기해 했다’의 **경험주역**에 해당하지만, <보기>에는 이에 맞는 설명이 없습니다. 따라서 옳은 설명은 없습니다."
Semantics,Semantic Compatibility,2,B,B,"**정답: B**

지문의 **[동전]**은 책갈피로 사용되는 **도구(수단)**의 의미적 역할을 합니다.  
B의 **[톱]** 역시 유물을 만드는 데 쓰이는 **도구**이므로 가장 유사합니다.

- 지문: 동전을 책갈피로 **사용함**
- B: 톱을 제작 도구로 **사용함**(‘없이’이므로 실제 사용되지는 않았지만 역할은 도구)

따라서 **B**가 정답입니다."
Semantics,Semantic Compatibility,2,C,G,"정답은 **G**입니다.

- 지문: 그 친구는 지난 전투에서 **[선봉]이었다**.
- G: 그 도시가 **[제주시]였다**.

두 괄호 모두 **‘이다’와 결합한 명사로서 주어의 정체·지위·역할을 서술하는 서술어** 역할을 합니다.  
반면 **‘솔선수범’**은 의미상 ‘앞장섬’과 가깝지만, B와 F에서는 행위를 나타내므로 문장 내 역할이 다릅니다."
Semantics,Semantic Compatibility,3,B,J,"**정답: J**

- **광어는 [도다리] 같다**: ‘도다리’는 광어를 빗대거나 비교하는 **비유·비교의 기준**이다.
- **[천사] 같은 우리 선생님**: ‘천사’ 역시 선생님을 빗대는 **비유의 기준**이다.

따라서 의미적 역할이 가장 유사한 것은 **J**이다."
Semantics,Semantic Compatibility,3,B,F,"**정답: F**

지문의 **[돌부리]**는 비서가 걸려 넘어지게 된 **장애물(접촉 대상이자 원인)**의 역할을 합니다.  
F의 **[다리]** 역시 사람이 걸려 넘어지게 한 **장애물**로서 동일한 의미적 역할을 합니다."
Semantics,Semantic Compatibility,3,B,I,"**정답: I: 정답 없음**

지문의 **[재]**는 숯더미가 변화하여 도달한 상태를 나타내는 **결과역(결과 상태)**입니다.  
다른 선지들은 원인(A), 도구(B), 장소(C·H), 행위자·대상(D·G), 사건/범위(E), 인용 내용(F), 능력의 대상(J) 등을 나타내므로 [재]와 의미적 역할이 같은 선지가 없습니다."
Semantics,Semantic Compatibility,1,B,B,"**정답: B — [손], [목소리]**

- **[손]으로** 무엇인가를 만지작거리다 → 행위에 사용된 **도구**
- **[목소리]로** 회의를 시작하다 → 행위에 사용된 **수단·도구**

따라서 두 표현 모두 의미적으로 **도구(수단) 역할**을 합니다."
Semantics,Semantic Compatibility,2,F,F,"정답은 **F: [동식이], [강아지]**입니다.

- **동식이와** 텐트를 쳤다 → 함께 행동한 **동반자**
- **강아지와** 뛰어놀았다 → 함께 행동한 **동반자**

두 표현 모두 조사 **‘와’**와 결합하여 행위에 함께 참여하는 **동반자(공동 참여자)**의 의미적 역할을 합니다."
Semantics,Inter-sentence Relations,3,H,H,"정답은 **H: 꾸미길래, 졌어서, 들어봐야지**입니다.

완성된 대화:
> 수빈: 무슨 일을 **꾸미길래**? 뭐, 생각해 보니 저번에 나도 너한테 신세를 **졌어서** 일단 **들어봐야지**.

‘들어보다’는 여기서 영진의 부탁을 **우선 들어 본다**는 의미로 문맥에 적절합니다."
Semantics,Conjunctions,1,E,E,"정답은 **E**입니다.

- **그러나**: 공룡이 가장 크다는 통념과 실제 사실을 대조
- **어쩌면**: ‘소중한 순간을 살아가고 있을지도 모른다’는 추측과 호응
- **그 이유는**: 앞 문장의 판단에 대한 이유 제시
- **아울러**: 고래의 또 다른 특징을 추가

따라서 순서는 **그러나 → 어쩌면 → 그 이유는 → 아울러**입니다."
Semantics,Conjunctions,2,B,B,"정답은 **B**입니다.

- 큰 일정이 없음 → **덕분에** 공부할 시간이 생김
- 공부할 시간이 생겼지만 → **하지만** 잡무도 많았음
- 잡무가 많았으므로 → **따라서** 충분히 공부하지 못함
- 충분히 하지는 못했지만 → **그래도** 할 수 있었다는 사실이 중요함

완성 문장:  
**덕분에 → 하지만 → 따라서 → 그래도**"
Semantics,Rhetorical Expressions,3,A,C,"정답은 **C: 빠른 포기가 권장되는**입니다.

정부 지원에서 탈락하지 않으려면 어떻게든 이달 안에 출시해야 하는 **긴박하고 절박한 상황**이므로, ‘빨리 포기하는 것이 좋다’는 뜻의 C는 문맥과 정반대입니다. 나머지 표현들은 긴박함·위태로움·절박함 등을 나타낼 수 있습니다."
Semantics,Rhetorical Expressions,3,F,G,"정답은 **G: 묻지마 거래**입니다.

**‘묻지마 거래’**는 기업의 재무 상태나 전망 등을 충분히 분석하지 않고, 시장 분위기나 소문·이슈만을 따라 무분별하게 하는 거래를 뜻합니다. 지문의 맥락과 가장 잘 맞습니다."
Semantics,Rhetorical Expressions,3,G,H,"**정답: H**

‘가로등이 위태로이 길을 인도하고 있었다’에서 무생물인 가로등에 인간의 행동인 **‘길을 인도하다’**와 정서적 상태인 **‘위태로이’**를 부여하는 의인법이 사용되었다. 이를 통해 퇴근길의 고단하고 불안한 분위기에 독자가 감정적으로 공감하도록 유도한다."
Syntax,Argument Structure & Valency,3,A,A,"정답은 **A**입니다.

- **‘시달리다’**는 ‘무엇에 시달리다’처럼 대상·원인을 나타내는 **‘~에’ 부사어를 필수적으로 요구**합니다.  
  → *(사람이) 뱃멀미에 시달리다*

나머지 꺾쇠 안의 말은 없어도 해당 서술어의 의미가 성립하는 수의적 부사어입니다. 특히 H의 **‘봉착하다’**에는 ‘난관에’가, I의 **‘저촉되다’**에는 ‘법에’가 필수적이지만, 이는 꺾쇠 안의 표현이 아닙니다."
Pragmatics,Discourse Principles,3,C,C,"**정답: C**

을의 “**편의점 차렸니?**”는 실제로 편의점을 차렸다고 믿어서 한 말이 아니라, 맥주와 과자를 지나치게 많이 준비했다는 점에 대한 **놀람이나 익살스러운 태도**를 드러내기 위해 의도적으로 사실과 다른 표현을 한 것이다. 따라서 대화의 **진실성의 원리(질의 격률)**를 의도적으로 지키지 않은 사례이다."
Semantics,Semantic Compatibility,1,E,E,"**정답: E**

- **E: 민주가 명단을 결심했다.**  
  ‘결심하다’는 보통 행동이나 의지를 나타내는 말과 함께 쓰이므로, **‘명단을 결심하다’**는 의미상 어색합니다.

자연스럽게 고치면:
- **민주가 명단을 결정했다.**
- **민주가 명단을 작성하기로 결심했다.**"
Syntax,Agreement,2,H,H,"정답은 **H**입니다.

- 능동문: **시연이가 찬형이를 잡았다.**
- 피동문: **찬형이가 시연이에게 잡혔다.**

목적어인 ‘찬형이’가 피동문의 주어가 되고, 서술어 ‘잡았다’가 피동 표현 ‘잡혔다’로 바르게 바뀌었습니다.

※ E는 피동문을 능동문으로 바꾼 것이며, 나머지는 대부분 **사동문**으로 바꾼 예입니다."
Phonetics/Phonology,Phonological Constraints,1,J,J,"정답은 **J: 크+어서 → 커서**입니다.

‘크-’의 모음 **ㅡ**와 ‘-어서’의 모음 **ㅓ**가 연속되면서 **ㅡ가 탈락**한 현상으로, 이는 **모음과 모음 사이의 배열 제약**에 해당합니다.  

나머지는 모두 두 형태소의 경계에서 자음과 자음이 만나 축약·된소리되기·유음화 등이 일어난 사례입니다."
Phonetics/Phonology,Phonological Alternation,2,C,C,"공통 음운 변동은 **자음군 단순화**입니다. 즉, 겹받침을 이루는 두 자음 중 하나가 탈락합니다.

- 값 → [갑]：ㅄ → ㅂ
- 외곬 → [외골]：ㄺ → ㄹ
- 맑게 → [말께]：ㄺ → ㄹ〔이후 된소리되기도 일어남〕

따라서 이 현상이 나타나지 않는 것은 다음 두 단어입니다.

- **C 밖 → [박]**: 겹받침이 아니며, ㄲ이 ㄱ으로 바뀌는 **음절 끝소리 규칙**
- **J 앓다 → [알타]**: ㅎ과 ㄷ이 합쳐져 ㅌ이 되는 **거센소리되기(축약)**

**정답: C, J**

단일 정답만을 요구하는 문제라면 출제 오류 가능성이 있습니다. 엄밀한 학교 문법 기준에서는 C와 J 모두 자음군 단순화의 예가 아닙니다."
Pragmatics,Speech Acts,2,E,E,"정답은 **E**입니다.

- **E: “다음에는 너도 한 번은 하게 해 주지.”**  
  → 화자가 미래에 어떤 행동을 하겠다고 약속하는 **약속(언약) 발화**입니다. 청자에게 행동을 요구하는 명령·요청 발화가 아닙니다.

나머지는 명령, 요청, 권유, 금지 등의 방식으로 청자에게 어떤 행동을 하거나 하지 않도록 요구하는 **지시적 발화**에 해당합니다."
Pragmatics,Speech Acts,1,A,A,"정답은 **A: 다음달 안으로 알려 드릴게요.**입니다.

‘-ㄹ게요’는 화자가 앞으로 할 행동을 미리 정하거나 상대방에게 약속하는 **의지·약속**의 의미를 나타냅니다.  
A 역시 화자가 ‘다음 달 안으로 알리겠다’고 자신의 미래 행동을 약속하는 발화입니다."
Pragmatics,Speech Acts,2,G,E,"**정답: E**

> **“환자분, 왼다리를 움직일 수 있겠습니까?”**

형식상으로는 환자의 **능력을 묻는 의문문**이지만, 실제 발화 의도는 **왼다리를 움직여 보라는 요청·지시**입니다. 따라서 문장 유형과 발화 의도가 일치하지 않는 **간접 발화 행위**의 예입니다."
Pragmatics,Speech Acts,3,G,G,"정답은 **G**입니다.

- **“반납하러 갈 시간이 없는 게 내 잘못이야?”**는 실제로 답을 요구하는 질문이 아니라, **‘내 잘못이 아니다’**라는 뜻을 강조하는 수사 의문문이므로 의도는 **진술**입니다.

참고로:
- “반납 좀 제때제때 하자.”는 어미는 청유형이지만, 실제 의도는 상대방에게 반납을 제때 하라는 **명령**입니다.
- “내가 너를 하루이틀 보니?”, “걔가 손 하나 까딱하는 것 봤어?”도 형식은 의문문이지만 실제 의도는 **진술**입니다."
Syntax,Agreement,2,H,H,"정답은 **H**입니다.

- **동료가 내 노력에 대해 과소평가하고 있다.**  
  여기서 ‘-고 있다’는 평가 행위가 진행 중이라는 뜻보다는, 동료가 내 노력을 낮게 평가하는 **인식·태도가 지속되는 상태**를 나타냅니다.

나머지는 주로 움직임이나 행위가 진행 중임을 나타냅니다."
Syntax,Agreement,3,E,E,"**정답: E**

“그는 분명 나를 **업신여기고 있다**”에서 ‘-고 있-’은 어떤 동작의 진행이 아니라, 상대를 업신여기는 **심리적 태도·상태가 지속됨**을 나타냅니다. 나머지는 주로 행위나 변화의 진행을 뜻합니다."
Syntax,Agreement,1,A,A,"정답은 **A: 난 그게 거짓이라고 가정하고 있다.**

여기서 **‘가정하고 있다’**는 ‘그것이 거짓이라는 가정을 유지하고 있다’라는 **상태의 지속**을 나타냅니다. 나머지는 모두 어떤 동작이나 행위가 진행 중임을 나타냅니다."
Syntax,Agreement,3,A,A,"정답은 **A, D, H, I**입니다.

- **A 새근거리고 있다**: 새근거리는 동작이 진행 중
- **D 문제시되고 있다**: 문제로 여겨지는 과정이 진행 중
- **H 가중되고 있다**: 부담이 점차 늘어나는 변화가 진행 중
- **I 복받치고 있다**: 슬픔이 치밀어 오르는 과정이 진행 중

나머지는 대체로 감정·태도·판단·보유 상태를 나타냅니다.  
예: **경멸하다, 불사하다, 겸비하다, 간주하다, 감안하다, 갈망하다**."
Syntax,Agreement,1,F,F,"**정답: F**

> **내 잘못이 걸릴까 봐 조마조마하고 있다.**

‘조마조마하다’는 불안한 **심리 상태**를 나타내므로, ‘-고 있다’는 그 상태가 계속됨을 의미합니다. 나머지는 주로 동작이 진행 중임을 나타냅니다."
Syntax,Agreement,1,E,E,"**정답: E**

> **태풍이 도시를 강타하고 있다.**

‘강타하다’는 실제로 이루어지는 동작을 나타내므로, **‘-고 있다’가 태풍이 도시를 강타하는 동작이 진행 중임**을 의미한다.

나머지는 대체로 동경·낙담·고심 같은 심리 상태나, 능가·동감·근거 같은 관계 및 상태의 지속을 나타낸다."
Syntax,Agreement,1,B,B,"**정답: B**

> **햄스터가 내 발을 간지럽히고 있다.**

‘간지럽히다’라는 동작이 현재 계속 진행 중이므로 **‘-고 있다’가 동작의 진행**을 나타냅니다. 나머지는 주로 심리적 상태나 지속되는 상태, 동작의 결과 상태를 나타냅니다."
Syntax,Agreement,1,H,H,"가장 명백한 답은 **H: 여동생이 내 앞에서 종알거리고 있다.**입니다.

‘종알거리다’라는 동작이 현재 계속 진행 중임을 나타냅니다.

다만 **E(극복하고 있다)**와 **F(늦어지고 있다)**도 문맥에 따라 과정·변화의 진행으로 해석될 수 있으므로, 엄밀히 말하면 문항의 정답이 완전히 하나로만 한정되지는 않습니다."
Semantics,Numeral Classifiers,3,D,D,"**정답: D. 한 축 주문해두겠습니다.**

오징어는 보통 **‘축’** 단위로 세며, **한 축은 20마리**를 뜻합니다. 시험 조리용 샘플 오징어 주문에 가장 적절한 표현입니다."
Semantics,Numeral Classifiers,2,E,H,"정답은 **H**입니다.

금의 무게는 전통적으로 **‘돈’**을 단위로 나타내므로 “두 돈 가량 투자하겠다”가 가장 적절합니다."
Semantics,Numeral Classifiers,1,I,I,"**정답: I**

“오이 한 장”은 다소 어색합니다. 오이는 보통 **‘개’, ‘조각’, ‘쪽’** 등으로 세므로 다음처럼 표현하는 것이 자연스럽습니다.

- 샐러드엔 **오이 한 조각**이 들어간다.
- 샐러드엔 **얇게 썬 오이 한 쪽**이 들어간다."
Semantics,Numeral Classifiers,1,E,E,"**정답: E**

> 우리 집엔 고양이가 **한 필** 있다.

‘필(匹)’은 주로 **말**을 세는 단위이므로 고양이에는 어울리지 않습니다. 고양이는 ‘마리’로 세어야 합니다.

- 자연스러운 문장: **우리 집엔 고양이가 한 마리 있다.**"
Syntax,Embedded Clauses,3,I,C,"명백한 답은 **I**입니다.

- **I: “이 서점의”**는 관형어이지만 주어·서술어를 갖춘 절은 아닙니다. 따라서 전체가 홑문장입니다.

다만 **E는 중의적**이어서 문제가 엄밀하지 않습니다.

- **본(本) 미술관** = ‘이 미술관’ → 홑문장
- **[내가] 본 미술관** = 동사 ‘보다’의 관형절 → 안은문장

나머지는 각각 관형절(A, B, H, J), 부사절(C), 인용절(D), 명사절(F), 서술절(G)을 안고 있습니다.

따라서 **하나만 고르라는 출제 의도라면 I**, ‘본’을 관형사로 해석하면 **E도 정답**이 될 수 있습니다."
Syntax,Agreement,1,B,B,"정답은 **B**입니다.

- **B: 뱀장어는 뱃가죽도 뱀처럼 생겼겠군.**
  - ‘생겼겠군’의 **-겠-**은 직접 확인하지 않은 사실을 미루어 짐작하는 **추측**의 의미입니다.
  - 즉, “뱃가죽도 뱀처럼 생겼을 것 같군”이라는 뜻입니다."
Syntax,Agreement,3,I,E,"정답은 **E**입니다.

- **B, C, H, J**: 화자의 **의지·의향·결심**
- **D, F**: **바람·희망** — ‘좋겠다’
- **G, I**: 앞으로 일어날 일에 대한 **예상·미래**
- **A**: 반문을 통해 ‘깎을 사람이 없을 것’이라는 **예상** 또는 의향의 부재를 나타냄
- **E**: 제대로 수련할 **능력·가능성이 있는지**를 묻는 용법

따라서 능력·가능성 여부를 나타내는 용법이 단독으로 쓰인 **E**가 답입니다."
Syntax,Embedded Clauses,3,D,D,"**정답: D**

- **D: 학생회장은 학생들 앞에서 선서했다.**  
  주어 ‘학생회장은’과 서술어 ‘선서했다’로 이루어진 홑문장이다. ‘학생들 앞에서’는 부사어일 뿐, 절이 아니다.

나머지는 관형절(A, E, J), 부사절(B), 인용절(C), 명사절(F, G), 서술절(H, I)을 안고 있다."
Syntax,Agreement,2,E,E,"정답은 **E**입니다.

- **E: “스트레스가 그렇게 많으니 힘들겠네.” → 추측**  
  화자가 상대방의 상태를 미루어 짐작하고 있으므로 ‘-겠-’은 **추측**의 의미입니다.

나머지의 적절한 의미는 대체로 다음과 같습니다.

- A: 가능
- B: 의지
- C: 의지·의향을 묻는 표현
- D: 가능 또는 완곡한 판단
- F: 의지
- G: 추측·예측
- H: 의지
- I: 가능
- J: 추측

따라서 올바르게 연결된 것은 **E**입니다."
Syntax,Embedded Clauses,3,C,C,"정답은 **C**입니다.

- **C: 엄마는 제주도에서 생각에 잠기곤 한다.**  
  주어와 서술어가 한 번씩 나타나는 **홑문장**으로, 안긴문장이 없습니다.

나머지는 명사절·관형절·부사절·서술절·인용절 등을 안고 있습니다. 특히 **I**는 ‘필력이 매우 좋다’라는 **서술절**을 안은 문장입니다."
Syntax,Embedded Clauses,3,J,J,"**정답: J**

- **J: 오늘 나는 과제를 해치우려고 한다.**  
  ‘해치우려고 한다’는 본용언과 보조 용언이 결합한 하나의 서술어로 보므로 **안은문장이 아니다.**

나머지는 각각 명사절(A, G), 서술절(B, H), 부사절(C), 관형절(D, E, I), 인용절(F)을 안고 있다."
Syntax,Embedded Clauses,2,E,D,"**안은문장: D, E**

- **D**: ‘제 잘못에 대해 항상 회개하도록’이 부사절로 안겨 있습니다.  
- **E**: ‘흑사병이 완치될 수 없음’이 명사절로 안겨 목적어 역할을 합니다."
Syntax,Embedded Clauses,2,E,E,"정답은 **E**입니다.

- **사람 보는**: ‘안목’을 꾸며 주는 **관형절**로, 문장 안에 안긴 문장입니다.  
  → 아주버니는 **[사람 보는]** 안목이 대단하시다.

또한 학교 문법에 따라 **‘사람 보는 안목이 대단하시다’** 전체를 ‘아주버니는’의 **서술절**로 볼 수도 있습니다.

따라서 E는 **안은문장**입니다."
Syntax,Embedded Clauses,1,E,E,"**정답: E**

- **E: 내 친구가 ‘그 배우는 뭔가 어설프다’고 하더라.**
- ‘그 배우는 뭔가 어설프다’가 인용절로 안겨 있으므로 **인용절을 안은 문장**이다.

나머지는 안긴절이 없는 홑문장이거나, D처럼 연결 어미 ‘-지만’으로 이어진 문장이다."
Syntax,Embedded Clauses,2,C,C,"**정답: C**

‘관희는 **인상이 좋다**.’에서 **‘인상이 좋다’**가 서술절로 안겨 있으므로, **서술절을 안은 문장**입니다."
Syntax,Embedded Clauses,2,D,D,"정답은 **D**입니다.

- **팥빙수가 [이가 시리게] 차갑다.**
- ‘이가 시리게’는 주어 ‘이가’와 서술어 ‘시리다’를 갖춘 **부사절**로, 서술어 ‘차갑다’를 꾸밉니다.

따라서 D는 **부사절을 안은 문장**입니다."
Morphology,Word Formation,3,G,G,"**정답: G. 소나무**

- **소나무**: ‘솔’ + ‘나무’ → 두 실질 형태소가 결합한 **합성어**  
  (‘솔나무’에서 ‘ㄹ’이 탈락)

나머지는 ‘-님, -개, 날-, 개-, -보, 시-, -ㅁ, -이, 암-’ 등의 접사가 결합한 **파생어**입니다."
Syntax,Embedded Clauses,3,D,D,"**정답: D**

- **평양냉면은 [맛이 삼삼하다].**
- 안긴문장 **‘맛이 삼삼하다’**가 전체 문장에서 주어 **‘평양냉면은’**을 서술하는 **서술어 역할**을 한다.
- 따라서 **서술절을 안은 문장**이다."
Syntax,Embedded Clauses,2,F,F,"**정답: F**

- **밀렵꾼이 [말버릇이 참 고약하다].**
- 안긴 문장 **‘말버릇이 참 고약하다’**가 전체 문장에서 주어 **‘밀렵꾼이’**를 서술하는 **서술어 역할**을 한다. 따라서 **서술절을 안은 문장**이다.

나머지는 명사절·관형절·부사절이 안긴 문장이다."
Syntax,Argument Structure & Valency,1,D,D,"**정답: D**

- `<보기>`: **국가가** / **중앙은행에서** / **거액을** / 차입했다  
  → ‘차입하다’는 **누가, 어디에서, 무엇을** 차입하는지를 요구하는 **세 자리 서술어**이다.

- D: **요리사가** / **칵테일에** / **순금을** / 가미했다  
  → ‘가미하다’도 **누가, 무엇에, 무엇을** 가미하는지를 요구하는 **세 자리 서술어**이다.

따라서 정답은 **D**이다."
Syntax,Argument Structure & Valency,3,I,I,"**정답: I**

- `<보기>`: **노파가 풀을 옭아맸다.**  
  → ‘옭아매다’는 **누가 + 무엇을** 요구하는 **두 자리 서술어**입니다.  
  ‘북한산성에서’는 선택적인 장소 부사어입니다.

- **I: (누군가가) 따오기에게 봉변했다.**  
  → ‘봉변하다’는 **누가 + 누구에게**를 요구하는 **두 자리 서술어**입니다.  
  ‘밤낚시 중’은 선택적인 부사어이고, 주어는 생략되어 있습니다."
Syntax,Agreement,2,I,I,"정답은 **I**입니다.

- <보기>: **백부님께 연주해 드리고** → ‘백부님’을 높이는 **객체 높임법**
- I: **회장님께 검사 맡아라** → 조사 ‘께’를 사용하여 ‘회장님’을 높이는 **객체 높임법**

나머지 ‘-시-’가 쓰인 문장들은 주로 **주체 높임법**, ‘-습니다’가 쓰인 문장들은 **상대 높임법**에 해당합니다."
Syntax,Argument Structure & Valency,2,C,C,"정답은 **C**입니다.

- <보기>: **(누가) 아이의 다리에 스타킹을 신겼다.**  
  → ‘신기다’는 **누가 / 어디에(누구에게) / 무엇을** 요구하는 **세 자리 서술어**입니다.

- C: **(누가) 망고에 버터를 곁들이다.**  
  → ‘곁들이다’도 **누가 / 무엇에 / 무엇을** 요구하는 **세 자리 서술어**입니다.

따라서 정답은 **C**입니다."
Syntax,Argument Structure & Valency,2,E,E,"**정답: E**

- **배분하다**: 누가 **무엇을** **누구에게** 배분하다 → **세 자리 서술어**
  - (주어) / 자산을 / 친자식에게

- **예금하다**: 누가 **무엇을** **어디에** 예금하다 → **세 자리 서술어**
  - (주어) / 자금을 / 은행에

따라서 서술어가 요구하는 자릿수가 같은 것은 **E**입니다."
Syntax,Embedded Clauses,2,I,H,"**정답: H, I**

- **H:** 새엄마께서는 **[급한] 일**일수록 침착하세요.  
  → ‘급한’은 ‘일이 급하다’가 관형절로 바뀌어 ‘일’을 꾸밉니다.

- **I:** **[옛이야기를 해주시던] 할머니**가 그리워.  
  → ‘옛이야기를 해주시던’이 ‘할머니’를 꾸미는 관형절입니다.

따라서 하나만 고르도록 한 문제라면 문항에 오류가 있습니다. 일반적으로는 **H와 I 모두 관형절을 안은 문장**입니다."
Syntax,Embedded Clauses,2,B,B,"**정답: B**

- **보리쌀을 섞은** → 뒤의 명사 **‘밥’**을 꾸며 주는 **관형절**
- 전체 문장: *밥상에는 [보리쌀을 섞은] 밥만이 올라왔다.*"
Syntax,Embedded Clauses,2,D,D,"**정답: D**

- **밤이 새도록** → 동사 **‘응시했다’**를 수식하는 **부사절**
- ‘-도록’이 붙어 시간적 한계를 나타냅니다.

즉, **“나는 [밤이 새도록] 삼나무만을 응시했다.”**에서 안긴문장이 부사어 역할을 합니다."
Syntax,Embedded Clauses,2,F,F,"**정답: F**

- **딸꾹질하던**이 뒤의 명사 **‘빈민’**을 꾸며 주는 **관형절**이다.
- 안긴 문장: **빈민이 딸꾹질하다**
- 전체 문장: 불화살이 **[딸꾹질하던] 빈민**에게 명중했다."
Syntax,Embedded Clauses,1,F,F,"정답은 **F**입니다.

- **아까 녹여 둔** → 명사 **‘밥’**을 꾸미는 **관형절(관형어 역할)**  
- 문장: 아까 **[녹여 둔]** 밥을 꺼내 오너라.

따라서 안긴문장이 관형어 역할을 하는 것은 **F**입니다."
Syntax,Embedded Clauses,2,J,J,"**정답: J**

- 막둥이는 **[도망치다시피]** 뛰어나갔다.
- ‘도망치다시피’가 서술어 ‘뛰어나갔다’를 수식하며 행동의 방식을 나타내므로 **부사절**이다.

참고로 A·D·F·H는 명사절, C·G·I는 관형절, B·E는 서술절을 안은 문장이다."
Pragmatics,Discourse Principles,2,H,H,"정답은 **H**입니다.

갑이 “하던 일은 이제 거의 다 됐겠네”라고 추측하자, 을은 직접 “아니, 아직 멀었어”라고 하지 않고 **“오늘 야근 확정이야”**라고 답합니다. 표면적으로는 갑의 말에 직접 대응하지 않아 관련성의 격률을 위반한 듯하지만, 실제로는 **일이 거의 끝나지 않았음을 암시하며 갑의 추측을 반박**한 것입니다.

따라서 **“을은 의도적으로 대화의 관련성을 위반함으로써 갑의 말에 반박하고 있다”**가 가장 적절합니다."
Pragmatics,Discourse Principles,1,H,H,"**정답: H**

갑은 내일의 **날씨**를 물었지만, 을은 직접 답하지 않고 **무릎이 쑤신다**고 말해 표면적으로는 관련성의 격률을 어기고 있습니다. 다만 관절 통증을 통해 내일 비가 오거나 날씨가 좋지 않을 것이라는 의미를 간접적으로 전달합니다."
Pragmatics,Speech Acts,3,B,B,"정답은 **B**입니다.

- **‘불 좀 빌립시다.’**는 청유문 형식을 사용했지만 실제 의도는 상대방에게 불을 빌려 달라고 하는 **간접 요청**입니다.
- **B ‘내일부터 같이 운동할래요?’**는 상대방과 함께 운동하자는 **제안·청유**의 의미로, 문장의 형식과 실제 의도가 일치합니다. 따라서 요청 의도를 간접적으로 수행한 예가 아닙니다.

나머지는 의문·희망·청유 등의 형식을 빌려 상대방에게 어떤 행동을 요구하는 **간접 요청 또는 명령**으로 볼 수 있습니다."
Syntax,Argument Structure & Valency,1,F,F,"정답은 **F**입니다.

- **바닷물이 반짝거린다** → ‘반짝거리다’는 주어인 **‘바닷물이’**만을 필수적으로 요구하는 **한 자리 서술어**입니다.
- ‘햇빛이 들자’는 별도의 부사절입니다.

따라서 정답: **F**"
Syntax,Agreement,3,I,I,"**정답: I**

> 삼촌의 때밀이에 묵은 때가 다 **씻겼다**.

여기서 **‘씻겼다’**는 ‘씻다’의 **피동 표현**으로, ‘묵은 때가 씻음을 당해 없어졌다’는 뜻이다. 따라서 사동문이 아니라 **피동문**이다.

나머지는 ‘신기다, 늦추다, 읽히다, 가라앉히다, 건네다, 업히다’ 등의 사동 표현이 쓰였다."
Syntax,Agreement,2,F,F,"**정답: F**

> 누나가 무거운 짐을 내 손에 **들렸다**.

여기서 **‘들리다’**는 ‘들다’에 사동 접미사 **‘-리-’**가 붙은 **사동사**입니다. 즉 “누나가 내가 무거운 짐을 들게 했다”라는 뜻이므로 피동문이 아니라 **사동문**입니다.

같은 형태의 접미사 **‘-이-, -히-, -리-, -기-’**라도 문맥에 따라 피동 또는 사동의 의미를 나타낼 수 있습니다."
Syntax,Agreement,2,A,A,"정답은 **A**입니다.

- **A: 그는 내 등에 환자를 업혔다.**  
  여기서 **‘업히다’**는 피동사가 아니라 **‘업다’의 사동사**입니다.  
  → ‘그는 내가 환자를 업게 했다’라는 뜻입니다.

반면 피동의 ‘업히다’는 다음과 같이 쓰입니다.

- **환자가 그의 등에 업혔다.**  
  → ‘그가 환자를 업었다’의 피동문

따라서 피동문이 아닌 것은 **A**입니다."
Syntax,Agreement,3,I,I,"**정답: I**

> **악장이 그에게 튜바를 불렸다.**

여기서 **‘불렸다’**는 ‘불다’에 사동 접미사 **‘-리-’**가 결합한 **사동 표현**으로, ‘악장이 그에게 튜바를 불게 했다’라는 뜻이다.

나머지는 ‘쫓기다, 풀리다, 휘말리다, 찢기다, 파묻히다, 차이다, 찍히다, 흔들리다, 팔리다’처럼 피동의 의미를 나타낸다."
Syntax,Agreement,1,G,G,"가장 명확한 답은 **G: 여동생이 내 앞에서 종알거리고 있다.**입니다.

‘종알거리다’라는 동작이 말하는 시점에 계속 진행 중임을 나타냅니다.

다만 문항은 다소 모호합니다. **H(시련을 극복하고 있다)**와 **J(일정이 늦어지고 있다)**도 문맥에 따라 진행 중인 과정으로 해석될 수 있습니다. 따라서 단일 정답을 요구한다면 G가 가장 전형적이지만, 엄밀히는 복수 해석이 가능한 문항입니다."
Syntax,Agreement,1,G,G,"정답은 **G**입니다.

- **태풍이 도시를 강타하고 있다**: 태풍이 도시를 세차게 덮치는 **동작이 현재 진행 중**임을 나타냅니다.
- 나머지는 주로 심리 상태, 관계, 성질 또는 결과 상태를 나타냅니다."
Semantics,Semantic Compatibility,3,A,D,"**정답: D — [날씨], [추위]**

- **[날씨]로 인해**: 추위에 떨게 된 **원인**
- **[추위]에 떨다**: 떠는 행위를 유발한 **원인**

따라서 두 표현 모두 사건의 **원인·이유**라는 의미적 역할을 합니다."
Semantics,Semantic Compatibility,3,B,I,"정답은 **I: [회사3], [집1]**입니다.

두 표현 모두 이동의 **출발점(기점)**을 나타냅니다.

- **[집1]에서** [회사2]까지 이동
- **[회사3]에서** [집2]까지 이동

반면 [회사1], [회사2], [집2]는 이동의 도착점이며, [구내 식당], [탕비실], [휴게실]은 상태가 나타나는 장소입니다."
Syntax,Argument Structure & Valency,3,H,H,"정답은 **H: 4개**입니다.

격조사는 다음과 같습니다.

1. 지난번**에** — 부사격 조사  
2. 학회**에서** — 부사격 조사  
3. 공식 입장문**에** — 부사격 조사  
4. 평생회원 제도**가** — 주격 조사  

‘내후년부터는’의 ‘부터’, ‘는’은 보조사이므로 제외합니다."
Morphology,POS & Morphemes,3,B,B,"정답은 **B**입니다.

- **세계적**: 명사  
- **으로**: 부사격 조사  

따라서 ‘세계적으로’ 전체는 문장에서 부사어 역할을 하지만, 작은따옴표 안의 **‘세계적’ 자체의 품사는 명사**입니다. 문장 성분과 품사를 혼동한 경우입니다."
Syntax,Argument Structure & Valency,3,A,E,"정답은 **E: 6**입니다.

- **충성을 다하여** → ‘다하다’: 주어＋목적어가 필요한 **두 자리 서술어**
- **괴로우나** → ‘괴롭다’: 주어가 필요한 **한 자리 서술어**
- **즐거우나** → ‘즐겁다’: 주어가 필요한 **한 자리 서술어**
- **나라 사랑하세** → ‘사랑하다’: 주어＋목적어가 필요한 **두 자리 서술어**

따라서 \(2+1+1+2=6\)입니다."
Morphology,Verbal Conjugation,3,C,C,"**정답: C**

‘때보다 앞서거나 빠르다’라는 뜻의 **이르다**는 규칙 활용이 아니라 **‘르’ 불규칙 활용**을 합니다.

- 이르- + -어 → **일러**
- 이르- + -어서 → **일러서**

반면, ‘어떤 장소나 시간에 닿다’라는 뜻의 **이르다**는 **‘러’ 불규칙 활용**을 합니다.

- 이르- + -어 → **이르러**

따라서 틀린 서술은 **C**입니다."
Syntax,Ellipsis,3,D,D,"정답은 **D**입니다.

**‘개발새발’은 ‘괴발개발’의 잘못이 아니라 표준어**입니다. 두 단어 모두 ‘글씨를 되는대로 아무렇게나 써 놓은 모양’을 뜻합니다.

- **개발새발**: 개의 발과 새의 발
- **괴발개발**: 고양이의 발과 개의 발

따라서 ‘개발새발’을 반드시 ‘괴발개발’로 고쳐 써야 한다는 D의 설명은 옳지 않습니다."
Phonetics/Phonology,Phonological Constraints,2,H,H,"정답은 **H: 오뚝이**입니다.

‘오뚝이’는 양성 모음 **ㅗ**와 음성 모음 **ㅜ**가 함께 쓰여 모음조화를 어긴 예입니다."
Semantics,Ambiguity,3,J,J,"**정답: J**

“지우가 좋아했던 직원의 지인”은 여전히 두 가지로 해석될 수 있습니다.

1. **[지우가 좋아했던 직원]의 지인**  
   → 지우가 좋아했던 대상은 ‘직원’

2. **지우가 좋아했던 [직원의 지인]**  
   → 지우가 좋아했던 대상은 ‘직원의 지인’

즉, ‘그’의 지시 대상에 관한 중의성은 없어졌지만, 관형절 **“지우가 좋아했던”의 수식 범위**에 따른 중의성은 남아 있습니다. 따라서 문장이 한 가지 뜻으로만 해석된다는 J의 설명이 가장 적절하지 않습니다."
Syntax,Argument Structure & Valency,3,E,E,"**정답: E**

‘설치하다’는 일반적으로 다음 세 성분을 요구하는 **세 자리 서술어**입니다.

- **주어**: (누군가가)
- **목적어**: 백신 프로그램을
- **필수적 부사어**: 컴퓨터에

→ **(누군가가) 컴퓨터에 백신 프로그램을 설치했다.**

따라서 정답은 **E**입니다."
Semantics,Ambiguity,1,G,G,"정답은 **G**입니다.

“친구의 책을 그는 좋아한다.”에서도 **‘친구의 책’**은 여전히

- 친구가 **쓴** 책
- 친구가 **소유한** 책

등으로 해석될 수 있습니다. 목적어를 문장 앞으로 옮겨도 ‘친구의’가 지닌 의미적 중의성은 해소되지 않으므로, **중의적이지 않다**는 G의 설명이 가장 적절하지 않습니다."
Syntax,Agreement,2,A,A,"**정답: A**

‘조롱하다’의 대상은 보통 목적격 조사 **‘을/를’**과 호응합니다.

- 부자연스러움: 국악인이 **명창에게** 아마추어라고 조롱했다.
- 자연스러운 표현: 국악인이 **명창을** 아마추어라고 조롱했다.

따라서 정답은 **A**입니다."
Syntax,Agreement,2,F,F,"**정답: F**

‘절대’는 보통 **‘않다, 못하다, 말다’ 등의 부정 표현**과 호응합니다.

- F: “가을바람에 뻐꾸기가 운다고 절대 매서운 겨울이 올 것이다.”  
  → ‘올 것이다’가 긍정 표현이므로 ‘절대’와 자연스럽게 호응하지 않습니다.

자연스럽게 고치면:  
> 가을바람에 뻐꾸기가 운다고 절대 매서운 겨울이 **오는 것은 아니다**."
Semantics,Inter-sentence Relations,2,F,F,"정답은 **F**입니다.

지문에서는 **음식과 옷**을 보내 달라고 했는데, F는 요청에 없던 **전자제품**을 포장해 보내겠다고 답하므로 적절하지 않습니다."
Syntax,Argument Structure & Valency,3,G,G,"**정답: G**

- **알아차리다**: ‘누가 무엇을 알아차리다’  
  → 주어 **‘나는’** + 목적어 **‘이상한 낌새를’**을 요구하는 **두 자리 서술어**입니다.

참고로 E·H·I·J의 서술어는 해당 문장에서 주어·목적어·필수적 부사어를 요구하는 세 자리 서술어로 쓰였습니다.

※ A의 ‘우리 반장을’은 문맥상 **‘우리 반장은’**의 오타로 보입니다."
Syntax,Argument Structure & Valency,3,J,A,"정답은 **A, F, J**입니다.

- **A 감싸다**: 누가 **무엇을** 감싸다 → 두 자리
- **F 대하다**: 누가 **누구를/누구에게** 대하다 → 두 자리
- **J 가꾸다**: 누가 **무엇을** 가꾸다 → 두 자리

참고로:
- 한 자리 서술어: B, C, G, H, I
- 세 자리 서술어: D(누가 누구에게 무엇을 보내다), E(누가 어디에 무엇을 얹다)

따라서 **A, F, J**입니다."
Pragmatics,Deixis & Reference,3,D,D,"정답은 **D: (‘요게’, ‘저기’)**입니다.

- **‘요게’**: 을이 특히 유명하다고 추천한 에스프레소 메뉴
- **‘그거[2]’**: 저 사람이 먹고 있는 바로 그 에스프레소
- **‘저기’**: 갑이 한 잔을 더 추가해 두 잔 마시겠다고 할 때 가리킨 같은 에스프레소

반면 **‘그거[3]’**은 ‘두 잔씩 마시는 방식/생각’을, **‘그거[4]’**는 을이 마실 음료인 얼그레이 라떼를 가리킵니다."
Pragmatics,Deixis & Reference,3,I,I,"정답은 **I: ('여긴', '거기(1)', '거기(3)')**입니다.

- **‘여긴’**: 갑이 현재 있는 곳
- **‘거기(1)’**: 을이 가리키는 갑의 현재 위치
- 갑은 이동하지 않은 채 창고에 있는 가지를 발견했으므로 갑의 현재 위치는 **창고**
- **‘거기(3)’**: 가지가 있는 곳, 즉 **창고**

반면 **거기(2)**는 마당, **거기(4)**는 다용도실, **고쪽**은 텃밭을 가리킵니다."
Pragmatics,Deixis & Reference,3,I,B,"정답은 **B, I**입니다.

- **B ('이거', '얘')**: 새 표지로 출간된 리커버판 책을 가리킵니다.
- **I ('그것', '저 책')**: 을이 자신의 취향이라고 말한 연작 소설책을 가리킵니다.

나머지는 서로 다른 책, 장소 또는 날짜를 가리킵니다."
Phonetics/Phonology,Phonological Alternation,2,J,J,"**정답: J. 싫증**

- **싫증** → **[실쯩]**  
  ‘ㅎ’이 탈락하고 ‘ㅈ’이 된소리 ‘ㅉ’으로 발음되므로 **거센소리되기**가 일어나지 않습니다.

나머지는 다음과 같이 거센소리되기가 일어납니다.

- 좋다 [조타]
- 밝히다 [발키다]
- 싫고 [실코]
- 좁히다 [조피다]
- 솔직히 [솔지키]
- 닳지 [달치]
- 맏형 [마텽]
- 쌓지 [싸치]
- 국화 [구콰]"
Pragmatics,Deixis & Reference,3,D,D,"정답은 **D: (‘이거[1]’, ‘얘’)**입니다.

- **저거**: 을이 처음 가리킨 옷
- **이거[1]**: 그 옷을 가까이에서 만지며 지칭
- **얘**: 같은 옷을 두고 “무거워서 별로야”라고 평가

따라서 모두 동일한 옷을 가리킵니다."
Phonetics/Phonology,Phonological Alternation,3,A,A,"**정답: A. 생산량**

- 발음: **생산량 → [생산냥]**
- ‘량’의 **ㄹ**이 비음 **ㄴ**으로 바뀌는 **비음화**가 일어납니다.
- 나머지는 주로 ㄴ과 ㄹ이 만나 **ㄹㄹ**로 발음되는 **유음화**의 예입니다."
Phonetics/Phonology,Phonological Constraints,3,G,G,"정답은 **G: ‘연지’**입니다.

‘연지(臙脂)’의 ‘연’은 본래 한자음 자체가 **‘연’**이므로, 어두의 ‘ㄹ’이나 ‘ㄴ’이 변한 두음 법칙이 적용된 것이 아닙니다.

나머지는 두음 법칙이 적용되었습니다.

- 륙군 → **육군**
- 량심 → **양심**
- 력사 → **역사**
- 략탈 → **약탈**
- 녀자 → **여자**
- 련민 → **연민**
- 로인 → **노인**
- 뉴대 → **유대**
- 례의 → **예의**"
Pragmatics,Social Relationship Marking,2,I,I,"정답은 **I**입니다.

I의 두 화자는 함께 저녁을 먹자고 제안하고 거절하는 **친구나 지인 관계**로 보입니다. ‘우리 언니’는 을의 가족일 뿐, 갑과 을 사이가 가족 관계임을 나타내지는 않습니다. 나머지 대화는 부모·자녀, 형제·자매 등 가족 관계로 해석할 수 있습니다."
Syntax,Argument Structure & Valency,2,C,C,"정답은 **C**입니다.

- **비수기까진** = ‘비수기까지는’
- 서술어 **‘아니다’** 앞에서 ‘비수기’는 목적어가 아니라 **보어** 역할을 합니다.
- 기본 구조: **지금 시즌이 비수기가 아니다.**

나머지 꺾쇠 안의 말들은 각각 ‘듣다, 바르다, 제공하다, 삐죽이다, 사수하다, 보다, 신고하다, 지참하다, 손세탁하다’의 목적어입니다."
Syntax,Agreement,2,F,B,"정답은 **B, F, J**입니다.

- **B**: 힌트를 받는다면 대답할 수 있으리라는 **가능성의 추측**
- **F**: 주사위가 평범한 주사위라고 **추측**
- **J**: 회전이 느린 팽이는 오래 돌지 못하리라는 **예측·추측**

나머지는 주로 의지·계획·필요를 나타내거나(A, C, D, G, I), 의문문(E, H)입니다."
Syntax,Argument Structure & Valency,2,H,H,"정답은 **H**입니다.

- **H: `<너만>` 오면**  
  ‘오다’의 주체이므로 `<너만>`은 **주어**입니다. 보조사 ‘만’이 주격 조사 ‘이/가’를 대신한 형태로, “너만이 오면”으로 바꿀 수 있습니다.

나머지는 모두 서술어의 목적어입니다. 특히:

- B: 말을 번역하다
- I: 약을 처방하다 → ‘이라도’가 목적격 조사 대신 쓰임
- J: 손목시계를 선보이다 → ‘까지’가 목적격 조사 대신 쓰임

따라서 **정답: H**."
Syntax,Agreement,1,E,E,"정답은 **E**입니다.

- **E: 거짓말투성이인 사람과는 이제 작별하겠습니다.**  
  → ‘-겠-’이 화자의 앞으로의 **의지나 계획**을 나타냅니다.

나머지 문장의 ‘-겠-’, ‘-을 것이다’는 주로 **추측, 가능성, 판단**을 나타냅니다.

※ 문장의 ‘작벌’은 문맥상 **‘작별’**의 오기로 보입니다."
Syntax,Argument Structure & Valency,2,G,G,"정답은 **G**입니다.

- **G: 나만큼 비참한 `<사람도>` 있을까?**
  - ‘사람도’는 서술어 **‘있을까’**의 **주어**입니다.
  - 보조사 ‘도’가 주격 조사 ‘가’ 대신 붙은 형태로, “나만큼 비참한 **사람이** 있을까?”로 바꿀 수 있습니다.

나머지 꺾쇠 안의 말들은 목적격 조사가 생략되었거나 보조사가 목적격 조사 대신 붙은 **목적어**입니다."
Syntax,Argument Structure & Valency,2,H,H,"정답은 **H**입니다.

- **H: `<습관은>` 참으로 무서운 거야.**  
  → ‘습관은’은 ‘무서운 거야’의 **주제이자 주어**로, 목적어가 아닙니다.

나머지 단어들은 목적격 조사 **‘을/를’**이 붙어 있거나 생략되었으며, C의 ‘벽돌은’은 목적어가 주제화된 경우입니다."
Syntax,Argument Structure & Valency,3,A,A,"**정답: A**

- **주어:** ‘영미의 오 점 슛이’
- **보어:** ‘승리의 **물꼬가**’
- 서술어 **‘되다’** 앞에서 ‘무엇이 되다’의 ‘무엇이’에 해당하는 말은 **보어**이다.

즉, ‘물꼬가’는 주격 조사 ‘가’가 붙었지만 주어가 아니라 보어이다."
Syntax,Agreement,1,E,E,"**정답: E**

> **범죄자는 모조리 검거하고 말겠다.**

선어말어미 **‘-겠-’**이 아직 일어나지 않은 일인 ‘범죄자를 검거하는 일’을 반드시 완성하겠다는 **화자의 강한 의지·의도**를 나타냅니다. 특히 보조 용언 구성 **‘-고 말다’**와 결합해 일을 끝내고야 말겠다는 뜻을 강조합니다.

나머지 문장의 ‘-겠-’이나 ‘-ㄹ 것이다’는 주로 **추측, 가능성, 능력** 등을 나타냅니다."
Phonetics/Phonology,Phonological Alternation,2,B,B,"정답은 **B: 깎다**입니다.

- **값[갑]**: 겹받침 ‘ㅄ’에서 ‘ㅅ’이 탈락하는 **자음군 단순화**가 나타납니다.
- **깎다[깍따]**: 겹받침이 아니라 쌍받침 ‘ㄲ’이므로 자음군 단순화가 나타나지 않습니다. 대신 **음절 끝소리 규칙**과 **된소리되기**가 나타납니다.

따라서 정답은 **B**입니다."
Pragmatics,Speech Acts,1,D,D,"**정답: D**

“다름이 아니라 기한이 언제까지인지 궁금합니다.”는 기한에 관한 정보를 묻는 **질문**입니다.  
제시된 “제출해야 하는 서류의 종류에는 무엇이 있습니까?” 역시 정보를 요구하는 질문이므로 같은 유형입니다."
Phonetics/Phonology,Phonological Alternation,3,C,C,"정답은 **C. 밭을**입니다.

‘밭을’은 모음으로 시작하는 조사 ‘을’과 결합하여 받침 ‘ㅌ’이 다음 음절로 연음되므로 **[바틀]**로 발음합니다. 따라서 음절의 끝소리 규칙이 나타나지 않습니다."
Phonetics/Phonology,Phonological Alternation,3,I,I,"정답은 **I: 밖에**입니다.

- <보기>의 **닻[닫]**: 받침 ‘ㅊ’이 음절 끝에서 대표음 ‘ㄷ’으로 바뀌는 **음절의 끝소리 규칙**이 나타납니다.
- **밖에[바께]**: 받침 ‘ㄲ’이 뒤 음절의 초성으로 연음되어 그대로 발음되므로 음절의 끝소리 규칙이 나타나지 않습니다.

다른 예에서는 해당 규칙이 나타납니다.

- 윷놀이[윤노리]
- 잎사귀[입싸귀]
- 갖가지[갇까지]
- 덫[덛]
- 짚신[집씬]
- 부엌[부억]
- 숯불[숟뿔]
- 털옷[터롣]
- 속옷[소곧]"
Pragmatics,Implicature,2,D,D,"정답은 **D**입니다.

- **D**의 을: “경기도 늘 보러 가는걸요.”  
  → 농구를 좋아한다는 사실을 **긍정하고 강조**하는 대답입니다.

나머지는 질문·제안·권유 등에 대해 직접 또는 간접적으로 **부정하거나 거절**하는 표현입니다."
Syntax,Argument Structure & Valency,3,B,J,"**정답: J. 건립하다**

‘건립하다’는 일반적으로 **누가 무엇을 건립하다**의 구조를 갖는 **두 자리 서술어**입니다.

- 정부가 기념관을 건립했다.
  - 주어: 정부가
  - 목적어: 기념관을

‘서울에’, ‘지난해’ 같은 성분이 덧붙을 수 있지만 이는 필수 성분이 아니므로 자릿수에 포함되지 않습니다. 또한 목적어가 문맥상 생략되더라도 서술어 자체의 자릿수가 바뀌는 것은 아닙니다. 따라서 **건립하다**는 맥락에 따른 자릿수 변화가 없는 말로 볼 수 있습니다."
Syntax,Argument Structure & Valency,1,F,F,"정답은 **F: “일제 아래에서 나는 헛살았다.”**입니다.

주어 **‘나’**가 **‘살다’**라는 행위를 직접 수행하므로 능동문입니다.  
반면 H의 **‘잊혔다’**는 피동 표현이며, 나머지는 대체로 상태나 자연스러운 변화·현상을 나타냅니다."
Syntax,Argument Structure & Valency,3,D,H,"정답은 **없습니다.**

‘주어가 행위를 당하는 것’을 나타내는 동사는 **피동사**인데, 제시된 문장에는 피동사가 없습니다. 각 서술어는 문맥상 자동사이거나 상태를 나타냅니다.

특히 피동처럼 보일 수 있는 **H의 ‘수그러지다’**도 ‘안으로 굽거나 기울어지다’라는 뜻의 **자동사**이지, ‘수그리다’의 피동형이 아닙니다.

피동사가 포함된 문장이라면 예를 들어 다음과 같아야 합니다.

- 날고구마가 칼에 네모꼴로 **잘렸다**.
- 누렁소가 사람에게 **붙잡혔다**.

따라서 선택지에 오류가 있거나 정답이 누락된 것으로 보입니다."
Syntax,Argument Structure & Valency,2,B,B,"정답은 **B**입니다.

- <보기>의 **빌다**:  
  **(누가) + 피해자에게 + 용서를 + 빌다**  
  → 주어, 필수적 부사어, 목적어를 요구하는 **세 자리 서술어**

- B의 **대꾸하다**:  
  **(누가) + 큰누나에게 + 무어라고 + 대꾸하다**  
  → 주어, 상대를 나타내는 부사어, 대꾸 내용을 나타내는 부사어를 요구하는 **세 자리 서술어**

따라서 서술어의 자릿수가 같은 것은 **B**입니다."
Syntax,Argument Structure & Valency,1,D,D,"정답은 **D**입니다.

- <보기>: **아버지가 / 김씨를 / 아들로 / 삼았다.**  
  → ‘삼다’는 **누가, 누구를, 무엇으로**의 세 성분을 요구하는 **세 자리 서술어**입니다.

- D: **(누군가가) / 할아버지를 / 출입문으로 / 안내했다.**  
  → ‘안내하다’ 역시 **누가, 누구를, 어디로**의 세 성분을 요구하는 **세 자리 서술어**입니다.

따라서 정답은 **D. 할아버지를 출입문으로 안내했다.**"
Syntax,Argument Structure & Valency,2,I,I,"정답은 **I**입니다.

- **덧나다**: `위염이 덧나다` → 주어만을 요구하는 **한 자리 서술어**
  - ‘극심하게’는 필수 성분이 아닌 부사어입니다.
- **불타오르다**: `집념이 불타오르다` → 역시 주어만을 요구하는 **한 자리 서술어**

따라서 자릿수가 같은 것은 **I: 비아냥거리는 말에 집념이 불타올랐다.**입니다."
Syntax,Argument Structure & Valency,3,G,C,"정답은 **C, D, G**입니다.

- `<보기>`의 **승인하다**: `누가 + 무엇을 승인하다` → **두 자리 서술어**
- **C 거듭나다**: `누가 + 무엇으로 거듭나다` → 두 자리
- **D 내동댕이치다**: `누가 + 무엇을 내동댕이치다` → 두 자리  
  (`빙판에`는 부가적인 장소 표현)
- **G 축이다**: `누가 + 무엇을 축이다` → 두 자리  
  (`장대비로`는 수단을 나타내는 부가 성분)

따라서 **C, D, G**입니다."
Pragmatics,Implicature,3,E,E,"정답은 **E: “네가 꽃인데 굳이 꽃구경을 가야겠어?”**입니다.

을이 갑을 꽃에 비유해 칭찬하자, 갑이 **“비행기 태워도 소용 없어”**라고 답합니다. 여기서 **‘비행기 태우다’**는 상대를 지나치게 칭찬하거나 추켜세운다는 뜻입니다."
Syntax,Argument Structure & Valency,1,F,F,"정답은 **F**입니다.

- <보기>: **(내가) 친가에게 버려지다**
  - 주어: 내가
  - 필수적 부사어: 친가에게  
  → **두 자리 서술어**

- F: **그가 일개미에게 쏘였다**
  - 주어: 그가
  - 필수적 부사어: 일개미에게  
  → **두 자리 서술어**

따라서 서술어가 요구하는 자릿수가 같은 것은 **F**입니다."
Syntax,Argument Structure & Valency,2,H,H,"**정답: H**

- `<보기>`의 **흘려보내다**: **(누가) 무엇을 흘려보내다** → 두 자리 서술어  
  - ‘애정과 열정과 증오를’은 여러 명사가 병렬로 연결된 **하나의 목적어 자리**입니다.
- H의 **탐구하다**: **(누가) 소아 비만을 탐구하다** → 두 자리 서술어

따라서 자릿수가 같은 것은 **H**입니다."
Syntax,Argument Structure & Valency,3,J,J,"**정답: J**

- `<보기>`의 **건지다**: **(누가) 목숨을 건지다**  
  → 주어와 목적어를 요구하는 **두 자리 서술어**  
  (‘덕분에’는 필수 성분이 아님)

- J의 **함께하다**: **행운이 그대와 함께하다**  
  → 주어와 ‘~와’ 형태의 필수 부사어를 요구하는 **두 자리 서술어**

따라서 자릿수가 같은 것은 **J**입니다."
Pragmatics,Discourse Principles,2,D,D,"정답은 **D**입니다.

D의 ‘을’은 수업 중 밥을 먹는 이유로 **이틀 동안 굶어서 배가 고팠다**는 사실적이고 가능한 근거를 제시합니다. 이 말이 의도적인 거짓이나 근거 없는 주장이라고 볼 단서가 없습니다.

반면 나머지는 반어, 과장, 비유, 지나친 일반화 등을 통해 문자 그대로는 명백히 거짓이거나 근거가 부족한 내용을 의도적으로 말한 사례입니다."
Pragmatics,Social Relationship Marking,2,G,G,"**정답: G**

- 갑은 “상담 주간”, “부모님 모시고 와라”라고 말하는 **교사**이고,
- 을은 “엄마 바쁜데요”라고 답하는 **학생**이다.

따라서 두 화자가 사제 관계인 예로 가장 적절하다."
Pragmatics,Speech Acts,2,C,C,"정답은 **C: “그 잘나신 선생은 그래서 어디 있소?”**입니다.

화자가 선생의 **위치를 알기 위해 청자에게 묻는 의문 발화**입니다. 나머지는 대체로 비난, 반박, 감탄, 권유 등의 의미를 나타내는 수사적 의문문입니다."
Pragmatics,Speech Acts,3,F,J,"**정답: J**

‘이제 그만 나가 주셔야겠습니다.’는 평서문 형식을 사용하지만 실제로는 상대방에게 나가라고 요구하는 **간접 지시 화행**입니다.

A~I도 질문·희망·감사·조건 등의 형식을 통해 명령, 요청, 금지, 권유 같은 지시 기능을 간접적으로 수행합니다. 반면 J의 **“모두 보던 책은 집어넣자”**는 청유형 종결 어미 ‘-자’를 사용하여 행동을 직접 요구하는 **직접 지시 화행**에 가깝습니다. 따라서 동일한 기능을 *간접적으로* 수행하는 예로는 가장 적절하지 않습니다."
Pragmatics,Speech Acts,2,A,A,"정답은 **A**입니다.

- **A: “다음에는 너도 한 번은 하게 해 주지.”**  
  화자가 청자에게 어떤 행동을 요구하는 것이 아니라, 다음에는 기회를 주겠다고 **약속하거나 허락하는 발화**입니다.

나머지는 직접적 또는 간접적으로 청자에게 행동을 요구하거나 금지하는 발화로 볼 수 있습니다. 예를 들어 I와 J는 각각 ‘노래를 크게 틀지 말라’, ‘다리를 떨지 말라’는 간접적 금지 표현입니다."
Syntax,Embedded Clauses,2,G,G,"**정답: G**

> 이맘때는 **[너구리가 겨울잠을 자기(에)]** 너무 이르지.

‘너구리가 겨울잠을 자기(에)’가 ‘이르지’를 수식하며 부사어 역할을 하므로 **부사절을 안은 문장**이다. 여기서는 ‘자기에’의 조사 ‘에’가 생략된 것으로 볼 수 있다."
Syntax,Embedded Clauses,1,C,C,"**정답: C**

- **숨이 차도록**은 ‘한참을 **달렸다**’를 수식하는 **부사절**로, 문장 안에서 **부사어** 역할을 합니다.
- ‘-도록’은 정도나 결과를 나타내는 부사형 어미입니다.

나머지는 주로 명사절(A, B, G, H), 관형절(D, E, F), 서술절(I, J)에 해당합니다."
Syntax,Embedded Clauses,2,H,H,"**정답: H**

- **밀렵꾼이 [말버릇이 참 고약하다].**
- 안긴 문장 **‘말버릇이 참 고약하다’**가 전체 문장의 주어인 **‘밀렵꾼이’**를 서술하므로 **서술어 역할**을 하는 **서술절**이다.

나머지는 관형절, 명사절, 부사절 등으로 안긴 문장이 다른 문장 성분의 역할을 한다."
Syntax,Argument Structure & Valency,1,E,E,"정답은 **E**입니다.

- **오늘 <수술> 잘 마쳤니?**
  → ‘(네가) 오늘 **수술을** 잘 마쳤니?’에서 **‘수술’은 목적어**이며 목적격 조사 ‘을’이 생략되었습니다.

반면 G의 ‘밥줄이라도’는 ‘밥줄이 끊어졌니?’에서 주격 조사 ‘이’ 대신 보조사 ‘라도’가 붙은 것으로, 주어 역할을 합니다."
Syntax,Argument Structure & Valency,1,I,I,"정답은 **I**입니다.

- **널** = ‘너를’의 준말로, 목적격 조사 **-를**이 붙은 **목적어**입니다.
- 문장의 생략된 주어는 ‘내가’입니다.

> (내가) 내 춤 파트너로 **너를** 택하겠어."
Syntax,Argument Structure & Valency,3,I,I,"정답은 **I**입니다.

- **화분에 손댄 건** → 주어
- **내가** → 서술어 **‘아니다’**가 요구하는 **보어**
- **아니다** → 서술어

즉, “화분에 손댄 것은 내가 아니다”에서 **‘내가’는 주어가 아니라 보어**입니다."
Syntax,Argument Structure & Valency,2,G,G,"정답은 **G**입니다.

- **너 혹시 <귀신> 본 적 있니?**
  → “너 혹시 **귀신을** 본 적 있니?”에서 목적격 조사 **‘을’**이 생략된 형태입니다.  
  따라서 **‘귀신’은 목적어**이고 주어가 아닙니다.

나머지 꺾쇠 안의 말들은 주격 조사가 붙었거나 생략된 주어, 또는 보조사 ‘은/는/도’가 붙은 주어입니다."
Syntax,Agreement,1,J,J,"정답은 **J**입니다.

- **J: 난 이제 세면대에서 얼굴을 씻겠다.**
  - **‘-겠다’**가 화자의 결심이나 **의지**를 나타냅니다.
  - 의미: “나는 이제 세면대에서 얼굴을 씻기로 하겠다.”

나머지 문장의 **‘-겠-’, ‘-을 것’**은 주로 추측·예상·가능성의 의미로 쓰였습니다."
Syntax,Agreement,2,G,G,"**정답: G**

‘엿보이지 않았다’의 **‘엿보이다’**는 ‘엿보다’에 피동 접미사 **‘-이-’**가 결합한 **피동 표현**이다. 따라서 주동 표현이 포함되지 않은 문장이다."
Semantics,Semantic Compatibility,1,C,C,"**정답: C**

“허기를 먹었다”는 의미상 어색합니다. 허기는 배고픈 상태이므로 먹을 수 있는 대상이 아닙니다.

자연스러운 표현: **“허기를 달래고자 음식을 먹었다.”**"
Semantics,Semantic Compatibility,1,E,E,"**E**가 가장 부적절합니다.  
‘주식(株式/主食)’은 하늘에서 빛나는 대상이 아니므로 문맥상 어색합니다. **“하늘엔 별이 밝게 빛나고 있었다”**가 자연스럽습니다.

※ J의 ‘밤 하늘’은 **‘밤하늘’**로 붙여 쓰는 것이 맞습니다."
Syntax,Embedded Clauses,3,H,H,"정답은 **H**입니다.

- **‘오늘 놓아 버린’**과 **‘이제 어두운’**은 모두 각각 **‘우리의 관계’**를 직접 꾸미는 관형절입니다.
- 따라서 ‘오늘 놓아 버린’이 다른 안긴문장인 ‘이제 어두운’의 문장성분을 꾸미는 중첩 구조가 아닙니다.

구조:
> [오늘 놓아 버린] [이제 어두운] 우리의 관계

두 관형절이 병렬적으로 같은 명사를 수식하므로, **‘오늘 놓아 버린’**을 ‘안긴 문장의 문장성분을 꾸미는 안긴문장’으로 제시한 것은 올바르지 않습니다."
Syntax,Argument Structure & Valency,2,C,A,"이 문항은 **정답이 하나로 결정되지 않습니다.**

각 제시어는 다음과 같이 최소 두 빈칸에 들어갈 수 있습니다.

- A `나를`: ①, ③
- B `숙제로`: ①, ③
- C `딸기 의자를`: ①, ③ — 의미상 이상하지만 `사다·먹다` 모두 목적어를 취하므로 논항 구조상 가능
- D `법이`: ①, ③
- E `회장이`: ①, ③
- F `내가`: ①, ③
- G `있다`: ①(`있다고`), ③
- H `돈이`: 두 곳 이상
- I `철수가`: ①, ②
- J `먹은`: ①(`저녁을 먹은 사람`), ②(`먹은 지`)

따라서 다른 빈칸에 별도의 표현을 넣을 수 있다는 해석에서는 **부적절한 선택지가 없습니다.**

반대로, 제시어만 넣고 나머지 빈칸은 비워 두어야 한다는 뜻이라면 **D와 J가 모두 불완전**해져 역시 단일 정답이 나오지 않습니다. 문항 조건을 더 명확히 수정해야 합니다."
Semantics,Rhetorical Expressions,2,J,J,"정답은 **J**입니다.

신제품은 회사가 위기를 극복하고 새로운 성장 동력을 얻는 데 기여했습니다. 따라서 성공을 방해한다는 뜻의 **‘냉수를 끼얹다’**는 상황에 맞지 않습니다. 오히려 신제품이 회사에 **새로운 활로를 열어 준 격**입니다."
Semantics,Rhetorical Expressions,1,J,J,"정답은 **J: 지현이는 발등에 불똥이 떨어졌다.**

‘발등에 불똥이 떨어지다’는 **일이 매우 급박하게 닥친 상황**을 비유하는 표현으로, 시험을 하루 앞두고 뒤늦게 공부를 시작해 초조한 지현이의 상황에 가장 적절합니다."
Syntax,Argument Structure & Valency,3,I,I,"정답은 **I**입니다.

- **달음질치다**는 주어만을 필수적으로 요구하는 **한 자리 서술어**입니다.
- ‘나는 운동장을 힘차게 달음질쳤다’에서 **‘운동장을’은 목적어가 아니라 이동 경로를 나타내는 부사어**이며, 생략해도 됩니다.
  - 나는 달음질쳤다.

따라서 맥락이 달라져도 ‘달음질치다’의 자릿수는 달라지지 않습니다.

참고로 **E의 ‘삼다’**는 보통 ‘아이를 양아들로 삼다’에서는 세 자리이지만, ‘짚신을 삼다’와 같은 용법에서는 두 자리로 쓰일 수 있습니다."
Semantics,Semantic Compatibility,1,I,I,"**정답: I. 벽이 물감을 칠한다.**

‘칠하다’의 주어는 일반적으로 물감을 칠하는 **행위자**여야 하는데, ‘벽’은 행위자가 될 수 없어 의미적으로 호응하지 않습니다.

- 올바른 예: **사람이 벽에 물감을 칠한다.**
- 또는: **벽에 물감이 칠해진다.**"
Semantics,Semantic Compatibility,3,I,I,"정답은 **I**입니다.

- **강아지가 달리다**: ‘빠르게 움직이다’의 뜻
- **댓글이 달리다**: ‘글에 댓글이 붙다’의 뜻

따라서 **‘달리다’의 주어로 ‘강아지’와 ‘댓글’이 모두 올 수 있습니다.**"
Semantics,Conjunctions,1,D,D,"정답은 **D**입니다.

- **하지만**: 인공지능 기술은 빠르게 발전하지만, 모든 사람이 이를 체감하는 것은 아니라는 **대조 관계**를 나타냅니다.
- **예컨대**: 발전을 체감하지 못하는 사례로 정보격차를 겪는 **소외계층**을 제시합니다.

따라서 **대조 → 구체적 사례**의 흐름인 D가 가장 자연스럽습니다."
Phonetics/Phonology,Phonological Constraints,3,H,D,"정답은 **D**입니다.

- 한국어에서 **이중모음 ‘ㅢ’ 뒤에 종성이 올 수 없다는 일반적인 음절 구조 제약은 없습니다.**
- ‘ㅢ’와 관련된 대표적인 제약은 종성보다 **초성과의 결합**에 관한 것입니다. 자음 뒤의 ‘ㅢ’는 실제 발음에서 대체로 [ㅣ]로 실현됩니다.

나머지는 음절 구조 또는 음절 배열 제약과 관련됩니다.

- **A·E·J**: 장애음이 비음 앞에서 비음으로 바뀜  
  - 입는다 → [임는다], 국민 → [궁민]
- **B·C**: 초성의 구조적 제약
- **F·G·I**: 종성에서는 제한된 자음만 실현됨  
  - 꽃 [꼳], 밖 [박], 숲 [숩]
- **H**: ‘ㅎ’과 평장애음이 만나 거센소리로 실현됨  
  - 좋다 → [조타]

따라서 **D**가 적절하지 않습니다."
Phonetics/Phonology,Phonological Constraints,2,D,D,"정답은 **D: 다쳐 [다처]**입니다.

‘다쳐’는 **다치어 → 다쳐**로 줄어든 형태로, 모음 **‘ㅣ’와 ‘ㅓ’** 사이에서 일어난 축약에 해당합니다. 따라서 자음과 자음 사이의 음소 배열 제약이 아닙니다.

나머지는 된소리되기, 거센소리되기, 유음화 등 주로 인접한 자음 사이에서 일어난 음운 변동입니다."
Phonetics/Phonology,Phonological Constraints,3,C,C,"정답은 **C: 연구, 엽서**입니다.

- **두음법칙 적용**
  - 료리 → **요리**
  - 련습 → **연습**
  - 려행 → **여행**
  - 류행 → **유행**

- **두음법칙 미적용**
  - **연구**(硏究): 본래 한자음이 ‘연’
  - **엽서**(葉書): 본래 한자음이 ‘엽’"
Phonetics/Phonology,Suprasegmental Features,3,A,A,"정답은 **A: 공, 돈, 무, 감**입니다.

- 공(공놀이): **[공ː]**
- 돈(화폐): **[돈ː]**
- 무(채소): **[무ː]**
- 감(과일): **[감ː]**

반면 **간[간]**, **눈[눈]**, **배[배]**는 단음으로 발음됩니다."
Semantics,Semantic Compatibility,3,F,F,"옳은 설명은 **“신기”의 경험주역이다** 하나뿐입니다.  
따라서 정답은 **F: 1**입니다."
Morphology,POS & Morphemes,3,J,,"정답은 **제시된 선택지에 없습니다.** 공통점은 **(ㄹ) 반드시 다른 말과 결합되어 쓰인다**뿐입니다.

- **‘들-’, ‘짓-’**: 실질적 의미를 지닌 의존 형태소
- **‘-로, -는, -에게, -었-, -을’**: 문법적 의미를 지닌 의존 형태소

또한 ‘-에게’는 음운 환경에 따라 형태가 바뀌지 않지만, ‘-로/으로, -는/은, -었-/-았-, -을/를’ 등은 형태가 달라질 수 있으므로 (ㄱ)이나 (ㄴ)도 전체의 공통점이 아닙니다.

따라서 **‘(ㄹ)’만 있는 선택지가 있어야 하며, 문항 또는 선택지에 오류가 있습니다.**"
Semantics,Semantic Compatibility,3,E,I,"정답은 **I: 0**입니다.

각 설명의 의미역이 모두 맞지 않습니다.

- [상술]은 ‘없었다’의 원인이며 동반주역이 아님.
- [명절]은 [차례]가 행해지는 시간이지 동반주역·대상역이 아님.
- [해외]는 [국내]의 경로역이 아님.
- [국내]는 ‘없었다’의 기준치역이 아님.
- [연휴]는 [명절]의 경험주역이 아님.
- [고물가]와 [상술]은 병렬적인 원인으로, 결과상태 관계가 아님.
- ‘해외로 떠나다’에서 [해외]는 출발점이 아니라 도착점임.
- [내수]는 [국내]의 장소역이 아님.

따라서 알맞은 설명은 **0개**입니다."
Semantics,Semantic Compatibility,3,J,G,"정답은 **G: 0개**입니다.

- 비교의 기준은 [귀족]이 아니라 ‘귀족이나 식자층의 **자녀들**’입니다.
- [피렌체]는 [학자]의 소속·지역을 나타낼 뿐, [무시]의 출발점은 ‘학자들’입니다.
- [도움]의 내용은 ‘더 넓은 학문을 익히는 것’이며, [라틴어] 자체가 도착점역이나 내용역은 아닙니다.
- 나머지 관계들도 문장에 나타난 의미역과 맞지 않습니다."
Semantics,Semantic Compatibility,1,D,D,"**D: 음악을 마시다 돌아왔다.**

‘음악’은 일반적으로 **듣다**와 결합하므로, ‘마시다’는 시적 비유가 아니라면 의미상 가장 어색합니다.  
→ 자연스러운 표현: **“음악을 듣다 돌아왔다.”**"
Semantics,Semantic Compatibility,1,A,A,"**정답: A**

‘집을 들고 뛰었다’는 집을 들어서 뛰었다는 뜻이 되어 의미상 매우 어색합니다. 일반적으로는 **‘급히 짐을 들고 뛰었다’**라고 표현합니다."
Semantics,Semantic Compatibility,2,E,D,"**D**가 가장 어색합니다.

‘고독하다’는 주로 사람의 상태를 나타내므로 소리를 수식하기에는 부자연스럽습니다. 또한 띄어쓰기도 다듬을 필요가 있습니다.

- 자연스러운 표현: **“가을밤에 비 오는 소리가 쓸쓸하게 들린다.”**"
Semantics,Semantic Compatibility,1,I,I,"가장 어색한 것은 **I: 맥주가 주차를 했다.**입니다.

‘주차하다’의 주체는 보통 사람이나 차량이어야 하는데, ‘맥주’가 주차했다는 것은 의미상 자연스럽지 않습니다."
Syntax,Agreement,3,A,A,"**정답: A**

‘털렸다’는 동사 ‘털다’에 피동 접미사 **‘-리-’**가 결합한 **피동 표현**입니다.  
즉, 주어가 행동을 직접 한 것이 아니라 누군가에게 소지품을 빼앗긴 상황이므로 주동 표현이 아닙니다."
Syntax,Agreement,2,C,C,"정답은 **C**입니다.

- `<보기>`의 **‘대표단을 모시고’**는 목적어인 ‘대표단’을 높이는 **객체 높임법**입니다.
- C의 **‘수행원께 말씀드려 봐’** 역시 부사어인 ‘수행원’을 ‘께’, ‘말씀드리다’를 통해 높이는 **객체 높임법**입니다.

따라서 **C**가 동일한 종류의 높임법을 사용한 문장입니다."
Syntax,Agreement,2,G,G,"정답은 **G**입니다.

- **손이 찍혔다**에서 **‘찍히다’**는 ‘찍다’의 피동사로, 주어인 ‘손’이 동작을 당하는 **피동 표현**입니다.
- 나머지는 주어가 직접 행동하거나 상태를 나타내는 주동 표현입니다."
Syntax,Agreement,3,F,F,"**정답: F**

- **F: 입김으로 고드름을 살살 녹였다.**
  - ‘녹였다’는 **‘녹다’의 사동사 ‘녹이다’**가 쓰인 사동 표현입니다.
  - 주동문으로 바꾸면 **“고드름이 녹았다.”**가 됩니다.

따라서 주동 표현이 아니라 **사동 표현**이 포함된 문장은 F입니다.  
※ J의 ‘가득하다’는 상태를 나타내는 형용사이지만, 주동·사동의 대립을 묻는 문제에서는 F가 의도된 답입니다."
Syntax,Embedded Clauses,2,E,E,"정답은 **E: 일본은 자판기가 유명하다.**

- 전체 문장의 주어(화제): **일본은**
- 서술절: **자판기가 유명하다**

즉, **‘자판기가 유명하다’**라는 절 전체가 ‘일본은’을 서술하므로 서술절을 안은 문장입니다.

참고로 A·J는 부사절, B·C·D·F는 명사절, G·H·I는 관형절을 안은 문장입니다."
Syntax,Embedded Clauses,3,J,B,"정답은 **J**입니다.

- **J: 이 휘발유는 [구린내가 심하다].**
  - ‘구린내가 심하다’가 전체 문장에서 ‘이 휘발유는’의 상태를 서술하는 **서술절**입니다.
  - 구조: **이 휘발유는 + [구린내가 심하다]**

나머지는 주로 관형절(A, F, H), 명사절(D, E, G, I), 부사절(B) 등에 해당합니다."
Syntax,Embedded Clauses,2,G,G,"정답은 **G**입니다.

- **이 통조림은**: 문장 전체의 주어
- **뚜껑이 꽤 작다**: 주어 ‘이 통조림은’을 서술하는 **서술절**

즉, 안긴문장 **‘뚜껑이 꽤 작다’**가 전체 문장에서 **서술어 역할**을 합니다. 이러한 문장을 흔히 **서술절을 안은 문장**이라고 합니다."
Syntax,Embedded Clauses,3,G,G,"**정답: G**

> 팀장님이 토론에 참석했음은 전해 듣지 못했다.

- 명사절: **팀장님이 토론에 참석했음**
- 문장 성분: ‘전해 듣지 못했다’의 **목적어**
- 보조사 ‘은’을 목적격 조사 ‘을’로 바꾸면 역할이 명확해진다.  
  → 팀장님이 토론에 참석했**음을** 전해 듣지 못했다.

참고로 F, H, I의 명사절은 주어 역할을 한다."
Syntax,Embedded Clauses,2,E,E,"정답은 **E**입니다.

- **E: 토마토를 다 먹었음은 털어놓지 않았다.**
  - 안긴문장: **토마토를 다 먹었음**
  - 기본형: “토마토를 다 먹었음**을** 털어놓지 않았다.”
  - 동사 **‘털어놓다’의 목적어**이며, 목적격 조사 ‘을’ 대신 보조사 **‘은’**이 쓰였습니다.

참고로 B의 “으르렁거리는 동물을 쳐다봄은”은 ‘위험하다’의 **주어** 역할입니다."
Pragmatics,Speech Acts,3,C,C,"**정답: C**

“입에는 좀 맞으셨나 모르겠네요.”는 상대에게 음식이 입맛에 맞았는지 정보를 묻는 **질문**의 기능을 합니다. 따라서 이름을 묻는 “성함이 어떻게 되세요?”와 같은 유형입니다.

다른 선택지의 의문문 형태는 주로 청유(B), 요청·명령(F, I), 질책·감정 표현(A, D, H, J), 경고(G) 등의 기능을 합니다."
Pragmatics,Speech Acts,2,J,J,"**정답: J**

“걔라고 좋아서 이런 짓을 하겠어요?”는 의문문 형식의 **수사 의문문**으로, 실제로는 “걔도 좋아서 이런 짓을 하는 것은 아니다”라는 화자의 판단이나 주장을 진술합니다."
Pragmatics,Speech Acts,2,E,E,"**정답: E**

“좀 내립시다”는 형식상 **청유문**이지만, 실제 의도는 함께 내리자는 제안이 아니라 앞을 막고 있는 사람에게 **길을 비켜 달라고 요청**하는 것입니다. 즉, 문장 형식과 실제 발화 의도가 일치하지 않는 **간접 화행**의 예입니다."
Syntax,Argument Structure & Valency,3,H,H,"**정답: H**

- **H ‘여행사가 설치고 있다’**에서 주어 **‘여행사가’**는 행위의 주체인 **외부 논항**으로, 기저 구조에서 동사구 바깥의 주어 위치(일반적으로 **vP의 지정어 위치**)에 생성된다. 따라서 **비능격 자동사**에 해당한다.
- 나머지 문장의 주어들은 대체로 상태 변화·출현·움직임·영향을 겪는 **대상(내부 논항)**이다. 이들은 동사구 내부에 기저 생성된 뒤 표면적인 주어 위치로 이동한 것으로 분석되므로 **비대격 자동사적** 성격을 보인다.

따라서 주어의 기저 생성 위치가 다른 것은 **H**이다."
Syntax,Argument Structure & Valency,2,D,D,"**정답: D**

- **농부가**: 행위의 주체(외부 논항)
- **뽐내다**: 주어가 의도적으로 수행하는 행위를 나타내는 **비능격동사**

반면 *젖다, 나타나다, 번지다, 넘치다* 등은 상태 변화나 출현을 나타내는 **비대격동사**로 볼 수 있습니다. 따라서 생물 주어가 쓰였더라도 **G(형이 젖었다), H(마법사가 나타났다)**는 비능격 구문이 아닙니다."
Syntax,Argument Structure & Valency,3,C,D,"정답은 **D: 만개하다**입니다.

**만개하다**는 ‘꽃이 활짝 다 피다’라는 뜻으로, 기본적으로 주어만을 요구하는 **한 자리 서술어**입니다.

- 장미가 만개했다.
- 문화와 예술이 만개했다. → 비유적 의미여도 자릿수는 동일

장소 표현이 붙을 수 있지만 이는 필수 논항이 아니라 부사어입니다. 따라서 사전적 의미에 따라 서술어의 자릿수가 달라지는 경우로 보기 어렵습니다."
Syntax,Argument Structure & Valency,3,B,B,"**정답: B. 익히다**

‘익히다’는 의미가 달라지더라도 기본적으로 **주어와 목적어를 요구하는 두 자리 서술어**입니다.

- 어머니가 **고기를 익혔다**.
- 학생이 **기술을 익혔다**.

‘불에 고기를 익히다’의 ‘불에’와 같은 성분은 필수 성분이 아니므로 자릿수에 포함되지 않습니다.

반면 나머지 서술어들은 의미나 문형에 따라 자릿수가 달라질 수 있습니다. 예를 들면:

- **나돌다**: 소문이 나돌다 / 사람이 거리를 나돌다  
- **굶주리다**: 아이가 굶주리다 / 사랑에 굶주리다  
- **버둥대다**: 아이가 버둥대다 / 아이가 팔다리를 버둥대다  
- **떠받들다**: 그를 떠받들다 / 그를 영웅으로 떠받들다  

따라서 올바르지 않은 것은 **B**입니다."
Syntax,Argument Structure & Valency,3,G,E,"정답은 **E: 치솟다**입니다.

**‘치솟다’**는 일반적으로 주어만을 필수 성분으로 요구하는 **한 자리 서술어**입니다.

- 불길이 치솟았다.
- 물가가 치솟았다.
- 분노가 치솟았다.

‘하늘로 치솟았다’에서 **‘하늘로’**는 방향을 덧붙이는 부사어일 뿐 필수 논항은 아닙니다.

반면 다른 단어들은 문맥이나 의미에 따라 자릿수가 달라질 수 있습니다. 예:

- 향기가 **풍긴다**(한 자리) / 꽃이 향기를 **풍긴다**(두 자리)
- 책이 **읽힌다**(한 자리) / 선생님이 학생에게 책을 **읽힌다**(세 자리)
- 날짜를 **손꼽다**(두 자리) / 그를 대표로 **손꼽다**(세 자리)"
Syntax,Argument Structure & Valency,3,A,A,"**정답: A. 비웃다**

‘비웃다’는 사용 의미가 달라져도 기본적으로 **주어와 목적어**를 요구하는 **두 자리 서술어**입니다.

- 철수가 **영희를** 비웃었다.
- 사람들이 **그의 주장을** 비웃었다.

목적어가 문맥상 생략될 수는 있지만, 이는 서술어의 자릿수가 달라진 것이 아닙니다.

반면 다른 서술어들은 의미나 용법에 따라 자릿수가 달라질 수 있습니다. 예를 들어:

- **개다**: 날씨가 개다(한 자리) / 이불을 개다(두 자리)
- **뭉치다**: 사람들이 뭉치다(한 자리) / 종이를 뭉치다(두 자리)
- **버리다**: 쓰레기를 버리다 / 가 버리다·먹어 버리다(보조 용언 용법)
- **닫다**: 문을 닫다 / ‘달리다’의 뜻으로 쓰이는 닫다

따라서 **A**입니다."
Pragmatics,Implicature,3,E,E,"**정답: E**

동생이 패럴림픽에서 메달을 딴 것은 축하할 만한 일이므로, 갑의 “그런 일이 있었으면 나한테도 한 잔 사야지”라는 반응과 가장 자연스럽게 이어집니다."
Syntax,Agreement,2,J,G,"정답은 **G**입니다.

- **G:** “내가 친구와 가까워지고 싶었던 것은, 그것만은 진심이었다.”
  - ‘것은’과 ‘그것만은’이 같은 내용을 중복하여 화제로 제시하므로 호응이 부자연스럽습니다.
  - 자연스럽게 고치면:
    - “내가 친구와 가까워지고 싶었던 **것, 그것만은** 진심이었다.”
    - “내가 친구와 가까워지고 싶었던 **것은 진심이었다**.”"
Phonetics/Phonology,Phonological Constraints,3,G,G,"**정답: G. 낳다**

‘낳다’는 종성 **ㅎ**이 뒤의 **ㄷ**과 결합해 **ㅌ**으로 축약·격음화되어 **[나타]**로 발음됩니다. 따라서 종성 ㅎ이 일반적인 음절말 중화 제약을 받아 실현되는 사례가 아닙니다.

나머지는 종성 장애음이 대표음 **[ㄱ], [ㄷ], [ㅂ]** 중 하나로 중화됩니다."
Pragmatics,Deixis & Reference,3,F,A,"정답은 **A**입니다.

갑의 “너 이런 옷 이미 있잖아”에서 ‘이런 옷’은 을이 가리킨 **‘저거/저게’와 비슷한 옷**을 뜻합니다. 이어지는 ‘그거[2]’와 ‘그거[3]’는 갑이 과거에 사 준, 을이 이미 가지고 있는 옷을 가리킵니다.

주요 지시 대상은 다음과 같습니다.

- **저거·저게·이거[1]·여기[2]·얘**: 매장에 있는 같은 옷
- **그거[2]·그거[3]**: 을이 이미 가지고 있는 비슷한 옷
- **이건[1]**: 갑이 새로 권한 캐주얼한 옷
- **이건[2]·그것**: 을이 마지막으로 제안한 옷
- **이게**: 옷이 아니라 을을 가리키는 표현

따라서 **을은 ‘저게’와 닮은 옷을 이미 가지고 있다**는 A가 옳습니다."
Pragmatics,Deixis & Reference,3,E,E,"정답은 **E: (‘얘’, ‘저거’)**입니다.

‘저거’는 을이 고른 옷을 가리키며, 이후 ‘이거[1]’, ‘여기[2]’로 이어집니다. 갑이 그 옷을 만져 본 뒤 **“얘는 무거워서 별로야.”**라고 했으므로 ‘얘’와 ‘저거’는 같은 옷을 가리킵니다."
Pragmatics,Deixis & Reference,3,H,H,"정답은 **H: (‘본인’, ‘쟤’)**입니다.

- **‘쟤’**: ‘저 사람[1]’과 공동 주연으로 나온 배우, 즉 **‘저 사람[2]’**
- **‘본인’**: 악역을 맡은 **‘저 사람[2]’** 자신

따라서 두 표현은 같은 인물을 가리킵니다."
Pragmatics,Deixis & Reference,3,E,E,"정답은 **E**입니다. E만 참이고 나머지는 모두 거짓입니다.

- **저 사람[1]**: 새 드라마에서 정의로운 형사를 맡은 배우
- **쟤 = 저 사람[2]**: 새 드라마에서 범인(악역)을 맡은 공동 주연
- **그거[2]**: 저 사람[2]가 예전에 학교 선생님으로 나온 드라마
- **그런 걸**: 저 사람[2]가 얼마 전에 대학생으로 나온 작품
- **이런 걸**: 저 사람[2]가 범인으로 출연하는 새 드라마
- **저기·여기**: 현재 갑과 을이 시청 중인 홍보 목적의 TV 프로그램
- **거기**: 새 드라마

따라서 **“‘쟤’는 ‘이런 걸’에서 악역을 맡았다.”**는 참입니다. 마지막에 얼어서 말을 못 하는 사람도 직전까지 화제가 된 **저 사람[2]**이므로 F는 거짓입니다."
Pragmatics,Deixis & Reference,3,E,E,"정답은 **E**입니다.

- 동부는 원래 부엌에 있었지만, 현재는 어머니가 쓰고 남은 것을 **베란다**에 두었습니다.
- 취나물은 현재 **부엌**에 있습니다.
- 그러나 취나물이 과거에 베란다에 있었는지는 언급되지 않았습니다.

따라서 **“동부가 있는 곳에는 과거에 취나물도 있었다.”**는 참인지 거짓인지 알 수 없습니다.

참고로 주요 지시 대상은 다음과 같습니다.

- 여기(1), 여기(3), 다용도실: 을이 있는 곳
- 여기(2): 갑이 물건을 사려는 곳
- 그거(1): 참나물/취나물
- 그거(2): 동부
- 현재 동부: 베란다
- 현재 취나물: 부엌
- 쌀과 청각: 창고"
Pragmatics,Deixis & Reference,3,C,C,"정답은 **C: (동부, 그거[2])**입니다.

을의 “그래서 어디 뒀냐니까”는 처음에 물었던 **동부의 위치**를 다시 묻는 말입니다. 이에 갑이 “**그거[2]** 네 엄마가 꺼내 쓰고…”라고 답했으므로, **그거[2]는 동부**를 가리킵니다."
Pragmatics,Deixis & Reference,3,J,E,"정답은 **E**입니다.

- **여기(1)**: 을이 현재 있는 **다용도실**
- **거기(1)**: 갑이 가리키는 을의 현재 위치, 즉 **다용도실**
- **여기(2)**: 갑이 있는 곳
- **여기(3)**: 을이 현재 있는 **다용도실**

다용도실에는 쌀과 샬럿은 없고, **차조기**만 있다고 확인됩니다. 차조기가 ‘짝으로’ 있어도 식재료의 **종류는 1종류**입니다.

따라서 **“여기(1)에 있는 식재료는 1종류이다.”**가 옳습니다."
Semantics,Conjunctions,1,F,F,"정답은 **F**입니다.

두 번째 문장은 첫 번째 문장을 구체화하거나 예시하는 것이 아니라, 물병을 넘어뜨린 **결과**를 나타냅니다. 따라서 예시를 나타내는 접속 표현인 **‘가령’**은 들어갈 수 없습니다. ‘그래서’, ‘그러므로’, ‘이로 인해서’와 같은 인과 관계 표현이 자연스럽습니다."
Syntax,Agreement,3,C,F,"정답은 **F**입니다.

> 그는 권위 있는 한 관공서의 직원이 누락한 **정보를 재촉했다**.

‘재촉하다’는 일반적으로 사람이나 행동·일의 진행을 대상으로 하므로, **‘정보를 재촉하다’**라는 목적어와 서술어의 호응이 자연스럽지 않습니다.

자연스럽게 고치면 다음과 같습니다.

- 직원에게 누락한 정보를 제출하라고 재촉했다.
- 직원이 누락한 정보의 보완을 재촉했다."
Syntax,Argument Structure & Valency,3,F,F,"정답은 **F**입니다.

- **출토되다**: ‘무엇이 어디에서 출토되다’의 구조  
  - 주어: **신라 시대의 공예품들이**
  - 필수적 부사어: **호수 밑바닥에서**

따라서 **두 자리 서술어**입니다.

나머지는 일반적으로 다음과 같이 분류됩니다.

- 한 자리: A 나부끼다, C 밀봉되다, G 창궐하다, H 헛발질하다, I 도리질하다
- 세 자리: B 적재하다, D 파병하다, E 명명하다, J 알선해 주다

**정답: F**"
Syntax,Agreement,2,A,A,"정답은 **A**입니다.

> 장모님이 원장이 기어오른다고 꺼려하시는 것을 보셨다.

‘장모님이’를 ‘꺼려하시는’의 주어로 보면, 뒤의 ‘보셨다’는 주어가 불분명해집니다. 반대로 ‘장모님이’를 ‘보셨다’의 주어로 보면 ‘꺼려하시는’의 주체가 드러나지 않아 호응이 어색합니다. 또한 장모님이 자신이 꺼리는 모습을 직접 보았다는 의미로 해석되어 의미상으로도 부자연스럽습니다.

자연스럽게 고치면 예를 들어 다음과 같습니다.

- **장모님이 원장이 기어오른다고 꺼려하셨다.**
- **나는 장모님이 원장이 기어오른다고 꺼려하시는 것을 보았다.**"
Syntax,Agreement,1,G,G,"정답은 **G**입니다.

> 내가 친구와 가까워지고 싶었던 것은 **인형이 자그마했던 것 같다.**

‘것은’에 호응하려면 이유나 계기를 나타내는 서술어가 와야 합니다. 따라서 다음처럼 고쳐야 자연스럽습니다.

> 내가 친구와 가까워지고 싶었던 것은 인형이 자그마했기 **때문이었던 것 같다**."
Syntax,Argument Structure & Valency,2,D,A,"정답은 **A, D**입니다.

- **A 분할하다**: 누가 + 무엇을 분할하다 → **두 자리 서술어**  
  - ‘자식들을 위해’, ‘미리’, ‘셋으로’는 부가적인 성분입니다.
- **D 입수하다**: 누가 + 무엇을 입수하다 → **두 자리 서술어**  
  - 주어는 생략되어 있고, 목적어는 ‘첩보를’입니다.

나머지는 다음과 같이 볼 수 있습니다.

- **한 자리**: B 녹아내리다, F 용솟음치다, H 상승하다, I 지연되다, J 해소되다
- **세 자리**: C 납부하다, E 추정하다, G 투자하다

따라서 **A와 D**입니다."
Semantics,Inter-sentence Relations,1,F,F,"정답은 **F: 좋아하는 프로그램의 생방송을 놓쳤다.**

퇴근 시각이 앞당겨진 **덕분에** 평소에 하지 못했던 일을 할 수 있었다는 긍정적 결과가 이어져야 합니다. 생방송을 **놓쳤다**는 것은 부정적 결과이며, 일찍 퇴근한 상황과도 인과관계가 자연스럽지 않습니다."
Semantics,Inter-sentence Relations,1,E,E,"정답은 **E**입니다.

**(라) → (가) → (마) → (나) → (다) → (바)**

- **(라)**: 커피 문화 확산과 카페 선택이라는 전체 화제를 제시합니다.
- **(가)**: 먼저 대형 프랜차이즈 카페의 특징을 설명합니다.
- **(마)**: ‘따라서’로 대형 체인점을 선호하는 상황을 제시합니다.
- **(나)**: ‘한편’으로 소규모 동네 카페와 대조합니다.
- **(다)**: ‘그래도’로 메뉴가 단조롭다는 단점을 보완하는 장점을 설명합니다.
- **(바)**: ‘또한’으로 조용한 카페를 찾는 손님들의 특성을 덧붙입니다."
Syntax,Agreement,2,J,J,"정답은 **J**입니다.

- `<보기>`의 **‘교원님께’**는 조사 **‘께’**를 사용하여 행위의 대상을 높이는 **객체 높임법**입니다.
- J의 **‘국가대표께’**도 조사 **‘께’**를 사용한 객체 높임법입니다.

따라서 정답은 **J: 국가대표께 너무 무례한 것 아니니?**입니다."
Syntax,Agreement,2,H,H,"정답은 **H**입니다.

- `<보기>`의 **‘고객님께 관심사를 여쭤봐’**는 ‘고객님’을 높이는 **객체 높임법**입니다. 조사 **‘께’**와 특수 어휘 **‘여쭙다’**가 사용되었습니다.
- H의 **‘교수님께 … 보고했던’**도 조사 **‘께’**를 사용하여 행위의 상대인 ‘교수님’을 높인 **객체 높임법**입니다.

따라서 정답은 **H**입니다."
Syntax,Agreement,2,G,G,"정답은 **G**입니다.

- **나는 어머니를 모셨다.** → 특수 어휘 **‘모시다’**를 사용해 객체인 ‘어머니’를 높인 **객체 높임법**
- **친구야, 간호사님한테 인사드려.** → **‘드리다’**를 사용해 객체인 ‘간호사님’을 높인 **객체 높임법**

따라서 정답은 **G**입니다."
Syntax,Agreement,2,G,G,"정답은 **G**입니다.

- **G: 군중이 잔뜩 엉겨들었다.**  
  ‘엉겨들다’는 군중이 스스로 한데 뒤엉기는 것을 나타내며, 다른 대상에게 어떤 행동을 하게 하는 **사동 표현이 아닙니다.**

나머지는 ‘누이다, 먹이다, 곯리다, 세우다, 꿇리다, 덥히다, 빨리다, 띄우다’ 등 사동의 의미를 지닌 동사가 사용되었습니다."
Syntax,Agreement,2,J,J,"**정답: J**

- **기재되었다**: ‘기재하다’에 피동의 의미를 나타내는 **‘-되다’**가 결합한 **피동 표현**이다.
- 나머지는 ‘세우다, 누이다, 높이다, 썩이다, 삭이다, 돋우다, 그을리다, 굶기다’ 등 사동의 의미를 나타내는 동사가 포함되어 있다."
Syntax,Agreement,1,G,G,"정답은 **G**입니다.

- **G: 받침대가 나무를 단단하게 지탱했다.**  
  ‘지탱하다’는 일반적인 타동사로, 사동 접사가 결합한 사동 표현이 아닙니다.

나머지는 모두 사동 접사에 의한 사동사입니다.  
예: 물다→물리다, 살찌다→살찌우다, 묵다→묵히다, 익다→익히다, 썩다→썩히다, 빗다→빗기다."
Syntax,Agreement,2,F,F,"정답은 **F**입니다.

- **F: 소행성에서 새로운 생명체가 발견되었다.**  
  → ‘발견되었다’는 ‘발견하다’의 **피동 표현**으로, 사동 표현이 아닙니다.

나머지 문장에는 ‘신기다, 건네다, 늦추다, 업히다, 읽히다, 가라앉히다’ 등의 **사동 표현**이 포함되어 있습니다."
Syntax,Agreement,2,I,I,"정답은 **I**입니다.

- **왕은 신하에게 무릎을 꿇렸다.**
- ‘꿇렸다’는 ‘꿇다’에 사동 접미사 **-리-**가 붙은 **사동 표현**으로, 왕이 신하로 하여금 무릎을 꿇게 했다는 뜻입니다.

나머지는 ‘그슬리다, 받들리다, 빨리다, 에워싸이다, 보이다, 뜯기다, 뒤얽히다, 밉보이다, 내걸리다’ 등의 피동 표현을 포함합니다."
Syntax,Argument Structure & Valency,1,I,I,"정답은 **I**입니다.

- **장아찌가 맵다**: ‘맵다’는 주어만을 필수적으로 요구하는 **한 자리 서술어**입니다.  
  - ‘생각보다’는 생략 가능한 부사어입니다.
- **물품 재고가 과잉되었다**: ‘과잉되다’ 역시 주어만을 필수적으로 요구하는 **한 자리 서술어**입니다.

나머지는 목적어나 필수적 부사어 등을 추가로 요구하는 두 자리 이상의 서술어입니다."
Syntax,Argument Structure & Valency,1,A,A,"정답은 **A**입니다.

- **걷히다**: “뭉게구름이 걷혔다.” → 주어만을 필수적으로 요구하는 **한 자리 서술어**
- **헝클어지다**: “가르마가 헝클어졌다.” → 역시 주어만을 필수적으로 요구하는 **한 자리 서술어**

‘바람결에’는 생략할 수 있는 부사어입니다.

반면 **F의 ‘들이닥치다’**는 ‘해결사들이 **장례식장에** 들이닥쳤다’처럼 주어와 도착 장소를 나타내는 필수적 부사어를 요구하므로 두 자리 서술어입니다."
Syntax,Embedded Clauses,2,I,I,"**정답: I**

> 식품은 **[농도가 높은]** 식염수로 처리해야 한다.

‘농도가 높은’은 주어 ‘농도가’와 서술어 ‘높은’으로 이루어진 **관형절**이며, 뒤의 명사 ‘식염수’를 꾸며 **관형어 역할**을 합니다."
Syntax,Embedded Clauses,3,E,E,"정답은 **E, G**입니다.

- **E**: **천왕성이 누워서 돈다** → 서술어 **돌다**는 주어만을 요구하는 **한 자리 서술어**입니다.  
  - 천왕성이 돈다.
- **G**: **아들놈이 서성인** → 서술어 **서성이다**도 주어만을 요구하는 **한 자리 서술어**입니다.  
  - 아들놈이 서성이다.  
  - ‘곳’은 필수 성분이 아니라 장소를 나타내는 부가 성분입니다.

나머지의 주요 서술어인 **먹이다, 위하다, 하다, 막다, 만나다, 먹다, 감당하다, 내다** 등은 목적어나 다른 필수 성분을 요구하는 두 자리 이상의 서술어입니다."
Syntax,Embedded Clauses,3,C,B,"정답은 **B, C, I, J**입니다. 모두 안긴 문장의 서술어가 **한 자리 서술어**로 쓰였습니다.

- **B**: `[사슬과 낫이 결합된]` → **결합되다**  
  - 주어: `사슬과 낫이`  
  - 한 자리 서술어로 쓰임
- **C**: `[수심이 낮은]` → **낮다**  
  - 주어: `수심이`  
  - 한 자리 서술어
- **I**: `[양호실에 누워 계시는]` → **눕다/누워 계시다**  
  - 주어: `우리 체육부 선생님이`  
  - `양호실에`는 생략 가능한 부사어이므로 한 자리
- **J**: `[타 브랜드보다 빠른]` → **빠르다**  
  - 주어: `시간이`  
  - `타 브랜드보다`는 생략 가능한 비교 부사어이므로 한 자리

따라서 단일 정답을 요구하는 문제라면 문항에 오류가 있으며, 복수 정답은 **B, C, I, J**입니다."
Syntax,Embedded Clauses,3,C,C,"정답은 **C**입니다.

- 안긴 관형절: **(숙소가) 편안한**
- 서술어: **편안하다**
- 필수 성분: **숙소가**(주어) 하나

따라서 **‘편안하다’는 한 자리 서술어**입니다.

참고로 F의 ‘몸에 좋은’에서 ‘좋다’는 **성분이 몸에 좋다**처럼 주어와 필수적 부사어를 요구하므로 두 자리 서술어입니다."
Syntax,Embedded Clauses,3,E,E,"정답은 **E**입니다.

- **내가 갈 수 있는 호텔**
- 안긴 문장 복원: **내가 호텔에 갈 수 있다.**

여기서 `<호텔>`에는 부사격 조사 **‘에’**가 붙으며, 목적지를 나타내는 **부사어**로 기능합니다. 따라서 정답은 **E**입니다."
Pragmatics,Discourse Principles,2,A,A,"정답은 **A**입니다.

“밥도 좋고 면도 좋고 빵도 괜찮고…”라고 여러 선택지를 장황하게 나열한 뒤 “아무거나 먹자”고 말해, **특별히 원하는 메뉴가 없고 무엇이든 상관없다는 태도**를 드러냅니다. 이는 그라이스의 대화 격률 중 **태도의 격률(명료하게 말하라)**을 의도적으로 위반한 경우입니다."
Syntax,Agreement,1,J,J,"**정답: J**

- **J: 사장은 직원의 태도가 마땅찮다.**  
  ‘마땅찮다’는 ‘마땅하지 않다’라는 뜻의 형용사로, 피동 표현이 아니다.

나머지는 ‘가로놓이다, 휘감기다, 내몰리다, 떼이다, 억눌리다, 낚이다, 씹히다, 내쫓기다, 집히다’와 같은 피동 표현을 포함한다."
Syntax,Agreement,1,B,B,"**정답: B**

- **B: “줄다리기 선수가 밧줄을 잡아당긴다.”**  
  주어인 ‘선수’가 직접 행동하는 **능동 표현**이다.

나머지는 ‘널리다, 사로잡히다, 뜨이다, 걷히다, 가로막히다, 얹히다, 그을리다, 뒤섞이다, 잡아먹히다’ 등의 **피동 표현**을 포함한다."
Semantics,Semantic Compatibility,1,G,G,"**G: 퇴근길에 사과 씨앗에 들렀다.**

‘들르다’는 가게나 장소처럼 잠시 머물 수 있는 곳을 목적어로 취하는데, **‘사과 씨앗’은 장소가 아니므로 의미상 가장 어색합니다.**  
예: *퇴근길에 사과 가게에 들렀다.*"
Semantics,Semantic Compatibility,1,A,A,"**정답: A**

‘헬스장’은 장소이므로 직접 ‘눈 속을 달리다’의 주체가 될 수 없어 의미상 가장 어색합니다.

- 수정 예: **헬스장 회원이 눈 속을 달리고 있었다.**

참고로 C는 ‘가득 **메웠다**’, D는 ‘개선해야 **한다**’로 쓰는 것이 맞습니다."
Semantics,Semantic Compatibility,2,H,H,"**정답: H**

‘선거용지’는 스스로 움직여 창문을 두드릴 수 없으므로 의미상 가장 어색합니다. 특별한 비유적 맥락도 제시되지 않았습니다."
Semantics,Semantic Compatibility,1,J,J,"정답은 **J**입니다.

**“헌법 제1조가 아침을 먹었다.”**는 무생물인 ‘헌법 조항’에 생물의 행위인 ‘아침을 먹다’를 결합하여 의미상 가장 어색합니다."
Semantics,Semantic Compatibility,1,H,H,"정답은 **H**입니다.

**“푹신한 코코아에서 소파를 마신다.”**는 수식 관계와 목적어가 의미상 뒤바뀌어 매우 어색합니다. 자연스럽게 고치면:

> **푹신한 소파에서 코코아를 마신다.**"
Semantics,Semantic Compatibility,1,G,G,"**정답: G**

“고정 금리”는 금융 용어이므로 드론을 조종하는 주체가 될 수 없습니다. 주어와 서술어의 의미 관계가 어색합니다.

- 자연스러운 예: **“자동 제어 시스템이 드론을 정교하게 조종한다.”**"
Semantics,Semantic Compatibility,2,E,E,"정답은 **E: 1**입니다.

- **① 참**: `[태양]`은 해가 뜬다는 의미의 ‘해’이지만, 지문의 ‘올해’, ‘한 해’에서 ‘해’는 **‘년(年)’**을 뜻하므로 의미가 다릅니다.
- 나머지 설명에서 `[태양]`은 ‘한 해’, ‘아프고’, ‘슬픈 일’, ‘기쁜 일’, ‘즐거운 일’, ‘모두’, ‘다가온’과 해당 의미역 관계를 맺지 않습니다.
- `[태양]`은 ‘찬란하게 떴다’의 주체이지, ‘찬란’의 **도구역**도 아닙니다.

따라서 옳은 것은 **1개**입니다."
Semantics,Semantic Compatibility,3,B,A,"정답은 **A: 0개**입니다.

- 인도·미국·태국은 국가 세 곳을 열거한 것으로, 동반주역·도착점역·기준치역이 아닙니다.
- 아시아 주요국은 조사 범위의 시작점, 유럽은 끝점에 해당합니다.
- 아프리카는 영향주역이 아니며, 유럽도 내용역이 아닙니다.

따라서 <보기>의 설명은 모두 부적절합니다."
Syntax,Agreement,2,E,E,"**정답: E**

- **악장이 그에게 튜바를 불렸다.**  
  → ‘악장이 그로 하여금 튜바를 불게 했다’라는 뜻의 **사동 표현**이다.  
  기본형 **불다**에 사동 접미사 **-리-**가 결합한 형태이다.

나머지는 ‘찍히다, 차이다, 풀리다, 쫓기다, 팔리다, 휘말리다, 찢기다, 흔들리다, 파묻히다’처럼 주어가 어떤 행위나 영향을 받는 **피동 표현**이다."
Semantics,Semantic Compatibility,3,H,E,"정답은 **E: 정답 없음**입니다.

- 비교의 기준은 [귀족] 자체가 아니라 **‘귀족이나 식자층의 자녀들’**이므로 H는 틀립니다.
- [피렌체]는 [학자]들의 소속·관련 지역이며, [무시]의 출발점은 **‘피렌체의 인문주의 학자들’**이므로 I도 적절하지 않습니다.
- [라틴어]는 배움의 대상이고, ‘도움’과는 간접적으로 원인 관계를 맺을 뿐 내용역이나 도착점역이 아닙니다.
- 나머지 선택지의 역할 관계도 지문에 나타나지 않습니다."
Morphology,POS & Morphemes,3,C,C,"정답은 **C**입니다.

- **희원이의 생일은 ‘그저께’가 아니라 어제였다.**
  - ‘그저께’ 뒤에 조사 **‘가’**가 결합했으므로 이 문장에서는 **명사**로 쓰였습니다.
- 반면 G의 **“첫눈이 그저께 내렸다.”**에서는 ‘그저께’가 ‘내렸다’를 수식하므로 **부사**입니다.

따라서 C의 **‘그저께’-부사**는 알맞게 짝지어진 것이 아닙니다."
Syntax,Argument Structure & Valency,3,D,D,"**정답: D. 5**

1. **시리다**: ‘무엇이 시리다’ → **한 자리 서술어**
2. **빠뜨리다**: ‘누가 무엇을 어디에 빠뜨리다’ → **세 자리 서술어**
3. **치솟다**: ‘무엇이 치솟다’ → **한 자리 서술어**

따라서 **1 + 3 + 1 = 5**입니다."
Semantics,Semantic Compatibility,3,A,H,"**정답: H (정답 없음)**

- **인도·미국·태국**은 ‘한류 관련 보도가 가장 많은 국가 3곳’의 구체적인 대상들을 나열한 것이므로 동반주역·도착점역·기준치역이 아니다.
- **아시아 주요국부터**는 범위의 시작점, **유럽까지**는 범위의 끝점을 나타낸다.
- 따라서 유럽은 내용역이 아니며, 제시된 설명 중 옳은 것이 없다."
Semantics,Semantic Compatibility,2,H,H,"**정답: H (정답 없음)**

[사또]는 ‘철갑상어 알을 보고 신기해 한’ **경험주역**이다. 보기에는 “‘신기’의 경험주역”이 없으므로 정답은 H이다."
Semantics,Conjunctions,1,H,H,"**정답: H**

‘그러므로’는 앞의 내용이 뒤 내용의 원인이나 근거가 될 때 사용합니다. 그러나 **배터리가 다 닳은 것**만으로 **충전 단자가 고장 났다**고 결론 내릴 수 없으므로 인과관계가 부적절합니다.

- 수정 예: “휴대폰 배터리가 다 닳았다. **그러므로 휴대폰을 충전해야 한다.**”"
Semantics,Ambiguity,2,I,I,"정답은 **I**입니다.

“깔끔한 안방과 부엌이 좋다”는 다음 두 가지로 해석될 수 있습니다.

1. **깔끔한 안방**과 **부엌**이 좋다.  
   → ‘깔끔한’은 안방만 수식함.
2. **깔끔한 안방과 깔끔한 부엌**이 좋다.  
   → ‘깔끔한’이 안방과 부엌을 모두 수식함.

따라서 부엌이 **항상** 깔끔한 속성을 갖는다고 볼 수 없으므로, **I가 옳지 않은 선지**입니다."
Semantics,Ambiguity,3,I,A,"엄밀히 말하면 **단일 정답이 성립하지 않습니다.**

구조적 중의성이 자연스럽게 나타나는 문장은 다음과 같습니다.

- **A**: ‘긴장한 채’가 ‘발표하다’ 또는 ‘말을 걸다’를 수식
- **B, F**: 비교 대상의 중의성
- **C, E**: 부정의 범위 중의성
- **G**: ‘좋은’의 수식 범위 중의성
- **J**: ‘3개’의 적용 범위 중의성

반면 **D, H, I**에서는 뚜렷한 구조적 중의성을 찾기 어렵습니다.

- **D**: ‘내가 간 곳이 아니다’는 일반적으로 한 가지 구조로 해석됨
- **H**: ‘입고 있다’가 ‘입는 중이다/입은 상태이다’로 해석될 수 있지만, 이는 주로 **상적·의미적 중의성**이지 구조적 중의성은 아님
- **I**: ‘엄마가 출근 준비를 하는 중이다’ 역시 자연스러운 구조적 해석은 하나임

따라서 엄밀한 답은 **D, H, I**입니다.  
다만 출제자가 ‘구조적 중의성은 없지만 다른 종류의 중의성은 있는 문장’을 의도했다면 **H**를 정답으로 예상할 수 있습니다."
Semantics,Word Relationships,1,I,I,"정답은 **I: 수리하다**입니다.

‘보다’가 특정 문맥에서 ‘전망하다’와 유의 관계를 이루듯, **“고장 난 컴퓨터를 고치다”**에서 ‘고치다’는 **‘수리하다’**와 유의 관계를 이룹니다."
Semantics,Word Relationships,1,A,A,"정답은 **A: 물어보세요**입니다.

“질문하세요”는 궁금한 점을 **물어보세요**라는 뜻입니다."
Semantics,Ambiguity,2,D,D,"정답은 **D**입니다.

“저 아름다운 배 좀 봐”에서도 **배**는 문맥에 따라 **과일인 배, 교통수단인 배, 신체 부위인 배**로 해석될 수 있습니다. ‘아름다운’이라는 수식어만으로는 중의성이 완전히 사라지지 않습니다.

참고로 H의 **장편**은  
- **長篇**: 긴 작품  
- **掌篇**: 매우 짧은 작품  

이라는 동음이의어이므로 중의적일 수 있습니다."
Semantics,Ambiguity,2,A,A,"**정답: A**

“말이 많다”는 중의적인 표현이다.

- **말(言)**이 많다 → 수다스럽다.
- **말(馬)**이 많다 → 동물인 말의 수가 많다.

따라서 “중의적이지 않다”는 A의 설명이 적절하지 않다."
Syntax,Agreement,2,A,A,"정답은 **A**입니다.

- **‘별로’**는 일반적으로 **부정 표현**과 호응합니다.
- 또한 부사이므로 서술어 앞에 놓는 것이 자연스럽습니다.

따라서 다음과 같이 고쳐야 합니다.

> 이러한 상황에서는 상사의 말에 **별로 따르고 싶지 않다**.

나머지 선택지의 설명은 적절하지 않습니다. 예를 들어 **‘설령’, ‘결코’는 문장 맨 앞에 올 수 있으며**, 각각 특정한 호응 표현과 결합해야 합니다. 또한 **‘여간’은 ‘여간 어려운 일이 아니다’**처럼 ‘어렵다’와도 사용할 수 있습니다."
Semantics,Semantic Compatibility,1,B,B,"**정답: B**

‘고기’가 요리의 주체가 되어 “만찬을 요리했다”는 의미가 되므로 가장 어색합니다.

- 자연스러운 표현: **저녁 만찬으로 고기를 요리했다.** / **저녁 식사로 고기를 요리했다.**"
Semantics,Semantic Compatibility,2,A,A,"**정답: A**

“전구가 공장을 만들었다”는 무생물인 **전구**가 행위 주체가 되어 **공장을 만들었다**고 표현하여 주어와 서술어의 의미 관계가 가장 어색합니다.  
자연스럽게 고치면 “전구를 만드는 공장을 세웠다” 등이 됩니다."
Semantics,Semantic Compatibility,1,C,C,"**정답: C**

‘사각거리다’는 얇고 빳빳한 물건이 가볍게 마찰할 때 나는 소리를 나타내므로 **부동산 가격**과 의미상 어울리지 않습니다.  
→ 자연스러운 표현: **“부동산 가격이 하락했다/급등했다.”**"
Semantics,Semantic Compatibility,1,H,H,"정답: **H: 바위를 마신다.**

‘바위’는 일반적으로 마실 수 있는 대상이 아니므로 의미상 가장 어색합니다."
Semantics,Semantic Compatibility,1,E,E,"**정답: E**

“나른한 오후에 **커피가 책을 읽었다**”는 무생물인 ‘커피’가 책을 읽는 주체로 표현되어 의미상 가장 어색합니다.  
(H와 J는 시적·비유적 표현으로 볼 수 있습니다.)"
Semantics,Semantic Compatibility,1,F,F,"**정답: F**

“맥주가 주차를 했다”는 무생물인 **맥주**가 자동차처럼 주차했다는 뜻이 되어 의미상 가장 어색합니다.  
자연스럽게 고치면 예를 들어 **“맥주 회사의 트럭이 주차를 했다”**라고 할 수 있습니다."
Semantics,Semantic Compatibility,1,G,G,"**G: 설계는 의자가 담당했다.**

‘의자’는 사물이므로 설계를 담당할 수 없어 의미상 가장 어색합니다. 사람이나 부서를 뜻하는 표현으로 바꿔야 자연스럽습니다.

- 예: **설계는 담당자가 맡았다.**
- 예: **설계는 디자인팀이 담당했다.**"
Semantics,Semantic Compatibility,1,B,B,"**정답: B**

“급히 **집을 들고** 뛰었다”는 ‘집(house)을 들다’라는 의미가 되어 매우 부자연스럽습니다.  
문맥상 “급히 **짐을 들고** 뛰었다”의 오타로 보입니다."
Semantics,Word Relationships,3,I,I,"정답은 **I: 순이익**입니다.

**벼 → 쌀**이 도정 과정을 거쳐 불필요한 부분을 제거한 결과인 것처럼, **매출 → 순이익**은 매출에서 비용 등을 제외하여 얻은 결과입니다."
Semantics,Word Relationships,2,G,G,"**정답: G. 드래곤**

가족관계를 강아지 기준으로 정리하면:

- **고양이**: 강아지의 외할아버지
- **아레스**: 강아지의 아버지
- **드래곤**: 아레스의 아버지 → 강아지의 **친할아버지**
- **유니콘**: 아레스의 아내인 고양이 딸의 동생 → 강아지의 **외삼촌**

따라서  
**외삼촌 : 친할아버지 = 유니콘 : 드래곤**이므로 **G**입니다."
Semantics,Word Relationships,2,B,B,"**정답: B. 감형**

‘배고픔’에 대한 ‘식사’처럼, ‘학교 폭력’에는 이를 해결하거나 제재하는 대응책이 상응합니다. 정학·사회 봉사·훈계·퇴학 등은 가해자에 대한 제재가 될 수 있지만, **감형**은 이미 내려진 처벌을 줄이는 것이므로 학교 폭력에 대한 직접적인 대응책으로 가장 적합하지 않습니다."
Semantics,Word Relationships,2,D,D,"정답은 **D: 노르웨이의 숲**입니다.

‘식물:무궁화’는 **상위 개념과 하위 종류**의 관계입니다. 같은 방식으로 ‘고양이’의 하위 종류인 **노르웨이의 숲(고양이 품종)**이 적합합니다."
Semantics,Word Relationships,1,H,H,"정답은 **H: 흑자**입니다.

- **뜨거움 ↔ 차가움**: 반의 관계  
- **적자 ↔ 흑자**: 반의 관계"
Semantics,Word Relationships,1,A,A,"정답은 **A: 의향**입니다.

**심중(心中)**은 ‘마음속에 품고 있는 생각이나 뜻’을 의미하므로, 문맥상 **의향**과 가장 유사합니다."
Semantics,Word Relationships,3,C,G,"정답은 **G: 체포하다**입니다.

문맥상 “용의자를 즉각 안치하였다”는 용의자의 신병을 확보했다는 의미이므로 **‘체포하다’**가 가장 유사합니다.  
다만 **‘안치하다’**는 일반적으로 시신이나 유골 등을 정중히 모셔 두는다는 뜻이라, 이 문장에서는 다소 부자연스럽게 사용되었습니다."
Semantics,Word Relationships,3,I,C,"**정답: C. 절감하다**

‘통감하다’는 **어떤 사실을 매우 깊고 절실하게 느끼다**라는 뜻으로, ‘절감하다’와 의미가 가장 유사합니다.

다만 문맥상 모든 과정을 관리했다는 의미라면 **‘총괄했다’**가 더 자연스럽습니다."
Syntax,Argument Structure & Valency,3,J,B,"정답은 **B**입니다.

- **단정하다**: **(누가) 무엇을 단정하다** → 두 자리 서술어  
  - 주어: **(너는)** — 명령문이라 생략됨  
  - 목적어: **타인의 성격을**
- **겉모습만으로**는 판단의 근거를 나타내는 부사어로, 필수 성분이 아닙니다.

따라서 **‘단정하다’가 요구하는 자릿수는 두 자리**입니다."
Semantics,Inter-sentence Relations,3,C,C,"정답은 **C**입니다.

- **안전사고 → 화재 / 이러한 일**: 화재는 안전사고의 한 종류입니다.
- **위험 요소 → 먼지가 많이 낀 멀티탭**: 먼지가 낀 멀티탭은 안전사고 자체가 아니라 안전사고를 일으킬 수 있는 위험 요소입니다.

따라서 **‘안전사고–먼지가 많이 낀 멀티탭’**은 두 항목의 관계가 적절하지 않아 다른 보기입니다."
Semantics,Inter-sentence Relations,1,D,D,"정답은 **D: 2 → 4 → 1 → 3**입니다.

- 파스타를 만들려 했지만 재료가 없었음(2)
- 재료를 사기 위해 대형마트에 감(4)
- 늦은 시간이라 마트가 닫혀 있었음(1)
- 결국 편의점에서 인스턴트 파스타를 구입함(3)"
Semantics,Inter-sentence Relations,1,H,H,"**정답: H. 구조자**

나머지 표현들은 모두 수달 전체 또는 구조되는 수달의 개체·상태·관계를 가리킵니다. 반면 **‘구조자’**는 수달을 구조하고 물기를 닦아 주는 사람을 의미하므로 지칭 대상이 가장 다릅니다."
Semantics,Inter-sentence Relations,1,F,F,"정답은 **F: (제품 출시 가격이, 구매가)** 입니다.

- “기기 자체의 사양에 비해 **제품 출시 가격이 지나치게 높다**”가 자연스럽습니다.
- “사전 예약자가 아니면 **구매가 어려울 것**”도 초기 물량이 제한된 상황과 잘 맞습니다."
Semantics,Conjunctions,3,A,A,"정답은 **A: 반면, 그래서**입니다.

- 대부분의 액체는 얼면 부피가 감소하지만, 물은 부피가 증가하므로 **‘반면’**이 적절합니다.
- 물이 얼면서 부피가 증가한 결과 수도관이나 물병이 깨지므로 **‘그래서’**가 자연스럽습니다.

> 대부분의 액체는 얼면 부피가 감소한다. **반면**, 물은 얼면 오히려 부피가 증가한다. **그래서** 한겨울에 수도관이 동파되거나 냉동실에 넣어둔 물병이 깨지기도 한다."
Semantics,Inter-sentence Relations,1,G,G,"**정답: G**

퇴근 시각이 앞당겨진 **덕분에** 무언가를 할 수 있었다는 긍정적인 맥락입니다.  
반면 **“좋아하는 프로그램의 생방송을 놓쳤다”**는 일찍 퇴근한 결과로 자연스럽지 않을 뿐 아니라 부정적인 내용이어서 문맥에 적절하지 않습니다."
Syntax,Argument Structure & Valency,2,D,D,"**정답: D**

- **다운되다**: ‘무엇이 다운되다’처럼 **주어 하나만을 요구하는 한 자리 서술어**이다.
  - 메인 서버가 → 필수 성분
  - 익명의 해커에 의해, 완전히 → 부사어로서 필수 성분이 아님

따라서 **“메인 서버가 다운되었다”**만으로 문장이 성립한다. 나머지 서술어들은 목적어나 필수적 부사어 등을 추가로 요구하는 두 자리 이상의 서술어이다."
Syntax,Embedded Clauses,2,J,J,"**정답: J**

- **아까 녹인** → 뒤의 명사 **‘밥’**을 꾸며 주는 **관형절**로, 문장 안에서 **관형어** 역할을 합니다.
- 문장 구조: **[아까 녹인] 밥을 꺼내 오거라.**

나머지는 주로 명사절, 부사절, 서술절이 안긴 문장입니다."
Pragmatics,Discourse Principles,2,G,G,"**정답: G**

“난 오늘 떡국 먹는다”는 설날에 나이를 한 살 더 먹는다는 관습만 나타낼 뿐, 현재 나이나 출생 연도를 알 수 없어 나이를 특정할 수 없습니다."
Syntax,Embedded Clauses,2,B,B,"정답은 **B**입니다.

- **밤이 새도록**: ‘밤이 새다’에 부사형 어미 **-도록**이 붙은 **부사절**로, 서술어 ‘응시했다’를 수식합니다.

따라서 안긴문장이 **부사어 역할**을 하는 문장은 **B: 나는 밤이 새도록 삼나무를 응시했다.**입니다."
Pragmatics,Implicature,2,D,D,"정답은 **D**입니다.

을의 “그럼 나 빼고 나가려고 했어?”는 자신도 당연히 함께 대회에 나가겠다는 뜻이므로, 갑의 제안을 거절하는 것이 아닙니다. 나머지는 직접적이거나 간접적으로 요청·제안을 거절하고 있습니다."
Syntax,Embedded Clauses,3,A,A,"정답은 **A**입니다.

- **A: 최고급 시트가 있는 브랜드**
  - 안긴문장: **브랜드에 최고급 시트가 있다.**
  - ‘브랜드’는 주어나 목적어가 아니라 장소를 나타내는 **부사어**입니다.

나머지의 꺾쇠 안 명사는 안긴문장에서 주어 또는 목적어로 기능합니다.  
예를 들어 E는 “기획을 감당하기 어렵다”에서 ‘기획’이 목적어이고, B·D·F·G·H·I·J 등은 각각 안긴문장의 주어입니다."
Morphology,Verbal Conjugation,3,C,C,"정답은 **C, D**입니다.

- **C: 빨개 (빨갛다)**  
  `빨갛- + -아 → 빨개`  
  어간의 **ㅎ**이 탈락하고, 어미 **-아**도 **-애**로 바뀝니다.

- **D: 흘러 (흐르다)**  
  `흐르- + -어 → 흘러`  
  어간 **흐르-**가 **흘-**로, 어미 **-어**가 **-러**로 바뀝니다.

따라서 어간과 어미가 모두 바뀌는 경우는 **C, D**입니다."
Morphology,Verbal Conjugation,3,C,C,"**정답: C. 이르러(이르다)**

- **이르- + -어 → 이르러**
- 어간 **‘이르-’는 바뀌지 않고**, 어미 **‘-어’가 ‘-러’로 바뀐** ‘러’ 불규칙 활용이다.

나머지 예시는 모두 활용 과정에서 어간의 일부가 탈락하거나 다른 형태로 바뀐다."
Syntax,Embedded Clauses,2,D,D,"정답은 **D**입니다.

- **막둥이는 [도망치다시피] 뛰어나갔다.**
- 안긴 문장 **‘도망치다시피’**가 서술어 **‘뛰어나갔다’**를 수식하므로 문장 성분은 **부사어**입니다. 즉, **부사절을 안은 문장**입니다.

참고로 A·E·G·H는 명사절, C·F·J는 관형절을 안은 문장입니다."
Phonetics/Phonology,Suprasegmental Features,3,J,J,"정답은 **J**입니다.

- A의 **‘밤’(열매)**: **[밤ː]** — 장음
- J의 **‘밤’(夜, 야간)**: **[밤]** — 단음

나머지 단어들도 해당 의미에서는 장음으로 발음합니다: 병[병ː], 눈[눈ː], 벌[벌ː], 해[해ː], 부[부ː], 말[말ː], 발[발ː], 굴[굴ː]."
Pragmatics,Discourse Principles,1,I,I,"정답은 **I: “먹을 만큼 먹었지.”**입니다.

나이가 많다는 뉘앙스만 줄 뿐, 구체적인 나이나 추정 가능한 정보가 없어 필요한 만큼의 정보를 제공하지 않습니다. 이는 대화의 **양의 격률**을 위반한 대답입니다."
Syntax,Embedded Clauses,1,H,H,"**정답: H**

- **너구리가 겨울잠을 자기에** → ‘이르다’를 수식하는 **부사어**
- ‘자기’는 명사형 어미 **-기**로 만들어진 안긴문장이고, 여기에 부사격 조사 **-에**가 붙어 부사어 역할을 합니다.

나머지는 주로 관형어(B, D, I), 주어(E, F), 목적어(G, J), 서술어(A, C) 역할을 합니다."
Syntax,Embedded Clauses,1,D,D,"**정답: D**

- **삼촌은 [숨이 차도록] 달렸다.**
- 안긴문장 **‘숨이 차도록’**은 동사 **‘달렸다’**를 수식하는 **부사절**이며, 문장 안에서 **부사어** 역할을 한다.

다른 선택지의 안긴문장들은 주로 관형어(B, C, E), 명사절로서 주어·목적어(F, G, I, J), 서술어(A, H) 역할을 한다."
Pragmatics,Implicature,1,E,E,"정답은 **E: “너네 집 시계 고장났냐?”**입니다.

밤늦게 전화한 을에게 갑이 “지금이 몇 시인지 모르느냐”는 뜻으로 불평하자, 을이 **“급히 할 말이 있어서 그래.”**라고 해명하는 흐름이 가장 자연스럽습니다."
Syntax,Embedded Clauses,2,G,G,"**정답: G**

- **일본은 [자판기가 유명하다].**
- 안긴 문장 **‘자판기가 유명하다’**가 주어 **‘일본은’**을 서술하는 **서술어 역할**을 하므로 **서술절을 안은 문장**이다."
Syntax,Embedded Clauses,1,J,J,"**정답: J**

- **이 휘발유는 [구린내가 심하다].**
- 안긴 문장 **‘구린내가 심하다’**가 전체 문장의 주어인 **‘이 휘발유는’**을 서술하는 **서술절** 역할을 합니다.
- 이는 **“코끼리는 코가 길다.”**와 같은 구조입니다."
Syntax,Embedded Clauses,2,A,A,"**정답: A**

- **A: 이 통조림은 [뚜껑이 작다].**
  - 안긴 문장 **‘뚜껑이 작다’**가 전체 문장에서 주어 **‘이 통조림은’**을 서술하는 **서술어 역할**을 한다.
  - 따라서 **서술절을 안은 문장**이다.

참고로 E·F·I·J의 안긴 문장은 명사절, C·G·H는 관형절, B는 부사절 역할을 한다."
Syntax,Argument Structure & Valency,2,D,D,"정답은 **D**입니다.

- **사과가 내 머리 위로 떨어졌다.**
- **떨어지다**는 주어인 ‘사과’가 의도적으로 행위를 하는 것이 아니라, 위치 변화를 겪는 것을 나타내는 **비대격 자동사**입니다.

반면 A의 **걷다**는 주어인 ‘영희’가 의도적으로 직접 수행하는 행위를 나타냅니다."
Syntax,Argument Structure & Valency,3,B,J,"**출제 의도상 정답은 J입니다.**

- **농부가 축제의 자리에서 (솜씨를/재주를/수확물을) 뽐내고 있다.**
- ‘축제의 자리에서’는 장소를 나타내는 부가어이고, ‘뽐내다’를 타동사로 보면 **뽐내는 대상인 목적어**가 추가로 필요합니다.

다만 ‘뽐내다’를 **‘우쭐거리다, 잘난 체하다’라는 자동사적 의미**로 사용하면 “농부가 뽐내고 있다”도 완전한 문장이 됩니다. 따라서 의미를 명확히 한 엄밀한 문제라면 다소 중의적입니다."
Syntax,Argument Structure & Valency,3,H,H,"**정답: H**

- **H의 ‘여행사’**는 ‘설치다’라는 행동을 의도적으로 수행하는 **행위자(Agent)** 주어이다.
- 나머지 문장의 주어들은 상태·변화·움직임을 겪거나 드러내는 **비행위자적 주어**로, 주로 대상(Theme), 경험자(Experiencer), 장소 등의 의미역을 가진다.

따라서 주어가 행위자 의미역을 갖는 **H**가 다른 하나이다."
Syntax,Argument Structure & Valency,2,C,C,"**정답: C**

- **C의 주어 ‘우리 어머니는’**은 ‘헛살았다’라는 행위를 수행하는 **행위자(Agent)** 역할입니다.
- 나머지 문장들의 주어는 대체로 잊히거나, 움직이거나, 상태가 변하는 **대상·경험주(Theme/Experiencer)**로서 비의지적 성격을 띱니다.

예:
- A ‘인생관’ → 잊히는 대상  
- D ‘숨’ → 가빠지는 대상  
- H ‘예산’ → 소진되는 대상  
- J ‘손발’ → 떨리는 대상  

따라서 주어가 의지적 행위자라는 점에서 **C**가 다릅니다.  
※ E는 표면상 주어가 생략되어 있지만, 문맥상 서글픔을 느끼는 경험주가 주어로 해석됩니다."
Syntax,Argument Structure & Valency,2,C,C,"정답은 **C**입니다.

- **1자리 서술어**: D(고조되다), G(틀어지다), H(급변하다)
- **2자리 서술어**: A(선양하다), B(몸서리나다), E(투입되다), F(휩싸이다), I(착지하다), J(부라리다)
- **3자리 서술어**: **C(예금하다)**  
  → ‘누가 **무엇을 어디에** 예금하다’  
  → (생략된 주어) + ‘자금을’ + ‘은행에’

따라서 군집의 개수가 1개인 것은 **C**입니다."
Phonetics/Phonology,Phonological Alternation,3,B,B,"**정답: B. 생산량**

- 생산량 → **[생산냥]**
- ‘량’의 **ㄹ**이 앞의 비음 **ㄴ**의 영향을 받아 **ㄴ**으로 바뀌는 비음화가 일어납니다.

나머지는 주로 ‘ㄴ’과 ‘ㄹ’이 만나 **[ㄹㄹ]**로 발음되는 유음화의 예입니다."
Syntax,Argument Structure & Valency,3,J,F,"<보기>의 서술어 **‘건지다’**는

- (누가) + **무엇을** 건지다  
→ **두 자리 서술어**입니다.  
‘덕분에’는 필수 성분이 아니라 부가적인 부사어입니다.

따라서 같은 두 자리 용언은 다음과 같습니다.

- **F: 발사하다**  
  - 물총새가 + 물을 + 발사했다  
  - ‘나뭇잎에’는 생략 가능한 부사어 → **두 자리**
- **J: 함께하다**  
  - 행운이 + 그대와 + 함께하다  
  - 주어와 ‘와’ 성분을 요구 → **두 자리**

따라서 정답은 **F, J**입니다.

참고로 나머지는 대체로 다음과 같습니다.

- A ‘보내다’: 세 자리
- B ‘닫히다’: 한 자리
- C ‘쉬다’: 한 자리
- D ‘맵다’: 한 자리
- E ‘뛰다’: 한 자리
- G ‘맛있다’: 한 자리
- H ‘예쁘다’: 한 자리
- I ‘가르쳐 주다’: 세 자리"
Pragmatics,Deixis & Reference,3,I,I,"정답은 **I**입니다.

- ‘너’는 **을**을 가리킵니다.
- 영화관에 간 지연은 을이 “**언니 동생**”이라고 했으므로 **갑의 동생**입니다.
- 따라서 “너(을)의 동생이 영화관에 갔다”는 설명은 **거짓**입니다.

나머지 설명들은 문맥상 모두 참입니다."
Phonetics/Phonology,Phonological Alternation,3,B,B,"정답은 **B. 축하**입니다.

(ㄹ)은 **된소리되기**입니다.

- 좋겠다 → [조켇따] : ㄷ이 된소리 **ㄸ**으로 발음됨
- 드넓다 → [드널따] : ㄷ이 된소리 **ㄸ**으로 발음됨

반면,

- 축하 → [추카] : ㄱ과 ㅎ이 합쳐져 ㅋ이 되는 **거센소리되기**만 나타나며, 된소리되기는 나타나지 않습니다.

따라서 정답은 **B**입니다."
Phonetics/Phonology,Phonological Alternation,2,B,B,"(ㄱ)은 **자음군 단순화**이다.

자음군 단순화가 나타나지 않는 예시는 다음 두 가지이다.

- **B. 밖[박]**: 받침 ‘ㄲ’은 자음군이 아니라 하나의 쌍자음이며, **음절의 끝소리 규칙**이 나타난다.
- **F. 앓다[알타]**: ‘ㅎ+ㄷ→ㅌ’의 **거센소리되기**가 나타난다. 자음군의 한 자음이 탈락하는 자음군 단순화는 아니다.

**정답: B, F**"
Semantics,Word Relationships,1,H,H,"정답은 **H: 빼먹어서**입니다.

“누락해서”는 **기록하거나 포함해야 할 내용을 빠뜨려서**라는 뜻이므로, 문맥상 “빼먹어서”와 가장 유사합니다."
Semantics,Word Relationships,2,J,J,"**정답: J. 적대적이고**

‘부착하다’와 ‘탈착하다’가 반의 관계이듯, **‘호의적이고’와 ‘적대적이고’**도 반의 관계입니다."
Semantics,Word Relationships,1,G,G,"정답은 **G: 기념하는**입니다.

“희생 정신을 기리다”는 그 뜻과 업적을 **기억하고 높이 평가하다**, 즉 **기념하다**라는 의미입니다."
Semantics,Word Relationships,2,F,F,"정답: **F. 뜨거움**

‘얼음’이 ‘차가움’의 속성을 지니듯, ‘불’은 ‘뜨거움’의 속성을 지닙니다."
Semantics,Word Relationships,2,G,G,"정답은 **G: 홍시**입니다.

**노란색 : 개나리 = 빨간색 : 홍시**로, 사물의 대표적인 색깔과 대상의 관계입니다."
Semantics,Word Relationships,2,I,I,"정답은 **I: 설탕**입니다.

‘콜라’와 ‘사이다’는 모두 **음료**라는 공통 범주에 속하는 대등한 관계입니다. 마찬가지로 커피와 나머지 선택지는 대체로 음료이지만, **설탕은 음료가 아니라 커피 등에 넣는 감미료**이므로 의미관계상 가장 부합하지 않습니다."
Pragmatics,Discourse Principles,1,H,H,"정답은 **H**입니다.

> **“나는 네가 현명한 결정을 내릴 줄 아는 애라고 생각한단다.”**

겉으로는 상대의 판단력을 믿는다는 긍정적 표현이지만, 맥락상 **미술 전공 선택이 현명하지 않을 수 있으니 다시 생각해 보라**는 반대 의견을 우회적으로 암시합니다. 직접 반대하는 C, D, F와 달리 해석의 여지를 남긴 모호한 표현입니다."
Semantics,Conjunctions,1,B,B,"정답은 **B: 다만**입니다.

앞 문장에서는 설명으로 궁금증이 해결되었다는 **긍정적 내용**을 말하고, 뒤 문장에서는 마지막 부분에 동의하기 어렵다는 **제한·반대 의견**을 덧붙입니다. 따라서 앞 내용을 일부 인정하면서 예외나 반론을 제시하는 **“다만”**이 가장 자연스럽습니다.

> 설명을 듣고 나니 제 궁금증이 많이 해결되었습니다. **다만** 답변 중 마지막에 언급하신 부분에는 선뜻 동의하기 어렵습니다."
Syntax,Argument Structure & Valency,3,I,I,"정답은 **I**입니다.

- **퇴보하다**: ‘무엇이 퇴보하다’처럼 **주어 하나만 요구하는 한 자리 서술어**입니다.  
  - 회사의 **매출이** 퇴보했다.

나머지는 목적어나 필수적 부사어 등을 추가로 요구합니다. 예를 들어:

- 좀먹다: 무엇이 **무엇을** 좀먹다
- 종용하다: 누가 **누구에게 무엇을** 종용하다
- 데뷔하다: 누가 **어디에/무엇으로** 데뷔하다
- 해석하다: 누가 **무엇을 무엇으로** 해석하다

따라서 **I**가 정답입니다."
Semantics,Conjunctions,1,A,A,"A: **그래서**

바람 때문에 테이블이 쓰러졌고, **그 결과** 노트북이 바닥에 떨어져 부서졌으므로 인과관계를 나타내는 ‘그래서’가 가장 자연스럽습니다."
Semantics,Conjunctions,1,A,A,"정답은 **A: 그런데**입니다.

언니가 청소당번이라는 사실과 달리, 실제로는 언니가 없고 동생이 청소하고 있었으므로 **대조·반전**을 나타내는 “그런데”가 가장 자연스럽습니다.

> 우리 집의 이번 주 청소당번은 언니다. **그런데** 집에 가 보니 언니는 없고 동생만 남아서 방바닥을 닦고 있었다."
Semantics,Numeral Classifiers,1,E,E,"정답은 **E: 한 돈 들어갑니다.**

순금 돌반지는 보통 **한 돈(3.75g)** 무게로 많이 제작됩니다."
Semantics,Numeral Classifiers,2,B,B,B: 1돈입니다.
Semantics,Numeral Classifiers,2,B,B,"**정답: B**

“본”은 꽃이나 묘목 같은 식물을 세는 단위이므로 **“꽃모종 스무 본 정도요.”**가 가장 자연스럽습니다."
Syntax,Agreement,2,A,A,"**정답: A**

‘별로’는 일반적으로 **‘않다’, ‘못하다’, ‘없다’** 등의 부정 표현과 호응해야 합니다.

- 잘못: 사람이라면 이러한 상황에서 **별로 도리를 따라야 한다.**
- 수정: 사람이라면 이러한 상황에서 **도리를 따라야 한다.**
- 또는: 사람이라면 이러한 상황에서 **도리를 따르는 것이 별로 어렵지 않다.**

따라서 “‘별로’는 부정 동사(부정 표현)와 결합해야 한다”는 A의 설명이 적절합니다."
Syntax,Agreement,3,D,B,"정답은 **B**입니다.

> 나와 친한 친구가 있는데, 어제 저녁밥을 먹고 그 친구가 집으로 바래다주었다.

주어인 **‘그 친구가’**와 서술어인 **‘바래다주었다’**가 자연스럽게 호응합니다.

다른 문장들은 주로 다음과 같은 호응 문제가 있습니다.

- **왜냐하면** → ‘~하기 때문이다’
- **여간** → ‘~이 아니다/않다’
- **반드시** → 일반적으로 서술어 앞에 배치
- **설령** → ‘~일지라도/하더라도’
- **비단** → ‘~뿐만 아니라’
- **결코** → 부정 표현인 ‘않다/못하다’와 호응
- **모름지기** → ‘~해야 한다’와 호응

따라서 **B**가 가장 적합합니다."
Semantics,Ambiguity,3,G,G,"**정답: G**

“저 아름다운 배 좀 봐”에서도 **배**는 아름다운 과일, 배(선박), 신체 부위인 배로 해석될 수 있으므로 중의성이 완전히 사라지지 않는다.  
예를 들어 “저 아름다운 **과일 배** 좀 봐”처럼 의미를 명확히 한정해야 한다."
Phonetics/Phonology,Phonological Alternation,3,F,F,"**정답: F: 회수 → 횟수**

‘횟수(回數)’는 한자어끼리 결합한 합성어이지만, 예외적으로 사이시옷을 표기하는 단어입니다.

- 횟수(回數): 일이 일어난 수효
- 회수(回收): 도로 거두어들임

따라서 ‘일이 일어난 수’를 뜻한다면 **‘횟수’**가 맞습니다. 다만 문맥 없이 ‘회수’만 제시하면 ‘회수하다’의 명사형으로도 올바른 표기이므로, 문제에는 의미가 명시되어야 정확합니다."
Phonetics/Phonology,Phonological Alternation,2,J,J,"**정답: J. 햇님**

‘님’은 접미사이므로 ‘해’와 결합할 때 사이시옷을 쓰지 않습니다. 따라서 올바른 표기는 **‘해님’**입니다.

- 잘못된 표기: 햇님
- 올바른 표기: 해님"
Phonetics/Phonology,Phonological Alternation,2,E,E,"**정답: E**

- **햇님 (×) → 해님 (○)**
- ‘해’에 높임의 뜻을 더하는 접미사 ‘-님’이 붙은 말이므로 사이시옷을 쓰지 않습니다.

나머지는 모두 올바른 표기입니다."
Syntax,Ellipsis,3,D,D,"정답은 **D**입니다.

> 우리 스스로 문 **의** 앞 **의** 마당 **의** 눈길을 쓸자.

‘의’가 들어갈 수 있는 위치는 다음 세 곳입니다.

1. 문**의** 앞  
2. 앞**의** 마당  
3. 마당**의** 눈길  

따라서 ‘의’가 들어갈 수 있는 위치가 세 개인 문장은 **D**입니다."
Syntax,Argument Structure & Valency,2,G,G,"정답은 **G: 거절하다**입니다.

- **거절하다**는 일반적으로  
  - `누가 + 무엇을 + 거절하다`  
  형태의 **두 자리 서술어**로 쓰입니다.  
  - 예: `민수가 제안을 거절했다.`

다른 단어들은 의미나 용법에 따라 요구하는 필수 문장 성분의 수가 달라질 수 있습니다.

- `바람이 불다`(한 자리) / `피리를 불다`(두 자리)
- `일이 되다`(한 자리) / `철수가 의사가 되다`(두 자리)
- `연을 날리다`(두 자리) / `명성을 세상에 날리다`(세 자리)
- `전화를 걸다`(두 자리) / `벽에 그림을 걸다`(세 자리)

따라서 자릿수가 용법에 따라 달라지는 경우에 해당하지 않는 것은 **G**입니다."
Syntax,Embedded Clauses,2,B,B,"정답은 **B**입니다.

- 관형절: **액체가 담긴**
- 수식받는 말 삽입: **액체가 꽃병에 담기다.**
- ‘꽃병에’는 부사격 조사 ‘에’가 붙어 장소를 나타내므로 안긴 문장에서 **부사어** 기능을 합니다."
Syntax,Embedded Clauses,3,E,E,"정답은 **E**입니다.

- E: **그가 고추장을 산 `<집>`**
- 안긴문장을 복원하면 **“그가 그 집에서 고추장을 샀다.”**가 됩니다.
- 이때 `<집>`은 조사 **‘에서’**와 결합하여 장소를 나타내는 **부사어**입니다.

따라서 정답은 **E**입니다."
Pragmatics,Implicature,1,J,J,"**정답: J**

“내가 노트를 버렸으면 버렸지.”는 노트를 보여 주겠다는 승낙으로 해석하기 어렵고, 오히려 노트가 없거나 보여 줄 수 없다는 의미에 가깝습니다. 나머지는 조건·핀잔·장소 안내 등을 덧붙였지만 대체로 부탁을 들어주겠다는 의미를 함축합니다."
Syntax,Embedded Clauses,2,C,C,"정답은 **C**입니다.

- **C:** 오늘 먹은 **감자탕 척추뼈**  
  → 안긴문장을 풀면 “(누군가가) 오늘 **감자탕 척추뼈를** 먹었다.”가 됩니다.  
  따라서 ‘감자탕 척추뼈’는 안긴문장에서 **목적어** 기능을 합니다.

다만 전체 문장에서는 “감자탕 척추뼈가 하늘로 솟겠어”의 **주어**이지만, 문제에서 묻는 것은 **안긴문장 안에서의 기능**입니다. 따라서 정답은 **C**입니다."
Syntax,Embedded Clauses,2,J,J,"정답은 **J**입니다.

- J: 장래에 우리가 만날 **<또래>**
- 안긴문장을 복원하면: **우리가 장래에 또래를 만날 것이다.**
- 이때 ‘또래’에는 목적격 조사 **‘를’**이 붙으므로 **목적어**입니다.

따라서 정답은 **J**입니다."
Syntax,Embedded Clauses,3,C,C,"정답은 **C**입니다.

- **C: 부풀린 \<풍선\>**  
  → 안긴 문장을 복원하면 **“(누군가가) 풍선을 부풀렸다.”**가 됩니다.  
  여기서 ‘풍선’은 동사 ‘부풀리다’의 **목적어**입니다.

참고로 D의 ‘두부’는 전체 문장에서는 목적어이지만, 안긴 문장 **“두부가 말랑하다”**에서는 주어입니다. 따라서 조건에 맞지 않습니다."
Syntax,Embedded Clauses,2,F,F,"정답은 **F**입니다.

- **F: 산부인과의는 [비뇨기과에 불을 질렀음]을 묵인했다.**
- 안긴 문장: **비뇨기과에 불을 질렀음**
- 명사형 어미 **‘-ㅁ’**과 목적격 조사 **‘을’**이 결합하여 서술어 **‘묵인했다’**의 **목적어** 역할을 합니다."
Syntax,Embedded Clauses,3,A,A,"정답은 **A**입니다.

- A의 안긴 문장을 복원하면: **여중생이 의약품이 필요하다.**
- 여기서 **‘여중생이’**는 서술어 ‘필요하다’의 주체이므로 **주어** 기능을 합니다.
- 따라서 관형절 **‘의약품이 필요한’**이 꾸미는 ‘여중생’은 안긴 문장에서 주어에 해당합니다.

다른 선택지의 꺾쇠 안 명사들은 대체로 목적어이거나 부사어입니다.  
예: ‘나박김치를 담그다’, ‘계절풍을 맞다’, ‘낚싯줄을 넣다’.

**정답: A**"
Pragmatics,Discourse Principles,1,D,D,"**정답: D**

“다른 애들도 지각했는데 왜 저한테만 그러세요?”는 학생이 **왜 지각했는지**에 답하지 않고, 다른 학생과의 형평성 문제로 화제를 돌립니다. 따라서 그라이스의 대화 격률 중 **관련성의 격률을 의도적으로 위반**한 반응입니다."
Semantics,Conjunctions,1,B,B,"정답은 **B: 반면**입니다.

앞 문장의 ‘신맛과 과일 향’과 뒤 문장의 ‘쓴맛과 견과류 향’이 서로 대조되므로, 대조를 나타내는 접속어 **‘반면’**이 가장 적절합니다."
Semantics,Conjunctions,2,A,A,"정답은 **A: 그래서**입니다.

앞 문장의 ‘수정해야 할 부분을 발견했다’가 원인이고, 뒤 문장의 ‘조원들에게 연락하여 회의를 잡았다’가 그에 따른 결과이므로 인과관계를 나타내는 **‘그래서’**가 가장 적절합니다."
Semantics,Conjunctions,1,F,F,"정답은 **F: 그런데**입니다.

앞 문장의 ‘일을 마치고 쉬고 있었다’는 상황과 뒤 문장의 ‘문제가 생겨 다시 바빠졌다’는 상황이 서로 대조되므로, 역접의 의미를 나타내는 **‘그런데’**가 가장 적절합니다.

> 어제부로 바쁜 일을 모두 마무리하고 푹 쉬고 있었다. **그런데** 끝낸 일에 문제가 생겨서 수습하느라 다시 바빠지고 말았다."
Semantics,Conjunctions,1,F,F,"정답은 **F: 그러나**입니다.

앞문장에서는 국어와 영어 답이 대체로 같았다고 했지만, 뒷문장에서는 수학 답이 절반 넘게 달랐다고 했으므로 **대조·반전**을 나타내는 접속어가 필요합니다.

> 국어와 영어 영역은 대체로 답이 같았다. **그러나** 수학 영역에서는 서로 의견이 갈리는 문제가 전체의 반이 넘었다."
Semantics,Numeral Classifiers,3,E,E,"**정답: E**

“본(本)”은 나무나 풀, 모종 따위를 세는 단위이므로 **“꽃모종 스무 본 정도요”**가 가장 적절합니다."
Semantics,Conjunctions,1,F,F,"정답은 **F: 그런데**입니다.

청소 당번은 언니인데, 실제로는 언니가 없고 동생이 청소하고 있다는 **예상 밖의 대조**를 나타내므로 ‘그런데’가 적절합니다.

> 우리 집의 이번 주 청소 당번은 언니다. **그런데** 집에 가 보니 언니는 없고 동생만 남아서 방바닥을 닦고 있었다."
Semantics,Numeral Classifiers,1,C,C,C: 한 돈 들어갑니다.
Semantics,Semantic Compatibility,1,G,G,"정답은 **G**입니다.

**“주식이 밝게 빛나다”**는 의미상 자연스럽지 않습니다. 문맥상 **“하늘엔 별이 밝게 빛나고 있었다”** 또는 **“달이 밝게 빛나고 있었다”**가 적절합니다."
Syntax,Argument Structure & Valency,3,D,D,"정답은 **D**입니다.

- **수 년 <간의> 준비**: **관형격** — 조사 ‘의’
- **<그는>**: **주격** — 보조사 ‘는’이 주격 자리에 쓰임
- **<직원이> 되다**: **보격** — ‘되다’ 앞의 ‘이’는 보격 조사

따라서 세 어절의 격이 각각 **관형격·주격·보격**으로 모두 다릅니다."
Syntax,Agreement,3,H,I,"**정답은 I입니다.**

- **I**: ‘쉬다’는 목적어를 요구하지 않는 자동사이므로 목적격 조사 ‘를’을 쓸 수 없습니다. 장소를 나타내는 **‘학교에서’**가 적절합니다.  
  → *나무 한 그루는 학교에서 열심히 쉰다.*

나머지 판단은 다음과 같은 문제가 있습니다.

- **A**: ‘가면 좋겠다’ 자체가 가능한 표현이며, ‘좋겠다는 것이다’로 바꾼다고 의미상의 어색함이 해결되지 않습니다.
- **B**: ‘회복 중이다’의 주어는 ‘종이 한 장이’입니다.
- **C**: ‘부모님 두 분은’과 ‘철수가 … 싶어 한다’가 자연스럽게 호응하지 않습니다.
- **D**: ‘그림 한 장’은 문법적으로 ‘표현하지 못한’의 주어가 될 수 있으므로 제시된 설명은 단정하기 어렵습니다.
- **E**: ‘쉬고 싶어하다’의 주체는 ‘선생님 한 분’입니다. 실제 문제는 ‘모른다고 주장이다’이며, ‘모른다고 주장한다’ 또는 ‘모른다는 주장이다’로 써야 합니다.
- **F**: ‘물고기 한 마리’는 ‘먹고 싶은’의 의미상 주체입니다. 문제는 떡밥에 높임말 ‘계신다’를 쓴 것으로, ‘있다’가 적절합니다.
- **G**: ‘가장 중요한 것은’과 ‘음악이 있다’가 제대로 호응하지 않습니다.  
  → *가장 중요한 것은 한 곡이 나타내려는 음악이 있다는 것이다.*
- **H**: 문장이 어색하지만, 이를 단순히 ‘지이다의 주어가 없다’라고 설명하는 것은 정확하지 않습니다. ‘문제는 …인지이다’와 같은 바깥 성분이 필요한 구조입니다.
- **J**: 주어는 단위 명사 ‘그루’만이 아니라 전체 명사구인 ‘나무 두 그루’이며, 나무가 빗물을 좋아한다는 표현도 의미상 가능합니다."
Syntax,Agreement,3,B,B,"정답은 **B**입니다.

- **학생 세 명**에서 분류사 **‘명’**은 적절합니다.
- 그러나 술어 **‘열심히 공부하고 싶어지는지이다’**는 문법적으로 자연스럽지 않아 주어와 적절히 연결되지 않습니다.

자연스럽게 고치면 다음과 같습니다.

> **학생 세 명이 열심히 공부하고 싶어 한다.**"
Phonetics/Phonology,Phonological Alternation,3,G,G,"정답은 **G**입니다.

- **백로 → [뱅노]**: ‘ㄱ’은 ‘ㅇ’으로, ‘ㄹ’은 ‘ㄴ’으로 서로 영향을 받아 변함 → **상호 동화**
- **칼날 → [칼랄]**: 앞의 ‘ㄹ’ 때문에 뒤의 ‘ㄴ’이 ‘ㄹ’로 변함 → **순행 동화**
- **국물 → [궁물]**: 뒤의 ‘ㅁ’ 때문에 앞의 ‘ㄱ’이 ‘ㅇ’으로 변함 → **역행 동화**

따라서 세 가지 동화 현상이 각각 다르게 나타나는 것은 **G: 백로－칼날－국물**입니다."
Syntax,Agreement,2,D,D,"정답은 **D**입니다.

- 원문: **철수가 열심히 공부하고 싶어 하는지이다.**  
  → ‘이다’의 주어가 없어 주어와 술어의 연결이 어색합니다.
- 수정문: **문제는 철수가 열심히 공부하고 싶어 하는지이다.**  
  → 주어인 ‘문제는’과 술어 부분인 ‘철수가 열심히 공부하고 싶어 하는지이다’가 연결됩니다.

더 자연스럽게 쓰면 **“문제는 철수가 열심히 공부하고 싶어 하는지 여부이다.”**라고 할 수 있습니다."
Morphology,Word Formation,3,G,G,"정답은 **G**입니다.

- **논밭**: ‘논’과 ‘밭’이 대등하게 결합 → **대등 합성어**
- **산나물**: ‘산에서 나는 나물’로, ‘산’이 ‘나물’을 수식 → **종속 합성어**
- **보릿고개**: ‘보리’와 ‘고개’의 단순한 의미 결합을 넘어 ‘햇보리가 나기 전의 식량이 부족한 시기’라는 새로운 의미 형성 → **융합 합성어**

따라서 세 합성어의 분류가 모두 다른 문장은 **G**입니다."
Pragmatics,Discourse Principles,3,H,H,"정답은 **H**입니다.

- 갑의 **“약속은 약속이잖아.”**는 동어반복으로, 문자 그대로는 새로운 정보를 충분히 제공하지 않습니다. 대신 ‘약속을 지켜야 한다’는 의미를 함축합니다.
- 을의 **“그때는 그때고 지금은 지금이지.”** 역시 동어반복적 표현으로 필요한 정보를 직접 제공하지 않고, ‘지금은 약속을 지킬 생각이 없다’는 의미를 함축합니다.

따라서 **갑과 을 모두 필요한 양만큼의 정보를 제공하지 않는 발화**, 즉 양의 격률을 위반한 발화를 했다는 H만 참이고, 나머지는 거짓입니다."
Phonetics/Phonology,Phonological Constraints,3,A,B,"정답은 **B: 갈등 [갈뜽]**입니다.

‘갈등’의 된소리되기는 한자어에서 받침 ‘ㄹ’ 뒤의 ‘ㄷ·ㅅ·ㅈ’이 된소리로 발음되는 **어휘적·형태론적 조건의 된소리되기**입니다. 따라서 일반적인 한국어 음소 배열 제약에 따른 현상으로 보기 어렵습니다.

나머지는 종성 제약, 장애음 연쇄, ‘ㅎ’과의 결합, ‘ㄴ-ㄹ’ 연쇄, ‘ㅊ’ 뒤 반모음 제약 등 음소 배열 제약과 관련됩니다."
Morphology,POS & Morphemes,2,E,E,"정답은 **E**입니다.

- **E: 너희들 빨래는 다 널었니?**
  - ‘들’은 대명사 **‘너희’에 붙어 복수를 나타내는 접미사**입니다.
  - 따라서 조사가 아닙니다.

나머지 문장의 ‘들’은 여러 사람이 그 행동을 함을 나타내는 **보조사**로 쓰였습니다. 예: ‘많이들’, ‘어서들’, ‘다들’."
Semantics,Semantic Compatibility,1,E,E,"**정답: E — [동식이], [강아지]**

- **동식이와** 텐트를 치다
- **강아지와** 뛰어놀다

두 표현 모두 조사 **‘와’**와 결합하여 행동을 함께하는 대상인 **동반자(공동 행위자)**의 의미 역할을 합니다."
Morphology,Verbal Conjugation,2,J,J,"**정답: J**

‘삼가하다’가 아니라 **‘삼가다’**가 기본형이므로 다음과 같이 써야 합니다.

- 잘못: 음주는 **삼가해** 주십시오.
- 바름: 음주는 **삼가** 주십시오."
Phonetics/Phonology,Phonological Alternation,3,G,G,"**정답: G**

- **‘밝아’의 발음은 [발가]**입니다.
- 겹받침 ‘ㄺ’의 두 자음이 모두 발음되므로 자음군 단순화가 일어나지 않습니다. 뒤의 ‘ㄱ’이 다음 음절의 첫소리로 이어져 발음됩니다.
- 반면 **‘밝다’는 [박따]**로 발음되어 ‘ㄺ’ 중 ‘ㄹ’이 탈락하는 자음군 단순화가 일어납니다."
Morphology,Verbal Conjugation,3,H,H,"정답은 **H: 벋다**입니다.

- **눋다 → 눌어**: 어간의 받침 **ㄷ이 모음 앞에서 ㄹ로 바뀌는 ‘ㄷ 불규칙 활용’**
- **벋다 → 벋어**: ㄷ이 그대로 유지되므로 **규칙 활용**

나머지는 모두 같은 ㄷ 불규칙 활용을 합니다.

- 깨닫다 → 깨달아
- 일컫다 → 일컬어
- 겯다 → 결어
- 싣다 → 실어
- 붇다 → 불어
- 닫다(뛰어가다) → 달아
- 듣다 → 들어
- 걷다 → 걸어
- 묻다(질문하다) → 물어"
Morphology,Word Formation,2,F,F,"정답은 **F: 벋놓다, 실마리, 군밤, 강산**입니다.

- **벋놓다**: 벋다 + 놓다  
- **실마리**: 실 + 마리  
- **군밤**: 굽다의 관형사형 ‘군’ + 밤  
- **강산**: 강 + 산  

나머지는 단일어이거나 접사가 결합한 파생어입니다."
Morphology,Word Formation,3,B,D,"**정답: D**

**개구리**는 ‘개굴 + -이’로 분석되는 파생어가 아니라, 현대 국어에서 더 작은 형태소로 나누기 어려운 **단일어**로 봅니다. ‘개굴’은 개구리의 울음소리를 나타내는 의성어일 뿐, ‘개구리’의 직접 구성 성분이 아닙니다.

따라서 **D: 개구리 = 개굴 + 이**가 적절하지 않습니다."
Syntax,Ellipsis,3,I,I,"정답은 **I**입니다.

일본어의 무성 파열음은 위치에 따라 다르게 적습니다. 일본어 **き(ki)**는:

- 어두에서는 **‘기’**: **기**타큐슈
- 어중·어말에서는 **‘키’**: 아**키**타

따라서 “‘기타큐슈’의 맨 앞 음절이 어중에서도 ‘기’로 표기된다”는 설명은 올바르지 않습니다."
Semantics,Conjunctions,2,F,F,"**정답: F**

‘이 원두’의 **신맛·과일 향**과 ‘저 원두’의 **쓴맛·견과류 향**을 서로 대조하고 있으므로, 대조 관계를 나타내는 **“반면”**이 가장 자연스럽다.

> 예컨대 이 원두로 내린 커피에서는 신맛과 과일 향기가 난다. **반면** 저 원두로 커피를 내리면 쓴맛과 견과류 향이 나기도 한다."
Semantics,Conjunctions,3,I,I,"정답은 **I**입니다.

첫 문장의 **“모레까지 정해서 발표해야 한다”**는 촉박한 기한을 제시하고, 두 번째 문장의 **“급하게 … 발표 준비를 시작했다”**는 그에 따른 행동을 나타냅니다. 따라서 두 문장은 **원인–결과 관계**이므로 대조를 나타내는 **“반면”**보다 결과를 나타내는 **“그래서”**가 자연스럽습니다.

> 기말 보고서 작성 계획을 모레까지 정해서 발표해야 한다. **그래서** 지민이는 급하게 … 발표 준비를 시작했다."
Semantics,Conjunctions,1,B,B,"**정답: B**

“그런데”는 앞의 상황과 달리 예상치 못한 일이 발생했음을 나타낸다.

> 어제부로 바쁜 일을 모두 마무리하고 푹 쉬고 있었다. **그런데** 끝낸 일에 문제가 생겨서 수습하느라 다시 바빠지고 말았다.

휴식하던 상황에서 다시 바빠지는 상황으로 반전되므로 가장 자연스럽다. 나머지는 연결사의 기능과 뒤 문장의 의미 관계가 맞지 않는다."
Semantics,Conjunctions,2,H,H,"**정답: H**

앞 문장에서 문제를 **발견한 뒤**, 이어서 조원들에게 연락하고 회의를 잡은 사건이 시간 순서대로 전개됩니다. 따라서 빈칸에 **“곧바로”**를 넣으면 즉시 후속 조치를 했다는 흐름이 자연스럽게 드러납니다.

> 대폭 수정해야 할 부분을 발견했다. **곧바로** 급하게 조원들에게 연락하여 회의를 잡고 보완 방향을 결정했다."
Semantics,Conjunctions,2,F,F,"정답은 **F**입니다.

“휴대폰 배터리가 다 닳았다. **그런데** 충전 단자가 고장 나서 충전할 수 없다.”는 배터리를 충전해야 하지만 예상과 달리 충전할 수 없는 상황을 나타내므로, 역접·상황 전환의 의미를 지닌 **‘그런데’**가 자연스럽습니다."
Semantics,Conjunctions,2,G,G,"**정답: G**

가장 자연스러운 순서는 **(2) → (3) → (1)**입니다.

> (2) 인공지능 기술이 빠르게 발전하고 있다.  
> **그러나** (3) 모든 사람이 발전 양상을 체감하지는 못하는 실정이다.  
> **특히(또는 예컨대)** (1) 소외계층은 이러한 변화를 따라잡는 데 정보격차 등의 난관을 겪는다.

(3)은 (2)와 대조되는 현실을 제시하고, (1)은 (3)의 구체적인 사례를 설명합니다. 따라서 (1)을 (2) 바로 뒤보다 **(3) 바로 뒤에 배치하는 것이 자연스럽다**는 G가 적절합니다."
Syntax,Argument Structure & Valency,2,B,B,"**정답: B**

- **차입하다**: ‘누가 / 어디에서 / 무엇을 차입하다’  
  → 주어, 필수적 부사어, 목적어를 요구하는 **세 자리 서술어**

- **가미하다**: ‘누가 / 무엇에 / 무엇을 가미하다’  
  → 주어(생략됨), **마티니에**(필수적 부사어), **순금 조각을**(목적어)을 요구하는 **세 자리 서술어**

‘잔뜩’은 선택적인 부사어이므로 필수 성분에 포함되지 않습니다."
Syntax,Embedded Clauses,2,I,I,"정답은 **I**입니다.

- **기마병은 [사태가 긴급함]을 단박에 느꼈다.**
- 안긴 문장 **‘사태가 긴급함’**은 명사형 어미 **‘-ㅁ’**을 통해 명사절이 되었고, 목적격 조사 **‘을’**과 결합하여 서술어 **‘느꼈다’**의 **목적어** 역할을 합니다."
Syntax,Embedded Clauses,2,E,E,"정답은 **E, J**입니다.

- **E**: 고라니가 고단한 삶에 고뇌하듯 뛰어간다.  
  → `<고라니>`는 안긴 문장 「고라니가 … 뛰어가다」의 **주어**입니다.

- **J**: 연구원이 교육하지 않았다.  
  → `<연구원>`은 안긴 문장 「연구원이 교육하지 않다」의 **주어**입니다.

나머지 항목의 꺾쇠 안 명사는 대체로 안긴 문장에서 목적어 기능을 합니다.  
예: 해산물을 캐내다, 품위를 갖다, 항구를 단속하다, 유골을 발굴하다."
Semantics,Numeral Classifiers,1,B,B,"**정답: B**

- **고양이**는 보통 분류사 **‘마리’**로 센다.  
  → **우리 집엔 고양이가 한 마리 있다.**

**‘필(匹)’**은 주로 말이나 소 같은 짐승을 셀 때 쓰므로 **‘고양이 한 필’**은 매우 어색하다."
Syntax,Embedded Clauses,3,H,E,"정답은 **E, H**입니다.

- **E**: 병사가 이번에 **계급이** 되었다.  
  → ‘계급’은 안긴문장에서 **보어** 역할을 합니다.

- **H**: **진공청소기가** 시멘트까지 빨아들인다.  
  → ‘진공청소기’는 안긴문장에서 **주어** 역할을 합니다.

나머지는 다음과 같습니다.

- **목적어**: A 신입생, B 가치, C 불, G 모니터, I 꿀밤
- **부사어**: D 스케이트장에서, F 환경에서
- **J**: ‘레슬링 교육이라는 게’의 관형절은 일반적으로 **동격 관형절**로 보므로, 관계 관형절을 묻는 대상에서 제외됩니다."
Semantics,Numeral Classifiers,1,J,J,"**정답: J**

“오이 한 장”은 오이를 세는 단위로 부자연스럽습니다. 얇게 썬 오이는 보통 **‘조각’**이나 **‘쪽’**으로 셉니다.

- 자연스러운 표현: **샐러드엔 오이 한 조각이 들어간다.**
- 오이 한 개 전체를 뜻한다면: **샐러드엔 오이 한 개가 들어간다.**"
Semantics,Numeral Classifiers,2,C,C,"정답은 **C**입니다.

- 트럭 한 **대**가
- 손질 전 생선 50 **마리**와
- 냉동 생선 20 **봉지**(5마리씩)
- 흙마늘 5 **망**과
- 깐 마늘 500 **톨**이

따라서 **(대, 마리, 봉지, 망, 톨)**이 적절합니다."
Semantics,Numeral Classifiers,2,H,A,"정답은 **H**입니다.

- 스탠딩 테이블 다섯 **개**
- 음료수 큰 페트 열 **병**
- 일회용 컵 스무 **개**
- 쓰레기봉투 세 **장**
- 포스터 두 **장**

따라서 조합은 **(A) 개, (B) 병, (C) 개, (D) 장, (E) 장**입니다."
Syntax,Embedded Clauses,1,F,F,"정답은 **F**입니다.

- **F: 팀장이 토론에 참석했음을 전해 들었다.**
  - 안긴 문장: **팀장이 토론에 참석했음**
  - 명사형 어미 **‘-음’**을 통해 명사절이 되었고, 목적격 조사 **‘을’**이 붙어 서술어 **‘전해 들었다’**의 **목적어** 역할을 합니다.

따라서 정답은 **F**입니다."
Pragmatics,Discourse Principles,1,J,J,"정답은 **J**입니다.

“세수도 겨우 했어.”는 아침 식사 여부에 직접 답하지 않아 표면적으로는 **관련성의 격률**을 위반합니다. 그러나 “세수조차 겨우 했을 만큼 시간이 없었다”는 뜻을 통해 **아침 식사를 하지 못했다**는 의미를 간접적으로 전달합니다."
Syntax,Agreement,1,F,F,"정답은 **F**입니다.

- **A: 먹고 있다** → 현재 시점에 동작이 진행 중이므로 **현재/진행**
- **B: 갔었다** → 과거의 어느 시점에 이미 완료된 사건이므로 **과거/완료**
- **C: 사용해 왔다** → 과거부터 현재까지 사용한 경험·상태가 이어짐을 나타내므로 **현재/완료**

따라서 **A-(현재/진행), B-(과거/완료), C-(현재/완료)**입니다."
Pragmatics,Discourse Principles,3,D,D,"정답은 **D**입니다.

을의 “**사는 게 사는 게 아니야**”는 문자 그대로는 모순되거나 거짓인 표현입니다. 일부러 진실성의 격률을 위반하여 **요즘 삶이 매우 힘들다**는 뜻을 함축적으로 전달하고 있습니다."
Syntax,Agreement,2,J,J,"정답은 **J: ㅁ[얘]**입니다.

부모님이 대화 상대인 ‘나’를 **“얘”**라고 부르고 있으므로, ㄱ[나]와 동일한 대상을 가리킵니다."
Semantics,Inter-sentence Relations,3,H,H,"정답은 **H: ㅂ**입니다.

ㅂ은 앞에서 설명하던 대상이 아니라 **‘우리 집에 있는 한 마리’라는 별개의 개체**를 가리킵니다. 나머지 문장들은 동일한 대상의 특징과 습성을 서술합니다."
Syntax,Agreement,2,B,B,"정답은 **B: ㄱ-ㄷ**입니다.

- ㄱ **‘나’**: 글의 화자
- ㄷ **‘얘’**: 부모님이 화자를 부르는 말

따라서 두 표현은 동일한 인물을 가리킵니다."
Syntax,Agreement,1,I,I,"**정답: I**

- **I의 ‘보여 봐라’**에서 ‘보이다’는 ‘남이 보게 하다’라는 뜻의 **사동 표현**이다. 따라서 피동 표현이 아니다.
- 나머지는 ‘실리다, 들리다, 쫓기다, 바뀌다, 먹히다, 닫히다, 베이다, 얽히다, 밀리다’ 등의 피동 표현을 포함한다."
Semantics,Semantic Compatibility,1,E,E,"**정답: E — 주어가 의미적으로 서술어에 적절하지 않다.**

주어인 **‘철수가 산 책 한 권’**은 무생물이므로, 일반적인 맥락에서 스스로 **‘달리다’**의 행위 주체가 될 수 없습니다. 문장 구조나 서술어의 자릿수에는 문제가 없지만, 주어와 서술어 사이의 의미적 호응이 부적절합니다."
Semantics,Word Relationships,2,D,D,"정답은 **D**입니다.

문장의 다른 부분인 **‘고래들이’**에서 찾을 수 있는 표현은 **‘고래고래’**입니다.

> 고래들이 **고래고래** 노래를 불렀다.  
> → ‘소리를 높여’와 유사한 의미

반면 **‘왁자지껄’**은 문장의 다른 부분에서 찾아 만들 수 없는 단어이므로 조건에 맞지 않습니다."
Syntax,Embedded Clauses,2,H,H,"정답은 **H**입니다.

- **[오늘 놓아 버린]** → ‘우리의 관계’를 꾸미는 관형절  
- **[이제 어두운]** → 역시 ‘우리의 관계’를 꾸미는 관형절  

두 관형절이 나란히 같은 명사 **‘관계’**를 꾸밀 뿐, 한 관형절이 다른 안긴문장 안에 포함되어 있지는 않습니다.

반면 다른 문장들은 다음처럼 안긴문장 속에 또 다른 안긴문장이 들어 있습니다.

- B: `[[어제 먹었던] 고기 반찬이 맛있었다고]`
- E: `[[내가 어제 먹은] 빵을 구워 준] 친구`
- G: `[[어린] 나에게 세상을 가르쳐 준] 삼촌`

따라서 **H**가 답입니다."
Pragmatics,Discourse Principles,3,H,H,"**정답: H**

“너는 너고 나는 나야.”는 논리적으로 당연한 말이어서 **새로운 정보값은 거의 없지만**, 화자는 이를 통해 “나는 네 생각이나 방식에 따르지 않겠다”라는 자신의 태도를 의도적으로 드러낸다. 이는 동어반복을 활용한 함축적 표현이다."
Pragmatics,Discourse Principles,1,A,A,"정답은 **A**입니다.

“규칙은 규칙입니다”는 표면적으로는 동어반복이라 새로운 정보를 거의 제공하지 않아 **대화의 양(Quantity) 격률**을 의도적으로 위반합니다. 이를 통해 “규칙상 제출 기한을 늦춰 줄 수 없다”는 의미를 함축적으로 전달합니다."
Pragmatics,Discourse Principles,1,C,C,"정답은 **C**입니다.

“눈이 많이 오네요, 아버지”는 질문에 직접 답하지 않아 **관련성의 격률을 의도적으로 위반(표면적으로 이탈)**하고 있습니다. 이를 통해 “눈이 많이 와서 작은아버지를 보러 가기 어렵다”는 뜻을 간접적으로 전달합니다."
Pragmatics,Speech Acts,3,I,F,"정답은 **F, I**입니다.

- **F: “아랫층에 살던 꼬마구나!” → 감정 표현**  
  상대를 알아보고 반가움과 놀라움을 드러냅니다.

- **I: “언제 이렇게 컸대?” → 감정 표현**  
  실제로 성장 시점을 묻는 질문이라기보다, 많이 자란 모습을 보고 놀라움을 표현한 말입니다.

참고로 “아니 이게 누구야?” 역시 문맥상 실제 질문보다는 반가움과 놀라움의 표현에 가깝기 때문에 **E**는 적절하지 않습니다."
Morphology,Verbal Conjugation,3,H,B,"정답은 **B, E, H**입니다.

- **어간만 바뀌는 경우**
  - A 고와(곱다): ㅂ 불규칙
  - C 도와(돕다): ㅂ 불규칙
  - D 지어(짓다): ㅅ 불규칙
  - F 퍼(푸다): 우 불규칙
  - G 그어(긋다): ㅅ 불규칙
  - I 물어(묻다): ㄷ 불규칙
  - J 걸어(걷다): ㄷ 불규칙

- **어간과 어미가 모두 바뀌는 경우**
  - B 흘러(흐르다): 르 불규칙
  - E 눌러(누르다): 르 불규칙
  - H 노래(노랗다): ㅎ 불규칙

따라서 다수와 종류가 다른 것은 **B, E, H**입니다. 다만 문제가 단 하나의 답을 요구한다면 문항에 오류가 있습니다."
Morphology,Verbal Conjugation,3,H,H,"정답은 **H: 부수어(부수다)**입니다.

- **부수다 → 부수어**: 어간 ‘부수-’가 변하지 않는 **규칙 활용**
- 나머지는 모두 불규칙 활용입니다.

참고로 **G의 ‘흐르러’는 잘못된 활용**이며, 올바른 형태는 **‘흘러’**입니다. ‘흐르다’는 **르 불규칙 활용** 용언입니다."
Syntax,Agreement,3,G,G,"**정답: G**

- `<보기>`의 **드셨다**는 `들- + -시- + -었- + -다`로, 선어말 어미 **‘-시-’**를 사용한 **주체 높임법**이다.
- G의 **없으십니다** 역시 `없- + -으시- + -ㅂ니다`로, **‘-시-’**를 통해 주체를 높인다.

특히 두 문장 모두 높임 대상과 관련된 내용을 높여 표현하는 **간접 높임**으로 볼 수 있다.

- 총장님은 예순다섯 살은 **드셨다**.
- (높임 대상은) 어린애가 따로 **없으십니다**.

따라서 **G**가 가장 적절하다."
Syntax,Agreement,1,C,C,"**출제 의도상 정답은 C**입니다.

- <보기>: ‘하셨다’의 선어말 어미 **‘-시-’**가 주체인 ‘김승지’를 높이는 **주체 높임법**
- C: ‘바라보시기만 했다’의 **‘-시-’**가 주체인 ‘임금’을 높이는 주체 높임법

다만 **F의 ‘들어오셔’도 ‘들어오시어’가 준 말로 ‘-시-’가 들어 있으므로 주체 높임법**에 해당합니다. 따라서 문항을 엄밀하게 보면 C와 F가 모두 가능해 다소 모호하며, 일반적인 출제 의도는 주체가 명시된 **C**로 보입니다."
Syntax,Agreement,1,H,H,"**정답: H**

- `<보기>`는 주어인 **‘작은어머님’**을 선어말 어미 **‘-시-’**로 높인 **주체 높임법**입니다. 문장 종결은 ‘-다’이므로 상대 높임은 없습니다.
- H의 **‘버드나무님이셔’**도 버드나무를 의인화하여 **‘-님’, ‘-시-’**로 높인 주체 높임법이며, 종결형 ‘-어’에는 상대 높임이 없습니다.

A, D, G에도 주체 높임이 있지만 상대 높임까지 함께 나타납니다."
Semantics,Word Relationships,1,A,A,"정답: **A. 옭혔다**

“머리카락이 시계에 감겼다”는 머리카락이 시계에 **얽히거나 옭아 걸렸다**는 의미입니다. 따라서 문맥적 의미가 가장 유사한 것은 **‘옭혔다’**입니다."
Semantics,Word Relationships,3,F,F,"정답은 **F: 소홀한**입니다.

“모든 일에 데면데면하다”는 문맥상 일을 **꼼꼼하게 처리하지 않고 대충 하거나 소홀히 한다**는 뜻입니다.  
(E의 ‘친밀감이 없는’은 사람을 대하는 태도를 나타낼 때의 의미입니다.)"
Semantics,Word Relationships,3,H,H,"정답은 **H: 우애가**입니다.

**띠앗**은 형제자매 사이의 정이나 우애를 뜻하므로, “띠앗이 좋다”는 **형제자매 간의 우애가 좋다**는 의미입니다."
Semantics,Word Relationships,2,E,E,E: 수도
Semantics,Word Relationships,2,C,C,"정답은 **C: 보관**입니다.

문맥에서 **수장(收藏)**은 유물 등을 잘 간직하여 보관한다는 뜻입니다. 여기서는 ‘물에 장사 지냄’을 뜻하는 **수장(水葬)**이 아닙니다."
Semantics,Conjunctions,1,J,J,"정답은 **J: 그렇지만**입니다.

앞 문장의 부정적 평가인 **“기대 이하였다”**와 뒤 문장의 긍정적 평가인 **“영상미만큼은 훌륭했다”**가 대조되므로, 역접을 나타내는 **‘그렇지만’**이 가장 적절합니다."
Semantics,Conjunctions,1,H,H,"정답은 **H: 다만**입니다.

앞에서는 첫 번째와 두 번째 답변에 동의한다고 했지만, 뒤에서는 일부 내용에 동의하기 어렵다는 **예외·유보**를 나타냅니다.

> 우선 첫 번째 답변과 두 번째 답변에 동의합니다. **다만** 답변 중 마지막에 언급하신 부분에는 선뜻 동의하기 어렵습니다."
Semantics,Conjunctions,1,A,A,"정답은 **A: 그래서**입니다.

바람 때문에 테이블이 쓰러졌고, **그 결과** 노트북이 떨어져 부서졌으므로 인과관계를 나타내는 ‘그래서’가 적절합니다."
Pragmatics,Implicature,1,E,E,"정답은 **E: “나는 곧 내리는데 넌 한참 가야 하잖아.”**입니다.

을이 자신은 곧 내리니 갑에게 자리를 양보하고, 이에 갑이 “감사해요. 그럼 제가 앉을게요.”라고 답하는 흐름이 가장 자연스럽습니다."
Syntax,Argument Structure & Valency,1,G,G,"정답은 **G**입니다.

- **온 산이 붉어졌다**: 서술어 **‘붉어지다’**는 주어인 **‘온 산이’**만을 필수적으로 요구하는 **한 자리 서술어**입니다.
- ‘단풍이 들면서’는 부수적인 의미를 더하는 부사절이므로 서술어의 자릿수에 포함되지 않습니다.

따라서 정답은 **G: 단풍이 들면서 온 산이 <붉어졌다>.**입니다."
Syntax,Agreement,3,J,C,"정답은 **C**입니다.

> **외삼촌께서 검찰 사칭범에게 목돈을 떼이셨다.**

여기서 **‘떼이다’**는 ‘돈을 돌려받지 못하다, 사기를 당하다’라는 뜻으로 굳어진 표현입니다. 이에 대응하여  
‘검찰 사칭범이 외삼촌의 목돈을 떼었다’라고 하면 같은 의미의 자연스러운 능동문이 되지 않습니다. 능동으로 표현하려면 **‘검찰 사칭범이 외삼촌의 목돈을 가로챘다/떼먹었다’**처럼 아예 다른 동사를 사용해야 합니다.

따라서 동일한 기본 동사 **‘떼다’**를 사용해 능동 표현으로 직접 바꿀 수 없는 것은 **C**입니다."
Semantics,Ambiguity,3,F,G,"가장 적절하지 않은 것은 **G**입니다.

> **“모든 승객이 그 방송을 듣지 않았다.”**

이 문장도 ‘모든’과 부정 표현 ‘-지 않았다’의 적용 범위에 따라 중의적입니다.

1. **전체 부정**: 모든 승객이 방송을 듣지 않았다. → 아무도 듣지 않았다.  
2. **부분 부정**: 모든 승객이 방송을 들은 것은 아니다. → 일부 승객만 들었다.

따라서 이 문장이 중의적이지 않다는 G의 설명은 적절하지 않습니다."
Semantics,Ambiguity,3,G,G,"**정답: G**

“나는 너보다 영화를 좋아한다.”는 다음과 같이 중의적으로 해석될 수 있다.

1. 나는 **네가 영화를 좋아하는 것보다 더** 영화를 좋아한다.  
2. 나는 **너를 좋아하는 것보다** 영화를 더 좋아한다.

따라서 이 문장이 중의적이지 않다고 설명한 G가 가장 부적절하다."
Semantics,Numeral Classifiers,1,B,B,"정답은 **B: (권, 개, 잔)**입니다.

- 소설책 두 **권**
- 달걀샌드위치 한 **개**
- 커피 한 **잔**"
Semantics,Numeral Classifiers,3,A,A,"**정답: A**

금은 보통 **그램(g), 킬로그램(kg), 돈** 등의 무게 단위로 거래됩니다. 회사 차원의 투자라는 규모를 고려하면 **30킬로그램**이 가장 현실적입니다. 다른 선택지는 단위가 부적절하거나(병, 단, 말, 박스, 척), 기업 투자로는 지나치게 적거나 많은 양입니다."
Semantics,Numeral Classifiers,3,C,C,"**정답: C. 한 축 주문해두겠습니다.**

‘축’은 오징어를 세는 단위로, 보통 오징어 **20마리**를 한 축이라고 합니다. 시험 조리용 샘플을 주문하는 상황에 가장 자연스럽습니다."
Semantics,Numeral Classifiers,1,G,G,"정답은 **G: 다섯 단 정도 팔렸습니다.**

시금치는 보통 묶음 단위인 **‘단’**으로 세므로 가장 자연스럽습니다."
Semantics,Numeral Classifiers,1,H,H,H: 세 벌 주문해.
Semantics,Rhetorical Expressions,3,J,J,"**정답: J**

“좀벌레를 두 마리나 먹을 것처럼 배가 고프다”는 표현은 적은 양을 나타내는 **‘두 마리’** 때문에 극심한 배고픔을 자연스럽게 과장하지 못합니다. 또한 관용적이거나 일반적인 비유도 아닙니다.

‘좀벌레라도 먹을 것처럼’이라면 무엇이든 먹을 만큼 배고프다는 뜻으로 사용할 수 있습니다."
Pragmatics,Implicature,2,E,E,"정답은 **E**입니다.

을의 “쟤 배 볼록해진 건 안 보이세요?”는 고양이의 배가 부른 상태를 근거로, **자신이 사료를 챙겨 주었고 고양이가 이를 먹어서 밥그릇이 비어 있는 것**이라고 반박하는 발화입니다. 따라서 고양이가 사료를 다 먹었다는 의미로 해석하는 것이 가장 적절합니다."
Semantics,Rhetorical Expressions,1,H,H,"**정답: H: 거대한 산처럼**

‘거대한 산’은 무겁고 움직이지 않는 이미지를 주므로, **“날아올랐다”**라는 역동적이고 가벼운 동작과 가장 어울리지 않습니다. 다른 표현들은 속도·가벼움·감정·도약의 원동력 등을 비유적으로 나타낼 수 있습니다."
Semantics,Word Relationships,1,B,B,"정답: **B. 실토**

문맥에서 **“승복하였다”**는 자신이 옷을 두고 왔다는 사실을 **인정하고 털어놓았다**는 뜻이므로, **“실토”**가 가장 유사합니다."
Semantics,Word Relationships,2,E,E,"정답은 **E: 줄곧**입니다.

여기서 **“시종”**은 ‘처음부터 끝까지 계속해서’라는 뜻으로, **“줄곧 경계를 강화하였다”**와 문맥적 의미가 같습니다."
Syntax,Agreement,1,I,I,"**정답: I**

- `<보기>`의 **회장님께서 출산하셨다**는 주어인 ‘회장님’을 높이는 **주체 높임법**이 사용되었습니다.  
  - 높임 접미사 **-님**
  - 주격 조사 **께서**
  - 주체 높임 선어말 어미 **-(으)시-**

- I의 **창의력이 남다르신 청소년님**에도 **-님**과 **-(으)시-**가 사용되어 ‘청소년’을 높이는 **주체 높임법**이 나타납니다.

따라서 정답은 **I**입니다."
Syntax,Agreement,2,I,I,"**정답: I**

- `<보기>`의 **‘싫어하신다’**에는 선어말 어미 **‘-시-’**가 쓰여 주어인 ‘외할머니’를 높이는 **주체 높임법**이 나타납니다.
- I의 **‘싸우시더니, 드시면서, 화해하셨다’** 역시 주체를 높이는 표현입니다.

다만 B와 G에도 ‘-시-’가 있어 주체 높임이 포함되어 있습니다. 따라서 **<보기>처럼 주체 높임만 나타난 문장**을 고르는 문제라면 I가 가장 적절합니다."
Syntax,Agreement,1,A,A,"정답은 **A**입니다.

- **A: 수집했다** → 주어가 직접 우표를 모은 **능동 표현**
- 나머지는 모두 피동 표현을 포함합니다.
  - B **실렸다**
  - C **갈렸다**
  - D **이끌렸다**
  - E **믿기지 않았다**
  - F **쓰였다**
  - G **치였다**
  - H **몰렸다**
  - I **담겨 있다**
  - J **뒤틀렸다**"
Syntax,Agreement,1,E,E,"정답은 **E**입니다.

- **E: 어떤 관객이 내 소지품을 훔쳤다.**  
  → 주어인 ‘어떤 관객’이 직접 훔치는 행동을 한 **능동 표현**입니다.

나머지는 ‘찢기다, 파묻히다, 쫓기다, 휘말리다, 풀리다, 흔들리다, 차이다, 찍히다, 팔리다’처럼 피동의 의미를 나타내는 표현이 포함되어 있습니다."
Syntax,Agreement,3,H,H,"**정답: H**

‘동료가 내 노력에 대해 **과소평가하고 있다**’는 동료가 낮게 평가하는 **인식·판단 상태를 계속 유지함**을 뜻하므로 ‘-고 있-’이 **상태의 지속**을 나타냅니다.

나머지는 주로 뒷걸음치기, 이발하기, 어기적거리기 등 동작이 진행 중임을 나타냅니다."
Syntax,Agreement,1,J,J,"**정답: J**

- **난 그게 거짓이라고 가정하고 있다.**
  - ‘가정하다’는 생각이나 판단의 **상태**를 나타내므로, ‘-고 있다’가 그 상태가 지속됨을 뜻한다.
- 나머지는 모두 뒤따라오기, 두리번거리기, 가로지르기 등 **동작이 진행 중임**을 나타낸다."
Semantics,Rhetorical Expressions,1,F,F,"**정답: F**

‘언제든 발을 빼려고 했다’는 것은 임무에서 빠지거나 책임을 회피하려 했다는 뜻이므로, 뒤의 **“이번 임무의 성공이 그의 덕분”**이라는 판단을 뒷받침하지 못합니다. 나머지는 모두 그가 임무에 크게 기여하거나 전력을 다했다는 의미입니다."
Semantics,Rhetorical Expressions,1,D,D,"**정답: D**

비밀 계좌를 통한 투자로 일시적으로 이득을 보았지만, 결국 회사에 막대한 손실을 입히고 체포되었으므로 **불행이 좋은 결과로 바뀌었다는 ‘전화위복’**에 해당하지 않는다. 오히려 손실을 숨기려다 문제가 걷잡을 수 없이 커진 상황이다."
Semantics,Rhetorical Expressions,3,G,G,"**정답: G**

‘소리에 놀라지 않는 사자’는 어떤 상황에도 흔들리거나 두려워하지 않는 태도를 나타내는 **직유적 표현**입니다. 겉으로 드러난 의미와 실제 의도가 반대인 **반어법**에 해당하지 않습니다. 실제 사자가 큰 소리에 놀랄 수 있는지는 이 시적 표현의 적절성과 관계가 없습니다.

나머지 의견들은 연꽃·바람·흙탕물 등의 상징성, 대조, 반복과 나열을 통한 강조라는 관점에서 해석할 수 있습니다."
Semantics,Rhetorical Expressions,1,C,C,"정답은 **C**입니다.

지문은 **작은 무질서나 방치가 더 큰 무질서를 유발하는 ‘깨진 유리창 효과’**를 설명합니다. 반면 **“미운 놈에게 떡 하나 더 준다”**는 미운 사람일수록 감정을 누르고 더 잘 대해 준다는 뜻이므로, 지문의 상황과 관련이 없습니다."
Syntax,Embedded Clauses,1,C,C,"**정답: C**

- **C: 사실 [내가 토마토를 다 먹었음]을 털어놓았다.**
  - 안긴문장: **내가 토마토를 다 먹었음**
  - ‘털어놓았다’의 목적어이며, 목적격 조사 **‘을’**이 붙어 있습니다.

다른 문장의 안긴문장들은 주로 관형어(A, I, J), 부사어(B, E), 주어(D, F), 서술어(G, H) 역할을 합니다."
Semantics,Rhetorical Expressions,3,B,D,"**정답: D**

지문에서 소비자들은 명품 소비를 줄이고 **실리적인 구매**를 선호한다고 했으므로, 가격 대비 실용성과 성능을 중시하는 **‘가성비’**를 따지기 시작했다고 보는 것이 적절합니다.  

반면 **‘가심비’**는 가격보다 심리적 만족을 중시하는 소비 성향이므로 지문의 상황과 맞지 않습니다."
Syntax,Embedded Clauses,1,C,C,"정답은 **C**입니다.

- **아네모네가 쌍떡잎식물인지가** 머릿속에서 불분명하다.
- 안긴문장 **‘아네모네가 쌍떡잎식물인지’**에 주격 조사 **‘가’**가 붙어, 전체 문장에서 서술어 **‘불분명하다’**의 **주어** 역할을 합니다.

참고로 A와 B의 안긴문장은 목적어 역할을 합니다."
Syntax,Embedded Clauses,2,F,F,"**정답: F**

- **[밤사이 보조금을 신청하기]가** 빠듯해졌다.
- ‘보조금을 신청하다’에 명사형 어미 **-기**가 붙어 명사절이 되었고, 조사 **‘가’**와 결합하여 문장 전체에서 **주어** 역할을 한다."
Morphology,Word Formation,3,C,C,"접미 파생어가 아닌 것은 **C, D, E**입니다.

- **C 매만지다**: 접두사 **매-** + 만지다 → 접두 파생어
- **D 못되다**: 접두사 **못-** + 되다 → 접두 파생어
- **E 차마**: 더 작은 형태소로 분석하기 어려운 단일어

나머지는 접미 파생어입니다.

- 깨끗+-이, 탐+-스럽다, 강+-아지, 망+-하다, 묻-+-엄(무덤), 값+-지다, 한계+-치

따라서 단일 정답을 요구하는 문제라면 문항에 오류가 있을 가능성이 있습니다."
Morphology,Word Formation,3,H,,[EMPTY_RESPONSE]
Phonetics/Phonology,Suprasegmental Features,1,C,C,"**정답: C**

(ㅅ) “내일은 제발 춥지 말아라.”는 명령형 종결 어미 **‘-아라’**가 쓰였지만, 청자에게 어떤 행동을 명령하는 것이 아니라 **내일 날씨가 춥지 않기를 바라는 소망·기원**을 나타낸다. 따라서 ‘명령의 의미를 지닌 문장’이라는 설명은 적절하지 않다."
Morphology,Word Formation,3,B,D,"정답은 **D: 물개**입니다.

- **입방아**: ‘입’과 ‘방아’의 본래 의미만으로는 ‘남에 대해 이러쿵저러쿵 이야기함’이라는 전체 의미를 직접 파악하기 어려운 **융합 합성어**
- **물개**: ‘물’과 ‘개’가 결합하여 각각의 의미와는 다른 특정 동물을 가리키는 **융합 합성어**

참고로 **높푸르다, 서넛**은 대등 합성어이고, 나머지는 대체로 종속 합성어입니다."
Morphology,Word Formation,1,E,E,"정답은 **E: 사랑하다**입니다.

- **사랑하다**: 명사 어근 **사랑** + 접미사 **-하다** → **파생어**
- 나머지: 두 어근이 결합한 **합성어**

특히 **좋아하다**는 **좋- + -아 + 하-**로 분석되어, 학교 문법에서는 어근과 어근이 연결 어미를 통해 결합한 합성어로 봅니다.

따라서 유형이 다른 하나는 **E**입니다."
Morphology,Word Formation,3,E,E,"모두 해당합니다.

- 뜨더귀 ← 뜯-
- 올가미 ← 옭-
- 비렁뱅이 ← 빌-
- 뜨덤뜨덤 ← 뜯-
- 바투 ← 밭-
- 자주 ← 잦-
- 나마 ← 남-
- 부터 ← 붙-
- 쓰레기 ← 쓸-

따라서 총 **9개**, 정답은 **E**입니다."
Morphology,Word Formation,1,F,F,"정답은 **F: 사라지다**입니다.

‘사라지다’는 **‘살다’와 ‘지다’가 결합한 말**이지만, 앞말인 ‘살다’의 본뜻에서 멀어졌기 때문에 원형을 밝혀 **‘살아지다’**로 적지 않고 **‘사라지다’**로 적습니다.

반면 ‘늘어나다, 접어들다, 엎어지다, 들어가다, 넘어지다’ 등은 앞 용언의 본뜻이 유지되어 원형을 밝혀 적은 말입니다."
Syntax,Ellipsis,3,G,G,"올바른 띄어쓰기:

> 창작은커녕 설명서대로조차 못하겠다.

띄어쓰기가 필요한 곳은 **<2>, <4>**이므로 합은 **6**입니다.

**정답: G**"
Morphology,Word Formation,3,A,A,"**정답: A**

‘읽히다’는 동사 ‘읽다’에 피동 접미사 ‘-히-’가 붙은 파생어입니다.

- 품사: 동사 → 동사이므로 변화 없음
- 문장 구조: 능동문에서 피동문으로 바뀌므로 변화 있음

따라서 ‘읽히다’는 **ㄷ**에 해당하며, 품사와 문장 구조가 모두 달라지는 **ㄹ**에 해당한다는 A의 설명은 적절하지 않습니다."
Morphology,Verbal Conjugation,3,D,D,"정답은 **D**입니다.

- ‘속을 썩이다’가 올바른 표현이므로, 활용하면 **‘속을 썩여’**가 됩니다.
- 따라서: **나는 이제까지 부모님 속을 ‘썩여’ 본 적이 없다.**

참고로 **‘썩히다’**는 음식을 부패시키거나 재능·장비 등을 쓰지 않고 묵혀 둘 때 씁니다.

또한 F의 **‘매주’는 ‘메주’의 오타**로 보입니다.  
→ **메주를 썩혀 장을 만들었다.**"
Morphology,Verbal Conjugation,3,C,C,"정답은 **C**입니다.

- **걸맞다**는 형용사이므로 현재 관형사형 어미 **‘-은’**이 붙습니다.
- 따라서 **‘걸맞는 옷’ → ‘걸맞은 옷’**으로 고쳐야 합니다.

참고로 B의 **‘맞다’**는 ‘옳다’라는 뜻에서도 동사로 활용되므로 **‘네 말이 맞는다’**가 맞습니다."
Morphology,Word Formation,2,I,I,"정답은 **I: 풋사과**입니다.

- **풋사과**: 접두사 **‘풋-’**이 어근 **‘사과’**에 붙어 만들어진 **파생어**
- 나머지 단어: 실질적 의미를 지닌 어근들이 결합한 **합성어**
  - 꽃+밭, 첫+눈, 길+바닥, 등+불, 칼+날, 눈+물, 군+밤, 밤+낮, 산+나물

따라서 단어 형성 방식이 다른 것은 **I**입니다."
Phonetics/Phonology,Suprasegmental Features,3,A,A,"정답은 **A: ㄴ, ㄹ, ㅁ**입니다.

- ㄱ 밤(夜): 짧게 발음
- ㄴ 밤(栗): **[밤ː]**
- ㄷ 눈(眼): 짧게 발음
- ㄹ 눈(雪): **[눈ː]**
- ㅁ 말(言語): **[말ː]**
- ㅂ 말(馬): 짧게 발음

따라서 장음으로 발음되는 것은 **ㄴ, ㄹ, ㅁ**입니다."
Phonetics/Phonology,Suprasegmental Features,3,D,D,"**정답: D**

- **눈(雪, 내리는 눈)**: **[눈ː]**으로 장음
- **눈(眼, 사람의 눈)**: [눈]으로 단음

나머지 선지의 단어들은 해당 문맥에서 모두 단음이다. 예를 들어:

- 병(甁) [병] ↔ 병(病) [병ː]
- 밤(夜) [밤] ↔ 밤(栗) [밤ː]
- 굴(굴조개) [굴] ↔ 굴(동굴) [굴ː]
- 벌(罰) [벌] ↔ 벌(곤충) [벌ː]
- 말(馬) [말] ↔ 말(言語) [말ː]

따라서 **‘하늘에서 눈이 펑펑 내린다’의 ‘눈’**이 장음으로 발음된다."
Phonetics/Phonology,Phonological Alternation,2,J,J,"정답은 **J: 써서**입니다.

- **써서**: `쓰- + -어서 → 써서`에서 모음 **‘ㅡ’가 탈락**한 **모음 탈락**
- 나머지:
  - **ㄹ 탈락**: 부삽(불+삽), 우짖다(울+짖다), 바느질(바늘+질), 소나무(솔+나무)
  - **ㅎ 탈락**: 쌓이다, 낳은, 좋아서, 싫은, 점잖은

따라서 나머지는 모두 **자음 탈락**이고, **J만 모음 탈락**입니다."
Phonetics/Phonology,Phonological Alternation,3,H,H,"정답은 **H**입니다.

- **ㄱ**: 음절 끝소리 규칙 — 교체  
  - 빗[빋], 앞[압], 안팎[안팍]
- **ㄴ**: 된소리되기 — 교체  
  - 약밥[약빱], 잡다[잡따]
- **ㄷ**: 거센소리되기 — 두 음운이 하나로 합쳐지는 **축약**  
  - ㅎ+ㅈ→ㅊ, ㄷ+ㅎ→ㅌ
- **ㄹ**: ‘ㄴ’ 첨가  
  - 솜이불[솜니불], 한여름[한녀름]

**H의 ‘따뜻하다 → [따뜨타다]’**

1. 받침 ‘ㅅ’이 ‘ㄷ’으로 바뀜: 음절 끝소리 규칙(**ㄱ**)  
2. ‘ㄷ+ㅎ’이 ‘ㅌ’으로 합쳐짐: 거센소리되기·축약(**ㄷ**)

따라서 **ㄱ과 ㄷ의 변동이 모두 일어난 예**이므로 **H가 적절합니다.**"
Semantics,Numeral Classifiers,2,D,D,"정답은 **D**입니다.

- A 메추리알 → **알** (알맹이)
- B 개월 수 → **달** (달나라)
- C 회 → **점** (점박이)
- D 독수리 → **마리** → 첫 문장에 없음
- E 온도 → **도** (도무지)
- F 소설 → **편** (불편)
- G 금 → **돈** (돈까스)
- H 집 → **동** (동메달)
- I 옷 → **벌** (벌꿀)
- J 책 → **권** (권선징악)

따라서 **D: (어제 가지나물을 먹었다., 독수리)**입니다."
Semantics,Numeral Classifiers,3,G,G,"정답은 **G**입니다.

- **벌**은 옷이나 한복 등의 수를 세는 **분류사(단위성 의존 명사)**입니다.
- 따라서 **“최고급 벌”**처럼 ‘벌’ 자체를 최고급이라고 수식하는 것은 부적절합니다.

자연스럽게 고치면:

> 그거 열 벌이 필요합니다.  
> → **최고급 옷으로 마련해 드리죠.**  
> → **최고급으로 열 벌 마련해 드리죠.**

따라서 적절하지 않은 표현은 **G**입니다."
Pragmatics,Speech Acts,3,A,A,"**정답: A**

“네가 어디가 얼굴이 안 예쁘냐?”는 의문문 형식이지만 실제로는 **‘네 얼굴은 예쁘다’라는 사실을 진술**하는 수사의문문입니다. 따라서 진술 의도의 “철수는 학교에 갔어.”와 같은 유형입니다."
Pragmatics,Implicature,1,C,C,"정답은 **C: 나는 친구에게 그 얘기를 앞으로도 하지 않을 것이다.**

서술자는 친구가 기분 나빠할 것을 염려해, 친구가 자동차 캐릭터를 닮았다는 말을 **마음속에만 묻어 두기로 했기 때문**이다."
Semantics,Inter-sentence Relations,3,H,G,"정답은 **G**입니다.

- **딸기 쿠키는 쿠키의 한 종류**이므로, “어제 먹었던 딸기 쿠키가 맛이 없다”가 참이면 “어제 먹었던 쿠키가 맛이 없다”도 참입니다.
- 따라서 앞 문장이 뒤 문장을 의미적으로 포함합니다."
Semantics,Rhetorical Expressions,3,J,J,"**정답: J: 땅이 꺼지게**

‘땅이 꺼지게’는 보통 **“땅이 꺼지게 한숨을 쉬다”**처럼 ‘한숨을 깊이 쉬다’와 결합합니다. 따라서 **“땅이 꺼지게 일을 하다”**는 관용적 결합으로 보기 어렵습니다.

> 많은 자영업자들이 실제로 **땅이 꺼지게 일을 하고 있고** → 부자연스러움

다만 **F ‘눈 뜨고는 못 보듯’**도 이 문장에서는 상당히 어색하여, 문항의 선택지가 완전히 명확하지는 않습니다. ‘눈 뜨고는 못 볼 정도로’라면 더 자연스럽습니다."
Semantics,Conjunctions,2,J,J,"정답은 **J**입니다.

- 앞 문장: 오늘 학교에서 늦게 끝났다.
- 뒤 문장: 어제 숙제를 안 해 갔다.

**오늘 일어난 일**이 **어제 일어난 일**의 원인이 될 수는 없으므로 시간적 선후관계가 맞지 않습니다. 원인은 결과보다 먼저 일어나야 합니다."
Semantics,Word Relationships,3,E,D,"**출제 의도상 정답은 D**입니다.

- **손가락 : 손** → 부분과 전체의 포함 관계
- **골수 : 허리** → 골수는 허리의 일부라고 보기 어려우므로 이러한 포함 관계가 아닙니다.

다만 ‘부분－전체 관계’를 엄격하게 적용하면 **주머닛돈:돈, 메스:칼, 콩밥:밥**은 부분－전체가 아니라 하위어－상위어 관계이므로, 문항은 다소 모호합니다. 넓은 의미의 ‘포함 관계’를 묻는 것으로 보아야 D가 유일한 정답이 됩니다."
Syntax,Agreement,3,G,G,"**정답: G**

> 그는 분명 나를 **업신여기고 있다**.

‘업신여기다’는 ‘상대를 낮게 보거나 하찮게 여기다’라는 **심리적·인식적 상태**를 나타냅니다. 따라서 ‘-고 있다’는 동작의 진행이 아니라 그러한 **상태가 지속되고 있음**을 뜻합니다.

나머지는 울기, 찜질하기, 조준하기, 흡입하기, 자전하기 등 동작이나 과정의 진행을 나타냅니다."
Syntax,Agreement,1,G,G,"**정답: G**

> **내 잘못이 걸릴까 봐 조마조마하고 있다.**

여기서 **‘-고 있다’**는 어떤 동작의 진행이 아니라, **‘조마조마한 심리 상태가 지속됨’**을 나타냅니다. 나머지는 주로 구체적인 동작이나 행위가 진행 중임을 나타냅니다."
Syntax,Agreement,1,E,E,"정답은 **E**입니다.

- **수연이가 정훈이를 보고 즐거워하고 있다.**
  - ‘즐거워하다’는 감정 상태를 나타내므로, ‘-고 있다’는 **즐거운 상태가 지속됨**을 의미합니다.

나머지는 나사를 조이거나 춤추는 등 **동작이 진행 중임**을 나타냅니다."
Syntax,Agreement,2,F,F,"**정답: F**

‘새근거리다’는 아기가 숨을 고르게 내쉬는 **동작이 계속 진행 중임**을 나타내므로, ‘-고 있-’이 **동작의 진행** 의미로 쓰였습니다.

> 아기가 곤히 잠들어 **새근거리고 있다**."
Syntax,Agreement,1,C,C,"정답은 **C**입니다.

- **태풍이 도시를 강타하고 있다.**  
  → 태풍이 도시를 강타하는 **동작이 현재 진행 중**임을 나타냅니다.

나머지는 주로 심리 상태나 지속되는 상태를 나타냅니다."
Syntax,Agreement,1,C,C,"정답은 **C**입니다.

- **햄스터가 내 발을 간지럽히고 있다.**  
  → ‘간지럽히는’ 동작이 현재 계속 진행 중이므로 **‘동작의 진행’**을 나타냅니다.

나머지는 주로 감정·인식·상태 또는 피동의 지속을 나타냅니다."
Syntax,Agreement,1,I,I,"**정답: I**

> **여동생이 내 앞에서 종알거리고 있다.**

‘종알거리다’라는 동작이 말하는 시점에 계속 진행 중임을 나타낸다.

다만 **F(늦어지고 있다)**와 **J(극복하고 있다)**도 문맥에 따라 진행상으로 해석될 수 있으므로, 엄밀히 말하면 문항의 단일 정답성이 다소 약하다. 그중 전형적인 ‘동작의 진행’은 **I**이다."
Syntax,Agreement,1,H,H,"**정답: H**

- **조련사가 호랑이를 쓰다듬고 있다.**
  - ‘쓰다듬는’ 동작이 현재 진행 중임을 나타냅니다.

나머지는 주로 감정·심리·상태가 지속되는 의미로 쓰였습니다."
Semantics,Ambiguity,3,F,F,"**정답: F**

> **나는 노래하는 사람을 달리면서 보았다.**

목적어 **‘노래하는 사람을’**이 먼저 완결된 뒤 **‘달리면서’**가 서술어 **‘보았다’**를 수식하므로, 달리는 주체는 주어인 **‘나’**로 명확합니다.

즉, 의미는 다음과 같습니다.

> **나는 달리는 도중에 노래하는 사람을 보았다.**

반면 J처럼 **“달리면서 노래하는 사람”**이 이어지면, ‘나’가 달린 것인지 ‘노래하는 사람’이 달린 것인지 중의적으로 해석될 수 있습니다."
Semantics,Ambiguity,2,D,D,"**정답: D**

> 두 사람이 **각자** 만 원과 천 원을 **두 장씩** 주웠다.

- **각자**: 두 사람 각각에게 행위가 배분됨.
- **두 장씩**: 만 원권과 천 원권을 각각 두 장으로 명시함.

따라서 “두 사람 각각이 만 원권 두 장과 천 원권 두 장을 주웠다”라는 뜻으로 해석됩니다. 다른 문장들은 돈의 장수가 어느 화폐 단위에 걸리는지, 또는 두 사람이 공동으로 챙긴 것인지 각자 챙긴 것인지 중의적으로 해석될 수 있습니다."
Semantics,Ambiguity,3,D,D,"정답은 **D**입니다.

“달콤한 사과와 딸기가 들어간 잼”으로 고쳐도 여전히 다음과 같은 중의성이 남습니다.

- **달콤한 사과**와 딸기가 들어간 잼
- 사과와 딸기가 들어간 **달콤한 잼**

즉, ‘달콤한’이 ‘사과’를 꾸미는지 ‘잼’을 꾸미는지가 명확하지 않으므로 중의성이 사라진다는 D의 설명은 적절하지 않습니다."
Syntax,Agreement,2,I,A,"**정답: A**

‘가슴이 트였다’의 **트이다**는 답답함이 사라져 후련해진다는 뜻의 자동사적 표현입니다. 행위 주체를 내세워 ‘누가 가슴을 텄다’와 같은 능동문으로 바꾸면 원래 의미가 유지되지 않습니다.

반면 나머지는 행위 주체를 주어로 삼아 능동문으로 바꿀 수 있습니다.  
예: ‘무당이 처녀귀신을 사로잡았다’, ‘대중이 그녀를 일류 골프 선수로 손꼽는다’."
Semantics,Ambiguity,3,J,J,"정답은 **J**입니다.

“모든 숲의 푸른 새들이 날아오르지 않았다”로 고쳐도 중의성이 완전히 사라지지 않습니다.

- **전체 부정**: 모든 새가 날아오르지 않았다 → 날아오른 새가 없음
- **부분 부정**: 모든 새가 날아오른 것은 아니다 → 일부는 날아오름

또한 “모든”이 ‘숲’에 걸리는지 ‘새들’ 전체에 걸리는지도 해석상 논란이 생길 수 있습니다. 따라서 중의성이 사라진다는 J의 설명이 가장 부적절합니다."
Pragmatics,Implicature,1,G,G,"정답은 **G: “난 내일 새벽 일찍 나가야 해서 일찍 자려고.”**입니다.

을이 내일 일찍 일어나야 한다는 이유로 영화 관람을 거절하자, 갑이 **“어쩔 수 없죠. 저 혼자 보고 들어갈게요.”**라고 답하는 흐름이 가장 자연스럽습니다."
Syntax,Agreement,2,F,F,"**정답: F**

> **이 지역에는 늘 관광객들이 몰린다.**

여기서 **‘몰리다’**는 ‘사람들이 한곳에 많이 모이다’라는 뜻의 **자동사적 표현**으로, 특정 행위자가 관광객들을 ‘모는’ 피동 상황이 아니다. 따라서 이를 “누군가가 관광객들을 이 지역으로 몬다”로 바꾸면 원래 문장에 없던 행위자가 추가되어 의미가 달라진다.

나머지는 대응하는 능동 표현으로 바꿀 수 있다.

- A 업어치기 한 번이 승부를 **갈랐다**.
- B 광부들이 그 화약을 널리 **썼다**.
- C 폭우가 차의 묵은 때를 **씻었다**.
- D 장인의 손길이 매듭을 **얽었다**.
- E 세발자전거가 큰아버지를 **쳤다**.
- G 누군가가 내 등을 **떠밀었다**.
- H 작가가 디자인에 숨은 의도를 **담았다**.
- I 상대의 비난이 내 심사를 **뒤틀었다**.
- J 신문사가 내 인터뷰를 잡지에 **실었다**."
Syntax,Agreement,2,J,J,"정답은 **J**입니다.

> **J: 새 옷에 주름이 잔뜩 잡혔다.**

여기서 **‘주름이 잡히다’**는 어떤 행위자가 옷에 주름을 잡았다는 피동이라기보다, 주름이 저절로 생긴 **상태 변화**를 나타냅니다. 따라서 의미를 유지하면서 자연스러운 능동문으로 바꾸기 어렵습니다.

- × 누군가가 새 옷에 주름을 잔뜩 잡았다.  
  → 의도적으로 주름을 만들었다는 다른 의미가 됨.

반면 **G**는 행위자가 생략되었을 뿐 다음처럼 바꿀 수 있습니다.

- 어려운 문제가 드디어 풀렸다.  
  → 누군가가 어려운 문제를 드디어 풀었다.

따라서 **J**가 능동 표현으로 바꿀 수 없는 경우입니다."
Pragmatics,Speech Acts,3,E,E,"**정답: E**

E의 “자, 이제 내립시다.”는 일행에게 함께 내리자고 제안하는 **청유문**으로, 실제 발화 의도 역시 **청유**이므로 문장 유형과 발화 의도가 일치합니다. 따라서 간접 발화의 예가 아닙니다.

반면 H의 “좀 내립시다.”는 청유문 형식이지만, 실제로는 앞을 막은 사람에게 길을 비켜 달라고 **요청**하는 간접 발화입니다."
Pragmatics,Speech Acts,1,G,G,"정답은 **G**입니다.

- **‘뒤로 좀 가시면 좋겠는데요.’**는 평서문 형식을 사용하지만 실제로는 상대방에게 행동을 요구하는 **간접 명령·요청**입니다.
- A~F, H~J도 의문문·평서문·청유문 등의 형식을 빌려 실제로는 상대방의 행동을 요구합니다.
- 반면 **G ‘한 번만 더 거짓말하기만 해 봐라.’**는 명령문 형식이지만 실제 기능은 요청이나 명령이 아니라 **경고·위협**입니다.

따라서 해당되지 않는 것은 **G**입니다."
Pragmatics,Speech Acts,2,B,A,"정답은 **A, B, G**입니다.

- **A**: 함께 길을 물어보자고 제안함.
- **B**: 함께 자리에서 일어나자고 제안함.
- **G**: 함께 조용히 하자고 요청함.

D, E, H 등은 청유형 어미를 사용했지만 실제로는 청자에게 명령하거나 화자 자신의 행동에 대한 허락을 구하는 표현입니다."
Pragmatics,Speech Acts,3,E,E,"**정답: E**

“할머니 이제 가신다는데 뭐 하니?”는 형식상 질문이지만, 실제로는 **할머니께 인사하라**는 명령·요구의 의도를 담고 있습니다.  
E의 “7시까지 운동장으로 집합한다.” 역시 진술 형식으로 표현된 **명령**입니다."
Syntax,Embedded Clauses,1,B,B,"정답은 **B**입니다.

- **B: 밤사이 보조금을 신청하기가 빠듯해졌다.**
  - 안긴 문장: **(밤사이) 보조금을 신청하기**
  - 명사형 어미 **‘-기’**로 만들어진 명사절이며, 주격 조사 **‘가’**가 붙어 문장 전체에서 **주어** 역할을 합니다.

다른 선택지의 안긴 문장은 목적어(C, D), 부사어(E, G), 관형어(F, H, I), 서술어(A, J) 역할을 합니다."
Syntax,Embedded Clauses,2,B,B,"**정답: B**

> **갑자기 마감 기한이 연장되는 것은** 부당하다.

‘갑자기 마감 기한이 연장되는 것’이 명사절로서 문장 전체의 **주어 역할**을 한다. 여기서 ‘은’은 주어에 붙은 보조사이다.

참고로 F와 J의 ‘-는지’ 절은 각각 ‘여쭙다’, ‘알다’의 **목적어 역할**을 한다."
Syntax,Embedded Clauses,1,I,I,"**정답: I**

> **이 중학생이 테스트를 제시간에 마쳤는지**가 의심스럽다.

‘이 중학생이 테스트를 제시간에 마쳤는지’는 **-는지**로 끝나는 명사절이며, 조사 **‘가’**가 붙어 문장 전체에서 **주어 역할**을 한다.

참고로 J의 명사절 ‘우리 부모님이 맞벌이하시는지’는 ‘물어보셨다’의 **목적어 역할**을 한다."
Syntax,Embedded Clauses,3,E,E,"**정답: E**

- **E: 학생회장은 학생들 앞에서 선서했다.**  
  주어 ‘학생회장은’과 서술어 ‘선서했다’로 이루어진 **홑문장**이며, 안긴절이 없다.  
  ‘학생들 앞에서’는 부사어일 뿐 절이 아니다.

나머지는 각각 관형절(A, C, F), 명사절(B, G), 인용절(D), 서술절(H, J), 부사절(I: ‘개념〔이〕 없이’)을 안고 있다."
Pragmatics,Deixis & Reference,3,D,D,"정답은 **D: (이거, 영화)**입니다.

- **영화**: 지금 보려고 기다리는 영화
- **이거**: “이거 끝나고 나면”에서 지금 볼 그 영화를 가리킴

따라서 두 말은 같은 대상을 뜻합니다."
Syntax,Scrambling,2,B,B,"**정답: B (정답 없음)**

‘그다지’는 주로 ‘않다’, ‘못하다’ 등의 부정 표현과 호응합니다. 제시된 문장은 긍정형인 ‘읽었다’로 끝나므로 어느 위치에 넣어도 자연스럽지 않습니다.

예: 철수는 공원에서 **그다지 열심히 책을 읽지 않았다.**"
Pragmatics,Deixis & Reference,3,G,G,"정답은 **G**입니다.

- **‘곧’**: 5년 전 크랭크 업 소식을 들은 뒤 얼마 지나지 않은 시점
- **‘5분 뒤’**: 현재 대화 시점으로부터 5분 후

따라서 **‘곧’은 ‘5분 뒤’보다 앞선 시점**을 가리킵니다.

참고로 ‘저것’과 ‘그것’은 포스터가 소개하는 **다른 영화**를, ‘이거’는 지금 보려는 **현재 영화**를 가리킵니다."
Pragmatics,Deixis & Reference,3,D,D,"의도된 정답은 **D**입니다.

- 거기(1) = 창고  
- 거기(2) = 마당  
- 거기(3) = 창고  
- 거기(4) = 다용도실  
- 거기(5) = 창고  

따라서 ‘거기’가 가리키는 장소는 **창고·마당·다용도실의 총 3곳**이므로, 4곳이라는 D는 옳지 않습니다.

다만 엄밀히 보면 **C도 대화만으로는 확인할 수 없습니다.** 동생이 시금치를 다용도실에 두고 갔다는 것은 추론할 수 있지만, 그 뒤 을이 다용도실에 왔다는 정보는 없습니다. 따라서 단일 정답을 요구한다면 출제 의도는 D로 보이나, 논리적으로는 C도 성립이 보장되지 않아 문항에 흠이 있습니다."
Semantics,Inter-sentence Relations,3,D,D,"정답은 **D**입니다.

“그래서 ___ 나아졌다”의 빈칸에는 감기가 호전된 원인이나 계기가 와야 합니다. **“밤을 샜더니”**는 보통 건강을 악화시키는 행동이므로 “나아졌다”의 원인으로 보기 어렵습니다. 따라서 빈칸에 부적절하다는 D의 설명이 맞습니다."
Semantics,Inter-sentence Relations,3,F,F,"가장 자연스러운 배열은 **2 → 4 → 1 → 3**입니다.

- 파스타를 만들려 했지만 샐러리와 토마토가 없었다.
- 신선식품 코너가 잘된 대형마트로 갔다.
- 늦은 시간이라 마트 문이 닫혀 있었다.
- 결국 편의점에서 인스턴트 파스타를 샀다.

따라서 가장 적절한 응답은 **F**입니다.  
서술자는 토마토와 샐러리를 모두 구하기 위해 신선식품 코너가 잘된 대형마트를 선택했으므로, 두 재료가 같은 신선식품 코너에서 판매된다고 생각했다고 볼 수 있습니다."
Semantics,Inter-sentence Relations,2,E,E,"정답은 **E**입니다.

운동을 전혀 하지 않아 수업 후 몸이 매우 힘들까 봐 걱정했지만, **“예상과 달리 다음 날에도 걸어 다닐 수 있었다”**는 내용이 그 걱정과 직접 대비됩니다.

다만 E의 설명 중 **“처음의 걱정과 맞지 않으므로”**는 **“처음의 걱정과 대비되므로”**라고 표현하는 것이 더 정확합니다."
Syntax,Embedded Clauses,3,I,I,"정답은 **I**입니다.

- **‘오늘 놓아 버린’**은 ‘우리의 관계’를 꾸밉니다.
- 그런데 ‘우리의 관계’는 안긴문장의 문장 성분이 아니라 전체 문장의 목적어입니다.
- 따라서 안긴문장 속 문장 성분을 다시 꾸미는 관형절의 위치로 볼 수 없습니다.
- 또한 관형절의 범위를 표시하려면 ‘놓아 버린’이 아니라 **‘오늘 놓아 버린’** 전체를 제시해야 합니다.

따라서 올바르지 않은 것은 **I**입니다."
Semantics,Semantic Compatibility,1,B,C,"**정답: C**

‘척후병’은 서술격 조사 ‘-이다’와 결합하여 주어인 ‘그 친구’의 신분·정체를 나타내는 **명사 서술어**이다.  
C의 ‘제주시’ 역시 ‘-였다’와 결합해 ‘그 도시’가 무엇인지를 밝히는 명사 서술어로 쓰였다."
Phonetics/Phonology,Suprasegmental Features,3,H,J,"정답은 **J**입니다.

- (ㄷ) **서세요**: 종결 어미 **‘-세요’**가 쓰인 명령문
- (ㄹ) **해요**: 종결 어미 **‘-어요’**가 쓰인 청유문  
  (‘하여요’ → ‘해요’)

따라서 (ㄷ)과 (ㄹ)은 문장 유형뿐 아니라 사용된 종결 어미도 다르므로, **“같은 종결 어미를 사용한다”는 J의 설명은 옳지 않습니다.**"
Semantics,Semantic Compatibility,3,E,J,"**정답: J**

‘광어는 **도다리** 같다’에서 **도다리**는 광어를 빗대어 비교하는 **비유의 대상(기준)**이다.  
‘**천사** 같은 우리 선생님’의 **천사**도 선생님을 빗대는 대상이므로 의미적 역할이 가장 비슷하다."
Semantics,Semantic Compatibility,3,J,F,"**정답: F**

지문의 **[돌부리]**는 사람이 걸려 넘어지게 만든 **물리적 장애물**이다.  
F의 **[다리]** 역시 걸려 넘어지게 만든 물리적 장애물로서 의미적 역할이 가장 유사하다."
Semantics,Semantic Compatibility,3,E,F,"**정답: F (정답 없음)**

지문의 **[재]**는 숯더미가 변화하여 도달한 **결과 상태(결과물)**를 나타냅니다. 즉, ‘재가 되다’에서 ‘재’는 결과를 나타내는 보어입니다.

다른 선지들은 장소, 원인, 도구, 출발점, 주체 등을 나타낼 뿐, 이와 같은 **변화의 결과**를 나타내는 표현은 없습니다."
Semantics,Semantic Compatibility,2,A,A,"정답은 **A: [손], [목소리]**입니다.

- **[손]으로** 무엇인가를 만지작거리다 → 행위의 **도구·수단**
- **[목소리]로** 회의를 시작하다 → 행위의 **도구·수단**

두 표현 모두 서술된 행위가 수행되는 **수단(도구역)**이라는 의미 역할을 합니다."
Semantics,Semantic Compatibility,3,E,J,"**정답: J — [날씨], [추위]**

- **[날씨]**: ‘떨다’라는 상황을 일으킨 **원인**
- **[추위]**: ‘떨다’라는 상황을 일으킨 **원인**

따라서 두 표현 모두 의미상 **원인 역할**을 수행합니다.  
반면 **[강아지]**는 회상의 대상이고 **[흰둥이]**는 부러움의 대상이므로 유사하지만, 세부 의미역은 서로 다릅니다."
Semantics,Semantic Compatibility,3,E,E,"**정답: E — [회식 장소], [승진]**

- **[회식 장소]**: 사람들이 이동해 가는 **공간적 목표점**
- **[승진]**: 사람들이 달려가는 **추상적 목표점**

두 표현 모두 이동 또는 행위가 지향하는 **목표(도달점)**라는 의미 역할을 수행한다. 문법적 표지는 각각 ‘-로’와 ‘-을 목표로’로 다르지만, 의미 구성상의 역할은 가장 유사하다."
Syntax,Embedded Clauses,2,B,B,"정답은 **B**입니다.

- **B**: ‘이 서점의’는 관형어일 뿐, 주어와 서술어를 갖춘 안긴 문장이 아닙니다.
- A·F·I: 관형절
- C·D: 명사절
- E: 인용절
- G·H: 서술절
- J: 부사절

따라서 안긴 문장이 없는 문장은 **B: “사서님, 이 서점의 베스트셀러는 무엇인가요?”**입니다."
Syntax,Embedded Clauses,3,H,H,"**정답: H**

- **H: 엄마는 제주도에서 생각에 잠기곤 한다.**  
  ‘-곤 하다’는 어떤 행동이 반복됨을 나타내는 보조 용언 구성으로, 다른 절을 문장 성분으로 안고 있지 않습니다.

참고로 **C**는 ‘필력이 매우 좋다’가 서술절로서 주어 ‘이 소설가는’을 서술하는 **서술절을 안은 문장**입니다. 나머지 문장들도 명사절·관형절·부사절·인용절 등을 안고 있습니다."
Syntax,Embedded Clauses,3,D,E,"정답은 **D**입니다.

- **D: 오늘 나는 과제를 해치우려고 한다.**  
  ‘-려고’는 **의도·목적을 나타내는 연결 어미**이므로, 앞뒤 절이 종속적으로 이어진 **이어진문장**입니다. 따라서 안은문장이 아닙니다.

나머지는 각각 관형절(A, F, I), 서술절(B, C), 인용절(E), 명사절(G, J), 부사절(H)을 안은 문장입니다."
Syntax,Embedded Clauses,3,G,G,"**정답: G**

> 아주버니는 **[사람(을) 보는]** 안목이 대단하시다.

‘사람(을) 보는’이 뒤의 명사 ‘안목’을 꾸미는 **관형절**이므로, 관형절을 안은 문장입니다."
Syntax,Embedded Clauses,3,A,A,"정답은 **A**입니다.

- **관희는 [인상이 좋다].**
- ‘인상이 좋다’가 서술어 역할을 하는 **서술절**이므로, A는 **서술절을 안은 문장**입니다.

나머지는 절을 안지 않은 홑문장입니다."
Syntax,Embedded Clauses,2,H,H,"**정답: H**

> 팥빙수가 **이가 시리게** 차갑다.

‘이가 시리게’는 **‘이가 시리다’**에 부사형 어미 **‘-게’**가 붙어 뒤의 ‘차갑다’를 꾸미는 **부사절**입니다. 따라서 H는 **부사절을 안은 문장**입니다."
Syntax,Argument Structure & Valency,3,A,A,"정답은 **A**입니다.

**접목하다**는 다음과 같이 세 가지 필수 성분을 요구하는 **세 자리 서술어**입니다.

- **누가**: 우리 계열사가
- **무엇을**: AI를
- **어디에**: 생산 라인에
- → 우리 계열사가 생산 라인에 AI를 **접목했다**.

즉, 기본 문형은 **‘N이 N을 N에 접목하다’**입니다."
Syntax,Argument Structure & Valency,1,J,J,"정답은 **J**입니다.

**제안하다**는 다음과 같이 세 가지 필수 성분을 요구하는 **세 자리 서술어**입니다.

- **누가**: 중국의 한 팀에서
- **무엇을**: 100억의 연봉을
- **누구에게**: 그 프로게이머에게
- **서술어**: 제안했다

즉, 기본 문형은 **‘누가 누구에게 무엇을 제안하다’**입니다."
Phonetics/Phonology,Phonological Alternation,3,B,B,"**정답: B. 닭장**

(ㄷ)은 **음절의 끝소리 규칙**이다.

- 좋겠다[조켇따]: 받침 ‘ㅆ’이 [ㄷ]으로 발음됨.
- 겉치레[걷치레]: 받침 ‘ㅌ’이 [ㄷ]으로 발음됨.

반면 **닭장[닥짱]**에서는  
- ‘ㄺ’이 [ㄱ]으로 줄어드는 **자음군 단순화**
- ‘ㅈ’이 [ㅉ]으로 바뀌는 **된소리되기**

가 나타나며, 음절의 끝소리 규칙은 나타나지 않는다."
Semantics,Semantic Compatibility,1,H,H,"**정답: H**

“민주가 **명단을 결심했다**”는 목적어와 서술어의 의미 관계가 부적절합니다.  
‘결심하다’는 행동이나 계획을 대상으로 하므로, 다음처럼 고쳐야 자연스럽습니다.

- 민주가 **참가를 결심했다**.
- 민주가 **명단을 작성했다**."
Semantics,Semantic Compatibility,1,G,G,"**정답: G**

- **“여행을 매기다”**는 목적어와 서술어의 결합이 자연스럽지 않습니다.
- **매기다**는 보통 *점수, 순위, 가격, 번호* 등에 사용합니다.

자연스럽게 고치면:
- **여자아이가 여행을 떠났다.**
- **여자아이가 여행 계획을 세웠다.**"
Semantics,Semantic Compatibility,2,I,E,"**정답: E**

- **이불을 걷다**: 펼쳐진 이불을 거두다는 뜻으로 자연스럽습니다.
- **연무를 걷다**: 자연스럽지 않습니다. 보통 **“연무가 걷히다”**, **“연무를 걷어 내다”**라고 표현합니다."
Semantics,Semantic Compatibility,1,H,H,"정답은 **H: 목적어가 의미적으로 서술어에 적절하지 않다.**

‘씹었다’는 일반적으로 씹을 수 있는 구체적인 대상을 목적어로 요구하지만, ‘엊그제’는 시간을 나타내므로 의미적으로 목적어가 될 수 없다. 문장 구조나 조사, 어순 자체에는 문제가 없다."
Semantics,Word Relationships,1,C,C,C: 까다롭지만
Semantics,Semantic Compatibility,1,G,G,"**정답: G**

“교사가 수도권을 출판했다”에서 **‘수도권’은 지역을 뜻하므로 ‘출판하다’의 목적어가 될 수 없어** 의미상 매우 어색합니다.  
책 제목이라면 **“교사가 『수도권』을 출판했다”**처럼 표시해야 자연스럽습니다."
Semantics,Semantic Compatibility,1,H,H,"**정답: H**

- **“여행을 매겼다”**는 목적어와 서술어의 호응이 어색합니다.
- **매기다**는 보통 *점수, 가격, 순위, 등급* 등에 씁니다.  
  예: *점수를 매겼다 / 가격을 매겼다.*

문맥에 따라 **“여자아이가 여행을 떠났다”**, **“여행 계획을 세웠다”** 등으로 고치는 것이 자연스럽습니다."
Semantics,Ambiguity,3,H,H,"단일 정답을 고르기 어렵습니다. **H와 J가 모두 적절하지 않습니다.**

- **H** 「나는 너보다 영화를 좋아한다」  
  ① 나는 **네가 영화를 좋아하는 것보다 더** 영화를 좋아한다.  
  ② 나는 **너를 좋아하는 것보다** 영화를 더 좋아한다.  
  → 중의적입니다.

- **J** 「나는 좋아하는 영화의 포스터를 너와 봤다」  
  ① 나는 **[좋아하는 영화]의 포스터**를 봤다.  
  ② 나는 **좋아하는 [영화의 포스터]**를 봤다.  
  → ‘좋아하는’의 수식 범위가 달라 중의적입니다.

따라서 문항에 오류가 있으며, 정답은 **H, J**입니다."
Semantics,Ambiguity,2,I,I,"**정답: I**

“모든 숲의 푸른 새들이 날아오르지 않았다.”도 부정의 범위에 따라 다음처럼 해석될 수 있습니다.

- 모든 새가 날아오르지 않았다 → 한 마리도 날아오르지 않음
- 모든 새가 날아오른 것은 아니다 → 일부만 날아오름

따라서 ‘모든’을 추가해도 중의성이 완전히 사라지지 않으므로 I가 적절하지 않습니다."
Semantics,Ambiguity,3,H,H,"**정답: H**

“나는 언니랑 막내를 만났다”에서 **‘-랑’**도 ‘-와’처럼 두 가지로 해석될 수 있습니다.

1. 언니와 막내를 각각 만났다.  
2. 언니와 함께 막내를 만났다.

따라서 원문과 마찬가지로 중의적이므로, 세 사람이 모두 함께 만났다는 뜻을 분명하게 나타내지 못합니다. 이를 명확히 하려면 **“나는 언니와 함께 막내를 만났다”** 또는 **“언니와 나는 막내를 만났다”**라고 해야 합니다."
Semantics,Ambiguity,3,F,B,"단일 정답을 고르기 어렵습니다. **B, D, E**는 모두 거의 동일하게 명확합니다.

- **B**: 모두 검은색 외투를 입고 있다.
- **D**: 나는 그때 운동화를 신고 있었다.
- **E**: 나는 그때 안경을 쓰고 있었다.

반면 C, F, G, H, I는 ‘달리는’ 주체가 ‘나’인지 ‘노래하는 사람’인지 중의적일 수 있습니다.  
굳이 하나를 고르면 **D**가 가장 자연스럽고 명확하지만, 문제에는 정답을 하나로 한정할 추가 기준이 필요합니다."
Semantics,Ambiguity,3,B,B,"정답은 **B**입니다.

“깊은 수심이 드리운 얼굴”에서 **수심**은 ‘근심하는 마음(愁心)’이라는 뜻으로 해석되어 ‘얼굴’을 수식하는 것이 자연스럽습니다. 반면 물의 깊이를 뜻하는 **수심(水深)**이 ‘강에 드리운다’고 표현하는 것은 부자연스럽습니다. 따라서 ‘얼굴’보다 ‘강’을 수식하는 쪽이 자연스럽다는 B의 설명은 적절하지 않습니다."
Pragmatics,Social Relationship Marking,1,G,G,"**정답: G**

쉬는 시간의 교실에서 서로 반말로 다투는 상황으로, 두 화자가 같은 학교의 **학생-학생 관계**임을 알 수 있습니다.  
(C와 D는 교사-학생 관계입니다.)"
Semantics,Rhetorical Expressions,1,F,F,"정답은 **F**입니다.

그는 기차를 오래 이용했지만, 처음 탄 배에서 심한 멀미를 했습니다. 따라서 기차 여행으로 멀미에 충분히 **‘담금질되었다’**고 보는 것은 상황과 맞지 않습니다. 오히려 배멀미에는 전혀 적응되지 않은 상태였습니다."
Semantics,Rhetorical Expressions,1,A,A,"정답은 **A: 햇병아리**입니다.

‘햇병아리’는 **어떤 일을 시작한 지 얼마 되지 않아 경험이 부족한 사람**을 비유적으로 이르는 말입니다. 사회생활을 막 시작해 업무에 서툰 정민이의 상황에 가장 적절합니다."
Phonetics/Phonology,Phonological Alternation,3,E,E,"정답은 **E: 홑이불**입니다.

<보기>는 받침 **ㄷ, ㅌ**이 ‘이/히’와 결합하여 **ㅈ, ㅊ**으로 발음되는 **구개음화**의 예입니다.

- 굳이 → [구지]
- 굳히다 → [구치다]

대부분의 선택지에서도 구개음화가 일어납니다.

- 곧이 [고지]
- 해돋이 [해도지]
- 묻히다 [무치다]
- 맏이 [마지]
- 미닫이 [미다지]
- 등받이 [등바지]
- 샅샅이 [삳싸치]
- 같이 [가치]
- 닫히다 [다치다]

반면 **홑이불**은 ‘홑’과 ‘이불’ 사이에 **ㄴ이 첨가**되어 **[혼니불]**로 발음되므로 구개음화가 일어나지 않습니다."
Phonetics/Phonology,Phonological Alternation,3,G,G,"정답은 **G**입니다.

- **G ‘밭이랑’을 만들다**: 여기서 ‘이랑’은 밭의 두둑을 뜻하는 **실질 형태소**이므로 구개음화가 일어나지 않고 **[반니랑]**으로 발음합니다.
- **H ‘밭이랑’ 논을 갈다**: ‘이랑’이 조사이므로 ‘밭이랑’은 **[바치랑]**으로 발음되어 구개음화가 일어납니다.

나머지도 해돋이[해도지], 같이[가치], 곧이[고지], 묻히다[무치다], 샅샅이[삳싸치], 닫히다[다치다], 미닫이[미다지], 맏이[마지]처럼 구개음화가 일어납니다."
Syntax,Ellipsis,3,I,I,"정답은 **I**입니다.

- 원문: **사회 과학 연구 인원 모집.**
- 자연스러운 복원: **사회 과학 연구 인원을 모집한다.**
- 따라서 ‘인원’ 뒤에는 주격 조사 **‘이/가’**가 아니라 목적격 조사 **‘을/를’**이 들어가야 합니다.

참고로 G는 ‘너가’가 아니라 주격 조사 ‘가’가 결합하면서 형태가 바뀐 **‘네가’**로 복원할 수 있습니다."
Syntax,Agreement,2,H,H,"정답은 **H**입니다.

> **H: 반드시 사람이라면 이러한 상황에서 도리를 따라야 한다.**

부사 **‘반드시’**가 의무를 나타내는 서술어 **‘따라야 한다’**와 올바르게 호응합니다.

다른 문장의 주요 오류:
- **A**: ‘왜냐하면’은 보통 **‘~때문이다’**와 호응
- **B, D**: ‘결코’는 **부정 표현**과 호응
- **C**: ‘여간’은 **‘~이 아니다’**와 호응
- **E**: ‘설령’은 **‘~더라도/일지라도’**와 호응
- **F**: ‘모름지기’는 **‘~해야 한다’**와 같은 당위 표현과 호응
- **G**: ‘바래다주었다’의 대상이 빠져 의미가 불분명함
- **I**: ‘비단’은 보통 **‘~뿐만 아니라’**와 호응
- **J**: 꽃에는 조사 **‘에게’**보다 **‘에’**가 적절함"
Phonetics/Phonology,Phonological Alternation,3,J,C,"정답: **C, D, F, G, J**

이들은 모두 종성의 겹받침이 하나의 자음으로 줄어드는 **자음군 단순화**가 나타난다.

- C 얹다 → **[언따]**: ㄵ → ㄴ
- D 여덟 → **[여덜]**: ㄼ → ㄹ
- F 외곬 → **[외골/웨골]**: ㄽ → ㄹ
- G 몫 → **[목]**: ㄳ → ㄱ
- J 읊고 → **[읍꼬]**: ㄿ → ㅂ

이는 `<보기>`처럼 한국어의 종성에서 발음될 수 있는 자음이 제한된다는 점과 관련된다. 다만 엄밀히 말하면 `<보기>`의 **음절 끝소리 규칙(평파열음화)**과 위 사례들의 **자음군 단순화**는 서로 구별되는 규칙이다."
Phonetics/Phonology,Phonological Alternation,3,D,D,"정답은 **D**입니다.

<보기>의 ‘밭[받]’, ‘꽃[꼳]’에서는 받침 ‘ㅌ, ㅊ’이 음절 끝에서 대표음 ‘ㄷ’으로 바뀌는 **음절 끝소리 규칙**이 나타납니다.

- **D 읊고[읍꼬]**:  
  ‘ㄿ’에서 ‘ㄹ’이 탈락한 뒤, 받침 ‘ㅍ’이 대표음 ‘ㅂ’으로 바뀌는 음절 끝소리 규칙이 적용됩니다. 이후 ‘ㄱ’이 된소리로 바뀝니다.  
  → 읊고 → 읖고 → 읍고 → **[읍꼬]**

참고로:
- **B 비옷[비옫]**: ㅅ→ㄷ이므로 음절 끝소리 규칙이 **있습니다**.
- **F 옷 위[오뒤]**: ㅅ→ㄷ이 적용된 후 연음되므로 음절 끝소리 규칙이 **있습니다**.
- **J 몫[목]**: 겹받침의 ‘ㅅ’이 탈락하는 **자음군 단순화**입니다.

따라서 **D만 적절합니다.**"
Phonetics/Phonology,Phonological Alternation,2,B,B,"정답은 **B, J**입니다.

- **B**: ‘감겨서’는 **감-**(어간)과 사동 접사 **-기-**가 결합한 형태이므로 ‘ㅁ’ 뒤의 ‘ㄱ’이 된소리로 바뀌지 않습니다.
- **J**: ‘큰지’는 **크- + -ㄴ지**로 분석됩니다. ‘ㄴ’과 ‘ㅈ’은 어간과 어미의 경계에서 이어진 것이 아니라 어미 ‘-ㄴ지’ 안에 있으므로 된소리되기가 일어나지 않습니다.

나머지 예의 올바른 분석은 다음과 같습니다.

- ‘분수’: 하나의 형태소 내부
- ‘푼다’: 어미 ‘-ㄴ-’과 ‘-다’의 결합
- ‘여름도’: 체언 ‘여름’과 조사 ‘도’의 결합
- ‘잠가’: 어간 ‘잠그-’ 내부
- ‘안겨라’: 어간 ‘안-’과 피동 접사 ‘-기-’의 결합"
Phonetics/Phonology,Phonological Alternation,3,G,G,"정답은 **G. 송별연**입니다.

- **송별연 → [송벼련]**
  - 받침 ‘ㄹ’이 뒤 음절로 연음될 뿐, ‘ㄴ’이 첨가되지 않습니다.

반면 나머지는 모두 ‘ㄴ’ 첨가가 일어납니다.

- 담요[담뇨]
- 막일[망닐]
- 한여름[한녀름]
- 늑막염[능망념]
- 서른여섯[서른녀섣]
- 물약[물략]
- 색연필[생년필]
- 꽃잎[꼰닙]
- 식용유[시굥뉴]"
Syntax,Embedded Clauses,1,G,G,"**정답: G**

- **[갑자기 마감 기한이 연장되는 것]은** 부당하다.
- ‘마감 기한이 연장되는 것’이라는 안긴 부분이 조사 **‘은’**과 결합해 전체 문장의 **주어** 역할을 한다.

참고로 C와 E의 안긴문장은 목적어 역할을 하며, B와 J의 안긴문장은 서술어 역할을 하는 서술절이다."
Syntax,Embedded Clauses,1,G,G,"**정답: G**

- 안긴 문장: **“이 중학생이 테스트를 제시간에 마쳤는지”**
- 여기에 주격 조사 **‘가’**가 붙어 서술어 **‘의심스럽다’**의 주어 역할을 한다.

> **[이 중학생이 테스트를 제시간에 마쳤는지]가 의심스럽다.**"
Syntax,Embedded Clauses,1,C,C,"**정답: C**

- **꽃을 잘 키우기**란 까다롭다.
- ‘꽃을 잘 키우기’는 동사 ‘키우다’에 명사형 어미 **-기**가 붙어 만들어진 **명사절**이며, 전체 문장에서 **주어 역할**을 한다.

다른 선택지의 안긴문장은 대체로 다음 역할을 한다.

- A, E, I: 관형어
- B, J: 서술어(서술절)
- D, H: 부사어
- F, G: 목적어"
Pragmatics,Implicature,1,C,C,"정답은 **C**입니다.

- 갑의 “우리는 저런 데 언제쯤 가 보나?”는 실제로 예정된 여행 일시를 묻는다기보다, **방송에 나온 장소에 가 보고 싶다는 소망**을 나타냅니다.
- 을의 말은 그 장소가 **TV 화면으로 보기 때문에 아름다워 보일 뿐**이라는 다소 회의적인 반응입니다.

따라서 **“갑은 방송에 나온 장소에 방문하고 싶다고 생각한다.”**가 옳습니다."
Syntax,Embedded Clauses,2,J,J,"정답은 **J**입니다.

- **야구공을 잘 던지시던 할아버지**
  → 안긴문장을 풀면 **“할아버지가 야구공을 잘 던지셨다.”**
  → `<할아버지>`가 안긴문장 안에서 **주어** 역할을 합니다.

나머지 대부분은 안긴문장에서 목적어 역할을 하며, D의 `<직업>`은 ‘되다’ 앞에서 **보어** 역할을 합니다."
Syntax,Argument Structure & Valency,2,H,H,"정답은 **H**입니다.

- **뒤집어지다**: ‘벤치가 뒤집어지다’ → 주어만 요구하는 **한 자리 서술어**
- **전진하다**: ‘병사들이 전진하다’ → 주어만 요구하는 **한 자리 서술어**

따라서 자릿수가 같은 것은 **H: 퍼레이드의 병사들이 죽 전진한다.**입니다."
Syntax,Argument Structure & Valency,3,I,C,"정답은 **C, I**입니다.

- `<쏟아졌다>`: **땀이 쏟아졌다** → 주어만을 요구하는 **한 자리 서술어**
- **C**: **법이 바뀐다** → `<바뀌다>`는 한 자리 서술어  
  (‘내년이면’은 필수 성분이 아님)
- **I**: **(그가) 울다** → `<울다>`는 한 자리 서술어  
  (‘너무 슬퍼서’는 필수 성분이 아님)

따라서 `<쏟아졌다>`와 자릿수가 같은 것은 **C의 ‘바뀌다’, I의 ‘울다’**입니다."
Syntax,Argument Structure & Valency,3,E,E,"정답은 **E**입니다.

- **물리학자가 최종 ‘수상자로’ 발탁되었다.**
- ‘발탁되다’는 **어떤 자격이나 지위로 발탁되었는지**를 나타내는 성분을 요구하므로, **‘수상자로’는 필수적 부사어**입니다.

나머지 꺾쇠 안의 말들은 장소·원인·시간 등을 덧붙이는 부사어로, 문장에서 생략해도 기본 문형이 성립합니다.  
특히 H의 ‘닮았다’가 요구하는 필수적 부사어는 **‘어머니와’**이며, 꺾쇠 안의 **‘아버지보단’**은 필수적이지 않습니다."
Semantics,Semantic Compatibility,3,I,C,"정답은 **C: [회사3], [집1]**입니다.

- **[집1]에서 [회사2]까지**: [집1]은 이동의 **출발점**
- **[회사3]에서 [집2]까지**: [회사3]도 이동의 **출발점**

두 표현 모두 조사 **‘에서’**와 결합해 이동이 시작되는 장소를 나타냅니다."
Phonetics/Phonology,Phonological Alternation,3,G,G,"정답은 **G: 싫증**입니다.

<보기>의 공통 음운 변동은 **거센소리되기(격음화)**입니다. ‘ㅎ’과 예사소리가 만나 거센소리로 바뀝니다.

- 쌓지 → [싸치]  
- 각하 → [가카]  
- 옷 한 벌 → [오탄벌]

선택지들도 대부분 격음화가 일어납니다.

- 좁히다 [조피다]
- 젖히다 [저치다]
- 좋고 [조코]
- 밝히다 [발키다]
- 숱하다 [수타다]
- 국화 [구콰]
- 맏형 [마텽]
- 닳지 [달치]
- 닿다 [다타]

반면 **싫증은 [실쯩]**으로 발음되어 격음화가 일어나지 않습니다. 따라서 **G**가 정답입니다."
Phonetics/Phonology,Phonological Alternation,3,J,J,"**정답: J. 싫증**

- **싫증 → [실쯩]**: ‘ㅎ’이 탈락하고 ‘ㅈ’이 된소리 [ㅉ]로 발음됩니다. 따라서 자음 축약이 아닙니다.
- 나머지는 모두 ‘ㅎ’과 앞뒤 자음이 합쳐져 거센소리로 발음되는 **자음 축약**이 일어납니다.

예:
- 닳지 → [달치]
- 국화 → [구콰]
- 맏형 → [마텽]
- 좋고 → [조코]
- 잡히다 → [자피다]"
Phonetics/Phonology,Phonological Alternation,3,G,G,"정답은 **G**입니다.

- **사귀다 + -었다 → 사귀었다**
- ‘ㅟ’와 ‘ㅓ’는 ‘ㅕ’로 축약되지 않으므로 **‘사겼다’는 잘못된 표현**입니다.

따라서 올바른 문장은 **“희원이는 그 남자와 오래 사귀었다.”**입니다."
Pragmatics,Implicature,3,J,J,"정답은 **J**입니다.

갑의 “우리는 저런 데 언제 가 보나?”는 단순히 여행 일정을 묻는 것이 아니라, **방송에 나온 장소에 을과 함께 가 보고 싶다는 소망**을 간접적으로 표현한 말입니다.

반면 을의 말은 그 장소가 실제로도 아름답다기보다 **TV 화면이나 연출 때문에 아름답게 보이는 것**이라는 의미일 뿐, 방문 경험이나 불만을 나타내지는 않습니다."
Morphology,Verbal Conjugation,3,A,A,"**정답: A — (ㄱ)**

- (ㄱ)의 **‘솎음’**은 동사 ‘솎다’에 **명사 파생 접미사 ‘-음’**이 결합하여 만들어진 명사이다. 따라서 명사형 어미가 결합한 활용형이 아니다.
- 나머지 문장의 ‘하기, 마주치기, 꿈, 믿음, 쉼, 앎, 도움, 타기, 느낌’은 문맥상 용언에 **명사형 어미 ‘-기/-ㅁ’**이 결합한 활용형이다."
Pragmatics,Implicature,3,H,H,"**정답: H. 너네 집 시계 고장났냐?**

밤늦게 전화한 것을 간접적으로 나무라는 표현이며, 을의 “급히 할 말이 있어서 그래.”가 전화한 이유를 설명하는 자연스러운 대답입니다. G의 ‘불러내다’는 직접 나오라고 했다는 뜻이므로 단순히 전화한 상황과 맞지 않습니다."
Morphology,Word Formation,3,B,B,"정답은 **B: 달구다**입니다.

- **미화**: 미(어근) + **-화**(접미사) → 접사가 어근 **뒤**에 결합
- **달구다**: 달-(어근) + **-구-**(접미사) + -다(어미) → 접사가 어근 **뒤**에 결합

나머지는 모두 접사가 어근 앞에 결합한 접두 파생어입니다."
Syntax,Argument Structure & Valency,2,E,E,"**정답: E**

**설치하다**는 기본적으로 다음 세 성분을 요구하는 **세 자리 서술어**입니다.

- **누가**: (나는) — 주어
- **어디에**: 컴퓨터에 — 필수적 부사어
- **무엇을**: 백신 프로그램을 — 목적어

→ **(나는) 컴퓨터에 백신 프로그램을 설치했다.**

나머지 서술어들은 주로 한 자리 또는 두 자리 서술어이며, 문장에 포함된 ‘숟가락으로’, ‘세게’, ‘쓸데없는 곳에’ 등의 성분은 생략 가능한 부가적 성분입니다."
Syntax,Argument Structure & Valency,3,J,J,"정답은 **J**입니다.

- **입수하다**: ‘누가 무엇을 입수하다’의 구조로, **주어와 목적어**를 요구하는 두 자리 서술어입니다.
- ‘경쟁사의 스파이로부터’는 출처를 나타내는 부사어로, 필수 성분은 아닙니다.

> (누군가가) 첩보를 입수했다.

따라서 **J의〈입수했다〉가 두 자리 서술어**입니다."
Pragmatics,Discourse Principles,1,H,H,"**정답: H**

을의 “지연이 할머니는 잊을 만하면 돌아가시네.”라는 말은 한 사람이 여러 번 사망할 수 없다는 점에서 의도적으로 거짓인 표현입니다. 이를 통해 을은 **지연이가 할머니의 죽음을 반복적으로 핑계 삼는다는 불신·비꼼의 태도**를 드러내고 있으므로, 대화의 진실성 원리를 지키지 않은 사례에 해당합니다."
Pragmatics,Discourse Principles,3,E,E,"**정답: E: “아유, 늙은이 아이 된다더니.”**

E는 나이에 관한 구체적·간접적 정보조차 제공하지 않고, 단지 ‘늙으면 아이처럼 된다’는 말만 하고 있어 질문과의 **관련성(관계의 격률)**을 지키지 않은 사례이다.

나머지 답변들은 과장되거나 모호하더라도 나이, 출생 연도, 띠, 환갑 등 나이를 추론할 수 있는 정보를 제공한다."
Syntax,Argument Structure & Valency,3,I,E,"정답은 **E**입니다.

- **단정하다**: ‘누가 무엇을 단정하다’의 구조로, **주어와 목적어**를 요구하는 두 자리 서술어입니다.
  - (주어) + **타인의 성격을** + 단정하지 말아라
  - ‘겉모습만으로’는 필수 성분이 아닌 부사어입니다.

참고로 F·G·J의 서술어는 각각 ‘누가 무엇을 어디에/어디로’의 구조를 이루는 세 자리 서술어입니다."
Syntax,Argument Structure & Valency,3,E,E,"정답을 하나만 고를 수 없는 문항입니다. 적어도 **E와 I**가 모두 두 자리 서술어입니다.

- **E 알아차리다**: `누가 + 무엇을 알아차리다`  
  → 나는 + 이상한 낌새를
- **I 간직하다**: `누가 + 무엇을 간직하다`  
  → (누가) + 그 목걸이를  
  ‘품에’는 필수 성분이 아닌 부사어입니다.

또한 사전의 기본 문형을 따르면 **변경하다, 활용하다**도 각각 `누가 무엇을 변경하다/활용하다`의 두 자리 서술어로 볼 수 있어 더욱 모호합니다. 따라서 이 문제는 출제 오류이며, 가장 분명하게는 **E와 I가 중복 정답**입니다."
Syntax,Argument Structure & Valency,3,F,A,"정답은 **A, D, F, J**입니다.

- **A 감싸다**: 누가 + 무엇을 감싸다 → 두 자리
- **D 대하다**: 누가 + 누구에게 대하다 → 두 자리
- **F 가꾸다**: 누가 + 무엇을 가꾸다 → 두 자리
- **J 달라지다**: 무엇이 + 무엇과 달라지다 → 두 자리

참고로 **H ‘보내다’**와 **I ‘얹다’**는 각각 대상·목적지 등을 요구하는 **세 자리 서술어**입니다."
Pragmatics,Speech Acts,2,J,J,"정답은 **J**입니다.

- **A** 명령(요청): 난방을 꺼 달라는 뜻
- **B** 진술: 노력하면 무엇이든 가능하다는 뜻
- **C** 약속: 저녁을 사겠다는 약속
- **D** 청유: 함께 식사하자는 제안
- **E** 진술: 날씨에 대한 예보
- **F** 명령: 남의 것을 훔치지 말라는 뜻
- **G** 감정 표현: 자신의 실수나 건망증에 대한 탄식
- **H** 명령(요청): 민지에게 한 번 봐 달라는 뜻
- **I** 감정 표현: 말을 듣지 않는 상대에 대한 꾸중·분노
- **J** 감정 표현: 곤란한 상황에 대한 걱정이나 두려움

따라서 옳게 연결된 것은 **J: “난 엄마한테 죽었다” — 감정 표현**입니다."
Syntax,Argument Structure & Valency,2,D,D,"정답은 **D**입니다.

- **D: 심장병에 걸리다**  
  서술어 **‘걸리다’**가 질병의 의미로 쓰일 때는 ‘무슨 병에’ 해당하는 부사어가 필수적으로 요구됩니다. 따라서 **〈심장병에〉**는 필수적 부사어입니다.

나머지 꺾쇠 안의 말은 장소·방향·시간·상대 등을 덧붙이는 부사어로, 생략해도 문장이 성립합니다.

**정답: D**"
Semantics,Rhetorical Expressions,3,F,E,"**정답: E**

지문의 ‘실리적인 구매’는 가격 대비 성능을 중시하는 **가성비** 소비를 뜻합니다.  
반면 **가심비**는 가격보다 심리적 만족을 중시하는 소비이므로 상황 설명으로 적절하지 않습니다."
Semantics,Rhetorical Expressions,3,I,H,"**정답: H**

지문은 자격시험의 **불필요하게 넓고 높은 출제 수준** 때문에 학생들이 본업인 연구에 집중하지 못하고, 연구 성과도 저하되는 상황을 비판하고 있습니다.  

그런데 H의 “멀리 보고 출제하는 넓은 시야가 필요하다”는 말은 오히려 출제 범위를 넓히는 방향을 긍정하는 것으로 읽혀, 지문의 문제의식과 어긋납니다. ‘넓은 출제 범위’와 ‘넓은 시야’를 혼동한 표현이기도 합니다."
Semantics,Rhetorical Expressions,2,J,J,"정답은 **J: 못 본 걸 본 듯**입니다.

“못 본 걸 본 듯 일어나다”는 의미상 ‘일어나다’를 자연스럽게 수식하지 못합니다. 일반적으로는 **“못 볼 것을 본 듯 놀라다”**처럼 사용합니다. 나머지 표현들은 일어나는 모습·상태·태도를 나타낼 수 있습니다."
Semantics,Rhetorical Expressions,2,E,E,"**정답: E: 죽음을 앞둔 불나방**

‘죽음을 앞둔 불나방’은 위험을 무릅쓰고 무모하게 파멸로 돌진하는 대상을 연상시킵니다. 대표의 업적을 칭송하며 소개하는 문맥에는 부정적이고 비꼬는 느낌을 주므로 적절하지 않습니다."
Semantics,Rhetorical Expressions,1,H,H,"정답은 **H: 거대한 산처럼**입니다.

‘거대한 산’은 무겁고 움직이지 않는 이미지이므로, 역동적인 동작인 **‘날아올랐다’**와 의미상 어울리지 않습니다. 나머지는 날아오르는 모습·속도·상태·감정을 비유적으로 나타낼 수 있습니다."
Semantics,Numeral Classifiers,1,B,B,B: 세 벌 주문해.
Semantics,Numeral Classifiers,2,H,H,H: 다섯 단 정도 팔렸습니다.
Semantics,Rhetorical Expressions,1,I,I,"정답은 **I: 우물을 파헤쳐서 대어를 낚으려는 사람은 안 나왔다.**

금괴 소문이 돌았지만 실제로 이를 찾으려고 우물을 파헤친 사람이 없었다는 지문의 내용과 가장 잘 부합합니다."
Semantics,Word Relationships,1,F,F,"**정답: F. 트럭**

‘까치’가 ‘새’의 한 종류이듯, ‘트럭’은 지문의 ‘차(자동차)’의 한 종류입니다."
Semantics,Ambiguity,2,C,C,"정답은 **C**입니다.

“예상보다 배가 빨리 말랐다”로 고쳐도 **‘배’**가 여전히 과일인 배, 신체의 배 등으로 해석될 수 있고, **‘마르다’**도 수분이 없어지다 또는 몸이 야위다 등의 의미를 가질 수 있습니다. 따라서 중의성이 완전히 사라진다고 보기 어렵습니다."
Semantics,Ambiguity,1,C,C,"정답은 **C**입니다.

“전원이 문제였다”에서 **전원**은 다음과 같이 중의적으로 해석될 수 있습니다.

1. **全員**: 전체 인원이 문제였다.  
2. **電源**: 전력 공급 장치나 전기 공급이 문제였다.

따라서 “한 가지 뜻으로 해석된다”는 C의 설명이 가장 어색합니다."
Semantics,Ambiguity,2,B,B,"**정답: B**

“금을 그대로 두어라”의 **금**은 문맥에 따라 황색 금속인 **gold** 또는 선·흔적·자국을 뜻하는 **금**으로 해석될 수 있다.

참고로 “물이 생각보다 많이 찼다” 역시 물이 **차올랐다**는 뜻과 물의 온도가 **차가웠다**는 뜻으로 해석될 수 있다."
Semantics,Ambiguity,1,C,C,"정답은 **C**입니다.

“두 도시의 거리”에서 **거리**는  
- 두 도시 사이의 공간적 간격  
- 두 도시에 있는 길이나 거리  

라는 두 가지 의미로 해석될 수 있으므로 중의적인 문장입니다. 따라서 “중의적이지 않다”라고 한 C가 옳지 않습니다."
Syntax,Argument Structure & Valency,1,E,E,"정답은 **E**입니다.

- **반짝거리다**: 주어만을 필수적으로 요구하는 **한 자리 서술어**  
  → **바닷물이 반짝거린다.**

‘햇빛이 들자’는 원인을 나타내는 부사절로, ‘반짝거리다’가 필수적으로 요구하는 성분이 아닙니다.

나머지 서술어들은 ‘무엇을’에 해당하는 목적어 등을 요구하는 두 자리 이상의 서술어입니다."
Syntax,Embedded Clauses,2,A,A,"정답은 **A**입니다.

- 안긴 문장: **회고록이 출간되다**
- 서술어: **출간되다**
- 필요한 문장 성분: **회고록이**(주어) → **한 자리 서술어**

따라서 안긴 문장의 서술어 자릿수가 1개인 문장은 **“출간된 회고록에 나의 비탄을 담았다.”**입니다.  
안은 문장의 서술어인 ‘담았다’의 자릿수는 판단에 영향을 주지 않습니다."
Phonetics/Phonology,Phonological Alternation,3,I,I,"정답은 **I: 월요일**입니다.

- **월요일 → [워료일]**: ‘ㄴ’이 첨가되지 않습니다.
- 나머지는 ‘ㄴ’ 첨가가 일어납니다.  
  예: 막일[망닐], 꽃잎[꼰닙], 색연필[생년필], 식용유[시굥뉴], 물약[물략]"
Phonetics/Phonology,Phonological Alternation,2,B,B,"정답은 **B. 등용문**입니다.

- **등용문** → **[등용문]**  
  ‘ㄴ’이 첨가된 **[등뇽문]**으로 발음하지 않습니다.

나머지는 모두 ‘ㄴ’ 첨가가 일어납니다.

- 할 일 → [할릴]
- 색연필 → [생년필]
- 꽃잎 → [꼰닙]
- 막일 → [망닐]
- 서른여섯 → [서른녀섣]
- 늑막염 → [능망념]
- 식용유 → [시굥뉴]
- 한여름 → [한녀름]
- 학여울 → [항녀울]

※ [할릴]처럼 표면적으로 ‘ㄹ’로 발음되는 경우도 먼저 ‘ㄴ’이 첨가된 뒤 유음화가 일어난 것입니다."
Phonetics/Phonology,Phonological Alternation,3,J,J,"정답은 **J: 뱃길**입니다.

- **담요 [담뇨]**: ‘요’ 앞에 **ㄴ이 첨가**된 현상입니다.
- **뱃길 [배낄/밷낄]**: ㄴ 첨가가 아니라, 사이시옷으로 인해 뒤의 ‘ㄱ’이 된소리로 발음되는 **된소리되기**가 나타납니다.

따라서 같은 음운 변동인 **ㄴ 첨가가 일어나지 않는 것**은 **J**입니다."
Phonetics/Phonology,Phonological Alternation,3,E,E,"정답은 **E: 나룻배**입니다.

<보기>의 **솜이불[솜니불]**에서는 받침 뒤의 ‘이’ 앞에 ‘ㄴ’이 덧나는 **ㄴ 첨가**가 일어납니다.

- 한여름[한녀름]
- 식용유[시굥뉴]
- 막일[망닐]
- 색연필[생년필]
- 늑막염[능망념]
- 학여울[항녀울]
- 꽃잎[꼰닙]
- 서른여섯[서른녀섣]
- 할 일[할릴]

반면 **나룻배[나루빼]**는 사이시옷으로 인해 **된소리되기**가 일어나며, ㄴ 첨가는 일어나지 않습니다."
Syntax,Argument Structure & Valency,1,G,G,"정답은 **G**입니다.

G의 첫 절은 피동문으로, **‘한옥 만들기 프로젝트’**가 주어이고 행위자인 **‘학생들’**은 생략되어 있습니다.

> 한옥 만들기 프로젝트가 진행되고…

그런데 둘째 절의 **‘전시했다’**는 능동 타동사이므로 전시 행위의 주체인 **‘학생들’**이 필요합니다.

> 그 결과를 학교 입구에 전시했다.

앞 절의 문법적 주어인 ‘한옥 만들기 프로젝트’를 둘째 절의 생략된 주어로 해석하면, 프로젝트가 자기 결과를 전시했다는 부적절한 논항 관계가 됩니다. 또한 학생들은 앞 절에서도 명시되지 않아 둘째 절의 주체로 자연스럽게 복원하기 어렵습니다.

따라서 다음처럼 고쳐야 합니다.

- 한옥 만들기 프로젝트가 … 진행되고, **학생들은** 그 결과를 학교 입구에 전시했다.
- 한옥 만들기 프로젝트가 … 진행되고, 그 결과가 학교 입구에 전시됐다."
Syntax,Embedded Clauses,3,G,G,"정답은 **G**입니다.

- G의 안긴문장: **“너를 그리워하면 조만간 비가 온다”**
- 중심 서술어 **‘오다’**는 주어인 **‘비가’**만을 필수적으로 요구하는 **한 자리 서술어**입니다.
- ‘너를 그리워하면’은 안긴문장 내부의 조건절일 뿐, 중심 서술어 ‘오다’의 자릿수에는 포함되지 않습니다.

나머지 문장의 안긴문장에 쓰인 서술어들은 주어와 목적어·보어 등을 요구하는 **두 자리 서술어**입니다. 따라서 한 자리 서술어를 가진 문장이 하나뿐인 군집은 **G**입니다."
Syntax,Ellipsis,3,A,A,"**정답: A: 산**

‘철수가 마트에서 산’은 뒤의 ‘과자와 빵’을 꾸미는 관형절입니다. 여기서 서술어인 **‘산’**을 생략하면 ‘철수가 마트에서’가 관형절로 성립하지 않아 비문이 됩니다.

나머지는 부사어·수식어이거나 문맥상 생략 가능한 성분입니다. 특히 **‘불구하고’**를 빼도 ‘배고팠음에도’ 자체가 양보의 의미를 나타냅니다.

※ 다만 ‘산’을 뺀 뒤 ‘철수가’를 새로운 주어로 재분석하면 문맥에 따라 문장이 성립할 여지도 있지만, 원래 문장 구조를 유지한다는 일반적인 출제 의도에서는 **A**가 정답입니다."
Syntax,Embedded Clauses,2,F,A,"**정답: A**

- **명사절:** “(이건) 말씀드리기”
- 서술어 **‘말씀드리다’**에 명사형 어미 **‘-기’**가 붙어 문장 안에서 명사처럼 기능합니다.
- 참고로 A의 “일하고 싶지 않은”은 ‘날’을 꾸미는 **관형절**입니다.

따라서 명사절을 안은 문장이 포함된 선택지는 **A**입니다."
Pragmatics,Speech Acts,2,I,I,"**정답: I. 내달 중으로 보고드리겠습니다.**

“내일도 늦으면 그때는 벌점을 주겠어.”는 화자가 미래에 어떤 행동을 하겠다고 책임지고 밝히는 **약속(위협·경고를 포함하는 약속 행위)**에 해당합니다.  
I 역시 미래에 보고하겠다는 화자의 **약속**을 나타냅니다."
Syntax,Argument Structure & Valency,2,G,G,"정답은 **G**입니다.

- **달걀프라이가 뒤집혔다** → 주어인 ‘달걀프라이가’만 필수적으로 요구됩니다.
- ‘어머니의 기술에’는 원인이나 수단을 나타내는 부가적인 부사어이므로 필수 성분이 아닙니다.

따라서 **‘뒤집히다’는 한 자리 서술어**입니다."
Pragmatics,Implicature,2,J,J,"정답은 **J**입니다.

갑은 손목시계를 보고 있었으므로 현재 시각을 몰라서 묻는 것이 아닙니다. “지금 시간이 몇 시지?”는 실제 질문이라기보다 **을이 약속한 시간과 다르게, 특히 늦게 나타난 것을 질책하는 간접 표현**입니다. 을의 “죄송합니다.”도 이러한 함축을 이해하고 사과한 것입니다."
Pragmatics,Implicature,1,I,I,"**정답: I**

“내가 언제 밥때 거르는 것 봤니?”는 밥때를 거르지 않는다는 뜻이므로, **저녁을 챙겨 먹었다는 긍정의 답**을 간접적으로 표현한 것입니다. 나머지는 질문에 대해 부정하거나 긍정을 회피하는 답변입니다."
Syntax,Argument Structure & Valency,1,B,B,"**정답: B**

- **다운되다**: ‘무엇이 다운되다’의 구조로, 주어 하나만을 필수적으로 요구하는 **한 자리 서술어**이다.
- ‘익명의 해커에 의해’, ‘완전히’는 필수 성분이 아니라 부사어이다.

> 메인 서버가 다운되었다. → 문장이 성립함

나머지 서술어들은 목적어나 필수적 부사어 등을 추가로 요구하는 두 자리 이상의 서술어이다."
Pragmatics,Implicature,1,A,A,"정답은 **A**입니다.

- 갑이 함께 대회에 나가자고 **제안**하고,
- 을은 “상금은 다 내 거다”라고 조건을 덧붙이면서 함께 나가겠다는 뜻으로 **승낙**하고 있습니다.

나머지는 모두 거절하거나 승낙을 유보하는 반응입니다."
Syntax,Argument Structure & Valency,3,I,A,"정답은 **A**입니다.

- **질주하다**: 주어만을 필수적으로 요구하는 **한 자리 서술어**입니다.  
  - `승용차들이 질주하다`
  - ‘도로로’는 장소·경로를 나타내는 부가적인 성분입니다.

참고로 **I의 ‘뜨개질하다’**는 ‘옷이나 장갑 따위를 뜨개질하다’처럼 목적어를 요구할 수 있는 **두 자리 서술어**이며, 제시문에서는 목적어가 생략되어 있습니다."
Pragmatics,Implicature,1,A,A,"정답은 **A**입니다.

을은 “엄마는 네 나이 때 하루에 3시간씩 자 가며 공부했어.”라고 말하며 자신의 과거와 자녀를 비교하고 있습니다. 이는 자녀가 공부를 충분히 하지 않았다고 생각하여 더 열심히 공부하라고 질책하는 의미입니다.

- **B**: 용돈을 *올려 주지 않겠다*는 것이지, 기존 용돈을 줄이겠다는 뜻은 아닙니다.
- **H, I**: 갑과 을 모두 자녀의 성적에 부정적인 반응을 보이므로 의견이 상반되거나 을이 자녀를 변호하는 상황이 아닙니다."
Phonetics/Phonology,Phonological Alternation,3,I,I,"정답은 **I**입니다.

- **보였다**: `보이- + -었- + -다 → 보였다`
- 어간 **보이-**의 ‘ㅣ’와 어미 **-었-**의 ‘ㅓ’가 합쳐져 ‘ㅕ’가 되었으므로, **어간과 어미 사이에서 일어난 모음 축약**입니다.
- 따라서 “어미에서만 모음 축약이 나타난다”는 설명은 옳지 않습니다.

참고로 **입으셨다**는 `입- + -으시- + -었- + -다`에서 어미 ‘-시-’와 ‘-었-’이 ‘-셨-’으로 축약된 것이므로 어미에서만 축약이 나타난 경우입니다."
Morphology,Word Formation,3,G,A,"정답은 **A, G**입니다.

- **A 차례차례**: 어근이 반복된 형태로, 일반적인 통사 구성 방식이 아니므로 **비통사적 합성어**
- **G 종이호랑이**: ‘명사+명사’의 통사적 구성 방식이므로 **통사적 합성어**

나머지를 바로잡으면 다음과 같습니다.

| 항목 | 올바른 분류 |
|---|---|
| 굳세다 | 비통사적 합성어 |
| 건널목 | 통사적 합성어 |
| 본받다 | 통사적 합성어 |
| 검붉다 | 비통사적 합성어 |
| 부슬비 | 비통사적 합성어 |
| 곧잘 | 통사적 합성어 |
| 새해 | 통사적 합성어 |
| 늦더위 | 비통사적 합성어 |

따라서 **적절하게 대응된 것은 A와 G**입니다."
Morphology,Word Formation,2,F,F,"**정답: F**

- **돌다리**는 ‘돌로 만든 다리’라는 뜻으로, 앞말 **‘돌’이 뒷말 ‘다리’를 수식**합니다.
- 따라서 **대등 합성어가 아니라 종속 합성어**입니다."
Morphology,Verbal Conjugation,3,D,D,"정답은 **D**입니다.

- A 떼다 → **떼려야**
- B 갑작스럽다 → **갑작스러운**
- C 서투르다 → **서툴러서**
- **D 있다 → 있을는지 (올바름)**
- E 담그다 → **담가**
- F 퍼렇다 → **퍼레**
- G 추스르다 → **추스르고**
- H 커다랗다 → **커다랬습니다**
- I 걸맞다 → **걸맞은**
- J 하다 → **하려면**"
Morphology,Verbal Conjugation,3,J,J,"정답은 **J: 4개**입니다.

어미가 변화하는 용언:
- **아니하다 → 아니하여**: ‘여’ 불규칙
- **공부하다 → 공부하여**: ‘여’ 불규칙
- **누렇다 → 누레**: ‘ㅎ’ 불규칙(어간과 어미 변화)
- **시커멓다 → 시커메**: ‘ㅎ’ 불규칙(어간과 어미 변화)

따라서 총 **4개**입니다."
Phonetics/Phonology,Articulatory Phonetics,3,J,J,"모음으로 시작하는 어절인 **‘위의’**를 제외합니다.

무기음이 아닌 자음, 즉 유기음으로 시작하는 어절은 다음과 같습니다.

- **친구들과**: ㅊ
- **타고**: ㅌ
- **포뇨의**: ㅍ

총 **3개**이므로 정답은 **J**입니다."
Phonetics/Phonology,Articulatory Phonetics,3,H,H,"지속음인 자음 **ㅅ, ㅆ, ㅎ**으로 시작하는 어절은 다음과 같습니다.

- **사막에**
- **힘들었다**
- **함께**
- **하얀**
- **스카프를**
- **사진을**

총 **6개**이므로 정답은 **H**입니다."
Phonetics/Phonology,Articulatory Phonetics,3,F,F,"정답은 **F: ㅊ**입니다.

**ㅊ**은 파찰음이면서 유기음(거센소리)이므로 무기음이 아닙니다."
Syntax,Embedded Clauses,3,G,G,"정답은 **G**입니다.

- **코카인이 밀수입된 항구**
- 안긴문장을 복원하면: **코카인이 항구로 밀수입되었다.**
- 이때 **‘항구’**는 조사 **‘-로’**와 결합하여 밀수입된 **도착지**를 나타내므로 안긴문장에서 **부사어** 기능을 합니다.

따라서 정답: **G**"
Semantics,Rhetorical Expressions,1,E,E,"정답은 **E**입니다.

선생님은 학생의 마음을 보살피고 꿈을 찾도록 돕는 따뜻하고 헌신적인 인물입니다. 그런데 **‘바늘방석에 앉은 느낌’**은 매우 불편하고 불안한 상태를 뜻하므로, 선생님에게 진로 상담을 받는 상황에 대한 설명으로 적절하지 않습니다."
Semantics,Ambiguity,1,I,I,"정답은 **I**입니다.

“방학 숙제는 두 도시의 거리를 조사하는 것이다.”에서 **‘거리’**는

- 두 도시 사이의 공간적 간격
- 도시의 길이나 거리(街路)

로 해석될 수 있으므로 **어휘적 중의성이 있는 문장**입니다. 따라서 “중의적이지 않다”라고 한 I가 적절하지 않습니다."
Semantics,Ambiguity,2,A,A,"**정답: A**

“전원이 문제였다”는 다음과 같이 중의적으로 해석될 수 있습니다.

- **전체 인원**이 문제였다.
- **전력 공급원(電源)**에 문제가 있었다.

따라서 한 가지 뜻으로만 해석된다는 A가 가장 적절하지 않습니다."
Semantics,Ambiguity,2,B,B,"**정답: B**

- **B**: “금을 그대로 두어라”의 **금**은 문맥에 따라 ‘황색 금속’ 또는 ‘그어 놓은 선·자국’으로 해석될 수 있다.
- “물이 생각보다 많이 찼다”는 ‘물이 많이 차올랐다’와 ‘물의 온도가 생각보다 많이 낮았다’로 해석될 수 있어 중의적이다.
- 나머지 문장들은 해당 문맥에서 특정 의미로 한정되므로 A, C, D, E, F, G, H, I, J는 적절하지 않다."
Semantics,Ambiguity,2,J,A,"정답은 **A, J**입니다.

- **A**: ‘시내’는 ‘도시의 안’ 또는 ‘작은 물줄기’라는 뜻을 지녀 중의적으로 해석될 수 있습니다.
- **J**: ‘은행’은 금융기관을 뜻할 수 있으므로, 문장은 금융기관이 영업을 시작했다는 의미로 해석 가능합니다.

참고로 ‘신부’도 ‘결혼하는 여자’와 ‘가톨릭 성직자’라는 두 의미를 지닙니다."
Semantics,Rhetorical Expressions,1,B,B,"정답은 **B: 뜬구름 잡는**입니다.

**‘뜬구름 잡는 소리’**는 현실성이나 구체성이 없는 막연한 말을 뜻합니다. 앞부분의 **“계획을 너무 막연하게 세운”**과 가장 자연스럽게 이어집니다."
Syntax,Agreement,3,H,H,"정답은 **H**입니다.

- **방갈로를 치받은 통신병**
- 안긴 문장을 복원하면: **통신병이 방갈로를 치받았다.**

따라서 `<통신병>`에 주격 조사 **‘이’**가 붙으므로 안긴 문장에서 **주어** 기능을 합니다.

나머지는 문맥상 목적어이거나 부사어입니다. 예를 들어 J는 **“협동조합에 전 재산을 기탁했다”**로 보아 `<협동조합>`이 부사어입니다.  
단, 일부 문장은 문맥에 따라 중의적으로 해석될 수 있지만, 출제 의도에 따른 답은 **H**입니다."
Semantics,Inter-sentence Relations,3,E,D,"정답은 **D: 직접 만든 식사**입니다.

- 지양해야 할 항목: **(ㄴ) 자신의 건강을 믿고 안심하는 태도**
- 나머지 항목들은 건강을 위해 필요하거나 권장되는 것들입니다.
- 지문에서도 외식 중심의 식생활을 **직접 만든 식사 중심으로 바꾸는 것이 좋다**고 권장하므로 성격이 가장 유사합니다."
Semantics,Inter-sentence Relations,2,A,A,"가장 타당한 답은 **A: 야생동물**입니다.

- **이 동물, 이들, 그들, 구조 대상, 새끼, 어미, 성체, 개체, 수달**은 모두 문맥상 특정한 **수달 또는 수달 개체**를 가리킵니다.
- 반면 **야생동물**은 수달만을 뜻하지 않고 여러 동물을 포괄하는 **상위 범주**이며, (4)에서는 ‘야생동물 구조센터’라는 기관명의 일부로 쓰였습니다.

따라서 맥락상 가장 상이한 대상은 **A**입니다.

다만, “무관한 문장을 제거”하라는 조건은 다소 불명확합니다. 굳이 고르면 중심 내용과 가장 거리가 있는 문장은 신고가 여름에 집중된다는 **(4)**이지만, 이를 완전히 제거하면 선택지 A도 판단 대상에서 빠지므로 문제 구성상 모순의 여지가 있습니다."
Semantics,Inter-sentence Relations,2,J,J,"정답은 **J: 안전사고, 먼지가 많이 낀 멀티탭**입니다.

지문에서 **먼지가 많이 낀 멀티탭**은 스파크와 화재를 일으켜 **안전사고**로 이어질 수 있는 원인으로 제시되었습니다."
Syntax,Embedded Clauses,3,F,F,"정답은 **F**입니다.

- **[오늘 놓아 버린]** → ‘우리의 관계’를 꾸미는 관형절  
- **[이제 어두운]** → 역시 ‘우리의 관계’를 꾸미는 관형절  

두 안긴문장이 동일한 명사구 **‘우리의 관계’**를 각각 꾸밀 뿐, 한 안긴문장이 다른 안긴문장 안에 들어가 그것을 꾸미지는 않습니다.

반면 다른 문장들은 예를 들어 E의  
**[[내가 어제 먹은] 빵을 구워 준] 친구**처럼 관형절 안에 또 다른 관형절이 포함된 중첩 구조를 가집니다."
Semantics,Inter-sentence Relations,3,A,A,"- **제거할 문장:** “보안부서의 허가 프로세스를 미리 거쳐두어서 재택근무가 가능했다.”
  - 회의가 일찍 끝나 조기 퇴근했다는 중심 내용과 직접적인 관련이 없습니다.

- **정답: A. 관공서에 방문할 수 있었다.**
  - 관공서는 보통 평일 업무시간에만 방문할 수 있으므로, 퇴근 시각이 크게 앞당겨진 덕분에 가능해진 일로 가장 자연스럽습니다."
Pragmatics,Speech Acts,2,J,J,"정답은 **J**입니다.

- **A~I**: 화자가 자신의 미래 행동을 하겠다고 다짐하거나 약속·위협하는 **약속의 의도**를 나타냅니다.
- **J**: “아랫집 아저씨가 이놈 한다”는 제3자의 반응을 예측하여 알려 주는 **진술의 의도**입니다.

따라서 혼자 다른 의도를 나타내는 발화는 **J**입니다."
Pragmatics,Speech Acts,3,G,G,"정답은 **G**입니다.

- **갑: “나는 무얼 하면 될까?”**  
  → 상대에게 자신이 할 일을 묻는 **질문**입니다.

- **을: “네가 뭐는 할 줄 아냐?”**  
  → 실제로 답을 요구하는 질문이라기보다 “너는 할 줄 아는 것이 없다”라는 뜻의 **진술(또는 비난의 감정 표현)**입니다.

따라서 갑과 을의 발화 의도가 서로 다르게 분류됩니다."
Pragmatics,Implicature,2,A,A,"**정답: A**

미영의 말은 집 단장이 아직 끝나지 않았으므로 **이번 주말에는 친구를 초대하지 않았으면 한다는 간접적인 거절**을 뜻한다.  
(G는 ‘친구네 집’이라고 하여 집의 주체가 잘못되었다.)"
Syntax,Argument Structure & Valency,3,D,D,"정답은 **D**입니다.

- **퍼붓다**: 주어만을 필수적으로 요구하는 **한 자리 서술어**
  - 세찬 비가 퍼부었다.
  - ‘전국에’는 장소를 나타내는 부가적인 부사어이므로 생략할 수 있습니다.

나머지 서술어들은 목적어나 필수적 부사어 등을 추가로 요구하는 두 자리 이상의 서술어입니다."
Pragmatics,Implicature,2,J,J,"**정답: J**

- **A~I**: 교통, 안전, 규정 등을 이유로 더 빨리 가 달라는 요청을 **거절**하는 대답입니다.
- **J “그럼 손잡이나 꽉 잡으쇼.”**: 더 빨리 가겠다는 뜻을 암시하므로 요청을 **승낙**한 경우입니다."
Syntax,Argument Structure & Valency,3,G,G,"**정답: G**

> 물리학자가 최종 **<수상자로>** 발탁되었다.

‘발탁되다’는 **어떤 자격이나 지위로 발탁되었는지**를 나타내는 ‘수상자로’가 요구되므로, 이는 **필수적 부사어**이다.

참고로 D의 ‘닮았다’가 요구하는 필수적 부사어는 **‘어머니와’**이며, 꺾쇠 안의 ‘아버지보단’은 비교 대상을 덧붙인 말이므로 필수적이지 않다."
Syntax,Argument Structure & Valency,2,B,B,"정답은 **B**입니다.

- **심장병에 걸리다**에서 서술어 **‘걸리다’**는 질병의 의미로 쓰일 때 ‘무엇에 걸리다’의 형태를 요구하므로, **‘심장병에’는 필수적 부사어**입니다.

나머지는 해당 부사어를 빼도 문장이 성립하는 수의적 부사어입니다.  
예: ‘산들바람이 불고 있다’, ‘고양이를 구조했다’, ‘휴무제가 시행되었다’ 등.

※ J에서는 ‘들르다’가 요구하는 필수적 부사어는 **‘독서실에’**이고, 제시된 **‘등교길에’**는 시간·상황을 나타내는 수의적 부사어입니다."
Syntax,Argument Structure & Valency,3,D,A,"정답은 **A, D, I**입니다.

- **A**: ‘숨다’는 숨는 **장소**를 요구하므로 ‘쥐구멍에라도’는 필수적 부사어입니다.
- **D**: ‘다다르다’는 도달하는 **지점**을 요구하므로 ‘막바지에’는 필수적 부사어입니다.
- **I**: ‘모여들다’는 모여드는 **방향·도착점**을 요구하므로 ‘해안으로’는 필수적 부사어입니다.

나머지의 꺾쇠 부분은 시간이나 행위 장소를 덧붙이는 **수의적 부사어**로 볼 수 있습니다."
Syntax,Argument Structure & Valency,2,H,A,"정답은 **A, B, C, H**입니다.

- **A `<냉장고에>`**: ‘놓다’는 놓는 **장소**를 요구함.
- **B `<소파에>`**: ‘앉다’는 앉는 **장소**를 요구함.
- **C `<세탁소에>`**: ‘가다’는 이동하는 **목적지**를 요구함.
- **H `<모범생으로>`**: ‘통하다’는 어떤 자격·평가로 통하는지를 요구함.

나머지는 시간이나 장소를 덧붙이는 **수의적 부사어**입니다."
Syntax,Argument Structure & Valency,2,H,H,"정답은 **H**입니다.

- **H: `<너만>` 오면 이제 하교할 수 있어.**  
  ‘너만’은 동사 **‘오다’의 주어**입니다. 주격 조사 ‘이/가’ 대신 보조사 ‘만’이 붙은 형태입니다.

나머지 단어들은 목적격 조사 ‘을/를’이 붙었거나, 목적격 조사가 생략되거나 보조사(‘까지’, ‘라도’)로 대체된 **목적어**입니다."
Syntax,Argument Structure & Valency,2,D,D,"정답은 **D**입니다.

- **D:** “나만큼 비참한 **사람도** 세상에 있기는 할까?”
  - 기본형: “나만큼 비참한 **사람이** 세상에 있을까?”
  - ‘사람도’는 서술어 **‘있다’의 주어**이며, ‘도’는 주격 조사 ‘이/가’를 대신한 보조사입니다.

나머지는 모두 ‘을/를’이 생략되었거나 보조사로 대체된 목적어입니다.  
예: 숙제(를) 베끼다, 물(을) 들이켜다, 여름옷(을) 사다, 시내버스(를) 타다."
Phonetics/Phonology,Articulatory Phonetics,3,B,B,"**정답: B. 한**

‘한’의 초성 **ㅎ**은 공기의 흐름을 완전히 막지 않고 마찰을 일으키며 발음하는 **지속음**입니다.  
반면 파열음·파찰음·비음은 지속음으로 분류되지 않으며, ‘얼’의 초성 ㅇ은 실제 음가가 없습니다."
Phonetics/Phonology,Articulatory Phonetics,3,A,A,"정답은 **A: 럼**입니다.

‘럼’의 초성 **ㄹ**은 공기가 크게 방해받지 않고 울려 나는 **향음(공명음, sonorant)**에 해당합니다."
Phonetics/Phonology,Articulatory Phonetics,3,J,B,"정답: **B(ㄴ), D(ㅁ), E(ㅇ), J(ㅅ)**

비음 **ㄴ·ㅁ·ㅇ**과 마찰음 **ㅅ**은 소리를 지속해서 낼 수 있는 **지속음**입니다."
Phonetics/Phonology,Phonological Constraints,3,D,D,"**정답: D**

‘연구(硏究)’의 ‘연(硏)’은 본래 한자음이 **‘연’**이므로 두음법칙이 적용된 것이 아닙니다.

나머지는 련→연, 류→유, 녀→여, 료→요, 리→이처럼 두음법칙이 적용된 사례입니다."
Phonetics/Phonology,Phonological Constraints,3,B,B,"정답은 **B: ‘연산’ 공식을 외우면 계산에 도움이 된다.**입니다.

‘연산(演算)’의 **연(演)**은 본래 음이 ‘연’이므로 두음법칙이 적용된 것이 아닙니다. 반면 나머지는 단어 첫머리의 ‘ㄹ’이나 ‘ㄴ’이 두음법칙에 따라 바뀐 사례입니다.

- 례의 → 예의
- 뉴대 → 유대
- 로인 → 노인
- 륙군 → 육군
- 략탈 → 약탈
- 녀자 → 여자
- 련민 → 연민
- 량심 → 양심
- 력사 → 역사"
Phonetics/Phonology,Phonological Constraints,3,E,E,"**정답: E. 깡충깡충**

<보기>에서는 한 단어 안에서 대체로 같은 계열의 모음이 어울립니다.

- **양성 모음**: ㅏ, ㅗ → 아장, 홀짝, 모락, 차곡
- **음성 모음**: ㅓ, ㅜ, ㅡ → 엉금, 훌쩍, 글썽, 무럭

그런데 **깡충**은 양성 모음 **ㅏ**와 음성 모음 **ㅜ**가 함께 쓰여 이 모음동화 경향에서 가장 벗어납니다."
Phonetics/Phonology,Suprasegmental Features,3,J,E,"장음으로 발음되는 단어는 다음 4개입니다.

- ‘눈’(雪, snow) → [눈ː]
- ‘굴’(oyster) → [굴ː]
- ‘말’(speech) → [말ː]
- ‘밤’(chestnut) → [밤ː]

따라서 정답은 **H: 4**입니다."
Phonetics/Phonology,Articulatory Phonetics,2,J,J,"정답은 **J: ㅁ**입니다.  
ㅁ은 비음으로, 향음(공명음)에 해당합니다."
Syntax,Argument Structure & Valency,2,I,I,"정답은 **I**입니다.

- **지지부진하다**: ‘무엇이 지지부진하다’ → 주어만을 요구하는 **한 자리 서술어**
- **으스러지다**: ‘무엇이 으스러지다’ → 주어만을 요구하는 **한 자리 서술어**

> 범퍼가 **으스러졌다**.

따라서 정답은 **I**입니다."
Syntax,Embedded Clauses,2,G,G,"**정답: G**

- **불화살이 [딸꾹질하던] 빈민에게 명중했다.**
- 안긴문장 **‘(빈민이) 딸꾹질하던’**이 뒤의 명사 **‘빈민’**을 꾸미는 **관형절**로서 관형어 역할을 한다."
Syntax,Embedded Clauses,2,G,G,"정답은 **G**입니다.

- **개나리가 잔뜩 핀 언덕**
  → 안긴문장: **개나리가 잔뜩 피다**
  → 서술어 **‘피다’**는 주어 **‘개나리가’**만을 필수적으로 요구하는 **한 자리 서술어**입니다.  
  ‘언덕에’는 장소를 나타내는 부가적 성분입니다.

다른 문장의 서술어는 목적어나 필수적 부사어 등을 추가로 요구하는 두 자리 서술어입니다.  
예: ‘경찰관이 경쟁을 뚫다’, ‘수박이 참외를 닮다’, ‘엄마가 음식을 가리키다’.

**따라서 정답: G**"
Syntax,Embedded Clauses,2,D,D,"**정답: D**

- **옛이야기를 해주시던** → 명사 **‘할머니’**를 꾸며 주는 관형절로, 문장에서 **관형어** 역할을 합니다.
- 기본 문장: **할머니가 옛이야기를 해주시다.**
- 안긴 형태: **[옛이야기를 해주시던] 할머니가 그리워.**"
Syntax,Embedded Clauses,2,D,D,"**정답: D**

- **[해가 갈수록]**이 서술어 **‘늘어났다’**를 꾸며 주므로 문장 전체에서 **부사어 역할**을 합니다.

다른 선택지의 안긴문장:
- A, C, J: 관형절
- B, F, G, I: 명사절
- E, H: 서술절"
Morphology,Word Formation,2,I,I,"**정답: I. 헛웃음**

- **헛웃음**은 접두사 **‘헛-’**과 명사 **‘웃음’**이 결합한 말로, 각각의 원형을 밝혀 적었습니다.
- A~F, H, J는 어원이 분명하지 않아 원형을 밝혀 적지 않는 예에 해당합니다.
- **사랑니**도 ‘사랑+이’의 원형을 그대로 밝혀 적은 형태로 보기 어렵습니다."
Morphology,Word Formation,3,D,D,"정답은 **D: 첫사랑**입니다.

- **첫사랑**: 관형사 ‘첫’ + 명사 ‘사랑’으로, 일반적인 통사적 구성 방식과 일치하는 **통사적 합성어**입니다.
- **부슬비, 덮밥, 높푸르다, 여닫다, 보살피다, 척척박사, 늦더위**: 어미가 생략되거나 부사가 명사를 직접 수식하는 등 일반적인 문장 구성 방식과 어긋나는 **비통사적 합성어**입니다.
- **구경꾼, 개살구**: 각각 접미사 ‘-꾼’, 접두사 ‘개-’가 결합한 **파생어**입니다."
Morphology,Word Formation,3,F,A,"정답은 **A, F**입니다.

- **A 날짐승**: ‘날-’(‘날다’의 어간) + ‘짐승’  
  → 용언의 어간이 관형사형 어미 없이 명사를 수식하므로 **비통사적 합성어**

- **F 뛰놀다**: ‘뛰-’(‘뛰다’의 어간) + ‘놀다’  
  → 두 용언이 연결 어미 없이 결합했으므로 **비통사적 합성어**

나머지는 ‘작은 형’, ‘파고 들다’, ‘힘(이) 들다’처럼 일반적인 문장 구성 방식과 일치하는 **통사적 합성어**입니다."
Syntax,Argument Structure & Valency,2,G,G,"정답은 **G**입니다.

- **G: `<습관은>` 참으로 무서운 거야.**
  - ‘습관은’은 조사 **‘은’**이 붙은 **주제어이자 주어**로, 목적어가 아닙니다.
  - 나머지 문장의 꺾쇠 안 단어들은 목적격 조사 **‘을/를’**이 붙었거나 생략된 목적어입니다."
Syntax,Argument Structure & Valency,3,D,D,"정답은 **D**입니다.

- **오늘 수술은 잘 마쳤니?**
  - 기본 문장: **(네가) 오늘 수술을 잘 마쳤니?**
  - 주어: 생략된 **네가**
  - 목적어: **수술을**
  - 여기서 **‘은’**은 목적격 조사 ‘을’을 대신하여 화제·대조의 의미를 더한 보조사입니다.

따라서 **<수술은>은 주어가 아니라 목적어**입니다."
Syntax,Argument Structure & Valency,3,C,C,"**정답: C**

- **C: 내일 파티에서 내 춤 `<파트너가>` 되어줘.**
  - 생략된 주어는 **‘너는’**입니다.
  - ‘파트너가’는 서술어 **‘되다’**가 요구하는 **보어**입니다.
  - 문장 구조: **(너는) 내 춤 파트너가 되어 줘.**

나머지 꺾쇠 안의 말들은 문장에서 주어 역할을 합니다. 조사 ‘은/는’, ‘도’가 붙거나 주격 조사가 생략된 경우도 있습니다."
Syntax,Agreement,2,A,F,"정답은 **F**입니다.

- **F: 지금 특급 전철이 우리 역을 경유해 지나갈 것입니다.**  
  여기서 **‘-을 것입니다’**는 화자의 의지나 가능성을 나타내기보다, 곧 일어날 **예정된 미래의 사실**을 알리는 표현입니다.

반면,
- A, J의 **‘-겠-’**은 추측·가능성,
- B, C, D, G, H, I는 의지·결심,
- E는 능력·가능성을 나타냅니다."
Syntax,Agreement,1,E,E,"**정답: E**

- E의 **“저것까지는 꼭 먹겠다”**에서 ‘-겠-’은 화자의 **강한 의지·결심**을 나타냅니다.
- 나머지는 대체로 정황을 바탕으로 한 **추측·예상·판단**의 의미입니다.  
  예: *풀리겠다, 걸려들었겠다, 열리겠다, 필요하겠다, 되겠다.*

다만 I의 **“다시 만들어야 하겠다”**도 실제 언어생활에서는 ‘다시 만들기로 마음먹음’이라는 **의지**로 해석될 수 있어 문항에 다소 중의성이 있습니다. 출제 의도상 I를 ‘다시 만들 필요가 있다는 상황 판단’으로 본다면, 가장 분명하게 의지를 나타내는 것은 **E**입니다."
Syntax,Argument Structure & Valency,2,H,H,"정답은 **H**입니다.

- **화분에 손댄 건** → 문장의 주어(‘것은’의 준말)
- **내가** → 서술어 **‘아니다’**가 요구하는 **보어**

즉, ‘내가’에는 주격 조사처럼 보이는 **‘가’**가 붙었지만, 여기서는 주어가 아니라 보어입니다.

반면 I의 **‘너’**, J의 **‘강연’**은 조사가 생략된 주어입니다."
Syntax,Argument Structure & Valency,3,J,J,"정답은 **J**입니다.

- **<귀신은> 혹시 본 적이 있니?**
- 여기서 ‘귀신은’은 **‘귀신을’**에 보조사 ‘은’이 결합한 형태로, ‘보다’의 **목적어**입니다.
- 생략된 주어는 ‘너는’입니다.

즉, 문장을 풀어 쓰면 **“너는 귀신을 혹시 본 적이 있니?”**가 됩니다."
Syntax,Agreement,3,F,H,"정답은 **H**입니다.

> 외삼촌께서 사기계약에 목돈을 떼이셨다.

여기서 **‘떼이다’**는 ‘빌려주거나 맡긴 돈을 돌려받지 못하다’라는 뜻으로 굳어진 표현입니다. 이에 대응하는 능동사 **‘떼다’**는 같은 의미로 쓰이지 않으므로, 의미를 유지한 채 직접 능동문으로 바꾸기 어렵습니다.

물론 다음처럼 의미상 능동 표현으로 **바꾸어 말할** 수는 있습니다.

> 사기꾼이 외삼촌의 목돈을 가로챘다.

하지만 이는 ‘떼이다’를 능동형으로 전환한 것이 아니라 **다른 동사로 바꿔 표현한 것**입니다. 따라서 정답은 **H**입니다."
Morphology,Word Formation,1,E,E,"정답은 **E: 며칠**입니다.

‘며칠’은 어원이 분명하지 않아 ‘몇+일’의 원형을 밝혀 **‘몇일’**로 적지 않고, 소리 나는 대로 **‘며칠’**로 적습니다. 나머지는 합성어나 접두사가 결합한 말에서 각 형태의 원형을 밝혀 적은 사례입니다."
Morphology,Word Formation,2,E,E,"**정답: E. 골병**

‘골병’은 어원이 분명하지 않아 각 구성 요소의 원형을 밝혀 적지 않는 말이다. 나머지는 합성어나 접두사가 붙은 말로 원형을 밝혀 적은 예에 해당한다."
Morphology,Word Formation,1,C,C,"정답은 **C. 지우개**입니다.

- **지우-**: 동사 어근  
- **-개**: 도구를 나타내는 명사 파생 접미사  
- 동사 어근에 접미사가 붙어 **명사**가 되었으므로 두 조건을 모두 만족합니다."
Phonetics/Phonology,Phonological Constraints,3,B,J,"정답은 **B**입니다.

- **다쳐 [다처]**: ‘ㅊ’과 반모음 ‘ㅣ[j]’가 연속되는 것을 피하기 위해 ‘ㅕ[jʌ]’가 ‘ㅓ[ʌ]’로 발음됩니다. 즉, 반모음 **[j]가 탈락하여 전체 음운의 수가 하나 줄어든** 사례입니다.

다른 선택지가 적절하지 않은 이유:
- **달나라[달라라]**, **칼날[칼랄]**은 모두 ‘ㄹ+ㄴ’이 ‘ㄹ+ㄹ’로 바뀌는 동일한 유음화 사례이며 표준 발음입니다.
- **갈등[갈뜽]**은 된소리되기이지만, ‘ㄹ’은 평파열음이 아닙니다.
- **국화[구콰]**는 ‘ㄱ+ㅎ→ㅋ’의 거센소리되기입니다.
- **쌓아[싸아]**는 ‘ㅎ’ 탈락이며 공명음끼리의 인접 때문이 아닙니다.
- **수사슴[수사슴]**은 표준 발음입니다.
- **은행[으냉]**은 표준 발음으로 인정되지 않습니다. 표준 발음은 **[은행]**입니다."
Syntax,Argument Structure & Valency,3,A,A,"**정답: A**

‘설교하다’는 **‘누가 누구에게 무엇을 설교하다’**의 구조를 요구하는 세 자리 서술어이다.

- 주어: **큰아버지는**
- 필수적 부사어: **우리 남매에게**
- 목적어: **학벌의 중요성을**

따라서 **<설교하신다>**가 세 자리 서술어이다. G의 ‘고운 알갱이로’ 등은 생략 가능한 부사어이므로 서술어의 필수 자릿수에 포함되지 않는다."
Syntax,Argument Structure & Valency,3,F,F,"**정답: F**

‘접목하다’는 다음과 같이 세 가지 필수 성분을 요구하는 **세 자리 서술어**입니다.

- **누가**: 우리 계열사가(문장에서는 ‘우리 계열사에서’로 표현)
- **무엇을**: AI를
- **무엇에**: 생산 라인에
- → 우리 계열사가 생산 라인에 AI를 **접목했다**.

따라서 정답은 **F**입니다."
Syntax,Argument Structure & Valency,1,A,A,"정답은 **A**입니다.

- **제안하다**: ‘누가 / 누구에게 / 무엇을 제안하다’의 구조로, 세 개의 필수 성분을 요구하는 **세 자리 서술어**입니다.
  - 중국의 한 팀에서(누가)
  - 그 프로게이머에게(누구에게)
  - 100억의 연봉을(무엇을)
  - 제안했다

따라서 정답은 **A의 ‘제안했다’**입니다."
Syntax,Argument Structure & Valency,2,A,A,"**정답: A**

‘박다’는 다음과 같이 세 성분을 요구하는 **세 자리 서술어**이다.

- **누가**: (생략된 주어)
- **무엇을**: 말뚝을
- **어디에**: 옥수수 밭 둘레에
- → (누가) 옥수수 밭 둘레에 말뚝을 박았다.

‘오늘은’은 필수 성분이 아닌 부사어이다. 따라서 정답은 **A의 ‘박았다’**이다."
Syntax,Argument Structure & Valency,1,H,H,"정답은 **H**입니다.

- **영희가 학교에서 집으로 천천히 걸었다.**
- 동사 **‘걷다’**는 주어인 ‘영희’가 의지를 가지고 직접 수행하는 행위를 나타내는 **능동적 행위 동사**입니다.

나머지 문장의 동사들은 주로 상태, 존재, 변화 또는 주어가 겪는 사건을 나타냅니다."
Phonetics/Phonology,Phonological Constraints,3,E,E,"정답은 **E: 오순도순**입니다.

<보기>에서 유추되는 모음동화 규칙은 한 단어 안에서 다음 모음들이 서로 어울린다는 것입니다.

- **양성 모음**: ㅏ, ㅗ → 아장아장, 홀짝홀짝
- **음성 모음**: ㅓ, ㅜ, ㅡ → 엉금엉금, 훌쩍훌쩍

그런데 **오순도순**은 양성 모음 **ㅗ**와 음성 모음 **ㅜ**가 함께 쓰여 이 규칙을 어깁니다. 다른 보기들은 각 단위 안에서 양성 또는 음성 모음끼리 조화를 이룹니다."
Phonetics/Phonology,Phonological Constraints,3,I,I,"**정답: I. 뚝딱뚝딱**

<보기>에서는 의태어·의성어 내부의 모음이 다음처럼 조화를 이룹니다.

- **양성 모음끼리:** ㅏ, ㅗ  
  - 아장아장, 홀짝홀짝
- **음성 모음끼리:** ㅓ, ㅜ, ㅡ  
  - 엉금엉금, 훌쩍훌쩍

**뚝딱**은 음성 모음 **ㅜ**와 양성 모음 **ㅏ**가 함께 쓰여 이 규칙을 따르지 않습니다. 다른 선택지들은 기본적으로 같은 계열의 모음끼리 결합합니다."
Semantics,Semantic Compatibility,1,C,C,"정답은 **C**입니다.

> **주머니에서 동전 하나가 빠져나와 하수구로 쏙 들어가버렸다.**

동전이 주머니에서 빠져 하수구로 들어가는 상황을 자연스럽게 표현한 문장입니다. 나머지는 돌·농구공·안마기·상자·책·가로수·식탁·기둥·의자 같은 무생물이 사람처럼 의도적인 행동을 하는 것으로 묘사되어 문맥상 어색합니다."
Syntax,Embedded Clauses,3,J,C,"정답은 **C, J**입니다.

- **C: 저 가게에는 간판이 없다.**  
  ‘저 가게에는’은 부사어, ‘간판이’는 주어, ‘없다’는 서술어인 **홑문장**입니다.

- **J: 그는 더 이상 판사가 아니다.**  
  ‘그는’은 주어, ‘판사가’는 보어, ‘아니다’는 서술어인 **홑문장**입니다.

나머지는 부사절·관형절·서술절 등을 안고 있는 안은문장입니다. 따라서 복수 정답이 가능하다면 **C와 J**입니다."
Semantics,Numeral Classifiers,3,D,D,"**정답: D**

장미꽃을 세는 단위는 일반적으로 **‘송이’**이므로 **‘장미 한 송이’**가 적절합니다.

다만 장미 **식물 전체**, 즉 장미나무를 뜻한다면 ‘장미 한 그루’도 가능하므로 문맥상 다소 애매한 문항입니다. 일반적인 단위 대응 문제의 의도상 D가 답입니다."
Syntax,Scrambling,3,H,E,"정문은 **1, 2, 3, 8, 9번**입니다.

- 1, 2: 기본적인 어순
- 3, 8, 9: 목적어나 인용절이 앞으로 이동한 허용 가능한 뒤섞기
- 4, 7: 인용절 내부의 서술어와 논항이 부적절하게 분리됨
- 5, 6, 10: 특별한 도치·우측 전위 억양이 없는 일반적인 문장으로는 부적절함

따라서 모두 **5개**이므로 정답은 **E**입니다."
Syntax,Scrambling,2,B,B,"정답: **B 또는 E — (5)**

‘황량한’은 ‘공원’을 꾸미므로 **“황량한 공원에서”**가 가장 자연스럽습니다.  
※ B와 E가 모두 (5)로 중복 제시되어 있습니다."
Pragmatics,Implicature,3,D,D,"**정답: D**

“입으로 들어가는지 코로 들어가는지 모르겠더라”는 정신없이 **아침을 먹었다**는 뜻이므로, 질문에 간접적으로 긍정한 대답입니다."
Pragmatics,Implicature,3,C,G,"정답은 **G**입니다.

- **G**의 “갑자기 목이 타네”는 동생의 공부 실력과 관련된 정보가 전혀 없어 긍정인지 부정인지 판단할 수 없습니다.
- 반면 **F**의 “애는 착해요”는 공부를 잘한다는 답을 피하고 다른 장점을 제시한 것이므로, 대화 함축상 **공부는 잘하지 못한다**는 부정적 의미를 추론할 수 있습니다."
Pragmatics,Deixis & Reference,3,C,C,"엄밀히 판단하면 **참/거짓을 알 수 없는 것은 C와 H 두 개**입니다. 따라서 단일 정답을 요구하는 문제라면 문항에 오류가 있습니다.

### 장소 및 지시어 정리
- 갑의 현재 위치: **창고**
- 화분: **마당**
- 가지: **창고**
- 옥수수: **부엌 또는 다용도실**
- 시금치: **마당 → 현관 → 다용도실**
- 단호박: **텃밭**

- 거기(1): 창고
- 거기(2): 마당
- 거기(3): 창고
- 거기(4): 다용도실
- 거기(5): 텃밭

### 선택지 판정

| 선택지 | 판정 | 이유 |
|---|---|---|
| A | 거짓 | 창고에 있는 것은 가지 한 종류이다. |
| B | 거짓 | 옥수수가 부엌에 있으면 1종류 대 1종류이고, 다용도실에 있으면 0종류 대 2종류이다. |
| **C** | **알 수 없음** | 화분이 마당에 있다는 것만 알 수 있고, 을이 옮겼는지는 알 수 없다. |
| D | 참 | 창고를 뜻하는 것은 거기(1), 거기(3)이다. |
| E | 거짓 | 시금치는 마당에서 현관으로, 이후 다용도실로 옮겨졌다. |
| F | 참 | 옥수수가 부엌에 있다면 각 장소에 한 종류씩만 있다. |
| G | 거짓 | 거기(2)는 마당, 거기(4)는 다용도실이다. |
| **H** | **알 수 없음** | 동생이 다용도실을 떠난 시점과 을이 다용도실에 온 시점의 선후 관계가 제시되지 않았다. |
| I | 참 | 가지를 바로 찾도록 말하는 내용 등으로 보아 갑은 창고에 있다. |
| J | 참 | 거기(1)는 창고, 거기(5)는 텃밭이다. |

따라서 **C와 H가 모두 판단 불가능**합니다. 출제 의도가 하나의 답만 요구했다면 아마 **C**를 의도했을 가능성이 있지만, 지문만으로는 H 역시 확정할 수 없습니다."
Phonetics/Phonology,Phonological Alternation,3,C,C,"정답은 **C: 공권력**입니다.

- **공권력 → [공꿘녁]**
  - ‘권력’ 단독으로는 **[궐력]**으로 유음화가 일어나지만,
  - ‘공권력’에서는 ‘력’의 **ㄹ이 ㄴ으로 바뀌어** [녁]으로 발음되므로 유음화가 아닙니다.

나머지는 모두 ㄴ과 ㄹ이 만나 ㄹㄹ로 발음되는 유음화가 일어납니다.  
예: 신라[실라], 난로[날로], 줄넘기[줄럼끼]"
Phonetics/Phonology,Phonological Alternation,2,A,A,"정답은 **A, G**입니다.

- **A 달님 → [달림]**: 받침 ‘ㄹ’ 뒤의 ‘ㄴ’이 ‘ㄹ’로 바뀌는 유음화
- **G 대관령 → [대괄령]**: ‘ㄴ’이 뒤의 ‘ㄹ’의 영향을 받아 ‘ㄹ’로 바뀌는 유음화

나머지는 ‘ㄹ’이 ‘ㄴ’으로 바뀌는 **비음화**가 일어납니다.

- 생산량[생산냥]
- 입원료[이붠뇨]
- 공권력[공꿘녁]
- 결단력[결딴녁]
- 상견례[상견녜]
- 이원론[이원논]
- 동원령[동원녕]
- 의견란[의견난]"
Pragmatics,Implicature,3,B,J,"**정답: J**

갑의 “네가 약속은 무슨 약속이야?”에서 을의 약속을 의외로 여기는 **갑의 태도**는 알 수 있지만, 이것만으로 을이 실제로 평소 타인과 모임을 잘 갖지 않는다고 단정할 수는 없다. 따라서 J가 가장 적절하지 않다."
Syntax,Ellipsis,2,B,A,"**정답: A**

표준어에서 대명사 **‘너’**에 주격 조사 **‘가’**가 결합하면 **‘너가’**가 아니라 **‘네가’**가 됩니다.

- 잘못: 기어코 **너가** 몰래 간식을 먹었구나.
- 바름: 기어코 **네가** 몰래 간식을 먹었구나.

따라서 빈칸에 단순히 ‘이/가’를 넣을 수 있다고 본 **A가 적절하지 않습니다.**"
Syntax,Agreement,3,F,D,"문장 성분의 호응 관계를 올바르게 지적한 것은 **D와 F**입니다.

- **D**: ‘절대로’는 일반적으로 부정 표현과 호응합니다.  
  - 올바른 예: **사람이라면 이러한 상황에서 절대로 도리를 어겨서는 안 된다.**

- **F**: ‘모름지기’는 ‘마땅히, 반드시’라는 뜻이므로 ‘-아야 한다’와 같은 당위·의무 표현과 호응합니다.  
  - 올바른 예: **모름지기 그는 제대로 된 식사를 해야 한다.**

참고로 주요 오답은 다음과 같습니다.

- **A**: ‘여간’은 감정 동사와 결합하지 못하는 것이 아니라, 보통 **부정 표현**과 호응합니다. → “여간 어려운 일이 아니다.”
- **C**: ‘설령’은 위치가 아니라 **‘-더라도/-일지라도’**와 호응해야 합니다.
- **I**: ‘결코’의 문제는 위치가 아니라 **부정 표현과의 호응**입니다.
- **J**: ‘별로’ 역시 보통 부정 표현과 호응합니다. → “별로 결과에 영향을 미치지 않는다.”

따라서 정답은 **D, F**입니다."
Syntax,Agreement,3,B,B,"**정답: B**

‘뒤얽히다’는 여기서 외부 행위자에 의해 ‘뒤얽힌’ 피동이라기보다, 여러 뿌리가 **서로 얽혀 있는 상태**를 나타내는 자동사적 표현이다. 따라서 의미를 유지하면서 대응하는 능동문으로 바꾸기 어렵다.

- B: 잡목의 뿌리들이 마구잡이로 뒤얽혀 있다.  
- × 누군가가 잡목의 뿌리들을 마구잡이로 뒤얽었다.  
  → 외부 행위자와 인위적 행위를 새로 도입하므로 원래 의미와 달라진다.

참고로 G의 ‘무릎을 꿇렸다’는 형태상 **사동 표현**에 가깝다는 점에서 문항 자체에는 다소 논란의 여지가 있지만, 의도된 답은 **B**이다."
Syntax,Agreement,3,A,C,"정답은 **C**입니다.

- **가슴이 트였다**는 ‘답답함이 해소되어 시원해졌다’라는 상태 변화를 나타내며, 행위 주체를 설정하기 어렵습니다.
- 따라서 이를 직접 대응하는 능동문인 ‘누가 가슴을 트었다’로 바꾸기 어렵습니다.  
  ‘야경이 가슴을 트이게 했다’는 가능하지만, 이는 능동문이 아니라 **사동 표현**입니다.

나머지는 각각 행위 주체를 주어로 삼아 능동문으로 바꿀 수 있습니다.  
예: **대중이 그녀를 손꼽는다, 상대편이 우리 팀을 휘둘렀다, 무당이 처녀귀신을 사로잡았다** 등."
Syntax,Agreement,3,B,B,"정답은 **B**입니다.

> **이 지역에는 늘 관광객들이 몰린다.**

여기서 **‘몰리다’**는 형태상 피동 접미사 ‘-리-’가 포함되어 있지만, 실제로는 관광객들이 한곳에 모여드는 **자발적인 이동·상태**를 나타냅니다. 따라서 이에 대응하는 행위 주체를 설정하여 자연스러운 능동문으로 바꾸기 어렵습니다.

예를 들어 “무언가가 관광객들을 이 지역으로 몰았다”라고 하면 원문에 없던 원인이나 행위자를 추가하게 되어 의미가 달라집니다.

따라서 **능동 표현으로 바꿀 수 없는 것은 B**입니다."
Syntax,Agreement,2,I,I,"**정답: I**

- **새 옷에 주름이 잔뜩 잡혔다.**
  - 여기서 ‘잡히다’는 누군가가 주름을 잡았다는 피동 의미가 아니라, **주름이 생긴 상태**를 나타냅니다.
  - 따라서 *“새 옷이 주름을 잔뜩 잡았다”*처럼 능동문으로 바꿀 수 없습니다.

나머지는 행위 주체를 주어로 삼아 능동문으로 바꿀 수 있습니다.  
예: **거센 바람이 나무마저 흔들었다**, **사냥꾼이 토끼를 쫓고 있다**."
Syntax,Agreement,3,A,A,"**출제 의도상 정답은 A**입니다.

- **A의 ‘엿보이지 않았다’**는 `엿보다 → 엿보이다`로 이루어진 **피동 표현**입니다.  
  - 능동 표현: “(사람들이) 가해자의 표정에서 반성의 기미를 엿볼 수 없었다.”

다만 엄밀히 말하면 **주동의 반대는 사동**, **능동의 반대는 피동**이므로, 문제는 “능동 표현이 아닌 것은?”이라고 하는 편이 적절합니다. 또한 C·E·H는 형용사를 사용한 상태 서술이어서 문항 표현이 다소 모호합니다."
Syntax,Agreement,2,J,J,"**정답: J**

‘얽매이다’는 ‘얽매다’에 피동의 의미가 더해진 **피동사**입니다.

- 능동: 옛 정이 너를 얽매다.
- 피동: 네가 옛 정에 얽매이다.

따라서 J는 피동문이며, 나머지는 문장의 주어가 직접 서술의 주체가 되는 문장입니다.  
엄밀히 말하면 이 문항에서는 ‘주동문’보다 **‘능동문’**이라는 용어가 더 적절합니다."
Syntax,Agreement,3,G,G,"**정답: G**

- **피동문:** 그의 중거리 슛에 **승패가 갈렸다**.
- 이를 주동문으로 바꾸면: **그의 중거리 슛이 승패를 갈랐다.**

‘갈렸다’는 동사 ‘가르다’의 피동 표현이므로 G는 주동문이 아닙니다."
Syntax,Agreement,3,I,I,"**정답: I**

- **녹였다**는 ‘녹다’에 사동 접미사 **-이-**가 결합한 **사동 표현**입니다.
  - 주동: 고드름이 녹았다.
  - 사동: 입김으로 고드름을 녹였다.

따라서 주동 표현이 포함되지 않은 것은 **I**입니다."
Syntax,Argument Structure & Valency,3,I,I,"정답은 **I: 삶다**입니다.

‘삶다’는 의미가 달라져도 기본적으로 **주어와 목적어를 요구하는 두 자리 서술어**입니다.

- 어머니가 **감자를 삶았다**.
- 그가 말로 **상대를 삶았다**.  
- 농부가 **논을 삶았다**.

‘물에 감자를 삶다’에서 ‘물에’는 필수 성분이 아니므로 자릿수에 포함되지 않습니다. 따라서 ‘삶다’는 맥락에 따라 서술어의 자릿수가 달라지지 않습니다.

반면 ‘닫다’는 ‘문을 닫다’의 두 자리 용법과 ‘말이 잘 닫는다〔빨리 달린다〕’의 한 자리 용법이 있고, ‘버리다’도 보조 용언으로 쓰이면 앞말에 따라 전체 서술어의 자릿수가 달라질 수 있습니다."
Syntax,Agreement,3,C,C,"정답은 **C: ㅌ**입니다.

마지막의 **‘얘’**는 부모님이 화자인 **‘나(ㄱ)’**를 부르는 말이므로, ㄱ과 동일한 대상을 가리킵니다."
Syntax,Argument Structure & Valency,2,B,B,"정답은 **B**입니다.

- **의자를 사다**: ‘사다’는 목적어를 요구하므로 자연스럽습니다.
- **의자를 앉다**: ‘앉다’는 목적어를 취하지 않는 자동사이므로 부적절합니다. 앉는 장소는 부사격 조사 **‘에’**로 표시해야 합니다.

따라서 다음과 같이 고쳐야 합니다.

> 어제 시장에서 새로 **의자를** 사서 집에서 **의자에** 앉았다."
Syntax,Argument Structure & Valency,3,J,J,"정답은 **J**입니다.

- **의자를 사서**: `사다`는 목적어를 요구하는 타동사이므로 가능
- **의자를 앉아**: `앉다`는 자동사이므로 목적격 `의자를` 취할 수 없음  
  → `의자에 앉아`가 적절함
- **의자를 먹었다**: 형태상 목적어 자리는 가능하지만, `먹다`의 목적어는 먹을 수 있는 대상이어야 하므로 의미 선택 제약에 어긋남

따라서 자연스럽고 적절한 위치는 첫 번째뿐입니다.

> 어제 시장에서 새로 **의자를** 사서 앉아 집에서 먹었다.

다만 ‘논항 구조’를 순수하게 통사적 격틀만으로 판단하면 `의자를 먹었다`도 문법적이지만 의미적으로 비정상인 문장이므로, 이 문제는 **의미 선택 제약까지 포함해야 J가 유일한 답**이 됩니다."
Syntax,Embedded Clauses,1,H,H,"정답은 **H**입니다.

- 안긴 문장: **고단한 삶에 고뇌하는**
- 이를 풀면: **고라니 주인이 고단한 삶에 고뇌한다.**
- 따라서 `<고라니 주인>`은 ‘고뇌하는’의 **주어**이지 목적어가 아닙니다.

나머지 항목의 꺾쇠 안 명사는 모두 해당 안긴 문장에서 목적어 역할을 합니다."
Syntax,Agreement,2,F,F,"**정답: F**

- <보기>의 **‘물어보셨다’**는 선어말 어미 **‘-시-’**를 사용하여 주어인 ‘김승지’를 높인 **주체 높임법**이다.
- F의 **‘그가 … 바라보셨던’** 역시 ‘-시-’를 통해 주어인 ‘그’를 높인 **주체 높임법**이다.

나머지 문장들은 주로 상대 높임법(합니다, 합니까, 와요 등)이나 객체 높임법(드리다, 고하다 등)을 사용한다."
Syntax,Agreement,3,C,C,"정답은 **C**입니다.

- <보기>: **외할머니가** 버섯을 싫어**하신다** → 선어말 어미 ‘-시-’를 사용한 **주체 높임법**
- C: (당신이) 카레를 좀 **잡수어** 보소 → ‘먹다’의 높임말인 ‘잡수다’를 사용한 **주체 높임법**

참고로 H의 ‘모셔’는 목적어인 ‘할머니’를 높이는 **객체 높임법**입니다."
Syntax,Agreement,3,D,D,"**출제 의도상 정답은 D**입니다.

- `<보기>`의 **드신**: `들- + -(으)시- + -ㄴ`  
  → 총장님을 높이는 **주체 높임법**
- D의 **없으시군**: `없- + -(으)시- + -군`  
  → 문장의 주체를 높이는 **주체 높임법**

다만 **B의 ‘참여하세요’에도 선어말 어미 ‘-시-’가 들어 있어 주체 높임이 포함**됩니다. 동시에 ‘-어요’에 의한 상대 높임도 나타납니다. 따라서 문항을 엄밀히 보면 B도 답이 될 여지가 있어 다소 모호하지만, 단일 정답을 의도했다면 **D**로 보는 것이 적절합니다."
Syntax,Ellipsis,3,E,E,"정답은 **E: 6개**입니다.

생략 가능한 수식·부가 성분은 다음과 같습니다.

- 사랑스러운
- 어제
- 오랜만에
- 비싼
- 아주
- 정성껏

핵심 성분인 **동생은(주어), 가족들에게(필수적 부사어), 선물을(목적어)**은 남겨야 합니다.

> 동생은 가족들에게 선물을 나눠줬다."
Syntax,Ellipsis,2,A,E,"정답은 **E: 읽었다.**입니다.

‘읽었다’는 문장의 핵심 서술어이므로 생략하면 문장이 완결되지 않아 어색합니다. 나머지 성분들은 문맥상 생략해도 문장이 성립합니다."
Syntax,Agreement,1,C,C,"**정답: C**

- **그는 독감에 걸렸다.**에서 ‘걸리다’는 피동사가 아니라 **‘질병에 걸리다’라는 의미의 일반 동사**입니다. 따라서 대응하는 능동 표현으로 바꿀 수 없습니다.

나머지는 행위자를 주어로 삼아 능동문으로 바꿀 수 있습니다.  
예:  
- A → 어머니가 어린아이를 안았다.  
- B → 탐정이 진실을 밝혔다.  
- I → 경찰이 도둑을 잡았다.  
- J → 친구가 그를 초대했다."
Syntax,Embedded Clauses,2,B,A,"안긴 관형절을 완전한 문장으로 복원하면 다음과 같습니다.

- A 음식점에 갔다 → **부사어**
- B 책을 읽었다 → **목적어**
- C 소파에 앉아서 쉬었다 → **부사어**
- D 주말에 수영장에 갔다 → **부사어**
- E 바닥이 대리석으로 되었다 → **주어**
- F 친구가 테니스를 친다 → **주어**
- G 생각이 시대에 뒤떨어졌다 → **주어**
- H 부부가 결혼했다 → **주어**
- I 도서관에서 공부했다 → **부사어**
- J 친구가 내 동생을 닮았다 → **주어**

따라서 **B의 ‘책’만 목적어**이므로, 출제 의도상 정답은 **B**로 보입니다.

다만 나머지가 모두 같은 기능을 하는 것은 아닙니다. 나머지는 주어와 부사어로 나뉘므로, 엄밀히 말하면 “기능이 다른 하나”를 고르는 문제로서는 문항이 다소 부정확합니다."
Syntax,Embedded Clauses,2,H,H,"**정답: H**

- **H: 비가 오지만 날씨가 춥지 않다.**  
  → ‘비가 온다’와 ‘날씨가 춥지 않다’가 연결 어미 **-지만**으로 이어진 **이어진문장**이며, 안긴문장이 없다.

나머지는 명사절(A, I), 관형절(B, J), 부사절(C, D), 서술절(E, F), 인용절(G)을 안고 있다."
Syntax,Argument Structure & Valency,2,G,G,"정답은 **G**입니다.

- **G: 나는 쉬는 시간에 \<그와> 걸었다.**
  - ‘그와’를 빼도 **“나는 쉬는 시간에 걸었다.”**라는 문장이 자연스럽고 완전합니다.
  - 따라서 ‘그와’는 동반 대상을 나타내는 **수의적 부사어**입니다.

나머지는 각각 서술어가 요구하는 필수 성분입니다.

- 지리에 **밝다**
- 이 꽃과 **다르다**
- 엄마와 **닮다**
- 직무에 **적합하다**
- 경로에서 **이탈하다**
- 예쁘게 **생기다**
- 제자에게 조언을 **주다**
- 취향과 **비슷하다**
- 취미로 **삼다**

따라서 **필수적 부사어가 아닌 것은 G의 ‘그와’**입니다."
Syntax,Argument Structure & Valency,1,D,D,"정답은 **D**입니다.

- <보기>의 **두었다**:  
  **나는(주어) + 인형을(목적어) + 책상 위에(필수 부사어) + 두었다**  
  → 필수 성분이 **3개**인 세 자리 서술어

- D의 **삼았다**:  
  **회장은(주어) + 그를(목적어) + 후계자로(필수 부사어) + 삼았다**  
  → 필수 성분이 **3개**

따라서 정답은 **D: 회장은 그를 후계자로 삼았다.**"
Syntax,Agreement,3,J,H,"정답은 **H, J**입니다.

- <보기>: **할머니를 뵈러** → 특수 어휘 **‘뵙다’**로 목적어인 ‘할머니’를 높이는 **객체 높임**
- H: **당신을 뵙고** → ‘당신’을 높이는 객체 높임
- J: **부모님 모시고** → 특수 어휘 **‘모시다’**로 ‘부모님’을 높이는 객체 높임

따라서 **H, J**가 동일한 종류의 높임법입니다."
Syntax,Ellipsis,3,A,J,"정답은 **J**입니다.

- **하나둘 떠올랐다**: 반딧불이가 하나씩 점차 여러 개 떠올랐다는 의미
- **하나 떠올랐다**: 반딧불이 한 개만 떠올랐다는 의미

따라서 ‘둘’을 생략하면 수량과 상황의 의미가 달라집니다."
Semantics,Inter-sentence Relations,3,B,B,"**정답: B. 하던걸**

> 아까 과대가 버스에서 나는 샌드위치 받으라고 **하던걸**.

‘-던걸’은 화자가 과거에 직접 듣거나 경험한 사실을 회상하면서, 상대의 말에 반박하거나 정정할 때 쓰입니다. 과대가 크게 말한 것을 민서가 직접 들었고 확실히 기억한다는 뒤 문장과도 잘 어울립니다."
Semantics,Inter-sentence Relations,3,D,E,"정답은 **E: 살겠지**입니다.

> 너무 비싸서 아무도 안 **살겠지**.

‘-겠지’는 상황을 근거로 추측하는 표현으로, 가격이 너무 비싸 아무도 사지 않을 것이라는 맥락에 가장 자연스럽습니다."
Semantics,Inter-sentence Relations,2,G,G,"**정답: G**

- 약속 장소인 동아리실은 **본관 1층**이다.
- 음악실에서 **같은 건물 바로 아래층**의 약속 장소로 가려 했으므로 음악실은 **본관 2층**이다.
- 과학실은 **본관 3층**이라고 명시되어 있다.

따라서 **“음악실은 과학실과 같은 층에 있다”는 확실히 틀린 설명**이다. 나머지 선지는 지문만으로는 참·거짓을 확정할 수 없다."
Syntax,Ellipsis,2,D,D,"정답은 **D, J**입니다.

- **D**: ‘사회 과학 연구 인원**을** 모집’이 적절합니다. ‘에서’는 부적절합니다.
- **J**: ‘너’에 주격 조사 ‘가’가 결합하면 표준어에서는 **‘네가’**가 됩니다. 따라서 ‘너가’는 부적절합니다.

따라서 부적절한 조사의 짝은 **D와 J**입니다."
Syntax,Argument Structure & Valency,3,D,C,"**의도된 정답은 C: ‘배다’입니다.**

- **냄새가 옷에 배다** → `냄새가 + 옷에`의 **두 자리 서술어**
- **어머니가 아이를 배다** → `어머니가 + 아이를`의 **두 자리 서술어**

의미에 따라 요구하는 성분의 형태는 달라지지만, 자릿수는 모두 두 자리입니다.

다만 사전의 형용사 **‘배다’**(“그물코가 배다”처럼 ‘촘촘하다’라는 뜻)까지 포함하면 한 자리로도 볼 수 있으므로, 엄밀하게는 문제가 다소 모호합니다. 일반적인 학교 문법에서 동사 용법만을 전제로 하면 **C**가 답입니다."
Syntax,Embedded Clauses,3,J,J,"**정답: J**

- 관형절: **“그렇게 해서 모면할 수 있을”**
- 이를 완전한 문장으로 복원하면:  
  → **“그렇게 해서 위기를 모면할 수 있다.”**
- 여기서 **‘위기’를**은 동사 **‘모면하다’**의 목적어이다.

따라서 `<위기>`는 관형절의 수식을 받는 동시에, 안긴 문장 안에서는 **목적어** 기능을 한다."
Syntax,Agreement,2,C,C,"정답은 **C**입니다.

- <보기>: **아는 분이 출산하신다고** → 선어말 어미 **‘-시-’**를 사용한 **주체 높임법**
- C: **우리 친구는 창의력이 남다르시구만** → **‘-시-’**를 사용하여 ‘우리 친구’를 높인 **주체 높임법**  
  (문맥상 비꼬는 표현이지만 문법적으로는 주체 높임에 해당합니다.)

F의 **‘찾아뵙다’**는 객체 높임법이고, D·E·H 등은 상대 높임법입니다."
Morphology,Word Formation,1,J,J,"**정답: J. 목거리**

‘목거리’는 ‘목이 붓고 아픈 병’을 뜻하며, 어간 **‘걸-’**의 본래 의미와 멀어졌기 때문에 원형을 밝혀 **‘목걸이’**로 적지 않고 소리대로 **‘목거리’**라고 적습니다.

반면 ‘목에 거는 물건’은 원형을 밝혀 **목걸이**라고 씁니다."
Semantics,Rhetorical Expressions,3,J,J,"**정답: J**

지문은 과거의 실패에 얽매이지 말고 **앞으로 벌어질 일에 대비하고 준비하라**는 뜻이다. 그런데 J는 시험에 실패한 뒤 다음 시험을 준비하는 것이 아니라 **“즐겁게 쉴 준비”를 하겠다**고 하므로 지문의 취지를 잘못 적용했다."
Morphology,POS & Morphemes,2,D,D,"**정답: D**

형태소 분석:  
비/**가** 내리/**-자** 인부/**들**/**은** 황급/**히** 건물/**로** 가/**-았-**/**-다**

형식 형태소는 조사·접사·어미이므로, 앞에서부터  
**가, -자, 들, 은, 히, 로, -았-, -다**입니다."
Semantics,Rhetorical Expressions,3,B,I,"정답은 **I**입니다.

지문에서 소비자들은 명품 소비를 줄이고 **실리적인 구매**, 즉 **가성비**를 중시하기 시작했습니다. 반면 **가심비**는 가격보다 심리적 만족이나 감성적 가치를 중시하는 소비를 뜻하므로 지문의 상황과 가장 맞지 않습니다."
Semantics,Rhetorical Expressions,3,C,H,"**정답: H**

“겨울이 지나면 봄이 온다”는 막연히 상황이 나아질 가능성만 말할 뿐, **과도한 자격시험 준비로 연구 시간이 부족해지고 연구 성과가 저하되는 구조적·인과적 상황**을 설명하지 못한다.

반면 다른 선지들은 본질과 수단의 전도, 구성원 간 목표 불일치, 학생 의견의 미반영, 제도의 의도나 반복 원인 등 제시문의 상황을 일정 부분 설명하고 있다."
Morphology,POS & Morphemes,2,I,I,"정답은 **I**입니다.

- <보기>의 **‘은’**: 특별한 의미를 덧붙이는 **보조사**
- I의 **‘까지’**: ‘그런 것’에 ‘범위의 끝/포함’이라는 의미를 더하는 **보조사**

따라서 같은 종류의 조사는 **I: 형사님이 그런 것(까지) 밝힐 리 없다.**입니다."
Morphology,POS & Morphemes,3,A,A,"**정답: A**

<보기>의 **‘에서’**는 단체를 나타내는 명사 ‘정부’ 뒤에서 행위의 주체를 표시하므로 **주격 조사**입니다.  
A의 **‘께서’**도 ‘귀인’을 높여 주체로 나타내는 **주격 조사**입니다.

- 정부**에서** 노력하다 → 주격 조사
- 귀인**께서** 왕림하시다 → 주격 조사

따라서 정답은 **A**입니다."
Semantics,Rhetorical Expressions,2,E,E,"**정답: E**

“먹지 못할 감 찔러나 본다”는 자신이 가질 수 없는 것을 남도 갖지 못하게 훼방 놓는다는 뜻으로, **관리되지 않은 환경에서 무질서와 오염이 더 빠르게 확산되는 ‘깨진 유리창 효과’**와는 관련이 가장 적습니다."
Semantics,Rhetorical Expressions,3,I,J,"정답은 **J: 눈 뜨고는 못 보듯**입니다.

“눈 뜨고는 못 보다”는 보통 어떤 상황이 매우 참혹하거나 안타까워 **차마 볼 수 없다**는 뜻이므로, “일을 하고 있다”를 수식하기에 의미상 가장 부적절합니다.

> 실제로 **눈 뜨고는 못 보듯 일을 하고 있고** → 의미와 표현이 자연스럽게 연결되지 않음

다만 **I ‘땅이 꺼지게’**도 보통 “땅이 꺼지게 한숨을 쉬다”처럼 쓰이므로 상당히 어색합니다. 따라서 문항을 엄밀히 보면 복수의 부자연스러운 선택지가 있지만, 하나만 고른다면 **J**가 가장 부적절합니다."
Semantics,Numeral Classifiers,3,H,H,"**정답: H. 한 축 주문해두겠습니다.**

‘축’은 말린 오징어를 세는 단위로, 보통 **오징어 20마리**를 한 축이라고 합니다. 시험 조리용 샘플 주문이라는 상황에도 가장 적절합니다."
Semantics,Numeral Classifiers,1,J,E,E: 세 개입니다.
Morphology,POS & Morphemes,3,D,D,"**정답: D**

의존 형태소끼리 결합하여 단어를 형성할 수 있습니다.  
예를 들어 **‘먹다’**는 의존 형태소인 어간 **‘먹-’**과 어미 **‘-다’**가 결합한 단어입니다.

- **먹-**: 의존·실질 형태소
- **-다**: 의존·형식 형태소

따라서 “의존 형태소들끼리만 결합해서는 단어를 형성할 수 없다”는 설명은 올바르지 않습니다."
