category,subcategory,level,answer,pred,response
Semantics,Ambiguity,3,F,F,"정답은 **F**입니다.

- **주말에 시장에서 장을 봤다.** → ‘장’이 들어감
- **연필 한 자루를 깎았다.** → ‘자루’가 들어가야 함

따라서 두 빈칸에 동시에 들어갈 수 있는 단어가 아니므로 **F**가 적절하지 않습니다."
Phonetics/Phonology,Phonological Alternation,3,F,F,"정답은 **F. 뱃길**입니다.

<보기>의 공통 현상은 **‘ㄴ’ 첨가**입니다.

- 솜이불 → [솜니불]
- 장식용 → [장싱뇽]
- 결막염 → [결망념]

반면 **뱃길**은 [배낄]로 발음되어 ‘ㄴ’이 첨가되지 않고, 사이시옷에 의해 뒤의 **ㄱ이 된소리**로 발음됩니다."
Semantics,Word Relationships,2,G,G,"정답은 **G**입니다.

- **가슴에 못을 박다**: 상대의 마음에 큰 상처를 주거나 한을 맺히게 하다.
- 여기서 **‘못’**은 실제 물건인 **나사**를 뜻하는 것이 아니라, 마음에 깊이 남은 **상처나 아픔**을 비유합니다.

따라서 **‘못 → 나사’**라는 해석은 관용적 의미에 맞지 않습니다."
Syntax,Embedded Clauses,2,B,B,"정답은 **B**입니다.

- B의 안긴 문장: **비가 온다**
- 이를 원래 문장으로 복원하면 **비가 온다**가 되며, 서술어 **‘오다’**는 주어 **‘비가’**만 필요로 하는 **한 자리 서술어**입니다.

다만 **‘너를 그리워하면’**의 서술어 **‘그리워하다’**는 목적어 **‘너를’**을 필요로 하므로 두 자리 서술어입니다. 문제에서 묻는 중심 안긴 문장은 **‘비가 온다는 사실’**의 내용인 **‘비가 온다’**입니다."
Syntax,Embedded Clauses,1,C,C,"정답은 **C**입니다.

- **C: 그이는 나를 내 친구가 소개해줬다고 말했다.**
  - ‘내 친구가 나를 소개해 줬다’가 **-다고**로 인용되어 ‘말했다’의 내용으로 쓰였으므로 **인용절을 안은 문장**입니다.

나머지는 다음과 같습니다.

- A: ‘일하고 싶지 않은’ → **관형절**
- B: ‘우리가 이제 만날’ → **관형절**
- D: ‘저 하늘에 날아다니는’ → **관형절**
- E: ‘내가 학교에서 친구들과 함께 간’ → **관형절**
- F: ‘너무나 어른 같았던’ → **관형절**
- G: ‘오늘 만나 뵐 수 있어서’ → **부사절**
- H: ‘내가 어제 먹은’ → **관형절**
- I: ‘내가 너를 좋아하겠다’ → **인용절** 또는 인용된 내용을 포함한 관형절
- J: ‘내가 옛날에 밥을 사 줬던’ → **관형절**

따라서 올바른 설명은 **C**입니다."
Semantics,Numeral Classifiers,1,E,E,"정답은 **E**입니다.

- **말**: 쌀·보리 등의 곡식이나 액체의 부피를 세는 단위  
  - 예: **쌀 한 말**, 콩 두 말
- 쇠고기는 보통 무게 단위인 **근**을 사용합니다.  
  - 자연스러운 표현: **쇠고기 한 근이 이렇게 비싸다니 놀랍다.**

나머지는 모두 자연스럽습니다.

- 안건 **수십 건**
- 연극 **1막, 2막**
- 쌀 **한 되**
- 논 **세 평**, 쌀 **몇 가마**
- 동전 **한 닢**
- 논 **한 마지기**, 쌀 **몇 석**
- 말 **세 필**
- **5개년**
- 굴비 **세 두름**"
Semantics,Numeral Classifiers,1,G,G,"정답은 **G: 한 권 남았어요.**

‘문제집’은 책이므로 분류사 **권**을 사용합니다."
Semantics,Semantic Compatibility,1,D,D,"정답은 **D: 이해관계를 인상하다**입니다.

- **인상하다**: 물가·임금·세금 등을 올리다  
  - 예: 물가를 인상하다, 임금을 인상하다
- **이해관계**: 서로의 이익이나 관계  
  - 보통 **이해관계를 조정하다·고려하다·따지다**라고 합니다.

따라서 **‘이해관계를 인상하다’**는 서술어와 논항이 의미적으로 호응하지 않습니다."
Semantics,Inter-sentence Relations,3,H,E,"정답은 **E**입니다.

- ㄱ: **시키려고** → “무슨 일을 시키려고?”  
- ㄴ: **졌으므로** → “저번에 나도 너한테 신세를 졌으므로”  
- ㄷ: **들어줘** → “일단 들어줘.”

따라서 **E: 시키려고, 졌으므로, 들어줘**입니다."
Semantics,Conjunctions,1,E,E,"정답은 **E**입니다.

- 1: **그러나** — 공룡이라는 통념과 현재의 대왕고래를 대조
- 2: **어쩌면** — 가능성이나 추측을 나타냄
- 3: **그 이유는** — 앞 문장의 이유를 설명
- 4: **아울러** — 고래의 또 다른 특징을 덧붙임

따라서 **그러나, 어쩌면, 그 이유는, 아울러**가 가장 적절합니다."
Semantics,Conjunctions,2,B,B,"정답은 **B: 덕분에, 하지만, 따라서, 그래도**입니다.

문장에 넣으면 다음과 같습니다.

> 오늘은 모처럼 큰 일정이 없는 날이다. **덕분에** 밀린 공부를 할 시간이 생겼다. **하지만** 그간 미뤄둔 잡무들도 많았다. **따라서** 마음먹은 만큼 공부를 하진 못했다. **그래도** 할 수 있었다는 사실이 중요하다고 생각한다.

- **덕분에**: 일정이 없어서 공부할 시간이 생긴 결과
- **하지만**: 공부할 시간이 생긴 것과 잡무가 많았다는 점의 대조
- **따라서**: 잡무가 많았기 때문에 공부를 충분히 못 한 결과
- **그래도**: 충분히 공부하지 못했지만, 공부했다는 사실은 중요하다는 의미"
Semantics,Rhetorical Expressions,3,A,C,"정답은 **C: 빠른 포기가 권장되는**입니다.

문맥상 회사는 정부 지원을 받기 위해 **한 달 안에 시제품을 출시해야 하는 매우 절박하고 긴급한 상황**입니다. 따라서 포기하기보다는 어떻게든 해결책을 찾아야 하므로, “빠른 포기가 권장되는 상황”은 문맥과 반대됩니다.

나머지 표현들은 모두 어려움, 긴급함, 절박함 또는 행운의 필요성을 나타내므로 문맥에 어울립니다."
Semantics,Rhetorical Expressions,3,F,G,"정답은 **G: 묻지마 거래**입니다.

기업의 재무 상태나 전망을 분석하지 않고 단순히 시장 이슈만 따라 투자하는 행위는 일반적으로 **‘묻지마 투자’ 또는 ‘묻지마 거래’**라고 합니다."
Semantics,Rhetorical Expressions,3,G,H,"정답은 **H**입니다.

가로등이 “위태로이 길을 인도”한다고 표현하여 인간의 행동을 부여하고, “하루치 고단함이 내려앉은”이라는 표현으로 추상적인 피로감을 공간에 투영하고 있습니다. 이를 통해 무생물과 환경이 인간의 정서처럼 느껴지게 하여, 독자가 퇴근길의 피로와 쓸쓸함에 공감하도록 유도합니다."
Syntax,Argument Structure & Valency,3,A,A,"정답은 **A**입니다.

- **시달리다**는 보통 무엇에 시달리는지를 나타내는 **‘-에’ 부사어**를 필요로 합니다.  
  → *뱃멀미에 시달리다*

다른 부사어들은 문장에서 없어도 서술어의 의미가 성립하므로 필수적이지 않습니다.

- B 접때: 시간
- C 하나하나: 동작의 방식
- D 잉꼬부부로: 신분·자격
- E 일조일석에: 시간
- F 도서관에는: 장소
- G 불철주야: 시간·방식
- H 대내외적으로: 범위·방식
- I 무단으로: 방식
- J 불하일장에: 시간

따라서 **A. <뱃멀미에>**입니다."
Pragmatics,Discourse Principles,3,C,C,"정답은 **C**입니다.

을의 “**편의점 차렸니?**”는 실제로 편의점을 차렸다는 뜻이 아니므로 문자 그대로는 거짓입니다. 하지만 갑이 맥주와 과자를 너무 많이 준비했다는 점을 **과장하여 비꼬거나 놀리는 태도**를 드러내기 위한 표현입니다. 따라서 대화의 **진실성의 격률**을 의도적으로 어긴 사례입니다."
Semantics,Semantic Compatibility,1,E,E,"가장 어색한 것은 **E: 민주가 명단을 결심했다.**입니다.

**결심하다**는 보통 어떤 행동이나 일을 하기로 마음먹는다는 뜻이므로, ‘명단’을 목적어로 취하기 어렵습니다.

- 자연스러운 표현: **민주가 명단을 작성했다.**
- 또는: **민주가 명단을 보고 참가를 결심했다.**"
Syntax,Agreement,2,H,H,"정답은 **H**입니다.

- 능동문: **시연이가 찬형이를 잡았다.**
- 피동문: **찬형이가 시연이에게 잡혔다.**

능동문의 목적어인 **찬형이**가 피동문에서는 주어가 되고, 행위자인 **시연이**는 ‘에게’로 나타납니다.

다른 보기들은 대부분 피동문이 아니라 **사동문**이거나, 능동문과 피동문의 방향이 반대입니다."
Phonetics/Phonology,Phonological Constraints,1,J,J,"정답은 **J: 크+어서 = 커서**입니다.

- **크**의 어간 말음 **ㅡ(모음)**과 **어서**의 첫소리 **어(모음)**가 결합하면서 모음이 축약됩니다.
- 따라서 이는 **모음과 모음 사이의 배열 제약**에 해당하며, **자음과 자음 사이의 배열 제약**이 아닙니다.

나머지 A~I는 모두 어간 말 자음과 뒤 음절 첫 자음이 결합하면서 거센소리되기, 된소리되기, 자음 동화 등이 나타난 예입니다."
Phonetics/Phonology,Phonological Alternation,2,C,C,"정답은 **C: 밖**입니다.

<보기>의 단어들은 모두 **겹받침 중 하나의 자음이 탈락하는 자음군 단순화**가 나타납니다.

- 값 → **[갑]**: ㅄ → ㅂ
- 외곬 → **[외골]**: ㄽ → ㄹ
- 맑게 → **[말께]**: ㄺ 중 ㄹ만 발음되고, 뒤의 ㄱ은 된소리로 발음됨

선택지에서도 대부분 겹받침이 단순화됩니다.

- 묽고 → [물꼬]
- 삶 → [삼]
- 여덟 → [여덜]
- 읊고 → [읍꼬]
- 젊다 → [점따]
- 훑고 → [훌꼬]
- 넋 → [넉]
- 닭 → [닥]
- 앓다 → [알타]

반면 **밖**은 받침이 겹받침이 아닌 **단받침 ㄲ**이므로 자음군 단순화가 나타나지 않습니다."
Pragmatics,Speech Acts,2,E,E,"정답은 **E**입니다.

- **E: “다음에는 너도 한 번은 하게 해 주지.”**  
  → 청자에게 어떤 행동을 명령하는 말이 아니라, 화자가 청자에게 기회를 주겠다는 **약속·의지의 표현**입니다.

나머지는 직접 또는 간접적으로 청자에게 행동을 요구하거나 금지하는 **명령·요청·권유**의 기능을 합니다."
Pragmatics,Speech Acts,1,A,A,"정답은 **A: 다음달 안으로 알려 드릴게요.**입니다.

‘-ㄹ게요’는 화자가 앞으로 어떤 행동을 하겠다고 **미리 약속하거나 의지를 나타내는 표현**입니다. 따라서 ‘저녁에는 정말로 공부할게요.’와 같은 유형입니다."
Pragmatics,Speech Acts,2,G,G,"정답은 **G**입니다.

**“내가 뭘 피구를 못하냐?”**는 형식상 의문문이지만, 실제로는 질문하려는 것이 아니라 **“나는 피구를 못하는 사람이 아니다”**라는 반박이나 주장을 간접적으로 드러냅니다. 즉, **발화 형식(의문문)과 실제 발화 의도(주장·반박)가 일치하지 않는 경우**입니다."
Pragmatics,Speech Acts,3,G,F,"정답은 **F**입니다.

- **‘반납 좀 제때제때 하자.’ → 청유**  
  상대방에게 함께 그렇게 하자고 제안하는 표현입니다.

나머지는 다음과 같습니다.

- ‘걔가 손 하나 까딱하는 것 봤어?’ → 형식은 질문이지만, 실제로는 동생에 대한 **불평·감정 표현**
- ‘엄만 그걸 어떻게 알았어?’ → **질문**
- ‘너 도서관에서 빌린 책 아직 반납 안 했지?’ → **질문**
- ‘네 동생한테 대신 갔다 오라고 해’ → 상대에게 시키는 **명령**
- ‘반납하러 갈 시간이 없는 게 내 잘못이야?’ → 억울함을 나타내는 **감정 표현**
- ‘내가 너를 하루이틀 보니?’ → 실제로는 자신이 상대를 잘 안다는 **진술**에 가까운 반문

따라서 옳게 연결된 것은 **F**입니다."
Semantics,Semantic Compatibility,3,C,C,"정답은 **C: 0개**입니다.

- **러시아**: ‘러시아에서 보내온’에서 **출발점역**이지 장소역이나 도착점역이 아닙니다.
- **알**: ‘보내온’과 ‘보고’의 대상이므로 **결과상태역**이 아닙니다.
- **신기**: ‘신기해 했다’의 상태·감정을 나타내는 말로, 도구역·영향주역·자격역·경로역이 아닙니다.
- **철갑상어**: ‘알’을 수식하는 말로, 내용역이나 경험주역이 아닙니다.

따라서 옳은 설명은 **0개(C)**입니다."
Semantics,Semantic Compatibility,2,B,B,"정답은 **B**입니다.

- **동전**: 책갈피로 사용된 **도구/수단**
- **톱**: 유물을 만드는 데 사용되는 **도구**

따라서 의미적 역할이 가장 유사한 것은 **“이 유물은 제대로 된 [톱] 하나 없이 만들어졌다.”**입니다."
Semantics,Semantic Compatibility,2,C,G,"정답은 **G: 그 도시가 [제주시]였다.**

두 문장의 괄호 안 표현은 모두 **‘이다/이었다’ 앞에서 주어의 정체나 지위를 나타내는 보어** 역할을 합니다.

- 그 친구는 지난 전투에서 **선봉이었다**.
- 그 도시는 **제주시였다**.

따라서 문법적·의미적 역할이 가장 유사한 것은 **G**입니다."
Semantics,Semantic Compatibility,3,B,E,"정답은 **E: 정답 없음**입니다.

「광어는 [도다리] 같다」에서 **도다리**는 광어와 비교되는 **비교 대상·기준**입니다.

- **B의 [동생]**: 형과 비교되는 기준
- **J의 [천사]**: 선생님과 비교되는 대상

따라서 B와 J가 모두 의미적으로 유사하므로, 하나만 고르는 문제라면 **정답 없음(E)**이 적절합니다."
Semantics,Semantic Compatibility,3,B,F,"정답은 **F**입니다.

- **돌부리**: 사람이 걸려 넘어지게 만든 **장애물·원인**
- **다리**: 사람이 걸려 넘어지게 만든 **장애물·원인**

두 문장 모두 ‘무엇에 걸려 넘어지다’의 구조로, 괄호 안 명사가 넘어짐을 유발한 장애물 역할을 합니다."
Semantics,Semantic Compatibility,3,B,I,"정답은 **I. 정답 없음**입니다.

‘재’는 **‘되다’의 보어**로, 숯더미가 변화한 **결과 상태**를 나타냅니다.

- 숯더미는 **재가** 되어 있었다.
- ‘재’ = 결과·상태를 나타내는 보어

반면 다른 선지의 괄호 안 말들은 원인(눈보라), 도구(7번 아이언), 장소(카페·매장), 내용(인용절) 등으로, ‘재’와 의미적 역할이 일치하지 않습니다."
Semantics,Semantic Compatibility,1,B,B,"정답은 **B: [손], [목소리]**입니다.

- **[손]으로** 만지작거린다 → 행동의 **도구·수단**
- **[목소리]로** 회의를 시작하였다 → 행동의 **수단·방법**

따라서 두 단어는 모두 행위가 이루어지는 **도구적 의미 역할**을 합니다."
Semantics,Semantic Compatibility,2,F,F,"정답은 **F: [동식이], [강아지]**입니다.

- **동식이**: ‘동식이와’ 함께 텐트를 친 사람 → **동반자**
- **강아지**: 아이들이 ‘강아지와’ 함께 뛰어놂 → **동반자**

따라서 두 단어는 모두 행위에 함께 참여하는 **동반자 역할**을 합니다."
Syntax,Agreement,3,F,F,"정답은 **F**입니다.

- **F: 삼촌의 때밀이에 묵은 때가 다 씻겼다.**
  - ‘묵은 때’가 스스로 씻긴 것이 아니라, 삼촌의 때밀이에 의해 **씻김을 당한 것**이므로 **피동문**입니다.
  - ‘씻겼다’는 여기서 ‘씻다’의 피동 표현입니다.

나머지는 주어가 다른 대상에게 어떤 동작을 하게 하는 **사동문**입니다.

예:
- A 늦췄다 → 박자가 늦어지게 했다.
- D 읽히셨다 → 학생들이 읽게 하셨다.
- G 읽혔다 → 주번이 읽게 했다.
- I 신겼다 → 아이가 양말을 신게 했다."
Syntax,Agreement,2,F,F,"정답은 **F**입니다.

- **F: “사진이 실렸다”**의 **실리다**는 ‘싣다’의 **피동 표현**으로, 사진이 신문에 게재되었다는 뜻입니다. 따라서 사동 표현이 아닙니다.

나머지는 모두 어떤 상태나 동작을 일으키는 **사동 표현**입니다.

- 드높이다: 높게 하다  
- 굶기다: 굶게 하다  
- 누이다: 눕게 하다  
- 돋우다: 돋게 하다  
- 삭이다: 삭게 하다 등"
Syntax,Agreement,3,A,A,"정답은 **A**입니다.

- **A: 아들이 옆집 개에게 팔뚝을 물렸다.**  
  → ‘아들이 개에게 물을 당했다’는 뜻의 **피동문**입니다.  
  ‘물리다’가 ‘물다’의 피동사로 쓰였습니다.

나머지는 모두 어떤 대상이 특정 상태나 동작을 하게 만드는 **사동문**입니다.

- B 익혔다: 고기가 익게 했다.
- C 애태웠다: 농민들이 애타게 했다.
- D 빗긴다: 딸의 머리를 빗게 했다.
- E 물렸다: 언론이 재갈을 물게 했다.
- F 썩히고 있다: 재능이 썩게 했다.
- G 잠재웠다: 논란이 잠들게 했다.
- H 살찌웠다: 거위가 살찌게 했다.
- I 물렸다: 피해자가 치료비를 내게 했다.
- J 묵힌다: 술이 오래 숙성되게 했다."
Syntax,Agreement,3,D,I,"정답은 **I**입니다.

- **기울였다**는 ‘와인잔을 기울다’가 아니라, 주어가 직접 와인잔을 기울이는 **일반적인 타동사 표현**으로 쓰였습니다.
- 반면 다른 문장들은 ‘~하게 하다’의 의미가 드러나는 사동 표현입니다.  
  - 예: **깨운다** → 잠에서 깨게 한다  
  - **날렸다** → 날게 했다  
  - **갈아입힌다** → 옷을 갈아입게 한다  

따라서 사동 표현이 포함되지 않은 것은 **I**입니다."
Syntax,Agreement,3,J,J,"정답은 **J**입니다.

- **J. 목초지에서 젖소들에게 풀을 뜯겼다.**
  - 여기서 **‘뜯겼다’**는 ‘뜯다’의 피동이 아니라, **젖소들이 풀을 뜯도록 하다**라는 의미의 **사동 표현**입니다.
  - 즉, ‘젖소들에게 풀을 뜯게 했다’라는 뜻입니다.

나머지는 모두 피동 표현입니다.

예:  
- 억눌렸다 ← 억누르다  
- 내몰렸다 ← 내몰다  
- 낚인다 ← 낚다  
- 씹혔다 ← 씹다  
- 집혔다 ← 집다  
- 휘감긴다 ← 휘감다"
Syntax,Agreement,2,G,G,"정답은 **G**입니다.

- **G: 길들인 말에게 재갈을 물렸다.**
  - ‘물리다’는 여기서 말에게 재갈을 **물게 하다**라는 뜻의 **사동 표현**입니다.
  - 따라서 피동문이 아니라 사동문입니다.

나머지는 모두 ‘걷히다, 널리다, 그을리다, 뒤섞이다, 뜨이다, 잡아먹히다, 얹히다, 가로막히다, 사로잡히다’ 등의 피동 표현입니다."
Syntax,Agreement,2,E,E,"정답은 **E**입니다.

- **E: 그는 내 등에 환자를 업혔다.**
  - ‘업히다’가 여기서는 **환자를 업게 하다**, 즉 다른 사람에게 환자를 업도록 하는 **사동 표현**입니다.
  - 따라서 피동문이 아니라 사동문입니다.

나머지는 모두 피동 표현입니다.

- A 실리다
- B 갈리다
- C 이끌리다
- D 믿기지 않다
- F 쓰이다
- G 치이다
- H 뒤틀리다
- I 담기다
- J 몰리다"
Pragmatics,Deixis & Reference,3,A,A,"정답은 **A: (‘요게[1]’, ‘저것’)**입니다.

- **요게[1]**: 을이 말한 “여기 시그니처”인 칵테일
- **그거[2]**: 갑이 네 옆 사람이 마시는 것을 보고, 그 시그니처 칵테일인지 묻는 표현
- **저것**: “저것보다는 덜 유명하지만”에서 앞서 언급된 그 칵테일을 다시 가리키는 표현

따라서 **‘요게[1]’과 ‘저것’은 같은 대상을 가리킵니다.**"
Syntax,Embedded Clauses,2,I,H,"관형절을 안은 문장은 **H, I**입니다.

- **H. 새엄마께서는 [급한] 일일수록 침착하세요.**  
  → ‘일이 급하다’에서 ‘급한’이 ‘일’을 꾸미는 관형절입니다.

- **I. [옛이야기를 해주시던] 할머니가 그리워.**  
  → ‘할머니가 옛이야기를 해주시다’에서 ‘해주시던’이 ‘할머니’를 꾸미는 관형절입니다.

나머지는 명사절, 서술절, 부사절 등을 안은 문장입니다."
Syntax,Embedded Clauses,2,B,B,"정답은 **B**입니다.

- **B: 밥상에는 [보리쌀을 섞은] 밥만이 올라왔다.**
  - ‘보리쌀을 섞은’이 ‘밥’을 수식하는 **관형절**입니다.
  - 기본형: **보리쌀을 섞다 → 보리쌀을 섞은 밥**

다른 문장들은 명사절이나 부사절, 서술절 등에 해당합니다. 예를 들어 J의 ‘이어폰에 대한 이윤이 남았는지’는 명사절입니다."
Syntax,Embedded Clauses,2,D,D,"정답은 **D**입니다.

- **D: 나는 [밤이 새도록] 삼나무만을 응시했다.**
  - **‘밤이 새도록’**은 ‘응시했다’를 꾸며 주며 시간의 의미를 나타내는 **부사절**입니다.
  - 따라서 안긴 문장의 역할은 **부사어**입니다.

다른 예들은 다음과 같습니다.

- **B, C**: 명사절이 주어 역할
- **E, I**: 명사절이 목적어 역할
- **F, G, H**: 관형절이 체언을 수식
- **A**: ‘비계가 어찌나 많은지’는 정도를 나타내는 종속절
- **J**: 서술절로 보는 경우가 일반적입니다."
Syntax,Embedded Clauses,2,F,F,"정답은 **F**입니다.

- **F: 불화살이 [딸꾹질하던] 빈민에게 명중했다.**
  - 안긴 문장: **딸꾹질하던**
  - 원래 문장: **빈민이 딸꾹질하다**
  - 이 안긴 문장이 **‘빈민’**을 꾸며 주므로 역할은 **관형어**입니다.

다른 예들은 명사절, 부사절, 서술절 등의 역할을 합니다."
Syntax,Embedded Clauses,1,F,F,"정답은 **F: 아까 녹여둔 밥을 꺼내오너라.**입니다.

- **‘아까 녹여둔’**은 ‘밥’을 꾸며 주므로 **관형어 역할**을 하는 안긴 문장입니다.
- 원래 문장: **(누군가가) 아까 밥을 녹여 두었다.**
- 이것이 관형사형으로 바뀌어 **‘아까 녹여둔 밥’**이 되었습니다.

따라서 정답은 **F**입니다."
Syntax,Embedded Clauses,2,J,J,"정답은 **J**입니다.

- **J: 막둥이는 [도망치다시피] 뛰어나갔다.**
  - ‘도망치다시피’는 ‘도망치는 것처럼’이라는 뜻으로, 뒤의 서술어 **‘뛰어나갔다’**를 꾸밉니다.
  - 따라서 **부사절을 안은 문장**입니다.

다른 문장들은 다음과 같습니다.

- A: ‘이기주의자가 너의 이상형임’ → 명사절
- C, G, I: 관형절
- D, H: 명사절
- F: ‘걔가 … 덮어씌우는지’ → 명사절
- B, E: 안긴문장이 없음

따라서 **J**입니다."
Pragmatics,Discourse Principles,2,H,H,"정답은 **H**입니다.

을의 “오늘 야근 확정이야”는 갑의 “그럼 하던 일은 이제 거의 다 됐겠네”에 직접적으로 “응/아니”라고 답하지 않고, 오늘 야근을 해야 한다는 정보를 제시합니다. 이는 갑의 추론, 즉 일이 거의 끝났다는 생각을 간접적으로 부정하는 발화입니다.

따라서 을은 대화의 **관련성 격률을 의도적으로 어겨 갑의 말에 반박**하고 있습니다."
Pragmatics,Discourse Principles,1,H,H,"정답은 **H**입니다.

- 갑: “내일 날씨는 어떻다니?”
- 을: “아유, 무릎이 막 쑤시네.”

을은 날씨를 묻는 질문에 직접 답하지 않고 무릎 통증을 말하고 있어, 앞선 발화와의 **관련성(관계의 격률)**을 의도적으로 지키지 않고 있습니다. 물론 무릎이 쑤신다는 말로 비가 올 것임을 암시할 수 있지만, 표면적으로는 질문과 직접 관련이 없는 대답입니다."
Semantics,Numeral Classifiers,3,D,D,"정답은 **D: 한 축 주문해두겠습니다.**

**‘축’**은 오징어를 세는 단위로, 보통 **오징어 20마리**를 뜻합니다."
Semantics,Numeral Classifiers,2,E,H,"정답은 **H: “그러시다면 두 돈 가량이 좋을 것 같습니다.”**입니다.

금의 무게를 나타내는 전통적인 단위로 **‘돈’**을 쓰므로 “두 돈”이 적절합니다. 반면 병·척·단·박스 등은 금의 양을 나타내는 단위로 적절하지 않고, E는 잉여 현금의 **일정 부분**이 아니라 매각 대금 **전액**을 투자한다는 점에서 지문의 취지와 어긋납니다."
Semantics,Numeral Classifiers,1,I,I,"가장 어색한 문장은 **I**입니다.

- **I: 샐러드엔 오이 한 장이 들어간다.**
  - ‘장’은 종이, 사진, 김처럼 얇고 넓은 것을 셀 때 주로 씁니다.
  - 오이는 보통 **한 조각**, **한 토막**, 또는 얇게 썬 경우 **오이 한 쪽**이라고 표현하는 것이 자연스럽습니다.

따라서 예를 들면 **“샐러드에는 오이 한 조각이 들어간다.”**가 자연스럽습니다."
Semantics,Numeral Classifiers,1,E,E,"가장 어색한 문장은 **E: “우리 집엔 고양이가 한 필 있다.”**입니다.

- **필(匹)**은 주로 말처럼 큰 가축을 셀 때 쓰는 단위입니다.
- 고양이는 **“한 마리”**라고 해야 자연스럽습니다.

따라서 **“우리 집엔 고양이가 한 마리 있다.”**가 올바른 표현입니다."
Syntax,Embedded Clauses,3,I,E,"표준적인 문법 분석에 따르면 **E와 I**가 안은문장이 아닙니다.

- **E**: *본 미술관*에서 **본**은 ‘이/우리’라는 뜻의 관형사이므로 관형절이 아닙니다.  
  → 단문: “경비가 매우 삼엄하군.”
- **I**: *이 서점의 베스트셀러는 무엇인가요?*에는 주어와 서술어 관계를 가진 절이 들어 있지 않습니다.  
  → 단문

나머지는 다음과 같이 안긴절을 포함합니다.

- A: 명사절
- B, H, J: 관형절
- C: 부사절
- D, F: 명사절
- G: 서술절

따라서 문제에서 정답을 하나만 요구한다면, **복수 정답이 생기므로 문항에 오류가 있을 가능성**이 있습니다."
Syntax,Agreement,1,B,B,"정답은 **B**입니다.

- **B: 뱀장어는 뱃가죽도 뱀처럼 생겼겠군.**  
  → 뱀장어의 겉모습을 근거로 하여 **‘아마 생겼을 것이다’라고 추측**하는 표현입니다.

다른 예들은 다음과 같이 쓰였습니다.

- A, C, I: 가능 여부를 묻는 표현
- D, G: 단정·의지 또는 일반적인 결과를 나타냄
- E, F, H: 의지·의도
- J: 의무·당위

따라서 ‘-겠-’이 추측의 의미로 쓰인 것은 **B**입니다."
Syntax,Agreement,3,I,E,"정답은 **E**입니다.

- **A, G, I**: 미래의 일에 대한 **추측·예상**
  - 누가 … 깎겠어?
  - … 표기할 것입니다.
  - … 전개될 것이야.
- **B, C, H, J**: **의지·의도**
  - 가겠다고 말하다
  - 최선을 다하겠습니다
  - 고쳐 주겠어
  - 침투하겠다
- **D, F**: **희망·바람**
  - … 좋겠어요
  - … 좋겠다
- **E**: 실제로 가능한지를 묻는 **가능성·능력**의 용법

따라서 다른 선지와 같은 의미적 용법을 사용하지 않은 것은 **E**입니다."
Syntax,Embedded Clauses,3,D,D,"정답은 **D**입니다.

- **D. 학생회장은 학생들 앞에서 선서했다.**
  - ‘학생들 앞에서’는 **명사구에 조사 ‘에서’가 붙은 부사어**일 뿐, 주어와 서술어를 갖춘 안긴문장이 아닙니다.

나머지는 각각 안긴문장을 포함합니다.

- A: 관형절 — *우리가 어제 본*
- B: 부사절 — *개념 없이*
- C: 인용절 — *색안경을 끼지 않겠다고*
- E: 관형절 — *금이 간*
- F, G: 명사절 — *칭찬을 생활화하기*, *저 학설을 반박하기*
- H, I: 서술절 — *맛이 짜다*, *말솜씨가 수준급이다*
- J: 관형절 — *소쿠리에 담긴*"
Morphology,Word Formation,3,G,G,"정답은 **G. 소나무**입니다.

- **소나무**: ‘솔’ + ‘나무’가 결합한 **합성어**입니다. ‘솔’의 ㄹ이 탈락하여 ‘소나무’가 되었습니다.
- 나머지는 접사와 어근이 결합한 **파생어**입니다.  
  예: 날-생선, 개-살구, 시-동생, 암-탉 등에서 ‘날-, 개-, 시-, 암-’은 접사입니다."
Syntax,Embedded Clauses,3,D,D,"정답은 **D**입니다.

- **D: 평양냉면은 [맛이 삼삼하다].**
  - 안긴 문장: **맛이 삼삼하다**
  - 이 문장 전체가 ‘평양냉면은’에 대한 **서술어 역할**을 합니다.
  - 안긴 문장 내부에서는 ‘맛이’가 주어이고 ‘삼삼하다’가 서술어입니다.

다른 예들은 다음과 같습니다.

- A, H, I: 관형어 역할
- B, C, G: 주어 역할
- E, F: 부사어 역할
- J: 목적어 역할

따라서 **서술절을 가진 안은문장인 D**가 정답입니다."
Syntax,Embedded Clauses,2,F,F,"정답은 **F**입니다.

- **F: 밀렵꾼이 [말버릇이 참 고약하다].**
  - 안긴 문장 **‘말버릇이 참 고약하다’**가 전체 문장에서 **서술어 역할**을 합니다.
  - 즉, ‘밀렵꾼이 어떠하다?’에 대해 ‘말버릇이 참 고약하다’라고 서술합니다.

다른 예들은 다음과 같습니다.

- A, H, I: 관형어 역할
- B, G: 주어 역할
- C, D: 부사어 역할
- E, J: 목적어 역할"
Syntax,Argument Structure & Valency,1,D,D,"정답은 **D**입니다.

- **보기:** 국가가 / 중앙은행에서 / 거액을 / 차입했다  
  → 주어 + 부사어(출처) + 목적어의 **3자리 서술어**

- **D:** 요리사가 / 칵테일에 / 순금을 / 가미했다  
  → 주어 + 부사어(대상) + 목적어의 **3자리 서술어**

따라서 서술어가 요구하는 자릿수가 같은 것은 **D**입니다."
Syntax,Argument Structure & Valency,3,I,G,"<보기>의 **‘옭아매다’**는 주어와 목적어를 요구하는 **두 자리 서술어**입니다.

- 노파가(주어) 풀을(목적어) 옭아맸다.

같은 두 자리 서술어는 다음입니다.

- **G. 오늘 출항은 오랜만에 만선이었다.**  
  → 오늘 출항은(주어) 만선이었다(서술어)
- **J. 내 인생이 유배지에서까지 식모살이라니...**  
  → 내 인생이(주어) 식모살이다(서술어)

따라서 엄밀히 보면 **G와 J**가 정답입니다.  
단일 정답을 요구하는 문제라면, J의 ‘식모살이라니’를 서술어로 인정하지 않는 출제 의도에 따라 **G**를 답으로 삼았을 가능성이 큽니다."
Syntax,Agreement,2,I,I,"정답은 **I**입니다.

- 보기의 **‘백부님께 연주해 드리고’**는 높임의 대상이 문장의 주체가 아니라 **부사어(상대방)**이므로, **객체 높임법**이 쓰였습니다.  
  - ‘께’: 높임의 부사격 조사  
  - ‘드리다’: 객체를 높이는 겸양 표현

- I의 **‘회장님께’**도 높임의 대상인 회장님을 부사어로 나타내며, ‘에게’ 대신 **‘께’**를 사용했으므로 보기와 같은 **객체 높임법**입니다.

따라서 정답은 **I**입니다."
Syntax,Argument Structure & Valency,2,C,C,"정답은 **C**입니다.

- <보기> **(누가) 아이의 다리에 스타킹을 신겼다.**
  - 주어: 생략된 행위자
  - 부사어: 아이의 다리에
  - 목적어: 스타킹을  
  → **3자리 서술어**인 ‘신기다’

- C **(누가) 망고에 버터를 곁들여 보시겠어요?**
  - 주어: 생략된 행위자
  - 부사어: 망고에
  - 목적어: 버터를  
  → **3자리 서술어**인 ‘곁들이다’

따라서 정답은 **C**입니다."
Syntax,Argument Structure & Valency,2,E,E,"정답은 **E**입니다.

- **보기:** 친자식에게 자산을 배분했다.  
  → 주어(생략) + **친자식에게**(대상) + **자산을**(목적어)  
  → **3자리 서술어** ‘배분하다’

- **E:** 쇼핑몰을 위한 자금을 은행에 예금했다.  
  → 주어(생략) + **자금을**(목적어) + **은행에**(장소)  
  → **3자리 서술어** ‘예금하다’

따라서 보기와 서술어의 자릿수가 같은 것은 **E**입니다."
Syntax,Agreement,2,H,H,"정답은 **H: 동료가 내 노력에 대해 과소평가하고 있다.**

**‘과소평가하고 있다’**는 동료가 내 노력을 낮게 평가하는 **상태가 계속됨**을 나타냅니다.  

반면 A, B, C, D, E, F, G, I, J는 모두 알짱거리기, 뒷걸음치기, 흡수하기, 히죽거리기 등의 **동작이나 과정이 진행 중임**을 나타냅니다."
Syntax,Agreement,3,E,E,"정답은 **E: 그는 분명 나를 업신여기고 있다.**입니다.

- **업신여기고 있다**: ‘나를 낮추어 보는 태도’를 계속 지니고 있다는 **상태의 지속**을 나타냅니다.
- 나머지는 대체로 흡입, 협의, 자전, 우려내기, 조준, 주무르기, 증발, 야옹거리기, 찜질하기처럼 **동작이나 과정이 진행 중임**을 나타냅니다."
Syntax,Agreement,1,A,A,"정답은 **A: 난 그게 거짓이라고 가정하고 있다.**

- **가정하고 있다**: ‘가정하는 상태를 유지하고 있다’는 뜻으로, **상태의 지속**을 나타냅니다.
- 나머지는 강의하기, 말싸움하기, 두리번거리기, 쓰기, 뒤따라오기, 낚시하기, 가로지르기, 걸어오기, 낭송하기처럼 **동작의 진행**을 나타냅니다."
Syntax,Agreement,3,A,A,"동작의 진행을 나타내는 것은 **A, D, H, I**입니다.

- **A** 새근거리고 있다: 아기가 현재 계속 새근거리는 중임.
- **D** 문제시되고 있다: 발언이 현재 문제로 제기·취급되는 중임.
- **H** 가중되고 있다: 심적 부담이 점점 더 커지는 중임.
- **I** 복받치고 있다: 슬픔이 현재 솟구치는 중임.

나머지는 주로 경멸, 겸비, 간주, 감안, 갈망 등 **상태나 태도의 지속**을 나타냅니다."
Syntax,Agreement,1,F,F,"정답은 **F: 내 잘못이 걸릴까 봐 조마조마하고 있다.**입니다.

여기서 **‘조마조마하고 있다’**는 어떤 행동이 진행 중이라는 뜻이 아니라, **조마조마한 심리 상태가 계속되고 있음**을 나타냅니다.

나머지는 대체로 검토하다, 기록하다, 갈아타다, 만지작거리다, 시청하다, 뒤척이다, 마시다, 건네주다, 구출하다 등의 **동작이 진행 중**임을 나타냅니다."
Syntax,Agreement,1,E,E,"정답은 **E: 태풍이 도시를 강타하고 있다.**

- **강타하다**는 실제로 진행되는 동작을 나타내므로, **‘강타하고 있다’**는 ‘도시를 계속 세게 치고 있는 중이다’라는 **동작의 진행**을 뜻합니다.
- 나머지는 대체로 동경, 기세, 능가, 망각, 낙담, 고심, 미어짐, 동감, 근거 등 **상태의 지속**을 나타냅니다.

※ 다만 **G의 ‘고심하고 있다’**도 문맥에 따라 진행 중인 정신 활동으로 해석될 수 있어, 엄밀하게는 다소 논란의 여지가 있습니다. 시험의 의도상 정답은 **E**입니다."
Syntax,Agreement,1,B,B,"정답은 **B: 햄스터가 내 발을 간지럽히고 있다.**

‘간지럽히고 있다’는 햄스터가 현재 **간지럽히는 동작을 진행 중**임을 나타냅니다.  
나머지는 주로 심리·상태의 지속이나 결과 상태를 나타냅니다."
Syntax,Agreement,1,H,H,"가장 적절한 답은 **H**입니다.

- **H: 여동생이 내 앞에서 종알거리고 있다.**  
  → ‘종알거리다’라는 동작이 현재 계속 진행 중임을 나타냅니다.

다만 **E의 ‘극복하고 있다’**나 **F의 ‘늦어지고 있다’**도 문맥에 따라 진행의 의미로 해석될 수 있으므로, 엄밀히 말하면 문제의 선택지가 완전히 명확하지는 않습니다. 단순히 현재 진행 중인 행동을 묻는다면 **H**가 가장 분명합니다."
Semantics,Semantic Compatibility,3,A,D,"정답은 **D: [날씨], [추위]**입니다.

- **[날씨]**: “날씨로 인해”에서 추위를 겪게 한 **원인**
- **[추위]**: “추위에 떨다”에서 떠는 행동을 일으킨 **원인·자극**

따라서 두 단어는 모두 사건이나 상태를 일으킨 **원인(자극)**의 의미적 역할을 합니다."
Semantics,Semantic Compatibility,3,B,I,"정답은 **I: [회사3], [집1]**입니다.

- **[집1]에서 회사2까지**: 이동의 **출발점**
- **[회사3]에서 [집2]까지**: 이동의 **출발점**인 [회사3]

반면 [회사1], [회사2], [집2]는 이동의 도착점이고, [구내 식당], [탕비실], [휴게실]은 사람이 없는 장소를 나타냅니다."
Syntax,Argument Structure & Valency,3,H,C,"정답은 **C: 5개**입니다.

격조사는 다음과 같습니다.

1. 지난번**에** — 부사격 조사  
2. 학회**에서** — 부사격 조사  
3. 입장문**에** 따르면 — 부사격 조사  
4. 제도**가** — 주격 조사  
5. 없어진다**고** 한다 — 인용격 조사  

따라서 격조사의 총 개수는 **5개**입니다."
Morphology,POS & Morphemes,3,B,C,"정답은 **없음(문항에 오류가 있음)**으로 보는 것이 타당합니다.

- **C**의 ‘커서’는 기본형 **크다**에서 온 말입니다.  
  여기서 ‘크다’는 ‘성장하다’라는 뜻의 **동사**이므로, **동사**가 맞습니다.
- **B**의 경우 ‘세계적’에 조사 **으로**가 붙은 형태가 ‘세계적으로’입니다.  
  ‘세계적’ 자체는 **부사**가 아니라, 문맥상 **명사**로 보고 ‘으로’를 붙인 것입니다. 따라서 B의 짝은 맞지 않습니다.

즉, 엄밀하게 보면 **B가 잘못된 보기**입니다.  
다만 ‘세계적으로’ 전체를 부사로 분류하려고 출제한 것이라면, 따옴표를 **‘세계적으로’**로 표시했어야 합니다."
Syntax,Argument Structure & Valency,3,A,E,"정답은 **E: 6**입니다.

- **충성을 다하여**: ‘다하다’는 주어와 목적어를 필요로 하는 **두 자리 서술어**  
  → 주어(생략) + 목적어 ‘충성을’
- **괴로우나**: ‘괴롭다’는 **한 자리 서술어**
- **즐거우나**: ‘즐겁다’는 **한 자리 서술어**
- **나라 사랑하세**: ‘사랑하다’는 주어와 목적어를 필요로 하는 **두 자리 서술어**  
  → 주어(생략) + 목적어 ‘나라’

따라서 \(2+1+1+2=6\)입니다."
Morphology,Verbal Conjugation,3,C,B,"정답이 하나가 아니라 **B와 C가 모두 틀린 서술**입니다.

- **B 틀림**: ‘들르다’는 **르 불규칙 활용**입니다.  
  → 들러, 들르니

- **C 틀림**: ‘앞서거나 빠르다’는 뜻의 ‘이르다’도 **르 불규칙 활용**입니다.  
  → 일러, 이르니

나머지는 적절합니다.

- 파랗다 → 파래: ㅎ 불규칙
- 돕다 → 도와: ㅂ 불규칙
- 푸르다 → 푸르러: 러 불규칙
- 놓다: 규칙 활용
- 공부하다 → 공부하여/공부해: 여 불규칙
- 묻다(매장하다): 규칙 활용
- 이르다(도달하다) → 이르러: 러 불규칙
- 묻다(질문하다) → 물어: ㄷ 불규칙

따라서 단일 정답을 요구한다면, 문제에 오류가 있습니다."
Syntax,Ellipsis,3,D,C,"옳지 않은 것은 **C, D, I**입니다.

- **C 틀림**: ‘열에 여덟이나 아홉 정도로 거의 예외가 없다’는 뜻의 표준어는 **‘십상’**입니다. ‘쉽상’은 비표준어입니다.
- **D 틀림**: **‘개발새발’도 표준어**이므로 ‘괴발개발’로 반드시 고쳐야 하는 것은 아닙니다. 두 단어 모두 쓸 수 있습니다.
- **I 틀림**: ‘개발새발’은 실제로 ‘개의 발과 새의 발’을 뜻하는 말이 아니라, 글씨나 그림 따위를 아무렇게나 해 놓은 모양을 뜻합니다.

따라서 문제에서 하나만 고르도록 했다면, 복수 정답이 발생하므로 문항에 오류가 있습니다."
Phonetics/Phonology,Phonological Constraints,2,H,H,"정답은 **H: 오뚝이**입니다.

- **오(ㅗ)**: 양성 모음  
- **뚝(ㅜ)**: 음성 모음  

따라서 양성 모음과 음성 모음이 섞여 **모음조화를 어깁니다**.

나머지 예시는 대체로 같은 계열의 모음이 쓰였습니다."
Pragmatics,Speech Acts,3,B,B,"정답은 **B**입니다.

**「불 좀 빌립시다」**는 청유형을 사용했지만 실제로는 상대방에게 불을 빌려 달라는 **간접적인 부탁(요청)**입니다.  

반면 **「내일부터 같이 운동할래요?」**는 상대방에게 어떤 일을 해 달라고 부탁하는 것이 아니라, 함께 운동하자는 **제안·권유**의 기능이므로 같은 기능으로 보기 어렵습니다.

- A, C, D, E, F, G, H, I, J: 겉으로는 제안·질문·희망·책망 등의 형식이지만 실제로는 상대방에게 어떤 행동을 요구하는 간접적인 요청
- B: 함께 행동하자는 제안/권유"
Syntax,Argument Structure & Valency,1,F,F,"정답은 **F: <반짝거린다>**입니다.

- **반짝거리다**는 주어 하나만 요구하는 **한 자리 서술어**입니다.  
  → *바닷물이 반짝거린다.*

다른 서술어들은 목적어·부사어 등이 함께 필요한 두 자리 이상의 서술어입니다.

- 배우다: 낱말을 배우다
- 펴다: 돗자리를 펴다
- 삼키다: 알약을 삼키다
- 모으다: 친구들을 모으다
- 기대다: 등을 벽에 기대다
- 찾아가다: 돈을 찾아가다
- 짜다: 참깨에서 기름을 짜다
- 올려놓다: 이것을 여기에 올려놓다
- 당기다: 문을 당기다"
Syntax,Agreement,3,I,I,"정답은 **I**입니다.

- **I: “묵은 때가 다 씻겼다”**의 **씻기다**는 ‘누군가가 씻게 하다’라는 사동이 아니라, **때가 저절로 또는 다른 사람에 의해 씻겨 나갔다**는 피동의 의미입니다.
- 따라서 사동문이 아닌 것은 **I**입니다.

나머지는 모두 어떤 대상이 동작이나 상태 변화를 하게 하는 사동의 의미를 나타냅니다."
Syntax,Agreement,2,F,F,"정답은 **F**입니다.

- **F: 누나가 무거운 짐을 내 손에 들렸다.**
  - ‘들리다’가 사동의 의미로 쓰여, **누나가 내가 짐을 들게 한 것**을 나타냅니다.
  - 따라서 피동문이 아니라 **사동문**입니다.

나머지는 모두 피동 표현입니다.

- 사로잡혔다, 널려 있다, 얹혀 있다, 잡아먹혔다, 걷혔다
- 눈이 뜨였다, 가로막혔다, 뒤섞여 있다, 그을렸다"
Syntax,Agreement,2,A,A,"정답은 **A**입니다.

- **A. 그는 내 등에 환자를 업혔다.**  
  → ‘업히다’가 여기서는 **누군가에게 환자를 업게 하다**라는 뜻의 **사동 표현**입니다. 주어 ‘그는’이 어떤 행위를 시킨 것이므로 피동문이 아닙니다.

나머지는 모두 피동 표현입니다.

- B 치였다: 차에 치임
- C 쓰였다: 사용됨
- D 갈렸다: 반이 나뉨
- E 담겨 있다: 무엇이 담김
- F 믿기지 않았다: 믿어지지 않음
- G 이끌렸다: 향기에 의해 이끌림
- H 실렸다: 글이 잡지에 게재됨
- I 뒤틀렸다: 일이 뒤틀림
- J 몰렸다: 범인으로 몰림"
Syntax,Agreement,3,I,I,"정답은 **I**입니다.

- **악장이 그에게 튜바를 불렸다.**
  - 여기서 **불렸다**는 ‘그가 튜바를 불게 했다’라는 **사동 표현**입니다.
  - 주어인 ‘악장’이 다른 사람에게 행동을 하도록 시키는 문장이므로 피동 표현이 아닙니다.

나머지는 모두 피동의 의미를 나타냅니다.

- A 쫓기고 있다
- B 문제가 풀렸다
- C 휘말렸다
- D 찢겼다
- E 파묻혔다
- F 차였다
- G 찍혔다
- H 마음이 흔들린다
- J 팔리고 있다"
Syntax,Agreement,1,G,G,"정답은 **G: 여동생이 내 앞에서 종알거리고 있다.**

**‘종알거리다’**는 여동생이 계속 말을 하는 **동작이 진행 중임**을 나타내므로, **‘-고 있다’가 동작의 진행** 의미로 쓰였습니다.

다만 문맥에 따라 **E(감탄하고 있다), H(극복하고 있다), J(늦어지고 있다)**도 진행의 의미로 해석될 수 있어, 문제의 선택지가 엄밀하게는 다소 모호합니다. 특히 일반적인 학교 문법 기준에서 가장 분명한 동작 진행의 예는 **G**입니다."
Syntax,Agreement,1,G,G,"정답은 **G: 태풍이 도시를 강타하고 있다.**

‘강타하다’는 실제로 어떤 동작이 계속 진행되는 동작 동사이므로, **‘강타하고 있다’**는 “태풍이 도시를 세게 치고 있는 중이다”라는 진행을 나타냅니다.

반면 나머지는 주로 동경, 동감, 낙담, 근거함 등 **상태의 지속**을 나타냅니다."
Phonetics/Phonology,Phonological Alternation,2,B,B,"정답은 **B: 깎다**입니다.

- **값[갑]**: 겹받침 **ㅄ** 중 하나인 **ㅅ이 탈락**하여 [갑]으로 발음됩니다.
- 다른 예시들도 겹받침에서 한 자음이 탈락하는 현상이 나타납니다.  
  - 외곬[외골]
  - 읊고[읍꼬]
  - 넓다[널따]
  - 넋[넉]
  - 훑고[훌꼬] 등

그러나 **깎다[깍따]**는 겹받침이 아니라, 받침 **ㄲ이 ㄱ으로 중화**되고 뒤의 **ㄷ이 된소리 ㄸ으로 바뀌는 현상**이 나타납니다. 따라서 정답은 **B**입니다."
Pragmatics,Speech Acts,1,D,D,"정답은 **D: 다름이 아니라 기한이 언제까지인지 궁금합니다.**입니다.

‘제출해야 하는 서류의 종류에는 무엇이 있습니까?’는 정보를 묻는 **질문**에 해당합니다. D 역시 기한에 대한 정보를 묻는 표현이므로 같은 유형입니다."
Phonetics/Phonology,Phonological Alternation,3,C,C,"정답은 **C: 밭을**입니다.

- **밭을** → **[바틀]**
  - 받침 **ㅌ**이 뒤의 모음으로 시작하는 조사 **‘을’**의 초성으로 이동하여 발음됩니다.
  - 따라서 받침이 대표음 **[ㄷ]**으로 바뀌는 **음절의 끝소리 규칙이 나타나지 않습니다.**

다른 예:

- 짚신 → [집씬]
- 덫 → [덛]
- 잎사귀 → [입싸귀]
- 숯불 → [숟뿔]
- 갖가지 → [갇까지]
- 부엌 → [부억]

이처럼 받침이 [ㄱ, ㄴ, ㄷ, ㄹ, ㅁ, ㅂ, ㅇ] 중 하나로 바뀌는 경우에는 음절의 끝소리 규칙이 나타납니다."
Phonetics/Phonology,Phonological Alternation,3,I,I,"정답은 **I: 밖에**입니다.

<보기>의 **닻[닫]**에서는 받침 **ㅊ**이 음절 끝에서 대표음 **ㄷ**으로 바뀌는 **음절의 끝소리 규칙(받침 중화)**이 나타납니다.

- 윷놀이 [윤노리]
- 잎사귀 [입싸귀]
- 갖가지 [갇까지]
- 덫 [덛]
- 짚신 [집씬]
- 부엌 [부억]
- 숯불 [숟뿔]
- 털옷 [털돋]
- 속옷 [소곧]

이 단어들은 모두 받침이 음절 끝에서 대표음으로 바뀝니다.

반면 **밖에[바께]**에서는 받침 **ㄲ**이 뒤 음절의 초성으로 연음되어 발음되므로, <보기>와 같은 음절 끝소리 규칙이 나타나지 않습니다."
Pragmatics,Implicature,2,D,D,"정답은 **D**입니다.

- **D: “경기도 늘 보러 가는 걸요.”**  
  → 농구를 좋아한다는 사실을 긍정적으로 나타내므로, 부정이나 거절에 해당하지 않습니다.

나머지는 질문에 대한 부정이나 제안·권유에 대한 간접적인 거절을 나타냅니다."
Syntax,Argument Structure & Valency,3,B,J,"정답은 **J. 건립하다**입니다.

- **건립하다**는 일반적으로  
  **주어 + 목적어**의 2자리 서술어로만 쓰입니다.  
  - 정부가 **기념관을** 건립했다.
  - 시민들이 **학교를** 건립했다.

장소를 나타내는 말이 추가될 수는 있지만, 이는 필수 성분이 아닌 부사어입니다.

반면 다른 단어들은 의미나 문맥에 따라 목적어·부사어가 나타나거나 생략되어 자릿수가 달라질 수 있습니다.  
다만 **평정하다**를 ‘평온하다’라는 형용사로 보는 경우까지 포함하면 해석의 여지가 있으므로, 여기서는 동사 **평정하다(平定하다)**와 구별하여 판단합니다."
Syntax,Argument Structure & Valency,1,F,F,"정답은 **F: 일제 아래에서 나는 헛살았다.**입니다.

- **헛살았다**는 ‘살다’에서 나온 능동적 동사로, 주어인 **‘나는’**이 직접 삶을 살아간다는 행위를 나타냅니다.
- 나머지는 상태 변화나 자연스러운 현상, 피동을 나타냅니다.  
  - **H ‘잊혔다’**: 피동 표현  
  - **B ‘가빠진다’, I ‘서글퍼졌다’**: 상태 변화  
  - **E ‘동났다’**: 다 없어짐  
  - **A ‘떨렸다’, G ‘서걱거린다’**: 주어가 의도적으로 행위를 하는 것이 아닌 현상 표현"
Syntax,Argument Structure & Valency,3,D,A,"정답은 **없습니다.**

제시된 문장들의 서술어는 모두 자동사이거나 형용사입니다.

- A **값나가다**: 자동사  
- C **번쩍거리다**: 자동사  
- D **뻐기다**: 자동사  
- E **달그락거리다**: 자동사  
- F **가물거리다**: 자동사  
- G **오므라들다**: 자동사  
- H **수그러지다**: 자동사  
- I **부어오르다**: 자동사  
- J **들썩거리다**: 자동사  
- B **내로라할 만하다**: 형용사적 표현

특히 I의 **“손마디가 부어올랐다”**는 손마디가 어떤 영향을 받아 상태가 변한 것이지만, **‘부어오르다’ 자체는 피동사가 아니라 자동사**입니다. 따라서 ‘자동사가 아니면서 주어가 행위를 당함’을 나타내는 동사가 들어 있는 문장은 제시되지 않았습니다."
Syntax,Embedded Clauses,3,H,E,"정답은 **E**입니다.

- **‘어린’**은 ‘어리다’의 관형사형으로, 뒤의 명사 **‘나’**를 꾸밉니다.
- 그러나 여기서는 별도의 주어와 서술 관계를 갖춘 **안긴 문장(관형절)**이라기보다는, ‘어린 나’에서 **관형어로 기능하는 단어**로 보는 것이 적절합니다.

나머지는 다음과 같이 관형절로 볼 수 있습니다.

- A: ‘미련 한 스푼 더하고 … 건강해진’ → ‘우리’를 꾸밈
- B: ‘어제 먹었던’ → ‘고기 반찬’을 꾸밈
- C: ‘둥근’ → ‘해’를 꾸밈
- D: ‘내가 어제 먹은’ → ‘빵’을 꾸밈
- F: ‘입에 풀칠하는’ → ‘것’을 꾸밈
- G: ‘그가 울면서 말했던’ → ‘것’을 꾸밈
- H: ‘오늘 놓아 버린’ → ‘우리의 관계’를 꾸밈
- I: ‘내 품 속에 있던’ → ‘네가’를 꾸밈
- J: ‘밝게 빛나는’ → ‘눈빛’을 꾸밈"
Syntax,Argument Structure & Valency,2,C,C,"정답은 **C**입니다.

- 문장: **어제 시장에서 새로 딸기 사서 의자를 앉아 집에서 딸기 먹었다.**
- **딸기**는 ‘사다’와 ‘먹다’의 목적어로 두 빈칸에 들어갈 수 있습니다.
- 그러나 **앉다**는 장소나 앉는 대상을 나타낼 때 보통 **‘의자에 앉다’**라고 해야 하므로, **‘의자를 앉아’**는 논항 구조에 맞지 않습니다.

따라서 올바른 문장은 다음과 같습니다.

> 어제 시장에서 새로 **딸기를** 사서 **의자에** 앉아 집에서 **딸기를** 먹었다."
Semantics,Rhetorical Expressions,2,J,J,"정답은 **J**입니다.

- **냉수를 끼얹다**: 잘되어 가는 일이나 분위기에 찬물을 끼얹어 의욕을 꺾거나 방해한다는 뜻입니다.
- 보기에서는 **신제품 개발이 회사의 위기를 해결하고 새로운 수익을 가져왔으므로**, 신제품은 성공에 기여했습니다.

따라서 “신제품이 회사의 성공에 냉수를 끼얹은 격”이라는 J의 설명은 상황과 반대입니다."
Semantics,Rhetorical Expressions,1,J,J,"정답은 **J**입니다.

- **발등에 불이 떨어지다**: 일이 매우 급해져서 발등에 불이 붙은 것처럼 다급한 상황을 이르는 말입니다.  
- 지현이는 시험을 하루 앞두고 공부를 시작해 시간이 부족하므로 이 표현이 가장 적절합니다.

다만 관용 표현은 정확히 **“발등에 불이 떨어졌다”**라고 하는 것이 바릅니다. 따라서 J의 **“불똥”은 “불”로 고쳐야 합니다.**"
Syntax,Argument Structure & Valency,3,I,E,"정답은 **E: 나는 아이를 양아들로 ‘삼았다.’**입니다.

- **삼다**는 ‘어떤 대상을 무엇으로 정하거나 여기다’라는 뜻으로 쓰일 때,  
  **주어 + 목적어 + 부사어(보어적 성분)**의 세 자리를 필요로 합니다.
- 따라서 **나는 / 아이를 / 양아들로 / 삼았다**처럼 자릿수가 **3자리로 고정**됩니다.

다른 서술어들은 의미에 따라 목적어나 부사어가 추가되거나 생략되어 자릿수가 달라질 수 있습니다."
Semantics,Semantic Compatibility,1,I,I,"정답은 **I: 벽이 물감을 칠한다.**입니다.

**칠하다**는 보통 ‘사람이 어떤 대상에 물감이나 페인트를 바르다’라는 의미이므로, 행위자 논항에는 사람이나 화가 등이 와야 합니다. **벽**은 물감을 칠하는 행위자가 아니라 칠해지는 대상입니다.

- 자연스러운 문장: **사람이 벽에 물감을 칠한다.**
- 또는: **벽에 물감이 칠해진다.**

따라서 서술어와 논항의 의미적 호응이 어긋난 것은 **I**입니다."
Semantics,Semantic Compatibility,3,I,I,"정답은 **I**입니다.

- **강아지가 달리다**: 동물이 달리는 경우  
- **댓글이 달리다**: 게시물 등에 댓글이 붙거나 올라오는 경우  

따라서 **「달리다」의 주어로 ‘강아지’와 ‘댓글’이 모두 올 수 있습니다.**

다른 선택지는 다음과 같이 부적절합니다.

- B: 꿈을 꾸는 것은 사람이지, 꿈이 사람을 꾸지는 않음
- C: **아동을 부르다**는 가능하지만 **노래가 부르다**는 불가능함
- D: **미소를 띠다**는 가능하지만 ‘간격’은 보통 **띄다**라고 함
- F: **건물을 세우다**도 자연스러운 표현임
- J: **바람이 불다**가 올바른 표현임"
Semantics,Conjunctions,1,D,D,"정답은 **D**입니다.

- **하지만**: 인공지능 기술은 빠르게 발전하지만, 모든 사람이 그 발전을 체감하는 것은 아니라는 **대조**를 나타냅니다.
- **예컨대**: 소외계층이 정보격차 등으로 이러한 변화를 따라잡기 어려운 것은 앞의 내용을 뒷받침하는 **구체적인 사례**입니다.

따라서 문맥은 다음과 같이 자연스럽습니다.

> 인공지능 기술이 빠르게 발전하고 있다. **하지만** 모든 사람이 발전 양상을 체감하지는 못하는 실정이다. **예컨대** 소외계층은 이러한 변화를 따라잡는 데 정보격차 등의 난관을 겪는다."
Syntax,Agreement,2,E,D,"정답은 **D, E**입니다.

- **D. 그는 골프에 있어서는 고집불통이라 할 수 있겠다. → 추측**
  - ‘-겠-’이 화자의 판단이나 추정을 나타냅니다.
  - “고집불통이라고 할 수 있을 것 같다”라는 의미입니다.

- **E. 스트레스가 그렇게 많으니 힘들겠네. → 추측**
  - 상황을 근거로 상대의 상태를 추측합니다.
  - “힘들 것 같네”라는 의미입니다.

나머지는 다음과 같습니다.

- A: **가능** — “방안이 있겠습니까?”는 방안의 존재 가능성을 묻는 표현
- B: **의지** — “만들어 보겠어요”는 만들겠다는 의지
- C: **완곡한 부탁/의향 확인** — “작성해 주겠니?”
- F: **의지** — “가겠어”는 가겠다는 의지
- G: **추측·예상** — “될 수 있을 것입니다”
- H: **의지** — “증명하겠다”
- I: **가능** — “배울 수 있겠나?”
- J: **추측** — “있을지도 모르겠습니다”"
Syntax,Embedded Clauses,3,C,C,"정답은 **C**입니다.

- **C: 엄마는 제주도에서 생각에 잠기곤 한다.**
  - 주어와 서술어로 이루어진 홑문장으로, 다른 문장 속에 들어간 절이 없습니다.
  - ‘제주도에서’는 부사어이고, ‘생각에 잠기곤 한다’는 서술어입니다.

반면 **A, B, D, E, F, G, H, I, J**에는 명사절·관형절·부사절·인용절·서술절 등이 포함되어 있습니다.  
특히 **I의 ‘필력이 매우 좋다’**는 서술절로 볼 수 있습니다."
Syntax,Embedded Clauses,3,J,J,"정답은 **J**입니다.

- **오늘 나는 과제를 해치우려고 한다.**
  - ‘과제를 해치우려고’의 **-려고**는 두 문장을 연결하는 연결 어미입니다.
  - 따라서 이는 **종속적으로 이어진 문장**이지, 한 문장이 다른 문장 속에 들어간 **안은문장**으로 보지 않습니다.

나머지는 다음과 같이 안은문장입니다.

- A, G: 명사절을 안은 문장
- B, H: 서술절을 안은 문장
- C: 부사절을 안은 문장
- D, E, I: 관형절을 안은 문장
- F: 인용절을 안은 문장"
Syntax,Embedded Clauses,2,E,E,"정답은 **E**입니다.

- **의사는 [흑사병이 완치될 수 없음]을 호언장담했다.**
- 안긴문장: **흑사병이 완치될 수 없다**
- 이 문장이 명사형 어미 **‘-ㅁ’**과 조사 **‘을’**이 결합해 **‘흑사병이 완치될 수 없음을’**이 되고, 전체 문장에서 목적어 역할을 합니다.

따라서 E는 **명사절을 안은 문장**입니다."
Syntax,Embedded Clauses,2,E,E,"정답은 **E, I**입니다.

- **E. 아주버니는 [사람 보는] 안목이 대단하시다.**  
  - ‘사람 보는’은 ‘사람이 보다’가 관형사형으로 바뀌어 ‘안목’을 꾸미는 **관형절**입니다.  
  - 따라서 관형절을 안은 문장입니다.

- **I. 지금까지의 강의 내용을 다시 압축적으로 [전달하도록] 하겠습니다.**  
  - ‘전달하도록’은 ‘전달하다’에 ‘-도록’이 붙어 뒤의 ‘하겠습니다’를 꾸미는 **부사절**입니다.  
  - 따라서 부사절을 안은 문장입니다.

따라서 **E, I**입니다."
Syntax,Embedded Clauses,1,E,E,"정답은 **E**입니다.

- **E: 내 친구가 [그 배우는 뭔가 어설프다]고 하더라.**
  - 안긴문장: **그 배우는 뭔가 어설프다**
  - 인용 조사 **-다고**가 붙어 전체 문장 속에 들어간 **인용절**입니다.

다른 문장들은 단순한 문장이나 이어진 문장입니다. 특히 **D**는 ‘-지만’으로 연결된 **이어진 문장**입니다."
Syntax,Embedded Clauses,2,C,C,"정답은 **C**입니다.

- **관희는 [인상이 좋다].**
  - 안긴문장: **인상이 좋다**
  - 전체 문장에서 서술어 역할을 하는 **서술절을 안은 문장**입니다.
  - ‘관희는’은 전체 문장의 주제이고, ‘인상이 좋다’에는 별도의 주어 ‘인상’이 있습니다.

나머지는 주로 부사어·명사구 등이 쓰인 홑문장입니다."
Syntax,Embedded Clauses,2,D,D,"정답은 **D: 팥빙수가 이가 시리게 차갑다.**입니다.

- 안긴문장: **이가 시리다**
- 안긴문장이 부사형 어미 **-게**와 결합하여 **‘차갑다’를 꾸미는 부사절**로 쓰였습니다.

즉, 구조는 다음과 같습니다.

> 팥빙수가 **[이가 시리게]** 차갑다.

따라서 **D**가 안은문장입니다."
Pragmatics,Discourse Principles,2,D,D,"정답은 **D**입니다.

을의 발화인 “이틀을 쫄쫄 굶었더니 배가 너무 고파서요”는 실제로 그럴 가능성이 있으며, 대화 내용만으로는 거짓이거나 근거 없는 말이라고 단정할 수 없습니다.

반면 다른 발화들은 과장, 빈정거림, 근거 없는 일반화나 추측 등을 통해 의도적으로 사실성이 떨어지는 표현을 하고 있습니다."
Pragmatics,Social Relationship Marking,2,G,G,"정답은 **G**입니다.

- 갑: “곧 상담 주간이니까 부모님 모시고 와라.” → 교사가 학생에게 하는 말
- 을: “엄마 바쁜데요.” → 학생이 교사의 요구에 답하는 말

따라서 두 화자는 **교사와 학생의 사제 관계**입니다."
Pragmatics,Speech Acts,2,C,C,"정답은 **C: “그 잘나신 선생은 그래서 어디 있소?”**입니다.

화자가 청자에게 **선생의 현재 위치를 모르거나 의심하여 묻고** 있기 때문입니다. 다만 ‘잘나신’이라는 표현에서 비꼬는 태도도 함께 드러납니다.

다른 보기들은 주로 반문을 통해 비난·불만·놀람·강조 등을 나타냅니다."
Pragmatics,Speech Acts,3,F,J,"정답은 **J**입니다.

- **“이제 그만 나가 주셔야겠습니다.”**는 형식상 평서문이지만, 실제로는 상대방에게 나가 달라고 요구하는 **간접적인 명령·요청**입니다.
- 반면 **J “모두 보던 책은 집어넣자.”**는 청유형으로, 책을 집어넣으라는 행위 요구를 **직접적으로** 드러냅니다.

다른 선택지들은 질문, 희망, 감사 표현, 평가·경고 등을 통해 요청이나 금지의 기능을 간접적으로 수행합니다."
Pragmatics,Speech Acts,2,A,A,"정답은 **A**입니다.

- **A: “다음에는 너도 한 번은 하게 해 주지.”**  
  → 청자에게 행동을 요구하거나 금지하는 말이 아니라, 화자가 앞으로 그렇게 해 주겠다는 **약속·의사 표명**에 가깝습니다.

나머지는 직접적이거나 간접적으로 청자에게 어떤 행동을 하거나 하지 말 것을 요구하는 표현입니다.  
예를 들어 B·C·G는 부탁, D·H는 명령이나 당부, F·I·J는 간접적인 금지·요청으로 볼 수 있습니다."
Syntax,Embedded Clauses,2,G,G,"정답은 **G**입니다.

- **G: 너구리가 겨울잠을 자기에는 너무 이르지.**
  - ‘너구리가 겨울잠을 자기에는’이 ‘너무 이르다’를 꾸미는 **부사절**입니다.
  - 의미: 너구리가 겨울잠을 자기에는 아직 너무 이르다.

다른 문장들은 대체로 다음과 같습니다.

- A, D, H, J: **명사절**
- C, F, I: **관형절**
- B, E: **서술절**

다만 제시된 G가 정확히 **‘겨울잠을 자기 너무 이르지’**로 되어 있다면, 학교 문법상 더 분명한 표현은 **‘겨울잠을 자기에는 너무 이르지’**입니다. 따라서 출제 의도는 G로 보입니다."
Syntax,Embedded Clauses,1,C,C,"정답은 **C**입니다.

- **C: 삼촌은 [숨이 차도록] 한참을 달렸다.**
  - 안긴 문장: **숨이 차다**
  - 형태: **숨이 차도록**
  - 역할: ‘달렸다’를 꾸며 주는 **부사어**  
  - 뜻: 숨이 찰 정도로 달렸다.

다른 문장들의 안긴 문장 역할은 다음과 같습니다.

- A: **오징어 드실 것인지** → 목적어
- B: **브레이크가 망가졌음** → 주어
- D: **우리가 어버이날에 부모님께 선물해드린** → 관형어
- E: **욕실에 있는** → 관형어
- F: **전원이 켜진** → 관형어
- G: **이삿짐을 옮기기란** → 주어
- H: **어디로 옮길지** → 목적어
- I: **날개가 얇다** → 서술절
- J: 안긴 문장이 아니라 일반적인 홑문장으로 볼 수 있습니다."
Syntax,Embedded Clauses,2,H,H,"정답은 **H**입니다.

- **H: 밀렵꾼이 [말버릇이 참 고약하다].**
  - 안긴 문장: **말버릇이 참 고약하다**
  - 이 안긴 문장이 전체 문장에서 **밀렵꾼이 어떠한지 서술하는 서술어 역할**을 합니다.
  - 따라서 **서술절을 안은 문장**입니다.

다른 예들은 대체로 관형절, 명사절, 부사절입니다."
Syntax,Argument Structure & Valency,2,B,B,"정답은 **B**입니다.

- **<보기> 피해자에게 용서를 빌어라**
  - 주어: (너는)
  - 부사어: 피해자에게
  - 목적어: 용서를  
  → **‘빌다’는 세 자리 서술어**입니다.

- **B 큰누나에게 무어라고 대꾸해서는 절대 안 된다**
  - 주어: (너는)
  - 부사어: 큰누나에게
  - 부사어: 무어라고  
  → **‘대꾸하다’도 ‘누구에게 무엇이라고 대꾸하다’의 세 자리 서술어**입니다.

따라서 정답은 **B**입니다."
Syntax,Argument Structure & Valency,1,D,D,"정답은 **D**입니다.

- <보기> **아버지가 김씨를 아들로 삼았다**
  - 아버지가: 주어
  - 김씨를: 목적어
  - 아들로: 부사어
  - **‘삼다’는 주어·목적어·부사어를 요구하는 세 자리 서술어**입니다.

- **D. 할아버지를 출입문으로 안내했다**
  - (주어): 생략
  - 할아버지를: 목적어
  - 출입문으로: 부사어
  - **‘안내하다’도 주어·목적어·부사어를 요구하는 세 자리 서술어**입니다.

따라서 정답은 **D**입니다."
Syntax,Argument Structure & Valency,2,I,I,"정답은 **I**입니다.

- **덧나다**: 주어 하나만 요구하는 **한 자리 서술어**  
  - 위염이 덧났다.
- **불타오르다**: 주어 하나만 요구하는 **한 자리 서술어**  
  - 집념이 불타올랐다.

I의 ‘비아냥거리는 말에’는 불타오르는 계기나 원인을 나타내는 부사어로, 필수 성분이 아닙니다.

따라서 **<덧나다>와 자릿수가 같은 것은 <불타올랐다>**입니다."
Syntax,Argument Structure & Valency,3,G,G,"<보기>의 **‘승인하다’**는

- 위원회가(주어)
- 독립 연맹국을(목적어)
- 승인했다(서술어)

처럼 **두 자리 서술어**입니다.

같은 것은 **G**입니다.

- **장대비로**: 수단을 나타내는 부사어
- **목을**: 목적어
- **축였다**: 서술어

즉, 기본 구조가 **‘누가 무엇을 축이다’**이므로 두 자리 서술어입니다.

따라서 정답은 **G**입니다."
Pragmatics,Implicature,3,E,E,"정답은 **E: “네가 꽃인데 굳이 꽃구경을 가야겠어?”**입니다.

을은 갑을 **꽃에 비유하며 치켜세우고** 있고, 갑의 “비행기 태워도 소용 없어”는 그런 **아첨이나 칭찬에도 마음이 바뀌지 않는다**는 뜻입니다."
Syntax,Argument Structure & Valency,1,F,A,"<보기>의 서술어 **‘버려지고 싶지 않다’**는 다음 두 성분을 요구하는 **두 자리 서술어**로 볼 수 있습니다.

- 주어: (나는)
- 부사어: 친가에게

따라서 같은 두 자리 서술어인 것은 다음입니다.

- **A. 큰누나에게 무어라고 대꾸해서는 절대 안 된다.**  
  → (누가) + 큰누나에게 대꾸하다
- **F. 그가 일개미에게 쏘였다.**  
  → 그가 + 일개미에게 쏘이다

따라서 정답은 **A, F**입니다."
Syntax,Argument Structure & Valency,2,H,H,"<보기>의 **‘흘려보내다’**는 주어와 목적어를 요구하는 **두 자리 서술어**입니다.

- (누가) 애정과 열정과 증오를 흘려보내다  
  → **주어 + 목적어**

따라서 같은 두 자리 서술어는 **H**입니다.

- **H: 소아 비만을 탐구해야겠어요.**
  - (누가) 소아 비만을 탐구하다
  - **주어 + 목적어**

정답: **H**"
Syntax,Argument Structure & Valency,3,J,J,"정답은 **J**입니다.

- **<보기> 덕분에 목숨을 건졌다.**
  - 서술어 **‘건졌다’**: 주어 + 목적어를 요구하는 **2자리 서술어**
  - 주어는 생략되어 있고, 목적어는 **‘목숨을’**입니다.

- **J 행운이 그대와 함께하기를.**
  - 서술어 **‘함께하다’**: 주어 **‘행운이’**와 부사어 **‘그대와’**를 요구하는 **2자리 서술어**입니다.

따라서 정답은 **J**입니다."
Syntax,Argument Structure & Valency,2,C,C,"정답은 **C: <비수기까진>**입니다.

- **“시즌이 비수기까진 아니다”**에서 **‘비수기까진’**은 ‘아니다’의 **보어**입니다.  
  ‘비수기까지는 아니다’라는 뜻으로, 목적어가 아닙니다.

나머지는 모두 목적어에 보조사가 붙은 형태입니다.

- 불협화음만 듣다
- 살코기(를) 발라 주다
- 비디오카세트까지 제공하다
- 입만 삐죽이다
- 기지라도 사수하다
- 공연을 보다
- 소득세조차 신고하다
- 신분증은 지참하다
- 스카프부터 손세탁하다"
Syntax,Agreement,2,F,B,"정답은 **B, F, J**입니다.

- **B. 확실히 힌트를 받으면 질문에 대답할 수 있겠다.**  
  → 힌트를 받으면 대답할 수 있을 것이라는 **가능성·추측**을 나타냅니다.

- **F. 이 주사위는 평범한 주사위일 것이다.**  
  → 주사위가 평범할 것이라는 **추측**을 나타냅니다.

- **J. 회전이 느린 팽이는 더 오래 돌 수 없을 것이다.**  
  → 팽이가 오래 돌지 못할 것이라는 **예상·추측**을 나타냅니다.

반면 A, C, D, G는 결심이나 의지를, E와 H는 의문을, I는 예정이나 의지를 나타냅니다."
Syntax,Argument Structure & Valency,2,H,H,"정답은 **H: <너만>**입니다.

- **너만 오면**에서 ‘너만’은 **‘오다’의 주어**입니다.
- ‘만’은 보조사이며, 목적격 조사 ‘을/를’이 아닙니다.

나머지는 각각 뒤의 서술어가 나타내는 행위의 대상이므로 목적어입니다.  
예: 발목을 삐끗하다, 말을 번역하다, 빨랫비누를 가져오다, 얼굴을 파묻다 등."
Syntax,Agreement,1,E,E,"정답은 **E**입니다.

- **E: 거짓말투성이인 사람과는 이제 작별하겠습니다.**  
  → 화자가 앞으로 그렇게 하겠다는 **의지·계획**을 나타냅니다.

다른 문장들은 다음과 같습니다.

- **A, B, D, G, H, I, J**: 상황에 대한 **추측·판단**
- **C**: 제삼자인 ‘이병’이 곧 건널 것이라는 **예측**
- **F**: 테스트할 수 있다는 **가능성**

따라서 화자의 계획을 직접 나타내는 것은 **E**입니다."
Syntax,Argument Structure & Valency,2,G,G,"정답은 **G: 나만큼 비참한 <사람도> 있을까?**입니다.

- **사람도**는 ‘있다’의 주어입니다.
- 여기서 **도**는 주격 조사 ‘이/가’를 대신한 보조사로 볼 수 있습니다.
- 즉, “나만큼 비참한 사람이 있을까?”라는 뜻입니다.

나머지 표현들은 조사가 생략되었거나 다른 조사가 붙었더라도 목적어로 쓰였습니다.

- D: 여름옷**을** 사러
- F: 팥죽**을** 먹자
- I: 숙제**를** 베낀 학생
- J: 야경**을** 보러"
Syntax,Argument Structure & Valency,2,H,H,"정답은 **H: `<습관은>`**입니다.

- **습관은**: ‘습관’이 **무섭다**의 주제·주어이므로 목적어가 아닙니다.
- 나머지는 조사 **을/를**이 생략되었거나(예: 꽃병을, 계단을), 주제화된 목적어입니다.
  - 예: **그 벽돌은 내가 색칠했어** → ‘벽돌은’은 문맥상 ‘벽돌을’에 해당하는 목적어를 주제화한 표현입니다."
Syntax,Argument Structure & Valency,3,A,A,"정답은 **A**입니다.

- **영미의 오 점 슛이**: 주어  
- **승리의 물꼬가**: ‘되다’ 앞에서 주어를 보충 설명하는 **보어**

따라서 꺾쇠 안의 **물꼬가**는 주어가 아닙니다.  
나머지는 각각 문장에서 주어 역할을 합니다."
Syntax,Agreement,1,E,E,"정답은 **E**입니다.

- **E: “범죄자는 모조리 검거하고 말겠다.”**
  - 선어말어미 **‘-겠-’**이 화자의 **강한 의지와 결심**을 나타냅니다.
  - 아직 검거하지 않았지만, 반드시 검거하겠다는 의도입니다.

나머지는 주로 추측이나 가능성을 나타냅니다.

- A, B, C, F, G: 추측
- D, H, I, J: 가능성이나 능력 등을 나타냄"
Syntax,Embedded Clauses,2,E,E,"정답은 **E. 일본은 자판기가 유명하다.**입니다.

- 전체 문장: **일본은 [자판기가 유명하다]**
- 안긴 절 **‘자판기가 유명하다’**가 문장 전체에서 서술어 역할을 하므로 **서술절을 안은 문장**입니다.

다른 문장들은 다음과 같습니다.

- A, J: 부사절
- B, C, D, F: 명사절
- G, H, I: 관형절"
Syntax,Embedded Clauses,3,J,J,"정답은 **J**입니다.

- **J: 이 휘발유는 [구린내가 심하다].**
  - ‘구린내가 심하다’가 문장 전체에서 서술어 구실을 하는 **서술절**입니다.
  - 전체 구조는 **이 휘발유는 [구린내가 심하다]**로, ‘이 휘발유는’이 바깥 주어이고 ‘구린내가 심하다’가 서술절입니다.

나머지는 다음과 같습니다.

- A, F, H: 관형절
- D, E, G, I: 명사절
- B: 부사절
- C: 홑문장
- J: **서술절을 안은 문장**"
Syntax,Embedded Clauses,2,G,G,"정답은 **G**입니다.

- **G: 이 통조림은 [뚜껑이 꽤 작다].**
  - 안긴 문장: **뚜껑이 꽤 작다**
  - 전체 문장에서 **서술어** 역할을 합니다.
  - ‘이 통조림은’이 주제(또는 주어)이고, ‘뚜껑이 꽤 작다’가 이를 설명하는 **서술절**입니다.

다른 예들은 안긴 문장이 주로 목적어, 주어, 관형어, 부사어 등의 역할을 합니다."
Syntax,Embedded Clauses,3,G,G,"정답은 **G**입니다.

- **G: 팀장님이 토론에 참석했음은 전해 듣지 못했다.**
  - 명사절: **팀장님이 토론에 참석했음**
  - 이 명사절은 ‘전해 듣지 못했다’의 내용, 즉 **목적어 역할**을 합니다.
  - 여기서 **‘-ㅁ’**은 절을 명사화하고, **‘은’**은 보조사로 쓰였습니다.  
  - 의미상으로는 “팀장님이 토론에 참석했다는 사실을 전해 듣지 못했다.”입니다.

참고로,

- **F**: 명사절이 주어 역할
- **H, I**: 명사절이 주어 또는 주제 역할
- 나머지: 관형절이나 부사어 등이 쓰인 문장

따라서 답은 **G**입니다."
Syntax,Embedded Clauses,2,E,E,"정답은 **E**입니다.

- **E: [토마토를 다 먹었음]은 털어놓지 않았다.**
  - 안긴 문장: **토마토를 다 먹었음**
  - 명사절로 안겨 있으며, ‘털어놓지 않았다’의 **목적어** 역할을 합니다.
  - 원래 형태는 **“토마토를 다 먹었음을 털어놓지 않았다.”**이고, 목적격 조사 ‘을’ 대신 보조사 ‘은’이 쓰인 것으로 볼 수 있습니다.

다른 선택지의 안긴 문장은 주로 관형어, 부사어, 주어 등의 역할을 합니다."
Pragmatics,Speech Acts,3,C,C,"정답은 **C: “입에는 좀 맞으셨나 모르겠네요.”**입니다.

이 발화는 상대의 음식 취향이나 느낌을 묻는 **질문**의 기능을 합니다.  
“성함이 어떻게 되세요?” 역시 상대방에게 정보를 묻는 질문이므로 같은 유형입니다.

- B: 청유
- E: 진술
- F, I: 명령 또는 요청
- A, D, G, H, J: 감정 표현이나 수사적 질문에 가까움"
Pragmatics,Speech Acts,2,J,B,"정답은 **B, J**입니다.

- **B: “이리로 쭉 들어가시면 되겠습니다.”**  
  상대방에게 길이나 방법에 관한 사실을 알려 주는 진술입니다.

- **J: “걔라고 좋아서 이런 짓을 하겠어요?”**  
  의문문 형식이지만, 실제로는 “그가 좋아서 이런 일을 하는 것은 아니다”라는 주장을 나타내는 반문입니다.

나머지는 부탁, 제안, 질문, 약속 등의 발화에 해당합니다."
Pragmatics,Speech Acts,2,E,E,"정답은 **E**입니다.

- **E: “좀 내립시다.”**  
  형식상으로는 함께 행동하자는 **청유문**이지만, 만원 열차에서 앞을 막고 선 사람에게는 실제로 **“안쪽으로 좀 이동해 주세요”**라는 요청·명령의 의도로 사용됩니다. 즉, 문장 형식과 실제 발화 의도가 일치하지 않아 간접적으로 의사를 드러낸 경우입니다.

반면 F는 명령·요청 형식과 의도가 일치하고, B·D·G·I는 질문 형식과 의도가 대체로 일치합니다."
Phonetics/Phonology,Phonological Constraints,3,H,D,"정답은 **D**입니다.

이중모음 **‘ㅢ’**가 중성에 오더라도 종성에 자음이 올 수 있습니다. 예를 들어 **‘흰’**은 형태상 ‘ㅢ’와 종성 ‘ㄴ’이 결합한 음절입니다. 따라서 “‘ㅢ’가 중성에 오면 종성에는 자음이 올 수 없다”는 설명은 옳지 않습니다.

- **C**: 초성 자음은 최대 1개 → 음절 구조 제약  
- **F·G·I**: 종성 자음의 실현 및 제약 → 음절 구조 제약  
- **A·J**: 인접한 음절 사이의 자음 배열 → 음절 배열 제약  
- **B·H·E**: 특정 음소의 위치나 결합에 관한 제약  

※ ‘흰’은 실제 발음에서 [힌]으로 실현되지만, 표기상 ‘ㅢ’와 종성 ‘ㄴ’이 함께 나타나는 예입니다."
Phonetics/Phonology,Phonological Constraints,2,D,J,"정답은 **D. 다쳐 [다처]**입니다.

- **다쳐**의 /ㅕ/는 반모음 **[j]**와 모음 **[ㅓ]**로 이루어져 있습니다.
- 따라서 **/ㅊ/ + /j/**의 결합에서 반모음이 탈락하여 **[다처]**로 발음된 것으로, 이는 **자음과 반모음 사이의 음소 배열 제약**에 해당합니다.

나머지는 자음과 자음이 연속될 때의 거센소리·된소리·비음화·유음화 등의 현상입니다."
Phonetics/Phonology,Phonological Constraints,3,C,C,"정답은 **C: 연구, 엽서**입니다.

- **요리**: 료리 → 요리 → 두음법칙 적용
- **연습**: 련습 → 연습 → 두음법칙 적용
- **여행**: 려행 → 여행 → 두음법칙 적용
- **유행**: 류행 → 유행 → 두음법칙 적용
- **연구**: 한자음이 본래 ‘연’이므로 두음법칙과 무관
- **엽서**: 첫소리가 ‘엽’으로, 두음법칙 적용 대상이 아님

따라서 **연구, 엽서**입니다."
Phonetics/Phonology,Suprasegmental Features,3,A,F,"정답은 **F: 공, 무, 배, 감**입니다.

- 공놀이의 **공**: [공ː]
- 국물 재료인 **무**: [무ː]
- 후식으로 먹은 **배**(과일): [배ː]
- 후식으로 먹은 **감**(과일): [감ː]

따라서 장음으로 발음되는 단어는 **공, 무, 배, 감**입니다."
Semantics,Semantic Compatibility,3,F,F,"옳은 설명은 **1개**입니다.

- **“신기”의 경험주역이다.** → 사또는 알을 보고 ‘신기함’을 느끼는 주체이므로 맞습니다.

나머지는 사또와 해당 명사 사이의 의미역 관계가 성립하지 않습니다.

따라서 정답은 **F: 1**입니다."
Morphology,POS & Morphemes,3,J,J,"정답은 **J: (ㄱ), (ㄹ)**입니다.

- 작은따옴표 안의 형태소들은 모두 **다른 말에 붙어서 쓰이는 의존 형태소**입니다.  
  → **(ㄹ)**
- 이들은 음운 환경에 따라 형태가 달라질 수 있습니다.  
  - 로/으로  
  - 는/은  
  - 었/았  
  - 짓-/지어-  
  - 을/를 등  
  → **(ㄱ)**

따라서 공통점은 **(ㄱ), (ㄹ)**입니다."
Semantics,Semantic Compatibility,3,E,I,"알맞은 설명은 **없습니다**.

- 상술: 동반주역이 아니라 ‘없었다’의 원인역
- 명절: 차례의 동반주역·대상역이 아니라 시간역
- 해외: 국내의 경로역이 아니며, ‘떠나’의 출발점이 아니라 도착점
- 연휴: 명절의 경험주역이 아님
- 고물가: 상술의 결과상태역이 아님
- 국내: ‘없었다’의 기준치역이 아니며, 내수의 장소역도 아님
- 내수: 국내의 장소역이 아님

따라서 개수는 **0개**, 정답은 **I**입니다."
Semantics,Semantic Compatibility,3,J,G,"옳은 것은 **없으므로 0개**입니다.

따라서 정답은 **G**입니다."
Pragmatics,Deixis & Reference,3,D,A,"정답은 **A: ('그거[2]', '그거[3]')**입니다.

- **그거[1]**: 얼그레이 라떼
- **요게 → 그거[2]**: 에스프레소 메뉴 중 특히 추천하는 음료
- **그거[3]**: 앞서 언급된 그 에스프레소 음료
- **그거[4]**: 을이 주문하려는 얼그레이 라떼

따라서 **그거[2]와 그거[3]**이 같은 대상을 가리킵니다."
Pragmatics,Deixis & Reference,3,I,I,"정답은 **I: (‘여긴’, ‘거기(1)’, ‘거기(3)’) **입니다.

- **여긴**: 갑이 현재 있는 곳을 가리킵니다.
- **거기(1)**: 을이 갑의 현재 위치를 가리키므로 **여긴**과 같은 곳입니다.
- 갑이 가지를 찾은 뒤 을이 말한 **거기(3)**도 갑이 현재 있는 곳, 즉 **창고**를 가리킵니다.
- **거기(2)**는 앞에서 언급한 **마당**을 가리키고, **거기(4)**는 **다용도실**을 가리킵니다.

따라서 창고와 같은 대상을 가리키는 말은 **여긴, 거기(1), 거기(3)**입니다."
Pragmatics,Deixis & Reference,3,I,I,"정답은 **I: (‘그것’, ‘저 책’)**입니다.

- 을: “내 취향은 **저거**야.” → 연작 소설을 가리킴.
- 갑: “그럼 **그것**까지 읽어 볼게.” → 앞서 을이 가리킨 ‘저거’를 다시 가리킴.
- 갑: “네가 좋아한다는 **저 책**” → 을이 좋아한다고 한 연작 소설을 가리킴.

따라서 **‘그것’과 ‘저 책’은 같은 대상을 가리킵니다.**"
Phonetics/Phonology,Phonological Alternation,2,J,J,"정답은 **J. 싫증**입니다.

- **싫증** → **[실쯩]**
  - ‘ㅀ’의 **ㅎ이 발음되지 않고**, 뒤의 ‘ㅈ’이 된소리 **ㅉ**으로 발음됩니다.
  - 따라서 거센소리되기(ㅈ → ㅊ)가 일어나지 않습니다.

나머지는 다음과 같이 거센소리되기가 일어납니다.

- 좋다 → [조타]
- 밝히다 → [발키다]
- 싫고 → [실코]
- 좁히다 → [조피다]
- 솔직히 → [솔찌키]
- 닳지 → [달치]
- 맏형 → [마텽]
- 쌓지 → [싸치]
- 국화 → [구콰]"
Pragmatics,Deixis & Reference,3,D,D,"정답은 **D: ('이거[1]', '얘')**입니다.

- 을의 **‘저거’**: 을이 새로 가리킨 옷
- 을의 **‘이거[1]’**: 앞서 가리킨 ‘저거’를 다시 가리킴
- 갑의 **‘얘’**: 을이 보고 있던 바로 그 옷을 가리킴

따라서 ‘저거’와 같은 대상을 가리키는 표현은 **‘이거[1]’, ‘얘’**입니다."
Phonetics/Phonology,Phonological Alternation,3,A,A,"정답은 **A: 생산량**입니다.

- **생산량** → **[생산냥]**
- 앞의 비음 **ㄴ**의 영향으로 뒤의 **ㄹ**이 비음 **ㄴ**으로 바뀌어, 비강 공명이 수반되는 **비음화**가 일어납니다.

나머지 예들은 주로 **ㄴ·ㄹ이 서로 영향을 받아 ㄹㄹ로 발음되는 유음화**에 해당합니다."
Phonetics/Phonology,Phonological Constraints,3,G,G,"정답은 **G: ‘연지’**입니다.

- **연지(臙脂)**의 ‘연(臙)’은 본래 한자음이 **연**이므로, 어두의 ‘ㄹ’이나 ‘ㄴ’이 변형된 경우가 아닙니다.
- 반면 나머지는 한자음의 첫소리가 두음 법칙에 따라 바뀐 예입니다.

예를 들면:

- 력사 → **역사**
- 녀자 → **여자**
- 련민 → **연민**
- 로인 → **노인**
- 례의 → **예의**

따라서 두음 법칙이 나타나지 않는 것은 **G**입니다."
Pragmatics,Social Relationship Marking,2,I,I,"정답은 **I**입니다.

갑이 을에게 “오늘 저녁 같이 먹을래?”라고 제안하고, 을이 “우리 언니 생일이라…”라고 거절하는 상황이므로 두 화자는 **친구나 지인 관계**로 보입니다. 나머지는 부모와 자녀, 형제자매 등 가족 간의 대화입니다."
Semantics,Conjunctions,1,H,H,"정답은 **H**입니다.

- **그러므로**는 앞의 내용이 뒤의 내용의 **논리적인 원인이나 근거**가 될 때 사용합니다.
- 하지만 “휴대폰 배터리가 다 닳았다”는 사실만으로 “충전 단자가 고장 났다”고 단정할 수 없습니다. 배터리는 사용 시간이 길어서도 닳을 수 있기 때문입니다.

따라서 다음과 같이 고치는 것이 자연스럽습니다.

> 휴대폰 배터리가 다 닳았다. **그러나** 휴대폰의 충전 단자가 고장이 났을 수도 있다."
Semantics,Ambiguity,2,I,I,"옳지 않은 것은 **I**입니다.

「깔끔한 안방과 부엌이 좋다」는 두 가지로 해석될 수 있습니다.

1. **[깔끔한 안방]과 [부엌]**이 좋다.  
   → 부엌이 깔끔하다는 뜻은 아님.
2. **[깔끔한 [안방과 부엌]]**이 좋다.  
   → 안방과 부엌 모두 깔끔함.

따라서 이 문장에서 부엌이 **항상** 깔끔한 속성을 가진다고 할 수 없으므로 I가 옳지 않습니다."
Semantics,Ambiguity,3,I,H,"엄밀히 말하면 **H와 I 모두 구조적 중의성이 없습니다.**

- **H. 영희는 새 옷을 입고 있다.**  
  - ‘새’가 **새로운**이라는 뜻인지, **새(조류)**라는 뜻인지에 따라 해석이 달라질 수 있지만, 이는 **어휘적 중의성**입니다.
- **I. 엄마가 출근 준비를 하는 중이다.**  
  - ‘출근 준비를 하다’라는 하나의 자연스러운 구성으로, 구조적으로 두 가지로 분석되지 않습니다.

따라서 한 문장만 고르도록 출제된 문제라면 보통 **I**를 정답으로 의도했을 가능성이 있지만, **H도 구조적 중의성은 없으므로 문제 자체가 엄밀하게는 복수 정답**입니다."
Semantics,Word Relationships,1,I,I,"정답은 **I: 수리하다**입니다.

- **보다–전망하다**: 서로 비슷한 의미를 지닌 **유의 관계**
- **고장 난 컴퓨터를 고치다–수리하다**: ‘고치다’와 ‘수리하다’가 유의 관계

따라서 **I. 수리하다**가 알맞습니다."
Semantics,Word Relationships,1,A,A,"정답: **A. 물어보세요**

“질문하세요”는 궁금한 점을 **물어보세요**라는 뜻입니다."
Semantics,Ambiguity,2,D,D,"정답은 **D**입니다.

“저 배 좀 봐”의 **배**는 과일, 교통수단, 신체 부위로 해석될 수 있습니다. 그런데 “저 아름다운 배 좀 봐”로 바꾸어도 다음과 같은 해석이 여전히 가능합니다.

- 아름다운 배(과일)
- 아름다운 배(선박)
- 아름다운 배(신체 부위)

따라서 수식어 **‘아름다운’**을 붙여도 중의성이 해소되지 않습니다."
Semantics,Ambiguity,2,A,A,"정답은 **A**입니다.

- **“말이 많다”**는 중의적입니다.
  - 말을 많이 한다 → 수다스럽다
  - 말(馬)이 많다 → 동물이 많다

따라서 A의 “중의적이지 않아”라는 설명이 부적절합니다.  
반면 **“배가 참 맛있다”**에서는 일반적으로 ‘배’가 과일을 뜻하고, **“저 배 좀 봐”**는 과일·신체 부위·교통수단으로 여러 해석이 가능합니다."
Syntax,Agreement,2,A,A,"정답은 **A**입니다.

- **A**: ‘별로’는 주로 **‘않다, 못하다’와 같은 부정 표현**과 호응합니다.  
  따라서 “상사의 말에 **별로 따르고 싶지 않다**”가 자연스럽습니다.

다른 선택지의 설명은 적절하지 않습니다.

- **B**: ‘설령’은 문두에 올 수 있으며, 보통 ‘-더라도, -ㄹ지라도’와 호응합니다.
- **D**: ‘결코’도 문두에 올 수 있지만, ‘않다’와 같은 부정 표현이 필요합니다.
- **F**: ‘여간’은 보통 ‘여간 … 않다’의 형태로 쓰입니다.
- **H**: ‘왜냐하면’은 대개 ‘-기 때문이다’와 호응해야 합니다.
- **J**: ‘비단’은 ‘비단 A뿐만 아니라 B도’와 같이 쓰이며, ‘-임에도 불구하고’와 관련이 없습니다."
Syntax,Argument Structure & Valency,1,E,E,"정답은 **E: <수술>**입니다.

- **수술**은 ‘마치다’의 목적어입니다.  
  → “오늘 **수술을** 잘 마쳤니?”  
- 주어는 문맥상 생략된 **너**입니다.

나머지는 모두 주어입니다.  
예를 들어 A의 ‘연이율이’는 ‘연이율이 어떻다’라는 절의 주어이고, D·F·I·J의 ‘은/는’도 주어에 붙은 보조사입니다."
Syntax,Argument Structure & Valency,1,I,I,"정답은 **I: <널>**입니다.

- **널** = **너를**의 준말
- 조사 **‘를’**이 붙어 있으므로 **목적어**입니다.
- 문장에서는 “(내가) 널 택하겠어”로, 주어 **‘내가’**가 생략되어 있습니다.

나머지 표현들은 문장에서 주어 또는 주제 역할을 합니다."
Syntax,Argument Structure & Valency,3,I,I,"정답은 **I: 내가**입니다.

- 문장: **화분에 손댄 건 내가 아니다.**
- 주어: **화분에 손댄 건**(= 화분에 손댄 것은)
- **내가**: ‘아니다’ 앞에서 대상을 나타내는 **보어**

즉, “화분에 손댄 것은 내가 아니다”에서 ‘화분에 손댄 것’이 주어이고, ‘내가’는 그것이 아님을 밝히는 보어입니다."
Syntax,Argument Structure & Valency,2,G,G,"정답은 **G: <귀신>**입니다.

- **귀신**은 ‘본’의 대상이므로 목적어입니다.  
  → “너 혹시 **귀신을** 본 적 있니?”
- 주어는 생략된 **너**입니다."
Syntax,Agreement,1,J,J,"정답은 **J: 난 이제 세면대에서 얼굴을 씻겠다.** 입니다.

- **씻겠다**: 화자의 의지·결심을 나타냅니다.
- 나머지는 주로 추측, 가능성, 예상 또는 일반적인 사실을 나타냅니다."
Syntax,Agreement,2,G,G,"정답은 **G**입니다.

- **엿보이지 않았다**: ‘엿보다’에 피동 접사 **-이-**가 붙은 **피동 표현**입니다.
- 따라서 주어가 직접 행동하는 주동 표현이 아닙니다.

반면 나머지는 ‘강행했다, 어그러졌다, 말대답했다, 시해했다, 감내했다, 만끽했다’처럼 주어의 행위를 나타내는 주동 표현입니다."
Semantics,Semantic Compatibility,1,C,C,"가장 어색한 것은 **C**입니다.

- **허기를 먹었다**는 표현은 자연스럽지 않습니다.  
- 보통은 **“허기를 달랬다”**, **“배를 채웠다”**, 또는 **“허기를 달래고자 음식을 먹었다”**라고 합니다.

따라서 문장은 **“배를 달래고자 음식을 먹었다”**처럼 고치는 것이 자연스럽습니다."
Semantics,Semantic Compatibility,1,E,E,"가장 부적절한 선지는 **E**입니다.

- **E: 하늘엔 주식이 밝게 빛나고 있었다.**
  - ‘주식’은 보통 주식(株式)이나 주식(主食)을 뜻하므로 하늘에서 밝게 빛나는 대상으로는 부적절합니다.
  - 문맥상 **“하늘엔 별이 밝게 빛나고 있었다.”**가 자연스럽습니다."
Syntax,Argument Structure & Valency,3,H,H,"정답은 **H: 온종일 여행사가 설치고 있다.**입니다.

- **‘설치다’**는 주어가 스스로 어떤 행동을 하는 **능격동사(unergative)**입니다.  
  따라서 **‘여행사’는 동사구의 외부 논항 위치**, 즉 기저적으로 주어 위치에서 생성됩니다.

- 나머지 문장들의 술어는 대체로 주어가 어떤 상태에 놓이거나 변화·움직임을 겪는 **비능격동사(unaccusative)**적 성격을 가집니다. 이 경우 주어는 기저적으로 목적어와 같은 **동사구 내부 위치**에서 생성된다고 봅니다.

따라서 주어의 기저 생성 위치가 다른 것은 **H**입니다."
Syntax,Argument Structure & Valency,2,D,D,"정답은 **D: 농부가 연말에 축제의 자리에서 뽐내고 있다.**입니다.

- **뽐내다**는 주어가 스스로 행위를 하는 **비능격동사**입니다.
- 따라서 행위자 주어인 **‘농부가’**와 짝을 이룹니다.

반면 다른 문장들의 동사는 대체로 주어가 어떤 상태 변화나 현상을 **겪는 비대격적 성격**을 보입니다.  
예: *젖다, 나타나다, 떠가다, 번지다* 등."
Syntax,Argument Structure & Valency,3,C,D,"정답은 **D. 만개하다**입니다.

**만개하다**는 사전적 의미가 모두 대체로 자동사입니다.

- 꽃이 만개하다.
- 문화가 만개하다.

즉, 주어만을 요구하는 **한 자리 서술어**로 쓰이며, 목적어를 취하는 타동사로는 쓰이지 않습니다.  
반면 **연발하다, 갈기다, 수렴하다** 등은 의미에 따라 자동사·타동사로 자릿수가 달라질 수 있습니다."
Syntax,Argument Structure & Valency,3,B,B,"정답은 **B: 익히다**입니다.

- **익히다**는 의미가 달라져도 기본적으로 목적어를 필요로 하는 **두 자리 서술어**입니다.  
  - *학생이 한자를 익혔다.*  
  - *어머니가 고기를 익혔다.*

반면 다른 서술어들은 상황에 따라 목적어나 부사어 등이 추가되어 자릿수가 달라질 수 있습니다.

예를 들어 **떠받들다**는  
- *기둥이 지붕을 떠받든다.* → 두 자리  
- *사람들이 그를 영웅으로 떠받든다.* → 세 자리  

따라서 올바르지 않은 것은 **B**입니다."
Syntax,Argument Structure & Valency,3,G,E,"정답은 **E: 치솟다**입니다.

**치솟다**는 주로 주어만을 필요로 하는 **한 자리 서술어**입니다.

- 불길이 치솟았다.
- 물가가 치솟았다.

여기서 ‘하늘로’, ‘높이’ 등은 필수 성분이 아닌 부사어이므로 자릿수를 늘리지 않습니다.

반면 다른 단어들은 의미나 쓰임에 따라 필요한 문장 성분의 수가 달라질 수 있습니다. 예를 들어 **읽히다**는 피동으로 쓰이면 “책이 읽힌다”(한 자리), 사동으로 쓰이면 “선생님이 아이에게 책을 읽힌다”(세 자리)처럼 쓰입니다."
Syntax,Argument Structure & Valency,3,A,I,"정답은 **I. 닫다**입니다.

- **닫다**는 일반적으로 목적어를 필요로 하는 **두 자리 서술어**입니다.  
  - 예: *철수가 문을 닫았다.*  
  → 주어 ‘철수’ + 목적어 ‘문’ + 서술어 ‘닫았다’

다른 서술어들은 쓰임에 따라 자릿수가 달라질 수 있습니다.

- **겹치다**: *일정이 겹치다* / *종이를 겹치다*
- **개다**: *날이 개다* / *이불을 개다*
- **뭉치다**: *사람들이 뭉치다* / *흙을 뭉치다*
- **버리다**: *쓰레기를 버리다* / 보조 용언 *먹어 버리다*
- **부치다**: *편지를 부치다* / *안건을 회의에 부치다*

따라서 사용례에 따른 서술어 자릿수의 변화가 없는 것은 **I. 닫다**입니다."
Pragmatics,Implicature,3,E,A,"정답은 **A: 즉석복권에 당첨돼서 천 원을 땄어.**입니다.

복권에 당첨되어 돈을 얻었다는 좋은 일이므로, 갑이 “그런 일이 있었으면 나한테도 한 잔 사야지.”라고 말하는 것이 자연스럽습니다."
Syntax,Agreement,2,J,J,"정답은 **J**입니다.

- **내가 친구와 가까워지고 싶었던 것은 보석과도 같은 그녀의 태도였다.**

이 문장은 ‘내가 친구와 가까워지고 싶었던 것’과 ‘그녀의 태도’를 동일시하는 형태라 의미상 호응이 자연스럽지 않습니다.  
‘그녀의 태도 때문이었다’ 또는 ‘그녀의 태도 때문이었다’처럼 원인을 나타내야 자연스럽습니다.

> 자연스러운 표현: **내가 친구와 가까워지고 싶었던 것은 보석과도 같은 그녀의 태도 때문이었다.**"
Pragmatics,Speech Acts,3,E,E,"정답은 **E**입니다.

- **E: “자, 이제 내립시다.”**  
  → 화자의 의도인 **함께 내리자는 제안**과 문장 유형인 **청유문**이 일치합니다. 따라서 간접적으로 기능하는 표현이 아닙니다.

반면 A, C, F, I, J 등은 명령·요청의 의도를 평서문이나 의문문 등으로 표현한 간접 화행의 예입니다."
Pragmatics,Speech Acts,1,G,H,"정답은 **H: 거 좀 빨리빨리 합시다.**입니다.

‘뒤로 좀 가시면 좋겠는데요.’는 **평서문 형식**이지만 실제로는 상대방에게 뒤로 가 달라고 요구하는 **요청·명령의 기능**을 합니다. 즉, 문장 형식과 화행 기능이 일치하지 않는 간접 화행입니다.

반면 H는 **청유문 형식**인 ‘합시다’가 실제로도 함께 행동하자는 **청유의 기능**을 하므로, 문장 유형과 기능이 일치합니다."
Pragmatics,Speech Acts,2,B,A,"정답은 **A, B, D, G**입니다.

이들은 모두 청자와 화자가 **함께 어떤 행동을 하자고 제안하거나 요청**하는 표현입니다.

- **A** 거기 길 좀 **물읍시다**. → 함께 길을 묻자.
- **B** 이제 그만 **일어날까요?** → 함께 일어나자는 제안.
- **D** 보던 책은 **집어넣자**. → 함께 책을 집어넣자.
- **G** 조용히 좀 **합시다**. → 함께 조용히 하자는 요청.

반면 **E**는 화자 자신의 행동 의지, **F·I**는 청자에게만 행동을 요구하는 명령, **H**는 부탁을 하겠다는 뜻이며, **J**는 지수에게 말해 보라고 제안하는 표현이므로 청자와 함께하는 행동을 청하는 경우로 보기 어렵습니다."
Pragmatics,Speech Acts,3,E,E,"정답은 **E: 7시까지 운동장으로 집합한다.**입니다.

“할머니 이제 가신다는데 뭐 하니?”는 겉으로는 질문 형식이지만, 실제 의도는 **‘어서 인사하러 가라’ 또는 ‘무언가 하라’는 명령**에 가깝습니다.  
E 역시 평서문 형식이지만 실제로는 **‘7시까지 운동장으로 집합하라’는 명령**을 나타냅니다."
Syntax,Embedded Clauses,1,B,B,"정답은 **B**입니다.

- **B: [밤사이 보조금을 신청하기]가 빠듯해졌다.**
  - ‘밤사이 보조금을 신청하기’가 명사형 어미 **-기**로 끝난 안긴 문장입니다.
  - 여기에 주격 조사 **가**가 붙어 전체 문장에서 **주어** 역할을 합니다.

다른 예들은 다음과 같습니다.

- C: 명사절 — ‘어디서 자꾸 의약품을 사오는지’가 **목적어**
- D: 명사절 — ‘메추라기를 잡아오기를’이 **목적어**
- E, G: 부사절
- F, H, I: 관형절
- A, J: 서술절을 포함한 문장

따라서 답은 **B**입니다."
Syntax,Embedded Clauses,2,B,B,"정답은 **B**입니다.

- **B: 갑자기 마감 기한이 연장되는 것은 부당하다.**
  - 주어: **갑자기 마감 기한이 연장되는 것**
  - 서술어: **부당하다**
  - ‘마감 기한이 연장되는 것’이 **명사절**로서 문장 전체의 주어 역할을 합니다.

다른 선택지의 절들은 주어가 아닌 관형어, 목적어, 부사어 등의 역할을 합니다."
Syntax,Embedded Clauses,1,I,I,"정답은 **I**입니다.

- **I: 이 중학생이 테스트를 제시간에 마쳤지가 의심스럽다.**
  - **[이 중학생이 테스트를 제시간에 마쳤는지]**가 주어 역할을 하는 명사절입니다.
  - ‘-는지’가 붙어 절을 명사절로 만들고, 전체 명사절이 ‘의심스럽다’의 주어가 됩니다.

참고로:

- **J**의 ‘우리 부모님이 맞벌이 하시는지’는 ‘물어보셨다’의 **목적어 역할**을 합니다.
- **F**의 ‘가족사진 찍기’도 명사형 표현이지만 주어가 아니라 **포기했다의 목적어**입니다."
Syntax,Embedded Clauses,3,E,E,"정답은 **E**입니다.

- **E. 학생회장은 학생들 앞에서 선서했다.**
  - 주어: *학생회장*
  - 서술어: *선서했다*
  - 다른 문장 속에 절이 안겨 있지 않은 **홑문장**입니다.

나머지는 다음과 같이 안긴문장을 포함합니다.

- A, C, F: 관형절
- B, G: 명사절
- D: 인용절
- H, J: 서술절
- I: 부사절「개념 없이」"
Syntax,Argument Structure & Valency,1,I,I,"정답은 **I**입니다.

- <보기> **장아찌가 생각보다 맵다.**
  - 서술어 **‘맵다’**는 주어인 **‘장아찌가’**만 필수적으로 요구하는 **한 자리 서술어**입니다.
  - **‘생각보다’**는 비교를 나타내는 부사어로, 없어도 문장이 성립합니다.

- **I. 이번 달 물품 재고가 과잉되었다.**
  - 서술어 **‘과잉되었다’**는 주어인 **‘재고가’**만 요구하는 **한 자리 서술어**입니다.

따라서 **I**입니다."
Syntax,Argument Structure & Valency,1,A,A,"정답은 **A, F**입니다.

- **<걷혔다>**: ‘뭉게구름이 걷혔다’에서 주어만 요구하는 **한 자리 서술어**
- **A <헝클어졌다>**: ‘가르마가 헝클어졌다’ → 주어만 요구하는 한 자리 서술어
- **F <들이닥쳤다>**: ‘해결사들이 들이닥쳤다’ → 주어만 요구하는 한 자리 서술어

따라서 서술어의 자릿수가 같은 것은 **A와 F**입니다."
Syntax,Embedded Clauses,2,I,I,"정답은 **I**입니다.

- **I: 식품은 [농도가 높은] 식염수로 처리해야 한다.**
  - 안긴 문장: **농도가 높다**
  - 이를 관형사형 **‘높은’**으로 바꾸어 **‘식염수’**를 꾸미고 있으므로, 안긴 문장의 역할은 **관형어**입니다.

다른 문장들의 안긴 문장은 주로 목적어, 주어, 부사어 등의 역할을 합니다."
Syntax,Embedded Clauses,3,E,E,"정답은 **E, G**입니다.

- **E: 천왕성이 누워서 돈다는**
  - 안긴 문장: **천왕성이 누워서 돈다**
  - 서술어 **돌다**는 주어만 필요로 하는 **한 자리 서술어**입니다.

- **G: 아들놈이 서성인**
  - 안긴 문장: **아들놈이 서성인다**
  - 서술어 **서성이다**도 주어만 필요로 하는 **한 자리 서술어**입니다.

다른 문장들의 안긴 문장에는 목적어 등이 필요하므로 두 자리 이상의 서술어가 쓰였습니다."
Syntax,Embedded Clauses,3,C,C,"정답은 **C**입니다.

- **C: 수심이 낮은 곳에서…**
  - 안긴 문장: **수심이 낮다**
  - 서술어 **‘낮다’**는 주어 **‘수심이’**만 필요로 하는 **한 자리 서술어**입니다.
  - 따라서 2개나 3개의 성분을 요구하지 않습니다.

다른 문장들의 안긴 문장 서술어는 목적어나 부사어 등을 필요로 하는 **두 자리 또는 세 자리 서술어**로 볼 수 있습니다."
Syntax,Embedded Clauses,3,C,G,"정답은 **G**입니다.

- **G: 우리가 합의하지 않은 판단은 허가할 수 없습니다.**
  - 안긴 문장: **우리가 합의하지 않은**
  - 서술어: **합의하다**
  - 주어 **우리**만으로도 문장이 성립하므로 **한 자리 서술어**로 볼 수 있습니다.

다른 문장들의 안긴 문장 서술어는 대체로 목적어나 필수 부사어를 요구합니다.

- A: 길에 **오르다** → ‘길에’ 필요
- B: 급식실에 **들어오다** → ‘급식실에’ 필요
- D: 분노를 **아끼다** → 목적어 필요
- H: 턱을 **닮다** → 목적어 필요
- I: 등불을 **피우다** → 목적어 필요

따라서 **G**입니다."
Syntax,Embedded Clauses,3,E,E,"정답은 **E**입니다.

- **내가 갈 수 있는 호텔**
  - 안긴 문장의 원래 형태: **내가 호텔에 갈 수 있다.**
  - 여기서 **호텔**은 ‘가다’의 목적지를 나타내므로 **부사어(‘호텔에’)**입니다.

다른 예들은 대체로 꺾쇠 안의 말이 안긴 문장에서 주어·목적어 등의 기능을 합니다.

따라서 정답은 **E. 내가 갈 수 있는 <호텔>에는 카지노가 없다.**"
Pragmatics,Discourse Principles,2,A,A,"정답은 **A**입니다.

여러 음식(밥, 면, 빵)을 장황하게 나열한 뒤 “아무거나 먹자”라고 하여, 무엇을 원하는지 **불명확하고 결정하기를 회피하는 태도**가 드러납니다."
Semantics,Semantic Compatibility,2,E,E,"정답은 **E: 1**입니다.

- **“[태양]과 순우리말인 ‘해’는 여기서 같은 의미로 사용되지 않았다.”**  
  → 옳습니다. `[태양]`의 ‘해’는 천체인 태양을 뜻하지만, ‘올해’와 ‘한 해’의 ‘해’는 ‘일 년’이라는 기간을 뜻합니다.

나머지 문장들은 `[태양]`의 의미역을 잘못 설명한 것입니다. `[태양]`은 문장에서 ‘뜨다’의 주체에 해당할 뿐, 제시된 자격역·영향주역·도착역·내용역·동반주역·대상역·도구역에는 해당하지 않습니다.

따라서 옳은 설명의 수는 **1개**입니다."
Semantics,Semantic Compatibility,3,B,B,"정답은 **B: 1개**입니다.

- **[인도]는 동반주역이다.**  
  → ‘인도와 미국, 태국’에서 **‘와’**는 여러 대상을 함께 연결하는 의미이므로 동반주역으로 볼 수 있습니다.

나머지는 적절하지 않습니다.

- **[인도], [미국], [태국]은 [한류]의 동반주역**: ‘한류의’와 동반 관계가 아니라, 한류 관련 보도가 많은 국가들입니다.
- **[아시아 주요국]**: ‘부터’는 출발점역이지 결과상태역·경험주역이 아닙니다.
- **[미국], [태국]**: 도착점역이 아닙니다.
- **[아프리카]**: 영향주역이 아닙니다.
- **[유럽]**: ‘까지’가 붙은 범위의 끝 지점일 뿐, 내용역이 아닙니다.
- **[태국]**: 기준치역이 아닙니다.

따라서 적절한 설명은 **1개**입니다."
Syntax,Agreement,2,E,E,"정답은 **E**입니다.

- **E: 악장이 그에게 튜바를 불렸다.**
  - ‘불렸다’는 ‘불다’의 **사동 표현**으로, 악장이 그에게 튜바를 불도록 시켰다는 뜻입니다.
  - 따라서 피동 표현이 아닙니다.

나머지는 모두 주어가 다른 대상의 행위를 받는 피동 표현입니다.

- 찍혔다 ← 찍다  
- 차였다 ← 차다  
- 풀렸다 ← 풀다  
- 쫓기고 있다 ← 쫓다  
- 팔리고 있다 ← 팔다  
- 휘말렸다 ← 휘말다  
- 찢겼다 ← 찢다  
- 흔들린다 ← 흔들다  
- 파묻혔다 ← 파묻다"
Semantics,Semantic Compatibility,3,H,E,"정답은 **E: 정답 없음**입니다.

각 선택지를 보면:

- **A** 식자층은 학자의 기준치역이 아님. ‘피렌체의 인문주의 학자들’에서 식자층과 학자는 별개의 대상임.
- **B** 라틴어는 ‘도움’의 내용역이 아니라, 배운 **학습 내용**임.
- **C** 귀족은 학교에서 행위하는 주체가 아님.
- **D** 라틴어는 도움의 도착점역이 아님.
- **F** 식자층은 학자의 동반주역이 아님.
- **G** 귀족은 학자의 대상역이 아님.
- **H** 비교의 기준은 ‘귀족’ 자체가 아니라 **귀족이나 식자층의 자녀들**임.
- **I** ‘무시’의 출발점역은 [피렌체]가 아니라 **피렌체의 인문주의 학자들**임.
- **J** 자녀는 마흔의 결과상태역이 아님.

따라서 옳은 설명은 없으므로 **E**입니다."
Morphology,POS & Morphemes,3,C,C,"정답은 **C**입니다.

- **C: 희원이의 생일은 ‘그저께’가 아니라 어제였다.**
  - 이 문장에서 ‘그저께’는 조사 **‘가’**가 붙어 주어 역할을 하므로 **명사**입니다.
  - 따라서 **부사**가 아니라 **명사**로 보아야 합니다.

참고로 **G**의 ‘그저께’는 ‘내렸다’를 꾸며 시간적 의미를 나타내므로 **부사**가 맞습니다."
Syntax,Argument Structure & Valency,3,D,D,"정답은 **D: 5**입니다.

- **1. 뺨이 무척 시리다**  
  → 주어 ‘뺨이’만 필요하므로 **1자리 서술어**

- **2. 홍합탕에 국자를 빠뜨렸다**  
  → 주어(생략), 목적어 ‘국자를’, 부사어 ‘홍합탕에’가 필요하므로 **3자리 서술어**

- **3. 부동산의 가격이 치솟는다**  
  → 주어 ‘부동산의 가격이’만 필요하므로 **1자리 서술어**

따라서 **1 + 3 + 1 = 5**입니다."
Semantics,Semantic Compatibility,3,A,H,"정답은 **H: 정답 없음**입니다.

- **인도·미국·태국**은 한류 보도가 많은 **국가**일 뿐, 한류의 동반 주역이나 도착점역으로 볼 수 없습니다.
- **아시아 주요국·아프리카·유럽**도 각각 경험주역, 결과상태역, 내용역, 영향주역 등으로 해석되지 않습니다.
- 특히 **유럽**은 조사 대상 범위를 나타내는 장소·범위 표현에 가깝고, **아프리카** 역시 영향주역이 아닙니다.

따라서 제시된 설명 중 옳은 것은 없습니다."
Semantics,Semantic Compatibility,2,H,H,"정답은 **H: 정답 없음**입니다.

[사또]는 ‘신기해하다’라는 심리 상태를 경험하는 주체이므로 **경험주역**입니다. 그러나 선택지에는 ‘사또’의 경험주역이라는 설명이 없습니다."
Semantics,Ambiguity,3,J,J,"정답은 **J**입니다.

“지우가 좋아했던 직원의 지인을 유민이가 지우에게 소개했다.”는 **‘지우가 좋아했던’이 무엇을 수식하는지** 여전히 모호합니다.

- 지우가 **직원**을 좋아했다 → 그 직원의 지인
- 지우가 **직원의 지인**을 좋아했다 → 그 사람

따라서 ‘그’를 ‘지우’로 바꾸었을 뿐, 수식 범위의 중의성은 해소되지 않아 한 가지 뜻으로만 해석되지 않습니다."
Syntax,Argument Structure & Valency,3,E,E,"정답은 **E: 백신 프로그램을 컴퓨터에 <설치했다>**입니다.

**설치하다**는 보통 다음과 같이 세 자리 서술어로 쓰입니다.

- **주어**: 내가
- **목적어**: 백신 프로그램을
- **부사어(설치 장소)**: 컴퓨터에

> 내가 백신 프로그램을 컴퓨터에 설치했다.

따라서 ‘설치하다’는 **‘누가 무엇을 어디에 설치하다’**의 세 가지 성분을 요구합니다.

다른 예들은 대체로 주어와 목적어 또는 부사어 중 일부만을 요구하므로 세 자리 서술어가 아닙니다."
Semantics,Ambiguity,1,G,G,"가장 적절하지 않은 것은 **G**입니다.

**「친구의 책을 그는 좋아한다」**에서도 **‘친구의 책’**은 여전히 다음처럼 두 가지로 해석될 수 있습니다.

1. 친구가 소유한 책  
2. 친구가 쓴 책

따라서 어순을 바꾸어도 중의성은 해소되지 않으므로, **“중의적이지 않다”**는 G의 진술이 잘못되었습니다."
Syntax,Agreement,2,A,A,"정답은 **A**입니다.

- **조롱하다**는 보통 조롱의 대상을 목적격 조사 **‘을/를’**로 취합니다.  
  - 자연스러운 표현: **국악인이 명창을 아마추어라고 조롱했다.**
  - 따라서 **‘명창에게 조롱했다’**는 호응이 부자연스럽습니다.

나머지는 ‘에게’가 각각 대상·상대·출처 등을 나타내며 자연스럽게 쓰일 수 있습니다."
Syntax,Agreement,2,F,F,"정답은 **F**입니다.

- **가을바람에 뻐꾸기가 운다고 절대 겨울이 올 것이다.**  
  → 부사 **‘절대’**는 보통 **‘않다’, ‘말다’, ‘-해서는 안 되다’, ‘-ㄹ 수 없다’** 등 부정 표현과 호응해야 합니다. 그런데 **‘올 것이다’**는 긍정 표현이므로 호응이 자연스럽지 않습니다.

다른 선택지들은 모두 ‘마라’, ‘않는다’, ‘안 된다’, ‘없다’ 등 부정 표현과 호응합니다."
Semantics,Inter-sentence Relations,2,F,F,"F: “네, 전자제품은 파손 안 되게 완충재로 감싸서 보낼게요.”

지문에서는 음식과 옷을 보내는 상황이므로 전자제품에 대한 답변은 적절하지 않습니다."
Syntax,Argument Structure & Valency,3,G,G,"정답은 **G, I, J**입니다.

- **G. 알아차렸다**: `나는`(주어) + `이상한 낌새를`(목적어) → **두 자리**
- **I. 간직하고 있다**: `(나는)`(주어) + `그 목걸이를`(목적어) → **두 자리**
- **J. 활용했다**: `(나는)`(주어) + `밤을`(목적어) → **두 자리**

참고로,

- **E. 변경했다**는 `수업 시간을`과 `4시부터로`가 함께 필요하므로 **세 자리**로 볼 수 있습니다.
- **H. 제출했다**도 `나는` + `과제를` + `교수님께`가 필요하므로 **세 자리**입니다.
- 나머지는 주어만 필요한 한 자리 서술어입니다."
Syntax,Argument Structure & Valency,3,J,A,"일반적인 **서술어의 자릿수** 기준으로 보면, 하나만 고르는 문제로는 적절하지 않습니다.

두 자리 서술어인 것은 다음과 같습니다.

- **A 감싸다**: 피가 난 곳을 감쌌다 → 주어 + 목적어  
  - ‘거즈로’는 수단을 나타내는 부사어로, 필수 성분이 아닙니다.
- **F 대하다**: 그는 누구에게나 대한다 → 주어 + 목적어
- **J 가꾸다**: 누나는 텃밭을 가꾼다 → 주어 + 목적어

따라서 **A, F, J**가 두 자리 서술어입니다.  
또한 ‘달라지다’를 ‘무엇과 달라지다’로 분석하면 **H**도 두 자리로 볼 여지가 있어, 단일 정답을 의도했다면 문항을 수정해야 합니다."
Semantics,Semantic Compatibility,1,D,D,"가장 어색한 선지는 **D: 음악을 마시다 돌아왔다.**입니다.

‘마시다’는 보통 음료나 액체에 쓰이므로, 음악과는 어울리지 않습니다.  
→ **“음악을 듣다 돌아왔다.”**가 자연스럽습니다."
Semantics,Semantic Compatibility,1,A,A,"가장 어색한 것은 **A**입니다.

- **A: 급히 집을 들고 뛰었다.**
  - ‘집을 들고’는 집 자체를 들어 올린다는 뜻으로 해석되어 의미상 부자연스럽습니다.
  - 의도에 따라 **“급히 집으로 뛰었다”**, **“급히 짐을 들고 뛰었다”** 등으로 고쳐야 합니다."
Semantics,Semantic Compatibility,2,E,E,"가장 어색한 것은 **E: “설계는 고양이가 담당했다.”**입니다.

문법적으로는 가능하지만, 특별한 맥락이 없다면 고양이가 설계를 담당한다는 내용이 상식적으로 성립하기 어려워 의미상 매우 부자연스럽습니다.  
참고로 C는 **“시드는 게”**로 띄어 쓰는 것이 맞습니다."
Semantics,Semantic Compatibility,1,I,I,"가장 어색한 것은 **I: “맥주가 주차를 했다.”**입니다.

맥주는 주차를 할 수 없는 대상이므로 의미상 부자연스럽습니다. 사람이나 자동차라면 “주차를 했다”라고 할 수 있습니다."
Syntax,Agreement,3,A,A,"주동 표현이 **포함되지 않은 것**은 **A, B, H**로 볼 수 있습니다.

- **A**: 「털렸다」 → 피동 표현  
- **B**: 「감쪽같다」 → 상태를 나타내는 형용사  
- **H**: 「무한하다」 → 상태를 나타내는 형용사  

반면 C, D, E, F, G, I, J는 주어가 동작이나 행위를 하는 주동 표현입니다.

따라서 단일 정답을 요구한다면, 이 문제는 **복수 정답이어서 문항에 오류가 있습니다.**"
Syntax,Agreement,2,C,C,"정답은 **C**입니다.

- **보기:** “대표단을 **모시고** 있어”  
  → ‘모시다’는 객체(대표단)를 높이는 **객체 높임법**입니다.

- **C:** “수행원께 … **말씀드려** 봐.”  
  → ‘말씀드리다’는 말을 듣는 대상인 수행원을 높이는 **객체 높임법**입니다.

따라서 보기와 같은 종류의 높임법이 쓰인 문장은 **C**입니다."
Syntax,Agreement,2,G,G,"정답은 **G**입니다.

- **G: 실수로 망치에 손이 찍혔다.**
  - ‘손’이 스스로 찍은 것이 아니라 망치에 의해 찍힌 것이므로 **피동 표현**입니다.
  - ‘찍다’ → ‘찍히다’의 피동 표현입니다.

나머지 문장들은 주어가 직접 행동하거나 상태를 나타내는 표현입니다.  
특히 **F의 ‘그리워진다’**는 피동이라기보다 ‘그립다’라는 심리 상태가 생김을 나타내는 표현으로 봅니다."
Syntax,Agreement,3,F,F,"정답은 **F**입니다.

- **F: “입김으로 고드름을 살살 녹였다.”**
  - ‘녹였다’는 고드름이 저절로 녹게 한 것이므로 **사동 표현**입니다.
  - 주동 표현으로 바꾸면: **“고드름이 녹았다.”**

나머지 문장들은 주어가 직접 동작하거나 상태를 나타내는 표현입니다."
Syntax,Embedded Clauses,2,B,B,"정답은 **B**입니다.

- **B: 사서님, 이 서점의 베스트셀러는 무엇인가요?**  
  → 독립된 문장 하나로 이루어져 있으며, 다른 문장 속에 들어간 **안긴 문장**이 없습니다.

참고로 나머지는 다음과 같이 안긴 문장을 포함합니다.

- A: **준비해 온** — 관형절  
- C: **우리의 제국은 이미 멸망했음** — 명사절  
- D: **같은 실수가 되풀이되는** — 관형절  
- E: **제자가 아직 제 실력을 발휘하지 못했다** — 인용절  
- F: **어제 쇼핑몰에서 구매한** — 관형절  
- G: **눈높이가 맞다** — 서술절  
- H: **경비가 매우 삼엄하다** — 서술절  
- I: **변두리에서 일하던** — 관형절  
- J: **발이 부르트도록** — 부사절"
Syntax,Embedded Clauses,3,H,H,"정답은 **H**입니다.

- **H: 엄마는 제주도에서 생각에 잠기곤 한다.**
  - ‘생각에 잠기다’는 하나의 서술어이고, ‘-곤 한다’는 반복적인 동작을 나타내는 표현입니다.
  - 따라서 다른 문장 속에 절이 들어 있는 **안은 문장**이 아닙니다.

다른 문장들은 다음과 같이 안은 문장을 포함합니다.

- A: 명사절 — ‘누나가 미국으로 떠났다는 사실’
- B: 명사절 — ‘분리수거를 잘 하기’
- C: 서술절 — ‘필력이 매우 좋다’
- D: 명사절 — ‘내 동생이 먼저 취직했음’
- E: 부사절 — ‘혀가 데이도록’
- F: 인용절 — ‘출산이 쉽다고’
- G: 관형절 — ‘성적에 분노한’
- I: 인용절 — ‘투표가 시작되었다고’
- J: 관형절 — ‘묵찌빠를 하던’"
Syntax,Embedded Clauses,3,D,B,"이 문제는 **정답이 하나로 정해지지 않습니다. B와 C가 모두 안은문장**이기 때문입니다.

- **B: 고모부는 [귀가 크다].**  
  → ‘귀가 크다’가 서술절로 안겨 있는 **서술절을 가진 안은문장**

- **C: 부산도 [인구가 매우 많다].**  
  → ‘인구가 매우 많다’가 서술절로 안겨 있는 **서술절을 가진 안은문장**

따라서 **B와 C 모두 안은문장**이며, “하나”를 고르는 문제라면 문항에 오류가 있습니다."
Syntax,Embedded Clauses,3,G,G,"정답은 **G**입니다.

- **G: 아주버니는 [사람을 보는] 안목이 대단하시다.**
  - ‘사람을 보는’이 ‘안목’을 꾸미는 **관형절**이므로, 안은문장입니다.

다른 문장들은 단순한 관형어·부사어를 포함하거나 이어진 문장입니다."
Syntax,Embedded Clauses,3,A,A,"정답은 **A**입니다.

- **A. 관희는 [인상이 좋다].**  
  ‘인상이 좋다’가 전체 문장에서 서술어 역할을 하는 **서술절**이므로, 서술절을 안은 문장입니다.

나머지 문장들은 단순히 부사어·목적어 등을 포함한 **홑문장**입니다."
Syntax,Embedded Clauses,2,H,H,"정답은 **H**입니다.

- **H: 팥빙수가 [이가 시리게] 차갑다.**
  - 안긴 문장: **이가 시리다**
  - 이 문장이 **‘-게’**가 붙어 부사절이 되어, ‘차갑다’를 꾸밉니다.

즉, **‘이가 시리게’**가 안긴 문장입니다."
Syntax,Argument Structure & Valency,3,A,A,"정답은 **A**입니다.

- **접목하다**: 주어 + 목적어 + 부사어(대상)로 이루어진 **세 자리 서술어**입니다.  
  - (우리 계열사가) **AI를** **생산 라인에** 접목했다.
  - 주어: 우리 계열사(생략)
  - 목적어: AI를
  - 부사어: 생산 라인에

나머지는 대체로 주어와 목적어 또는 부사어만을 요구하는 두 자리 이하의 서술어입니다."
Syntax,Argument Structure & Valency,1,J,J,"정답은 **J**입니다.

- **제안하다**:  
  **누가** + **누구에게** + **무엇을** 제안하다  
  → *중국의 한 팀에서* **(누가)** / *그 프로게이머에게* **(누구에게)** / *100억의 연봉을* **(무엇을)** 제안했다.

따라서 **‘제안하다’는 세 자리 서술어**입니다.

다른 예들은 대체로 다음과 같이 두 자리 이하입니다.

- 누비다: 누가 무엇을 누비다
- 시행하다: 누가 무엇을 시행하다
- 흉보다: 누가 누구를 흉보다
- 화풀이하다: 누가 누구에게 화풀이하다
- 명심하다: 누가 무엇을 명심하다

따라서 정답은 **J**입니다."
Syntax,Agreement,2,A,A,"정답은 **A**입니다.

**‘별로’**는 일반적으로 **부정 표현과 호응**하는 부사입니다.

- 잘못된 표현: 사람이라면 이러한 상황에서 **별로 도리를 따라야 한다**.
- 수정 예: 사람이라면 이러한 상황에서 **별로 도리를 따르지 않는다**.
- 또는 긍정적인 의미를 살리려면: 사람이라면 이러한 상황에서 **마땅히 도리를 따라야 한다**.

참고로 ‘결코’, ‘여간’, ‘설령’, ‘비단’ 등도 각각 호응하는 표현이 있지만, 제시된 설명처럼 단순히 문두에 와야 하거나 특정 단어와 결합할 수 없다는 이유는 적절하지 않습니다."
Syntax,Agreement,3,D,D,"정답은 **D**입니다.

- **D. 사람이라면 이러한 상황에서 도리를 반드시 따라야 한다.**
  - ‘사람이라면’이라는 조건 표현과 ‘반드시 … 따라야 한다’라는 서술어가 자연스럽게 호응합니다.
  - 어순을 다듬으면 위와 같이 쓰는 것이 자연스럽습니다.

다른 문장들은 다음과 같이 호응이 맞지 않습니다.

- **A**: ‘왜냐하면’은 보통 ‘…기 때문이다’와 호응해야 합니다.
- **C**: ‘여간’은 주로 ‘…하지 않다’와 호응합니다.
- **E**: ‘설령’은 ‘…더라도’와 호응해야 합니다.
- **G, H**: ‘결코’는 부정 표현과 호응해야 합니다.
- **I**: ‘모름지기’는 ‘…해야 한다’와 호응하는 것이 자연스럽습니다.
- **F**: ‘비단’은 보통 ‘…뿐만 아니라’와 호응합니다."
Semantics,Ambiguity,3,G,G,"적절하지 않은 것은 **G**입니다.

“저 아름다운 배 좀 봐”도 여전히 다음과 같이 두 가지로 해석될 수 있습니다.

- 아름다운 **배(과일)**를 보라는 뜻
- 아름다운 **배(선박)**를 보라는 뜻

따라서 ‘아름다운’이라는 수식어를 붙여도 중의성이 해소되지 않습니다.  
반면 “장편 소설”은 ‘긴 소설’이라는 뜻과 다른 의미의 ‘장편(掌篇)’이 문맥상 구별될 수 있어 중의적으로 설명할 수 있습니다."
Phonetics/Phonology,Phonological Alternation,3,F,,"제시된 보기에는 **표기가 틀린 합성명사가 없습니다.** 모두 표준 표기입니다.

- **백지장**: 한자어 합성어이므로 사이시옷을 쓰지 않음
- **대가**: ‘댓가’가 아니라 **대가**
- **순댓국, 나뭇잎, 장밋빛, 빗물, 횟집**: 사이시옷을 씀
- **회수**: ‘回收’의 뜻으로 **회수**
- **해님**: ‘님’이 접미사이므로 사이시옷을 쓰지 않음
- **개수**: ‘갯수’가 아니라 **개수**

따라서 이 문제는 단일 정답을 요구한다면 **문항에 오류가 있는 것**으로 보입니다."
Phonetics/Phonology,Phonological Alternation,2,J,J,"정답은 **J: 햇님**입니다.

- **해님**이 올바른 표기입니다.
- ‘님’은 접미사이므로 ‘해’와 결합할 때 사이시옷을 쓰지 않습니다.

나머지는 모두 올바른 표기입니다.

- 개수, 소수점, 대가
- 장맛비, 순댓국, 횟집
- 빗물, 나뭇잎, 먹잇감"
Phonetics/Phonology,Phonological Alternation,2,E,E,"정답은 **E: 햇님**입니다.

표준 표기는 **해님**이며, ‘해’와 ‘님’ 사이에는 사이시옷을 쓰지 않습니다.  
따라서 **햇님 → 해님**이 올바릅니다."
Syntax,Ellipsis,3,D,D,"정답은 **D**입니다.

- **우리 스스로의 문** 앞 마당 눈길을 쓸자.
- 우리 스스로 문 **앞의 마당** 눈길을 쓸자.
- 우리 스스로 문 앞 **마당의 눈길**을 쓸자.

따라서 ‘의’가 들어갈 수 있는 위치가 세 군데입니다.  
가장 자연스럽게 다듬으면 **“우리 스스로 문 앞마당의 눈길을 쓸자.”**라고 할 수 있습니다."
Syntax,Argument Structure & Valency,2,G,G,"정답은 **G: 거절하다**입니다.

- **거절하다**는 일반적으로  
  - *그가 제안을 거절했다*  
  와 같이 **주어와 목적어를 요구하는 두 자리 서술어**입니다.
- *그가 거절했다*처럼 목적어가 생략될 수는 있지만, 이는 문맥상 생략된 것이므로 서술어의 자릿수가 바뀐 것은 아닙니다.

반면 다른 단어들은 사용례에 따라 자릿수가 달라집니다. 예를 들어:

- **불다**: *바람이 분다* (한 자리) / *아이가 풍선을 분다* (두 자리)
- **되다**: *일이 잘된다* (한 자리) / *철수가 의사가 된다* (두 자리)
- **달다**: *사과가 달다* (한 자리) / *벽에 시계를 달다* (세 자리)

따라서 보기에 해당되지 않는 것은 **G**입니다."
Syntax,Embedded Clauses,2,J,J,"정답은 **J: 아까 녹인 밥을 꺼내오거라.**입니다.

- **‘아까 녹인’**은 ‘밥’을 꾸며 주는 **관형절**입니다.
- 따라서 안긴 문장의 역할은 **관형어**입니다.

나머지는 주로 서술절, 부사절, 명사절 등으로 쓰였습니다."
Pragmatics,Discourse Principles,2,G,G,"**G: “난 오늘 떡국 먹는다.”**

떡국을 먹는다는 사실만으로는 나이를 알 수 없습니다. 설날이나 생일 등 여러 상황에서 떡국을 먹을 수 있기 때문입니다.

다만 엄밀히 말하면 **D**(선생님의 나이를 모르는 경우), **H**(아드님의 나이를 모르는 경우)도 구체적인 나이를 바로 알 수 없다는 점에서 정보가 부족할 수 있습니다. 일반적인 출제 의도에서는 나이와 직접적인 관련이 없는 **G**를 답으로 봅니다."
Syntax,Embedded Clauses,2,B,B,"정답은 **B**입니다.

- **B: 나는 [밤이 새도록] 삼나무를 응시했다.**
  - **‘밤이 새도록’**은 ‘응시했다’를 꾸며 시간의 의미를 나타내므로 **부사어 역할을 하는 안긴 문장(부사절)**입니다.

다른 예들은 다음과 같습니다.

- A, E, H: 관형절
- C, G: 목적어 역할의 명사절
- F, I: 주어 역할의 명사절
- D, J: 서술절

따라서 **B**가 정답입니다."
Pragmatics,Implicature,2,D,D,"정답은 **D**입니다.

- **D: “그럼 나 빼고 나가려고 했어?”**  
  갑의 제안(함께 대회에 나가자는 것)을 거절하는 것이 아니라, **자신도 함께하려는 의사를 드러내며 서운함을 표현**하고 있습니다.

나머지는 모두 갑의 요청이나 제안을 직접적 또는 간접적으로 거절하는 응답입니다."
Syntax,Embedded Clauses,3,A,A,"정답은 **A, C**입니다.

- **A. 최고급 시트가 있는 브랜드**
  - 안긴 문장: “브랜드에 최고급 시트가 있다.”
  - ‘브랜드’는 **부사어(장소·처소)**이므로 주어·목적어가 아닙니다.

- **C. 비위가 상한 부녀**
  - 안긴 문장: “부녀의 비위가 상했다.”
  - ‘부녀’는 ‘비위’를 꾸미는 **관형어(소유 관계)**이므로 주어·목적어가 아닙니다.

따라서 답은 **A, C**입니다."
Morphology,Verbal Conjugation,3,C,C,"정답은 **C: 빨개(빨갛다)**입니다.

- **빨갛다 → 빨개**
  - 어간: **빨갛- → 빨개-**에서 **ㅎ이 탈락**
  - 어미: **-아 → -애**로 바뀜

따라서 **어간과 어미가 모두 바뀌는 ㅎ 불규칙 활용**입니다."
Morphology,Verbal Conjugation,3,C,C,"정답은 **C: 이르러(이르다)**입니다.

- 어간: **이르-**
- 활용: **이르- + -어 → 이르러**
- 어간 **‘이르-’는 그대로**이고, 어미 **‘-어’가 ‘-러’로 바뀐** 경우입니다. 따라서 **러 불규칙 활용**에 해당합니다.

참고로 **H ‘우는’**은 ‘울다’의 어간 끝소리 **ㄹ이 ㄴ 앞에서 탈락**한 것으로, 일반적인 규칙에 따른 활용입니다."
Syntax,Embedded Clauses,2,D,D,"정답은 **D**입니다.

- **D: 막둥이는 [도망치다시피] 뛰어나갔다.**
  - ‘도망치다시피’는 ‘뛰어나갔다’를 꾸며 주므로 **부사어 역할**을 하는 안긴 문장입니다.
  - 의미: ‘도망치는 것처럼’, ‘도망치듯이’

참고로 다른 문장들은 다음과 같습니다.

- A, E, H: 명사절 — 각각 목적어·주어·목적어 역할
- C, F, J: 관형절 — 뒤의 명사를 꾸밈
- B, I: 서술절
- G: 명사절 — 주제나 대상 역할

따라서 답은 **D**입니다."
Syntax,Agreement,2,J,J,"정답은 **J**입니다.

- 보기의 **‘교원님께’**에서 **‘께’**는 높임의 부사격 조사로, 감사의 대상인 사람을 높입니다. 이는 **객체 높임법**입니다.
- J의 **‘국가대표께’**도 ‘국가대표에게’라는 대상을 높여 표현한 것으로, 보기와 같은 **객체 높임법**이 쓰였습니다.

따라서 **J. 국가대표께 너무 무례한 것 아니니?**가 옳습니다."
Syntax,Agreement,2,H,H,"정답은 **H**입니다.

- 보기: **고객님께 관심사를 여쭤봐.**
  - ‘고객님께’: 객체를 높이는 조사 **께**
  - ‘여쭤보다’: 객체를 높이는 특수 어휘

- H: **교수님께 꾀병을 보고했던 일은…**
  - ‘교수님께’에서 조사 **께**를 사용하여 객체를 높이고 있습니다.

따라서 보기와 같은 **객체 높임법**이 쓰인 문장은 **H**입니다."
Syntax,Agreement,2,G,G,"정답은 **G**입니다.

- **나는 어머니를 모셨다.**
  - ‘모시다’는 객체인 **어머니**를 높이는 **객체 높임법**입니다.
- **친구야, 간호사님한테 인사드려.**
  - ‘인사드리다’는 인사를 받는 대상인 **간호사님**을 높이는 객체 높임 표현입니다.

따라서 같은 종류의 높임법이 사용된 문장은 **G**입니다."
Syntax,Agreement,2,G,G,"정답은 **G: 공연을 보기 위해 군중이 잔뜩 엉겨들었다.**입니다.

- **엉겨들다**: 여러 사람이 서로 뒤엉키며 몰려들다는 뜻의 **주동 표현**으로, 다른 대상을 그렇게 하게 만드는 사동 표현이 아닙니다.

나머지는 모두 사동 표현입니다.

- A **누이다**
- B **물먹이다**
- C **곯리다**
- D **늘어세우다**
- E **앞장세우다**
- F **꿇리다**
- H **덥히다**
- I **빨리다**
- J **띄우다**"
Syntax,Agreement,2,J,J,"정답은 **J**입니다.

- **기재되었다**: ‘기재하다’의 피동 표현으로, “합격자 명단에 이름이 적혔다”라는 뜻입니다. 사동이 아닙니다.
- 나머지는 모두 사동 접사가 붙은 사동 표현입니다.
  - 세우다, 누이다, 곤두세우다, 드높이다, 썩이다, 삭이다, 돋우다, 그을리다, 굶기다 등"
Syntax,Agreement,1,G,G,"정답은 **G**입니다.

- **G: “나무를 받침대가 단단하게 지탱했다.”**
  - ‘지탱하다’는 ‘무언가를 지탱하게 하다’라는 사동 표현이 아니라, 받침대가 나무를 직접 받쳐 준다는 뜻의 **일반 타동사**입니다.

나머지는 다음과 같이 사동 표현입니다.

- A 물리다: 물다 → 물리다
- B 물리다: 물다 → 물리다
- C 살찌우다: 살찌다 → 살찌우다
- D 묵히다: 묵다 → 묵히다
- E 잠재우다: 잠자다 → 잠재우다
- F 익히다: 익다 → 익히다
- H 썩히다: 썩다 → 썩히다
- I 빗기다: 빗다 → 빗기다
- J 애태우다: 애타다 → 애태우다"
Syntax,Agreement,2,F,F,"정답은 **F**입니다.

- **F. 소행성에서 새로운 생명체가 발견되었다.**
  - ‘발견되었다’는 **피동 표현**이며, 누군가가 생명체를 발견하게 했다는 사동 표현은 아닙니다.

나머지는 사동 접미사나 사동의 의미가 포함되어 있습니다.

- 신겼다: 신기다  
- 늦췄다: 늦추다  
- 업혔다: 업히다  
- 읽혔다: 읽히다  
- 가라앉혔다: 가라앉히다  
- 읽히셨다: 읽히다  
- 늦추셨다: 늦추다  

다만 **B의 ‘건넸다’**는 일반적으로 ‘건네다(전달하다)’라는 타동사로도 쓰이므로, 엄밀히 말하면 사동 표현으로 보기 어렵습니다. 따라서 문항의 의도가 명확하려면 B는 수정될 필요가 있습니다."
Syntax,Agreement,2,I,I,"정답은 **I**입니다.

- **꿇렸다**는 피동사가 아니라 **사동사**입니다.  
  - 꿇다 → 꿇리다: 왕이 신하로 하여금 무릎을 꿇게 했다는 뜻
  - 따라서 “왕은 신하에게 무릎을 꿇렸다”는 **왕이 신하를 꿇게 했다**는 사동 표현입니다.

나머지는 대체로 다음과 같은 피동 표현입니다.

- A 그슬렸다: 그슬리다
- B 받들린다: 받들리다
- C 빨린다: 빨리다
- D 에워싸인다: 에워싸이다
- E 건너다보인다: 보이다
- F 쥐어뜯겼다: 뜯기다
- G 뒤얽혔다: 얽히다
- H 밉보였다: 밉보이다
- J 내걸렸다: 내걸리다"
Phonetics/Phonology,Phonological Constraints,3,G,G,"정답은 **G: 낳다**입니다.

- **낳다**의 발음은 **[나타]**입니다.
- 종성의 **ㅎ**이 일반적인 종성 중화(예: [ㄷ])로 실현되지 않고, 뒤의 **ㄷ**을 거센소리 **ㅌ**으로 바꿉니다.

반면 다른 예들은 종성에서 다음과 같이 7종성으로 중화됩니다.

- 깎다 [깍따]
- 옷장 [옫짱]
- 낚시 [낙씨]
- 부엌 [부억]
- 바깥 [바깓]
- 잎 [입]
- 꽃집 [꼳찝]
- 옆 [엽]

따라서 **G: 낳다**입니다."
Pragmatics,Deixis & Reference,3,F,D,"옳은 설명은 **D, E**입니다.

- **D: ‘저게’와 ‘그거[3]’는 같은 대상을 가리킨다.**  
  갑이 “저쪽에 **저게** 더 낫다.”라고 말한 뒤, 을이 “**그거[3]**랑 이거[1]랑 어디가 같아?”라고 하므로 같은 옷을 가리킵니다.

- **E: ‘이건[2]’과 ‘이게’는 같은 대상을 가리킨다.**  
  을이 “아니면 **이건[2]** 어때?”라고 제안한 옷을 갑이 이어서 “**이게** 진짜…”라고 가리키고 있습니다.

따라서 정답은 **D, E**입니다."
Pragmatics,Deixis & Reference,3,E,G,"정답은 **G: (‘이건[2]’, ‘이게’)**입니다.

- 을은 “아니면 **이건[2] 어때?**”라고 새 옷을 가리켜 제안합니다.
- 갑은 그 옷을 이어 받아 “**이게** 진짜…”라고 평가하므로, 두 표현은 같은 대상을 가리킵니다.

따라서 **G**가 올바른 연결입니다."
Pragmatics,Deixis & Reference,3,H,H,"정답은 **H: ‘본인’과 ‘쟤’**입니다.

- **쟤**: 처음에 언급된 주연 배우와 함께 나온 공동 주연 배우
- **저쪽**: 현재 드라마에서 범인 역할을 맡은 그 공동 주연 배우
- **저 사람[2]**: 로맨스물과 학교 선생님 역할로 유명했던, 즉 공동 주연 배우
- **본인**: 바로 앞에서 말한 **저 사람[2]**을 가리킴

따라서 **‘본인’과 ‘쟤’가 같은 사람**을 가리킵니다."
Pragmatics,Deixis & Reference,3,E,A,"이 지문은 **참·거짓이 하나만 다른 문항으로 성립하지 않습니다.** 자연스럽게 지시 대상을 해석하면 여러 문장의 값이 달라집니다.

지시 대상은 대체로 다음과 같습니다.

- **저 사람[1]·저 사람[2]**: 현재 TV에 나온 배우
- **쟤**: 함께 나온 배우
- **그거[1]·거기**: 배우가 복귀하는 새 드라마
- **그거[2]**: 학교 선생님으로 출연했던 예전 드라마
- **그런 걸**: 얼마 전에 대학생으로 출연한 드라마 또는 기존의 로맨스물
- **이런 걸**: 새로 복귀하는 범죄 스릴러 드라마
- **여기**: 갑과 을이 현재 보고 있는 TV 프로그램

이렇게 해석하면:

| 보기 | 판단 |
|---|---|
| A | 참 |
| B | 거짓 |
| C | 거짓 |
| D | 거짓 |
| E | 참 |
| F | 참 |
| G | 거짓 |
| H | 거짓 |
| I | 거짓 |
| J | 거짓 |

특히 **A, E, F가 참**이므로 참·거짓의 값이 하나만 다른 보기는 없습니다.

따라서 이 문제는 지문이나 선택지에 오류가 있거나, **‘그런 걸’, ‘이런 걸’, ‘여기’의 지시 대상이 명확히 제시되지 않아 정답을 하나로 확정할 수 없는 문항**입니다."
Pragmatics,Deixis & Reference,3,E,E,"정답은 **E**입니다.

- 을은 부엌에서 **참나물이라고 착각한 취나물**을 보았고, 갑은 그것이 취나물이라고 정정했습니다.
- 갑의 말에 따르면, **동부는 어머니가 꺼내 쓰고 남은 것을 베란다에 두었습니다.**
- 따라서 동부가 현재 있는 곳은 베란다로 볼 수 있지만, **베란다에 과거에 취나물도 있었는지는 알 수 없습니다.**

반면 다른 선택지는 대화의 내용으로 참·거짓을 판단할 수 있습니다."
Pragmatics,Deixis & Reference,3,C,H,"정답은 **H: (취나물, 그거[2])**입니다.

- 을이 “참나물”이라고 하자 갑이 “**취나물**이라니까”라고 정정합니다.
- 이어서 을이 “그게 그거 아니야?”라고 말한 뒤 “어디 뒀냐”고 묻자, 갑은 “**그거[2]** 네 엄마가 꺼내 쓰고 남은 것…”이라고 답합니다.
- 따라서 **그거[2]**는 앞에서 화제가 된 **취나물**을 가리킵니다.

다른 표현들은 다음과 같이 보아야 합니다.

- **거기[1]**: 쌀이 있다는 창고를 가리킴
- **여기[2]**: 갑이 있는 곳
- **여기[3]**: ‘짝으로 있는 현재 수량’이라는 의미의 기준점
- **저기**: 쌀 옆에 청각을 쌓아 둔 곳

따라서 올바른 짝은 **H**입니다."
Pragmatics,Deixis & Reference,3,J,A,"옳은 설명은 **A, F, G, I**입니다.

- **A 옳음**: ‘그거(1)’은 갑이 말한 **동부**를 가리키고, ‘그거(2)’도 “네 엄마가 꺼내 쓰고 남은 것”인 **동부**를 가리킨다.
- **F 옳음**: 다용도실에는 언급된 식재료가 없고, 부엌에는 **취나물과 차조기**가 있다. 따라서 부엌의 식재료 종류가 더 많다.
- **G 옳음**:  
  - ‘여기(1)’: 을이 있는 부엌  
  - ‘거기(1)’: 쌀이 있는 창고  
  - ‘여기(2)’: 갑이 있는 곳  
  으로 서로 다르다.
- **I 옳음**: 동부는 원래 부엌에 두었다가, 어머니가 꺼내 쓰고 남은 것을 베란다로 옮겨 둔 것이다.

따라서 정답은 **A, F, G, I**입니다."
Syntax,Argument Structure & Valency,2,D,A,"주어가 행위를 **직접 의도적으로 하는 것이 아니라**, 자연스럽게 상태 변화나 움직임을 겪는 것을 나타내는 동사는 다음과 같습니다. 이를 흔히 **비능격 자동사·비대격 자동사** 또는 넓게 **비주체적 자동사**라고 볼 수 있습니다.

- **A. 걸었다**: 제외  
  - 영희가 직접 걷는 행위이므로 주어가 행위자입니다.
- **B. 나타났다**  
  - 여섯 개의 알이 **나타났다**.
- **C. 남아**  
  - 열두 척의 배가 **남아 있습니다**.
- **D. 떨어졌다**  
  - 사과가 머리 위로 **떨어졌다**.
- **E. 얼어붙었다**  
  - 한강이 꽁꽁 **얼어붙었다**.
- **F. 떠**  
  - 조각배 하나가 바다에 **떠 있다**.
- **G. 깨져**  
  - 병 하나가 **깨져 있다**.
- **H. 빛날**  
  - 너의 꿈은 반짝반짝 **빛날 거야**.
- **I. 되었**  
  - 시간이 벌써 이렇게 **되었군요**.  
  - 더 자연스럽게는 “시간이 벌써 이렇게 **흘렀군요**”라고도 합니다.
- **J. 죽었다**  
  - 그녀가 결국 **죽었다**.  
  - **죽인다**는 타동사로, 주어가 다른 대상을 죽이는 뜻이므로 부적절합니다.

따라서 해당되는 것은 **B, C, D, E, F, G, H, I, J**이며, **A의 ‘걸었다’**는 주어인 영희가 직접 행위를 하므로 제외됩니다."
Syntax,Argument Structure & Valency,3,B,J,"정답은 **J**입니다.

- **뽐내다**는 보통 ‘무엇을 뽐내다’처럼 목적어를 필요로 하는 타동사입니다.
- 따라서 **“농부가 축제의 자리에서 솜씨를 뽐내고 있다.”**, **“농부가 자신의 재주를 뽐내고 있다.”**처럼 목적어를 추가하는 것이 자연스럽습니다.

다른 문장들은 위치·대상 등을 나타내는 성분이 이미 갖추어져 있어 논항이 더 필요하지 않습니다."
Syntax,Argument Structure & Valency,3,H,H,"정답은 **H**입니다.

- **H. 온종일 여행사가 설치고 있다.**  
  → ‘설치다’의 주어인 **여행사**는 스스로 행동하는 **행위주(동작주)**입니다.

나머지 문장들의 주어는 대체로 어떤 상태에 놓이거나 변화·현상을 겪는 **대상(피동주·상태주)**입니다.

- 공원: 북적이는 상태의 장소
- 다리미질: 힘든 대상
- 나사·머리카락·노끈·물품·깃발: 각각 덜렁거리거나 드러나거나 뒤엉키거나 널브러지거나 펄럭이는 대상
- 예술가: 칭찬에 의해 감화되는 경험주
- 정신: 오락가락하는 상태의 대상

따라서 주어가 의미역상 **자발적인 행위주**인 것은 **H**입니다."
Syntax,Argument Structure & Valency,2,C,C,"정답은 **C**입니다.

- **C: 우리 어머니는 헛살았다.**  
  → ‘우리 어머니’는 스스로 살아가는 행위의 **행위주(동작주)**입니다.

나머지 문장들의 주어는 대체로 어떤 상태나 변화의 **대상·주체**입니다.

- A 인생관: 잊힘을 당하는 대상
- B 음성: 서걱거리는 소리의 주체
- D 숨: 가빠지는 변화의 대상
- F 본심: 너울거리는 상태의 주체
- G 소식: 들날리는 대상
- H 예산: 동나는 대상
- I 힘: 비교되어 밑도는 대상
- J 손발: 떨리는 상태의 주체

따라서 주어가 명확한 행위주인 **C**가 의미상 역할이 다릅니다.  
(E는 주어가 생략되어 있으며, 생략된 주어는 보통 사람인 경험주로 해석됩니다.)"
Syntax,Argument Structure & Valency,2,C,C,"정답은 **C**입니다.

- **C: “쇼핑몰을 위한 자금을 은행에 예금했다.”**
  - 주어(생략): 누가
  - 목적어: 자금을
  - 부사어: 은행에  
  → **‘예금하다’는 세 자리 서술어**입니다.  
  → 따라서 세 자리 서술어에 해당하는 선지는 C 하나뿐입니다.

나머지는 대체로 한 자리 또는 두 자리 서술어에 해당합니다."
Phonetics/Phonology,Phonological Alternation,3,B,B,"정답은 **B. 생산량**입니다.

- **생산량** → **[생산냥]**
- 앞의 비음 **ㄴ**의 영향으로 뒤의 **ㄹ**이 비음 **ㄴ**으로 바뀌는 **비음화**가 일어납니다.

나머지 예들은 주로 **유음화**로 발음됩니다."
Syntax,Argument Structure & Valency,3,J,J,"정답은 **J**입니다.

- **덕분에 목숨을 건졌다**
  - 용언 **건지다**: 주어 + 목적어가 필요한 **두 자리 서술어**
  - 주어는 생략되었고, 목적어는 ‘목숨’입니다.

- **행운이 그대와 함께할 때에는…**
  - 용언 **함께하다**: 주어 ‘행운이’ + ‘그대와’처럼 함께하는 대상을 요구하는 **두 자리 서술어**

따라서 정답은 **J**입니다."
Pragmatics,Deixis & Reference,3,I,E,"정답은 **E**입니다.

- 갑이 말한 **‘거기’**와 을이 말한 **‘여기’**는 서로 다른 지시 표현이지만, 같은 장소인 **을이 있는 곳**을 가리킵니다.
- 을은 세탁기를 돌려 놓았다고 했으므로 그곳은 을의 **집**으로 볼 수 있습니다.
- 따라서 **‘집’과 ‘거기’는 같은 곳**이므로, “다른 곳이다”라는 E는 거짓입니다.

나머지 진술은 대화 내용에 부합합니다."
Syntax,Argument Structure & Valency,2,E,E,"정답은 **E: 설치했다**입니다.

- **설치하다**는 보통  
  **누가 + 무엇을 + 어디에 설치하다**  
  의 세 자리 서술어입니다.
- 문장에서는 주어 ‘나’가 생략되어 있고,
  - 목적어: **백신 프로그램을**
  - 부사어: **컴퓨터에**
  가 쓰였습니다.

따라서 **‘나는 백신 프로그램을 컴퓨터에 설치했다’**로 세 자리입니다.

다른 예들은 대체로 두 자리 이하이며, 특히 C의 **‘낭비되다’**에서 ‘쓸데없는 곳에’는 필수 성분이 아닌 부가적인 장소 표현으로 볼 수 있습니다."
Syntax,Argument Structure & Valency,3,J,J,"정답은 **J**입니다.

- **입수하다**: ‘누가 무엇을 입수하다’의 **두 자리 서술어**입니다.  
  - 나의 주체 + 첩보(목적어)
  - ‘스파이로부터’는 입수의 출처를 나타내는 부사어로, 필수 성분이 아닙니다.

다른 예들은 다음과 같습니다.

- **A 납부하다**: 누가 무엇을 어디에 납부하다 → 세 자리
- **B, C, G, H, I**: 주어만 요구하는 한 자리
- **D 투자하다**: 누가 무엇을 어디에 투자하다 → 세 자리
- **E 분할하다**: 누가 무엇을 무엇으로 분할하다 → 세 자리
- **F 추정하다**: 누가 무엇을 무엇으로 추정하다 → 세 자리

따라서 **J. 입수했다**입니다."
Pragmatics,Discourse Principles,1,H,H,"정답은 **H**입니다.

> 갑: 지연이는 할머니가 돌아가셔서 오늘 못 온답니다.  
> 을: 지연이 할머니는 잊을 만 하면 돌아가시네.

할머니가 실제로 여러 번 돌아가실 수는 없으므로, 을의 발화는 **사실에 근거하지 않은 거짓된 표현**입니다. 이는 지연이의 말을 믿지 못하겠다는 **비꼬는 태도**를 드러내기 위해 의도적으로 진실성을 어긴 사례입니다."
Pragmatics,Discourse Principles,3,E,E,"정답은 **E: “아유, 늙은이 아이 된다더니.”**입니다.

이 말은 나이가 많다는 점을 암시하기는 하지만, 질문인 **“나이가 어떻게 되나?”**에 대한 구체적이거나 직접적인 대답이라기보다 노화에 관한 속담·감탄에 가깝습니다. 따라서 질문과의 관련성을 가장 잘 지키지 않은 사례로 볼 수 있습니다."
Syntax,Argument Structure & Valency,3,I,E,"정답은 **E**입니다.

- **단정하다**: 주어 + 목적어를 요구하는 **두 자리 서술어**  
  - (너는) **타인의 성격을** 단정하지 말아라.
  - ‘겉모습만으로’는 방법을 나타내는 부사어이므로 자릿수에 포함되지 않습니다.

다른 예들은 다음과 같습니다.

- **기증하다**: ‘무엇을 누구에게’ → 세 자리
- **삽입하다**: ‘무엇을 어디에’ → 세 자리
- **인도하다**: ‘누구를 어디로’ → 세 자리
- 나머지 서술어들은 주어만을 요구하는 한 자리 서술어입니다."
Syntax,Argument Structure & Valency,3,E,E,"이 문제는 **정답이 하나로 성립하지 않습니다.** 최소한 **E와 I가 모두 두 자리 서술어**입니다.

- **E. 알아차렸다**  
  - 주어: 나는  
  - 목적어: 이상한 낌새를  
  → `알아차리다`는 **주어+목적어**, 두 자리 서술어입니다.

- **I. 간직하고 있다**  
  - 주어: *(나는)*  
  - 목적어: 그 목걸이를  
  - `품에`는 장소를 나타내는 부사어로 볼 수 있습니다.  
  → `간직하다`도 기본적으로 **주어+목적어**, 두 자리 서술어입니다.

따라서 일반적인 자릿수 판단에 따르면 **E와 I가 복수 정답**입니다.  
출제자가 `품에`를 필수 성분으로 보아 `간직하다`를 세 자리로 처리했다면 의도한 답은 **E**일 수 있지만, “나는 그 목걸이를 간직하고 있다”도 자연스러운 문장이므로 그 판단은 논란의 여지가 있습니다."
Syntax,Argument Structure & Valency,3,F,A,"두 자리 서술어는 **A, D, F, J**입니다.

- **A 감싸다**: 누가 + 무엇을 감싸다  
  → 피가 난 곳을 감쌌다.
- **D 대하다**: 누가 + 누구를/누구에게 대하다  
  → 그는 누구에게나 대한다.
- **F 가꾸다**: 누가 + 무엇을 가꾸다  
  → 누나는 텃밭을 가꾼다.
- **J 달라지다**: 무엇이 + 무엇과 달라지다  
  → 얼굴이 이전과 달라졌다.

참고로 **H 보내다**는 ‘누가 누구에게 무엇을 보내다’의 **세 자리 서술어**, **I 얹다**도 ‘누가 무엇을 어디에 얹다’의 **세 자리 서술어**로 볼 수 있습니다."
Pragmatics,Speech Acts,2,J,F,"옳게 연결된 것은 **F, J**입니다.

- **F: 남의 걸 훔치면 돼, 안 돼? → 질문**  
  행위의 옳고 그름에 대한 답을 요구하고 있습니다.

- **J: 난 엄마한테 죽었다 → 감정 표현**  
  실제 죽음을 진술하는 것이 아니라, 어머니에게 크게 혼날 것이라는 두려움이나 곤란한 감정을 나타냅니다.

나머지는 다음과 같이 보는 것이 적절합니다.

- A: 명령(요청)
- B: 진술
- C: 약속
- D: 청유
- E: 진술
- G: 감정 표현
- H: 명령
- I: 명령

따라서 정답은 **F, J**입니다."
Semantics,Conjunctions,1,F,F,"정답은 **F**입니다.

두 번째 문장은 첫 번째 문장을 구체적인 예로 드는 것이 아니라, **물병을 넘어뜨린 결과**를 나타냅니다. 따라서 빈칸에는 결과를 나타내는 **“그래서”**, **“그러므로”**, **“이로 인해서”** 등이 자연스럽습니다.

반면 **“가령”**, **“예컨대”**는 예시를 들 때 쓰는 표현이므로 이 문맥에는 적절하지 않습니다."
Syntax,Agreement,3,C,F,"정답은 **F**입니다.

> 그는 권위 있는 한 관공서의 직원이 **누락한 정보를 재촉했다.**

‘재촉하다’는 보통 사람이나 행동을 목적어로 하여 **“직원을 재촉했다”, “제출을 재촉했다”**처럼 씁니다. 따라서 **“정보를 재촉했다”**는 목적어와 서술어의 호응이 자연스럽지 않습니다.

자연스럽게 고치면:

- 그는 권위 있는 한 관공서의 직원에게 **누락된 정보를 제출하라고 재촉했다.**
- 그는 권위 있는 한 관공서의 직원이 **누락한 정보를 요구했다.**"
Syntax,Argument Structure & Valency,3,F,B,"정답은 **B: 적재하세요**입니다.

- **적재하다**는 ‘누가 무엇을 적재하다’의 구조로,  
  **주어 + 목적어**를 요구하는 **두 자리 서술어**입니다.  
  - 예: *사람들이 금속 코일을 적재하다.*

다른 예들은 대체로 한 자리이거나 세 자리 서술어입니다.

- **파병하다**: 군부가 / 동맹 국가에 / 특수부대를 파병하다 → 세 자리
- **명명하다**: 호이징가는 / 놀이하는 인간을 / 호모 루덴스로 명명하다 → 세 자리
- **알선해 주다**: 브로커가 / 내게 / 시술소를 알선해 주다 → 세 자리
- **나부끼다, 밀봉되다, 출토되다, 창궐하다, 헛발질하다, 도리질하다** 등은 한 자리 서술어로 볼 수 있습니다."
Syntax,Agreement,2,A,A,"정답은 **A**입니다.

- **꺼려하다**는 보통 명사나 **‘-기를’**, **‘-는 것을’**과 호응합니다.  
  - 자연스러운 표현: **원장이 기어오르는 것을 꺼려하시는**
- 따라서 **“원장이 기어오른다고 꺼려하시는”**은 호응이 어색합니다.

고치면 다음과 같습니다.

> 장모님이 원장이 기어오르는 것을 꺼려하시는 것을 보셨다."
Syntax,Agreement,1,G,G,"정답은 **G**입니다.

- **내가 친구와 가까워지고 싶었던 것은 인형이 자그마했던 것 같다.**

이 문장은 ‘내가 친구와 가까워지고 싶었던 이유’를 설명하는 구조인데, 뒤의 **“인형이 자그마했던 것 같다”**는 앞절과 의미상 자연스럽게 연결되지 않습니다.  

다른 선택지들은 대체로 **‘… 때문이었다’, ‘… 덕분이었다’, ‘…해서였다’**처럼 앞의 **‘싶었던 것은’**에 대한 이유나 근거로 자연스럽게 호응합니다."
Syntax,Argument Structure & Valency,2,D,D,"정답은 **D**입니다.

- **입수하다**: **주어 + 목적어**가 필요한 두 자리 서술어  
  - (누가) **첩보를** 입수했다.

다른 서술어들은 다음과 같습니다.

- **분할하다**: 재산을 셋으로 분할하다 → 주어·목적어·부사어(결과)로 **세 자리**
- **납부하다**: 세금을 국세청에 납부하다 → **세 자리**
- **추정하다**: 가치를 3억 원 이상으로 추정하다 → **세 자리**
- **투자하다**: 금액을 우주공학에 투자하다 → **세 자리**
- **녹아내리다, 용솟음치다, 상승하다, 지연되다, 해소되다** → 기본적으로 주어만 필요한 **한 자리**

따라서 두 자리 서술어는 **D의 ‘입수했다’**입니다."
Semantics,Inter-sentence Relations,1,F,F,"정답은 **F: 좋아하는 프로그램의 생방송을 놓쳤다.**

“퇴근 시각이 앞당겨진 덕분에”는 일찍 퇴근한 것이 긍정적인 결과로 이어졌음을 나타냅니다. 따라서 모임 참석, 집안일, 수면 보충 등은 자연스럽지만, 좋아하는 생방송을 놓친 것은 일찍 퇴근한 덕분에 얻은 결과로 보기 어렵습니다."
Semantics,Inter-sentence Relations,1,E,E,"정답은 **E: (라)→(가)→(마)→(나)→(다)→(바)**입니다.

- **(라)**에서 최근 카페 선택이 취향과 목적에 따라 이루어진다는 전체 주제를 제시합니다.
- **(가)**에서 대형 프랜차이즈 카페의 장단점을 설명한 뒤, **(마)**에서 그에 따라 출근길 테이크아웃 고객이 대형 체인점을 선호한다고 이어집니다.
- **(나)**는 ‘한편’으로 소규모 동네 카페를 대조적으로 제시합니다.
- **(다)**는 소규모 카페의 단점에도 불구하고 특별한 강점으로 충성 고객을 확보하는 경우를 덧붙입니다.
- **(바)**는 시간적 여유가 있는 사람들이 조용한 카페를 찾는다는 내용으로 마무리됩니다."
Semantics,Word Relationships,2,D,D,"정답은 **D**입니다.

- 문장 속 **고래**와 ‘소리를 높여’라는 의미를 활용하면  
  → **고래고래** 노래를 불렀다  
  가 적절합니다.
- **왁자지껄**은 여러 사람이 시끄럽게 떠드는 모양을 뜻하며, 문장 속 다른 부분인 ‘고래’에서 만들어진 말도 아니므로 조건에 맞지 않습니다."
Syntax,Embedded Clauses,2,H,H,"정답은 **H**입니다.

- **H: 오늘 놓아 버린 이제 어두운 우리의 관계**
  - **오늘 놓아 버린**: ‘우리의 관계’를 꾸미는 관형절
  - **이제 어두운**: 역시 ‘우리의 관계’를 꾸미는 관형절  
  → 두 안긴 문장이 서로를 꾸미지 않고, 모두 **‘우리의 관계’**를 직접 꾸밉니다.

반면 다른 문장들은 예를 들어 **‘어두운’이 ‘기억’을 꾸미고, ‘미련 한 스푼 더하고 어두운 기억 한 스푼 덜어낸’이 ‘옛날’을 꾸미는 것**처럼, 한 안긴 문장 안에 또 다른 안긴 문장이 들어 있습니다."
Pragmatics,Discourse Principles,3,H,C,"정답은 **C**입니다.

- 갑: “동생이 공부는 잘해요?”
- 을: “애는 착해요.”

질문은 **공부를 잘하는지**를 묻고 있는데, 을은 **성격이 착하다는 정보**만 제시했습니다. 이는 질문에 직접 답하지 않으면서, 오히려 “공부는 잘하지 못한다”는 태도나 평가를 간접적으로 드러내는 발화입니다. 즉, 필요한 정보를 일부러 적게 제공한 경우입니다."
Pragmatics,Discourse Principles,1,A,A,"정답은 **A**입니다.

**‘규칙은 규칙입니다’**는 제출 기한을 늦출 수 없는 구체적인 이유나 명시적인 거절을 충분히 말하지 않고, 필요한 정보보다 적게 제공하는 표현입니다. 따라서 대화의 **양의 격률(필요한 만큼 정보를 제공하라)**을 의도적으로 위반하여 “기한을 늦춰 드릴 수 없습니다”라는 의미를 전달합니다."
Pragmatics,Discourse Principles,1,C,C,"정답은 **C**입니다.

- **“눈이 많이 오네요, 아버지.”**는 “작은아버지를 보고 갈 것인가?”라는 질문과 직접적인 관련이 없는 말입니다.
- 따라서 대화의 **관련성의 격률(Maxim of Relation)**을 고의로 위반한 반응으로 볼 수 있습니다.

다른 선택지의 반응들은 반드시 정보 부족, 거짓, 불명확성 등의 격률 위반이라고 단정하기 어렵습니다."
Pragmatics,Speech Acts,3,I,I,"정답은 **I**입니다.

- **“손님, 뭘로 드릴까요?”** → 무엇을 원하는지 묻는 **질문**
- **“혹시 저 알아보시겠어요?”** → 자신을 알아보는지 묻는 **질문**
- **“아니 이게 누구야?”** → 놀라움과 반가움을 나타내는 **감정 표현**
- **“아랫층에 살던 꼬마구나!”** → 상대방의 정체에 대한 **진술**
- **“언제 이렇게 컸대?”** → 실제 정보를 묻기보다 놀라움을 나타내는 **감정 표현**

따라서 옳게 연결된 것은 **I: “언제 이렇게 컸대?” — 감정 표현**입니다."
Morphology,Verbal Conjugation,3,H,H,"정답은 **H: 노래 (노랗다)**입니다.

- **A 고와, C 도와**: ㅂ 불규칙 활용  
- **B 흘러, E 눌러**: 르 불규칙 활용  
- **D 지어, G 그어**: ㅅ 불규칙 활용  
- **F 퍼**: 우 불규칙 활용  
- **I 물어, J 걸어**: ㄷ 불규칙 활용  

이들은 주로 **어간이 변하는 불규칙 활용**입니다.

반면 **노랗다 → 노래**는 어간의 **‘ㅎ’이 탈락**하고 어미도 함께 변하므로, **어간과 어미가 모두 바뀌는 불규칙 활용**입니다. 따라서 정답은 **H**입니다."
Morphology,Verbal Conjugation,3,H,H,"정답은 **H: 부수어(부수다)**입니다.

- **부수다 → 부수어**: 어간 ‘부수-’에 어미 ‘-어’가 규칙적으로 결합한 형태입니다.  
  (줄임말은 **부숴**입니다.)

다른 예들은 불규칙 활용입니다.

- 고와: ㅂ 불규칙
- 공부하여: 하다의 여 불규칙
- 더워: ㅂ 불규칙
- 퍼: 우 불규칙
- 푸르러, 이르러: 러 불규칙
- 하얘: ㅎ 불규칙
- 일컬어: ㄷ 불규칙

다만 **G의 ‘흐르러’는 표준적인 활용형이 아니며, ‘흐르다’의 올바른 활용은 ‘흘러’**입니다. ‘흐르다’ 역시 르 불규칙 활용에 해당합니다. 따라서 출제 의도상 정답은 **H**입니다."
Phonetics/Phonology,Phonological Constraints,3,A,D,"정답은 **D: 다쳐 [다처]**입니다.

- **다쳐 → [다처]**는 ‘쳐’가 축약되어 발음되는 현상으로, 자음 배열 제약보다는 **모음 축약 및 형태·음절 구조에 따른 변화**입니다.
- 나머지는 받침 중화, 경음화, 격음화, 유음화 등 한국어의 음소 배열 제약과 관련된 음운 현상의 예입니다."
Morphology,POS & Morphemes,2,E,E,"정답은 **E: 너희'들' 빨래는 다 널었니?**입니다.

- **너희들**의 ‘들’은 ‘너희’가 복수임을 나타내는 **복수 접미사**입니다.
- 나머지 문장의 ‘들’은 명사·부사·어미 뒤에 붙어 여러 사람에게 행동을 함께 하도록 나타내는 **보조사**입니다.

예:  
- 많이**들** 쑥덕댔구나  
- 어서**들** 오세요  
- 다**들** 떠나갔어"
Semantics,Semantic Compatibility,1,E,E,"정답은 **E: [동식이], [강아지]**입니다.

- **동식이**: ‘나는 동식이와 텐트를 쳤다’에서 행위를 함께하는 **동반자(공동 행위자)**  
- **강아지**: ‘아이들은 강아지와 뛰어놀고 있었다’에서 행위를 함께하는 **동반자(공동 행위자)**

따라서 두 단어는 모두 행위에 함께 참여하는 **동반자 역할**을 하므로 의미적 역할이 가장 유사합니다."
Morphology,Verbal Conjugation,2,J,J,"정답은 **J**입니다.

- **삼가다**는 ‘-하다’가 붙은 말이 아니므로 **삼가해**로 활용하지 않습니다.
- 올바른 표현은 **“음주는 삼가 주십시오.”** 또는 **“음주를 삼가십시오.”**입니다.

참고로 다른 문장들은 적절합니다.

- **치르다 → 치렀니**
- **개다 → 갠**
- **걷어붙이다 → 걷어붙이고**
- **알맞다 → 알맞은**
- **빗기다 → 빗겨 주었다**"
Phonetics/Phonology,Phonological Alternation,3,G,G,"옳지 않은 것은 **G: ‘밝아’는 자음군 단순화가 일어난다**입니다.

- **밝아**: ‘밝- + -아’ → **[발가]**
  - 자음군 ‘ㄺ’의 두 자음이 모두 발음되므로 자음군 단순화가 아닙니다.
  - ‘ㄹ’은 앞 음절의 종성으로, ‘ㄱ’은 뒤 음절의 초성으로 연음됩니다.

나머지는 옳습니다.

- **따님, 바느질, 소나무**: ㄹ 탈락
- **밝다, 삶**: 자음군 단순화
- **좋아, 싫은**: ㅎ 탈락
- **ㄹ 탈락**은 표기에 반영되지만, **ㅎ 탈락**은 대체로 발음에만 반영됩니다."
Morphology,Verbal Conjugation,3,H,H,"정답은 **H: 벋다**입니다.

**눋다**는 어간의 받침 **ㄷ이 모음으로 시작하는 어미 앞에서 ㄹ로 바뀌는 ㄷ 불규칙 활용**을 합니다.

- 눋다 → **눌어**
- 깨닫다 → 깨달아
- 일컫다 → 일컬어
- 겯다 → 결어
- 싣다 → 실어
- 붇다 → 불어
- 닫다(뛰어가다) → 달아
- 듣다 → 들어
- 걷다(다리를 움직이다) → 걸어
- 묻다(질문하다) → 물어

반면 **벋다**는 **벋어**처럼 활용하는 규칙 활용 용언이므로 동일한 유형이 아닙니다."
Morphology,Word Formation,2,F,E,"정답은 **E: 실마리, 강산**입니다.

- **실마리** = 실 + 마리 → 합성어  
- **강산** = 강 + 산 → 합성어  

나머지는 파생어 또는 단일어입니다.

- **사랑하다**: 사랑 + 하다 → 파생어  
- **알부자**: 알- + 부자 → 파생어  
- **군밤, 군식구**: 군- + 밤/식구 → 파생어  
- **벋놓다**: 벋- + 놓다 → 파생어  
- **벌써, 민들레, 일찍**: 단일어"
Morphology,Word Formation,3,B,B,"정답은 **B: 헛발질 = 헛 + 발질**입니다.

**헛발질**은 직접 구성 성분을 **헛발 + 질**로 보는 것이 적절합니다.  
즉, 접미사 **‘-질’**이 ‘헛발’에 붙은 구조입니다.

- 헛발질 = **헛발 + 질**
- 헛발 = **헛- + 발**

따라서 **‘헛 + 발질’**로 나눈 B가 적절하지 않습니다."
Syntax,Agreement,1,J,J,"정답은 **J**입니다.

- **J: 사장은 직원의 태도가 마땅찮다.**
  - ‘마땅찮다’는 마음에 들지 않거나 못마땅하다는 뜻의 **형용사**로, 피동 표현이 아닙니다.

나머지는 모두 피동사 또는 피동 표현이 쓰였습니다.

- A 가로놓였다 ← 가로놓다  
- B 휘감긴다 ← 휘감다  
- C 내몰렸다 ← 내몰다  
- D 떼인다 ← 떼다  
- E 억눌렸다 ← 억누르다  
- F 낚인다 ← 낚다  
- G 씹혔다 ← 씹다  
- H 내쫓겼다 ← 내쫓다  
- I 집혔다 ← 집다"
Syntax,Agreement,1,B,B,"정답은 **B**입니다.

- **B: 줄다리기 선수가 밧줄을 잡아당긴다.**  
  → 주어가 직접 행동하는 **능동 표현**입니다.

나머지는 모두 피동 표현이 포함되어 있습니다.

- A 널려 있다 ← 널다  
- C 사로잡혔다 ← 사로잡다  
- D 눈이 뜨였다 ← 뜨다  
- E 걷혔다 ← 걷다  
- F 가로막혔다 ← 가로막다  
- G 얹혀 있다 ← 얹다  
- H 그을렸다 ← 그을다  
- I 뒤섞여 있다 ← 뒤섞다  
- J 잡아먹혔다 ← 잡아먹다"
Semantics,Semantic Compatibility,1,G,G,"가장 어색한 것은 **G**입니다.

> **G: 퇴근길에 사과 씨앗에 들렀다.**

‘들르다’는 보통 장소를 목적어로 취하므로 **‘사과 씨앗’**과는 어울리지 않습니다.  
예를 들어 다음처럼 고치는 것이 자연스럽습니다.

- 퇴근길에 **사과 가게에** 들렀다.
- 퇴근길에 **사과를 사러** 들렀다.

※ E는 “강화해야한다”보다 **“강화해야 한다”**로 띄어 써야 하지만, 문장 의미상 가장 어색한 것은 G입니다."
Semantics,Semantic Compatibility,1,A,A,"가장 어색한 것은 **A**입니다.

- **A: “헬스장이 눈 속을 달리고 있었다.”**  
  ‘헬스장’은 장소이므로 보통 달리는 주체가 될 수 없어 의미상 매우 어색합니다.  
  예를 들어 **“사람들이 눈 속을 달리고 있었다.”** 또는 **“헬스장 주변에 눈이 쌓여 있었다.”**라고 해야 자연스럽습니다.

참고로 C는 **‘매웠다’가 아니라 ‘메웠다’**, D는 **‘해야한다’가 아니라 ‘해야 한다’**가 맞습니다."
Semantics,Semantic Compatibility,2,H,H,"가장 어색한 것은 **H**입니다.

- **선거용지**보다는 일반적으로 **투표용지**라고 합니다.
- 따라서 “**투표용지가 창문을 두드렸다**”가 더 자연스럽습니다.

다만 문학적 의인화로 본다면 H도 가능하지만, 일반적인 어휘 선택과 표현의 자연스러움을 기준으로 하면 H가 가장 어색합니다."
Semantics,Semantic Compatibility,1,J,J,"가장 어색한 것은 **J: “헌법 제1조가 아침을 먹었다.”**입니다.

헌법 제1조는 법 조항이므로 아침을 먹을 수 없습니다. 주어와 서술어의 의미 관계가 성립하지 않아 가장 부자연스럽습니다."
Semantics,Semantic Compatibility,1,H,H,"가장 어색한 것은 **H**입니다.

> **H: 푹신한 코코아에서 소파를 마신다.**

‘푹신한’은 보통 소파나 이불 같은 촉감에, ‘마시다’는 코코아 같은 음료에 쓰입니다. 그런데 이 문장에서는 **코코아가 푹신하고 소파를 마신다**고 하여 의미 관계가 부자연스럽습니다."
Semantics,Semantic Compatibility,1,G,G,"가장 어색한 것은 **G: 고정 금리가 드론을 정교하게 조종한다.**입니다.

**고정 금리**는 대출이나 금융 상품의 이자율을 뜻하는 경제 용어이므로, **드론을 조종한다**는 서술과 의미상 연결되지 않습니다."
Phonetics/Phonology,Suprasegmental Features,3,J,B,"장음으로 발음되지 않는 것은 **B, D, E, I, J**입니다.

- **B 병**: [병] — 질병  
- **D 벌**: [벌] — 곤충  
- **E 해**: [해] — 해악, 손해  
- **I 굴**: [굴] — 동굴  
- **J 밤**: [밤] — 밤 시간  

반면 장음으로 발음되는 것은 다음과 같습니다.

- **A 밤**: [밤ː] — 먹는 밤  
- **C 눈**: [눈ː] — 내리는 눈  
- **F 부**: [부ː] — 재산  
- **G 말**: [말ː] — 언어·말  
- **H 발**: [발ː] — 문에 치는 발  

따라서 단일 정답을 요구한 문제라면, 여러 개가 해당하므로 문항에 오류가 있습니다."
Pragmatics,Discourse Principles,1,I,I,"정답은 **I: “먹을 만큼 먹었지.”**입니다.

이 대답은 나이를 구체적으로 밝히지 않고, 단지 **나이가 많거나 경험이 많다는 의미**만 전달합니다. 따라서 “나이가 어떻게 되나?”라는 질문에 필요한 나이 정보를 충분히 제공하지 않습니다.

반면 다른 대답들은 정확한 나이, 출생 연도, 나이의 범위 또는 상대방과의 비교를 통해 나이를 알 수 있게 합니다."
Syntax,Embedded Clauses,1,H,H,"정답은 **H**입니다.

- **H: 지금은 [너구리가 겨울잠을 자기에] 이른데.**
  - 안긴 문장: **너구리가 겨울잠을 자기에**
  - ‘이르다’의 상황이나 이유를 나타내므로 **부사어 역할**을 하는 부사절입니다.

다른 문장들의 안긴 문장 역할은 다음과 같습니다.

- A, C: 서술절
- B, D, I: 관형절
- E, F: 주어 역할의 명사절
- G, J: 목적어 역할의 명사절"
Syntax,Embedded Clauses,1,D,D,"정답은 **D: 삼촌은 숨이 차도록 달렸다.**입니다.

- **‘숨이 차도록’**: ‘달렸다’를 꾸며 주는 **부사절**  
- 따라서 안긴 문장의 역할은 **부사어**입니다.

다른 예:
- B, C, E: 관형어 역할
- F, G: 주어 역할
- I, J: 목적어 역할"
Pragmatics,Implicature,1,E,E,"정답은 **E: 너네 집 시계 고장났냐?**입니다.

을이 밤늦게 전화를 했으므로, 갑은 늦은 시간에 전화한 것을 지적하며 **“너네 집 시계 고장났냐?”**라고 말하는 것이 가장 자연스럽습니다. 이에 을은 “급히 할 말이 있어서 그래.”라고 대답할 수 있습니다."
Syntax,Embedded Clauses,2,G,G,"정답은 **G**입니다.

- **G: 일본은 [자판기가 유명하다].**
  - 안긴 문장 **‘자판기가 유명하다’**가 전체 문장에서 **‘일본은’의 서술어 역할**을 합니다.
  - 따라서 **서술절**입니다.

다른 예들은 주로 주어(A, H), 목적어(B, F), 관형어(D, E, J), 부사어(C, I) 역할을 합니다."
Syntax,Embedded Clauses,1,J,J,"정답은 **J**입니다.

- **J: 이 휘발유는 [구린내가 심하다].**
  - 안긴 문장: **구린내가 심하다**
  - 전체 문장에서는 ‘이 휘발유는’에 대한 **서술어 역할**을 합니다.
  - 따라서 **서술절**입니다.

다른 예들은 안긴 문장이 주어, 목적어, 관형어, 부사어 등의 역할을 합니다."
Syntax,Embedded Clauses,2,A,A,"정답은 **A**입니다.

- **A: 이 통조림은 [뚜껑이 작다].**
  - 안긴 문장 **‘뚜껑이 작다’**가 전체 문장에서 **서술어 역할**을 합니다.
  - ‘이 통조림은’이 주어이고, ‘뚜껑이 작다’가 그 주어를 설명하는 서술절입니다.

나머지는 관형절, 부사절, 명사절 등으로 쓰였습니다."
Pragmatics,Speech Acts,2,I,I,"정답은 **I: “내달 중으로 보고드리겠습니다.”**입니다.

“내일도 늦으면 그때는 벌점을 주겠어.”는 화자가 앞으로 **어떤 행동을 하겠다고 약속하거나 의지를 밝히는 발화**입니다.  
I 역시 화자가 미래에 보고하겠다고 **약속**하고 있으므로 같은 의도에 해당합니다."
Syntax,Argument Structure & Valency,2,G,G,"정답은 **G: <뒤집혔다>**입니다.

- **뒤집히다**: “달걀프라이가 뒤집혔다”처럼 **주어 하나만 요구하는 한 자리 서술어**입니다.
- ‘어머니의 기술에’, ‘단번에’는 부가적인 성분입니다.

따라서 한 자리 서술어는 **G**입니다."
Pragmatics,Implicature,2,J,D,"정답은 **G**입니다.

‘지금 시간이 몇 시지?’는 표면적으로는 현재 시각을 묻는 **질문**이지만, 일반적으로 화자가 그 시각을 알지 못한다는 점을 함축합니다. 따라서 갑은 현재 시각을 모른 채 을에게 물어본 것으로 볼 수 있습니다.

다만 을의 ‘죄송합니다.’만으로는 을이 시각을 **모른다(D)**거나 **알면서 알려 주기 싫어한다(A)**고 단정할 수 없습니다."
Pragmatics,Implicature,1,I,I,"정답은 **I**입니다.

- **I: “내가 언제 밥때 거르는 것 봤니?”**  
  → 밥때를 거른 적이 없다는 뜻이므로, 저녁을 **챙겨 먹었다는 긍정적인 답**입니다.

나머지는 모두 직접적으로 부정하지는 않지만, 상황상 질문에 대해 부정적인 의미를 전달합니다."
Syntax,Argument Structure & Valency,1,B,B,"정답은 **B**입니다.

- **다운되다**: 「메인 서버가 다운되었다」처럼 **주어 하나만** 요구하는 한 자리 서술어입니다.  
  - 「익명의 해커에 의해」: 행위자를 나타내는 부사어  
  - 「완전히」: 상태의 정도를 나타내는 부사어

다른 예들은 다음과 같이 목적어나 부사어 등을 필수적으로 요구합니다.

- A **집어삼키다**: 무엇을 — 두 자리
- C **할애하다**: 무엇을 무엇에 — 세 자리
- D **파견하다**: 누구를 어디에 — 세 자리
- E **육박하다**: 무엇이 무엇에 — 두 자리
- F **매듭짓다**: 무엇을 — 두 자리
- G **대입하다**: 무엇에 무엇을 — 세 자리
- H **발령하다**: 누구를 무엇으로 — 세 자리
- I **기재하다**: 무엇을 어디에 — 세 자리
- J **세척하다**: 무엇을 — 두 자리"
Pragmatics,Implicature,1,A,A,"정답은 **A**입니다.

- 갑의 발화: “나랑 팀으로 나가 볼래?” → 대회에 함께 참가하자는 **제안**
- 을의 발화: “상금은 다 내 거다.” → 함께 참가하는 것을 전제로 한 **승낙**으로 볼 수 있습니다. 다만 엄밀하게는 상금에 관한 조건을 붙인 **조건부 승낙**에 가깝습니다.

나머지는 대체로 다음과 같습니다.

- **B, D, E, F, G, H, I, J**: 직접적 또는 간접적인 거절
- **C**: 즉시 승낙이나 거절이 아닌 유보·숙고 의사

따라서 제안과 승낙의 예는 **A**입니다."
Syntax,Argument Structure & Valency,3,I,A,"정답은 **A**입니다.

- **질주하다**: 주어만 요구하는 **한 자리 서술어**  
  → *여러 대의 승용차들이 질주하고 있다.*

다른 서술어들은 목적어나 부사어 등을 요구합니다.

- 표기하다: 무엇을 표기하다 → 두 자리
- 번역하다: 무엇을 무엇으로 번역하다 → 세 자리
- 꿰뚫다: 무엇이 무엇을 꿰뚫다 → 두 자리
- 섭취하다: 무엇을 섭취하다 → 두 자리
- 지탱하다: 무엇이 무엇을 지탱하다 → 두 자리

따라서 **A**입니다."
Pragmatics,Implicature,1,A,A,"정답은 **A**입니다.

을은 “엄마는 네 나이 때 하루에 3시간씩 자 가며 공부했어.”라고 말하며, 자녀가 자신의 나이 때만큼 열심히 공부하지 않았다고 비교·지적하고 있습니다. 따라서 **자녀가 공부를 충분히 하지 않았다고 생각한다**고 볼 수 있습니다.

다른 선택지들은 갑이나 을의 발언에서 직접 확인하기 어렵습니다."
Syntax,Ellipsis,3,I,I,"정답은 **I**입니다.

일본어의 **か행** 자음 /k/는 외래어 표기에서 보통 다음과 같이 적습니다.

- **어두**: ㄱ — きたきゅうしゅう → **기타큐슈**
- **어중·어말**: ㅋ — あきた → **아키타**

따라서 「기타큐슈」의 첫 음절 **기**는 어두에 있기 때문에 그렇게 표기된 것이며, 같은 음절이 어중에서도 계속 **기**로 표기되는 것은 아닙니다. 어중에서는 **키**로 표기됩니다.

따라서 올바르지 않은 설명은 **I**입니다."
Semantics,Conjunctions,2,F,F,"정답은 **F**입니다.

앞 문장에서는 한 원두에서 **신맛과 과일 향기**가 난다고 했고, 뒤 문장에서는 다른 원두에서 **쓴맛과 견과류 향**이 난다고 하여 두 원두의 특성을 **대조**하고 있습니다. 따라서 대조를 분명히 드러내는 **“반면”**이 자연스럽습니다.

- “또한”: 단순한 추가의 의미라 대조 관계를 충분히 나타내지 못함
- “그러나”: 사용 가능하지만, 두 대상을 직접 비교하는 문맥에서는 “반면”이 더 적절함
- “만약”: 조건을 나타내므로 문맥에 맞지 않음"
Semantics,Conjunctions,3,I,I,"정답은 **I**입니다.

앞 문장의 **“모레까지 정해서 발표해야 한다”**는 기한과 부담이 뒤 문장의 **“급하게 준비를 시작했다”**는 행동의 원인이 됩니다. 따라서 빈칸에는 원인과 결과를 연결하는 **“그래서”**가 자연스럽습니다.

> 기말 보고서 작성 계획을 모레까지 정해서 발표해야 한다. **그래서** 지민이는 급하게 관심 있는 주제의 책을 몇 권 대출하고 해당 분야 논문을 훑어보며 발표 준비를 시작했다.

**“반면”**은 서로 대조되는 내용이 필요하고, **“그러나”** 역시 특별한 대조가 없어 적절하지 않습니다."
Semantics,Conjunctions,1,B,B,"정답은 **B**입니다.

**“어제부로 바쁜 일을 모두 마무리하고 푹 쉬고 있었다. 그런데 끝낸 일에 문제가 생겨서 수습하느라 다시 바빠지고 말았다.”**

여기서 **‘그런데’**는 앞의 상황과 뒤의 상황이 전환되거나 예상과 달라졌음을 나타내므로 자연스럽습니다.

- **그러나**: 일반적으로 앞뒤 내용이 대조되어야 함
- **그러므로**: 앞 내용이 뒤 내용의 원인이 아니라 결과를 나타냄
- **왜냐하면**: 뒤에 이유가 와야 함
- **예컨대**: 구체적인 예를 들 때 사용함
- **게다가**: 앞 내용에 같은 방향의 내용을 덧붙일 때 사용하므로, 갑작스러운 문제 발생을 나타내는 B의 상황에는 **그런데**가 더 적절함"
Semantics,Conjunctions,2,H,H,"정답은 **H**입니다.

빈칸에 **“곧바로”**를 넣으면 다음과 같이 사건이 시간 순서대로 자연스럽게 이어집니다.

> 조별과제 중간보고서 작성 중에 대폭 수정해야 할 부분을 발견했다. **곧바로** 조원들에게 연락하여 회의를 잡고 보완 방향을 결정했다.

“곧바로”는 앞의 **발견** 직후 뒤의 **연락 및 회의 진행**이 이루어졌음을 나타내므로 적절합니다.  
다만 문장에 이미 “급하게”가 있으므로, 실제로는 **“곧바로 조원들에게 연락하여”**처럼 쓰는 편이 더 자연스럽습니다."
Semantics,Conjunctions,2,F,F,"정답은 **F**입니다.

- “휴대폰 배터리가 다 닳았다. **그런데** 휴대폰의 충전 단자가 고장 나서 충전을 할 수 없다.”
- 배터리가 방전된 상황에서 충전할 수 없다는 예상 밖의 문제를 덧붙이므로 **‘그런데’**가 자연스럽습니다.

다른 선택지는 접속어의 의미 관계가 맞지 않습니다. 예를 들어 C는 비용이 줄지 않고 손해가 커진다는 내용이므로 **‘따라서’**보다 **‘오히려’**가 적절하고, I의 두 문장은 오히려 **‘그런데’**로 자연스럽게 연결할 수 있습니다."
Semantics,Conjunctions,2,G,G,"정답은 **G**입니다.

가장 자연스러운 흐름은 **(2) → (3) → (1)**입니다.

- **(2)** 인공지능 기술이 빠르게 발전하고 있다는 상황을 제시하고,
- **(3)** 그러나 모든 사람이 그 발전을 체감하는 것은 아니라는 점을 덧붙인 뒤,
- **(1)** 특히 소외계층이 정보격차 등의 어려움을 겪는다는 구체적 사례를 제시합니다.

예를 들면 다음과 같이 연결할 수 있습니다.

> 인공지능 기술이 빠르게 발전하고 있다. **그러나** 모든 사람이 발전 양상을 체감하지는 못하는 실정이다. **특히** 소외계층은 이러한 변화를 따라잡는 데 정보격차 등의 난관을 겪는다.

따라서 **(1)을 (2) 바로 뒤에 배치하는 것보다 (3) 뒤에 배치하는 것이 자연스럽다**는 G가 적절합니다."
Syntax,Argument Structure & Valency,2,B,B,"정답은 **B**입니다.

- **<보기>**: 국가가 / 중앙은행에서 / 거액을 / 차입했다  
  → **주어 + 부사어(출처) + 목적어**로, 서술어 **‘차입하다’는 3자리 서술어**입니다.

- **B**: (누군가가) / 마티니에 / 순금 조각을 / 가미했다  
  → **주어 + 부사어(대상) + 목적어**로, **‘가미하다’ 역시 3자리 서술어**입니다.

따라서 <보기>와 같은 것은 **B**입니다."
Semantics,Semantic Compatibility,1,B,B,"가장 어색한 것은 **B**입니다.

- **B: 고기가 저녁 만찬을 요리했다.**
  - ‘고기’가 요리의 주체가 되어 의미상 부자연스럽습니다.
  - 예: **고기로 저녁 만찬을 요리했다.** / **그가 고기로 저녁 만찬을 요리했다.**

참고로 F는 **‘눈 오는 날’**, I는 **‘먹는 것만큼’**으로 띄어 쓰는 것이 맞지만, 문장 의미가 가장 어색한 것은 B입니다."
Semantics,Semantic Compatibility,2,A,J,"가장 어색한 것은 **J**입니다.

- **J: 소비자의 이탈세가 심각하다.**
  - 일반적으로 **“소비자 이탈률이 심각하다”** 또는 **“소비자의 이탈이 심각하다”**라고 합니다.
  - **‘이탈세’**는 이 문맥에서 적절한 표현이 아닙니다.

따라서 정답은 **J**입니다."
Semantics,Semantic Compatibility,1,C,C,"가장 어색한 것은 **C**입니다.

- **C: 부동산 가격이 사각거렸다.**

‘사각거리다’는 종이나 낙엽 등이 스치는 소리를 나타내는 말로, 일반적으로 **부동산 가격**과는 어울리지 않습니다.  
“부동산 가격이 급등했다/하락했다”처럼 쓰는 것이 자연스럽습니다.

다만 A의 “바람 소리가 솔솔”은 다소 시적인 표현이지만 문맥상 허용될 수 있습니다."
Semantics,Semantic Compatibility,1,H,H,"가장 어색한 것은 **H: 바위를 마신다.**입니다.

‘마시다’는 보통 물·음료처럼 액체인 대상을 목적어로 취하므로, ‘바위’와는 의미상 어울리지 않습니다."
Semantics,Semantic Compatibility,1,E,E,"가장 어색한 것은 **E: 나른한 오후에 커피가 책을 읽었다.**입니다.

커피가 책을 읽는다는 것은 일반적으로 불가능하므로 주어와 서술어의 의미 관계가 어색합니다.  
예를 들어 **“나른한 오후에 나는 커피를 마시며 책을 읽었다.”**라고 하면 자연스럽습니다."
Semantics,Semantic Compatibility,1,F,F,"가장 어색한 것은 **F: “맥주가 주차를 했다.”**입니다.

맥주는 주차를 할 수 없는 사물이므로 주어와 동사의 의미 관계가 성립하지 않습니다. (의인화나 비유적 표현이 아니라면 부자연스럽습니다.)"
Semantics,Semantic Compatibility,1,G,G,"가장 어색한 것은 **G: “설계는 의자가 담당했다.”**입니다.

의자는 설계를 담당할 수 없으므로 의미상 부자연스럽습니다.  
예를 들어 다음과 같이 고치는 것이 자연스럽습니다.

- **의자의 설계는 건축가가 담당했다.**
- **설계는 건축가가 담당했다.**"
Semantics,Semantic Compatibility,1,B,B,"가장 어색한 것은 **B**입니다.

- **“급히 집을 들고 뛰었다”**는 문법적으로는 가능하지만, 특별한 맥락이 없으면 사람이 집 전체를 들고 뛰었다는 뜻으로 읽혀 매우 부자연스럽습니다.
- 보통은 **“급히 집을 나와 뛰었다”**, **“급히 집으로 뛰어갔다”**처럼 표현합니다.

따라서 정답은 **B**입니다."
Syntax,Argument Structure & Valency,3,J,B,"정답은 **B**입니다.

- **단정하다**: `누가 + 무엇을 단정하다`  
  → *(주어) 겉모습만으로 타인의 성격을 단정하지 말아라.*  
  → **주어와 목적어를 요구하는 두 자리 서술어**

다른 예들은 다음과 같습니다.

- A **인도하다**: `누가 + 누구를 + 어디로` → 세 자리
- F **삽입하다**: `누가 + 무엇을 + 어디에` → 세 자리
- H **기증하다**: `누가 + 무엇을 + 누구에게` → 세 자리
- C, D, E, G, I, J의 서술어는 주로 주어만을 요구하는 한 자리 서술어입니다."
Semantics,Inter-sentence Relations,3,C,C,"정답은 **C**입니다.

- **안전사고 → 화재**: 화재는 안전사고의 한 사례입니다.
- **안전사고 → 이러한 일**: ‘이러한 일’은 앞에서 언급한 화재를 가리킵니다.
- 반면 **먼지가 많이 낀 멀티탭**은 안전사고 자체가 아니라 **안전사고를 일으킬 수 있는 위험 요소**입니다.

따라서 첫 번째 항목과 두 번째 항목의 관계가 다른 것은 **C**입니다."
Semantics,Inter-sentence Relations,1,D,D,"정답은 **D: 2 → 4 → 1 → 3**입니다.

- **2**: 저녁으로 파스타를 만들려 했지만 재료가 없었다.
- **4**: 그래서 신선식품이 있는 대형마트에 갔다.
- **1**: 하지만 늦은 시간이라 문이 닫혀 있었다.
- **3**: 결국 편의점에서 인스턴트 파스타를 샀다."
Semantics,Inter-sentence Relations,1,H,H,"정답은 **H: 구조자**입니다.

지문에서 대부분의 표현은 수달 또는 수달의 개체를 가리킵니다.

- **수달, 이 동물, 이들, 그들**: 수달
- **구조 대상, 새끼, 어미, 성체, 개체**: 구조되는 수달 또는 그 주변의 수달
- **구조자**: 수달을 구조하는 사람

따라서 나머지 선지들과 가리키는 대상이 가장 다른 것은 **H 구조자**입니다."
Semantics,Inter-sentence Relations,1,F,F,"정답은 **F: (제품 출시 가격이, 구매가)**입니다.

문장에 넣으면:

> 그러나 기기 자체의 사양에 비해 **제품 출시 가격이** 지나치게 높다는 지적도 나온다.  
> … 사실상 사전 예약자가 아니면 **구매가** 어려울 것으로 전망된다.

첫 번째 빈칸은 ‘높다’의 주어로 가격이 적절하고, 두 번째 빈칸은 ‘어렵다’와 자연스럽게 결합하는 ‘구매가’가 적절합니다."
Semantics,Conjunctions,3,A,A,"정답은 **A: 반면, 그래서**입니다.

- “대부분의 액체는 얼면 부피가 감소한다.”와 “물은 얼면 오히려 부피가 증가한다.”는 서로 대조되므로 **반면**이 적절합니다.
- 물의 부피가 증가하기 때문에 수도관이나 물병이 깨질 수 있으므로 **그래서**가 자연스럽습니다.

완성된 문장:

> 대부분의 액체는 얼면 부피가 감소한다. **반면,** 물은 얼면 오히려 부피가 증가한다. **그래서** 한겨울에 수도관이 동파되거나 냉동실에 넣어 둔 물병이 깨지기도 한다."
Semantics,Inter-sentence Relations,1,G,G,"정답은 **G: 좋아하는 프로그램의 생방송을 놓쳤다.**

퇴근 시간이 앞당겨져 일찍 귀가할 수 있었으므로, 그 덕분에 할 수 있었던 일이나 시간을 활용한 결과가 이어지는 것이 자연스럽습니다. 반면 좋아하는 프로그램의 생방송을 **놓쳤다**는 내용은 앞의 상황과 긍정적인 인과 관계를 이루지 못합니다."
Syntax,Argument Structure & Valency,2,D,D,"정답은 **D**입니다.

- **다운되다**: 주어 하나만 요구하는 **한 자리 서술어**입니다.  
  - *메인 서버가 다운되었다.*
  - “익명의 해커에 의해”는 행위자를 나타내는 부가 성분으로, 필수 자릿수에 포함되지 않습니다.

다른 예들은 다음과 같이 목적어나 부사어 등을 필수적으로 요구합니다.

- **매듭짓다**: 주어 + 목적어
- **대입하다**: 주어 + 대입 대상 + 대입할 값
- **집어삼키다**: 주어 + 목적어
- **파견하다**: 주어 + 목적어 + 파견 장소
- **할애하다**: 주어 + 할애하는 것 + 대상
- **세척하다**: 주어 + 목적어
- **기재하다**: 주어 + 목적어 + 기재 장소
- **육박하다**: 주어 + 비교·접근 대상
- **발령하다**: 주어 + 목적어 + 발령 내용

따라서 한 자리 서술어는 **D. 다운되었다**입니다."
Semantics,Word Relationships,3,I,I,"정답: **I. 순이익**

**벼 : 쌀**은 벼에서 껍질 등을 제거해 실제 이용 가능한 쌀을 얻는 관계입니다.  
이와 유사하게 **매출 : 순이익**은 매출에서 비용 등을 제외하고 실제로 남는 이익을 산출하는 관계입니다."
Semantics,Word Relationships,2,G,G,"정답은 **G: 드래곤**입니다.

- **외삼촌**: 어머니의 남자 형제  
- **친할아버지**: 아버지의 아버지  

두 사람은 부모의 결혼을 통해 서로 **사돈 관계**가 됩니다.

지문에서:

- 드래곤은 아레스의 아버지
- 유니콘은 아레스 아내의 동생

따라서 유니콘과 드래곤 역시 결혼으로 맺어진 **사돈 관계**이므로, 정답은 **G**입니다."
Semantics,Word Relationships,2,B,B,"정답은 **B: 감형**입니다.

- **배고픔 → 식사**: 문제 상태에 대한 직접적인 해결책
- **학교 폭력 → 징계·처벌**: 폭력 행위에 대한 대응책

정학, 사회 봉사, 훈계, 무기 징역, 추방, 유배, 퇴학, 사형, 구속은 학교 폭력에 대한 징계나 처벌로 볼 수 있습니다. 반면 **감형**은 이미 내려진 형벌을 줄이는 조치이므로 학교 폭력에 대한 직접적인 대응책에 해당하지 않아 가장 적합하지 않습니다."
Semantics,Word Relationships,2,D,D,"정답은 **D: 노르웨이의 숲**입니다.

- **식물 : 무궁화** → 식물의 한 종류인 무궁화  
- **고양이 : 노르웨이의 숲** → 고양이의 한 품종인 노르웨이의 숲

따라서 무궁화에 대응하는 단어는 **노르웨이의 숲**입니다."
Semantics,Word Relationships,1,H,H,"정답은 **H: 흑자**입니다.

- **뜨거움 : 차가움** → 반의어 관계  
- **적자 : 흑자** → 반의어 관계"
Semantics,Word Relationships,1,A,A,"정답은 **A: 의향**입니다.

**심중(心中)**은 마음속에 품은 생각이나 의도를 뜻합니다. 문맥상 “적 사령관이 항복을 권하는 **의도나 생각**”을 이해할 수 없었다는 의미이므로 **의향**이 가장 유사합니다."
Semantics,Word Relationships,3,C,G,"정답은 **G: 체포하다**입니다.

문맥상 “용의자를 즉각 안치하였다”는 용의자를 확보하여 처리했다는 의미로, 선택지 중에서는 **체포하다**가 가장 유사합니다."
Semantics,Word Relationships,3,I,C,"정답은 **C: 절감하다**입니다.

**통감하다**는 어떤 사실이나 감정을 **뼈저리게 느끼다, 깊이 깨닫다**라는 뜻입니다.  
따라서 문맥상 “프로젝트의 모든 과정을 깊이 느끼고 깨달았다”는 의미로 **절감하다**가 가장 유사합니다."
Morphology,Word Formation,3,A,A,"적절하지 않은 것은 **A**입니다.

- **읽히다**: ‘읽다’에 피동 접사 **-히-**가 붙은 말입니다.  
  - 품사: 동사 → 동사로 **변화 없음**
  - 문장 구조: 능동문에서 피동문으로 **변화함**  
  따라서 **ㄷ**에 해당합니다.

즉, A의 “읽히다는 ㄹ에 들어간다”는 설명이 틀렸습니다.

참고로 **밝히다**는 ‘밝다’에서 파생되어 형용사가 동사로 바뀌고, 사동 표현이 되어 문장 구조도 달라지므로 **ㄹ**에 해당합니다."
Morphology,Verbal Conjugation,3,D,D,"정답은 **D**입니다.

- **속을 썩이다**가 올바른 표현이므로,  
  **“나는 이제까지 부모님 속을 썩여 본 적이 없다.”**가 맞습니다.
- 따라서 **‘썩혀’**는 잘못된 쓰임입니다.

참고로 **썩히다**는 음식물을 부패하게 하거나 재능·물건을 활용하지 않고 내버려 둘 때 씁니다.

- 음식을 **썩히다**
- 재능을 **썩히다**
- 장비를 **썩히다**

반면 **속을 썩이다**, **골치를 썩이다**처럼 사람을 괴롭히는 경우에는 **썩이다**를 씁니다.

※ F의 ‘매주’는 문맥상 **‘메주’**의 오기로 보입니다. “메주를 썩혀 장을 만들었다”라고 의도한 것이라면, 출제 취지상 D가 오답입니다."
Morphology,Verbal Conjugation,3,C,C,"정답은 **C**입니다.

- **걸맞다**는 형용사이므로 현재 관형사형은 **걸맞은**입니다.
- 따라서 **“그 모임의 분위기에 걸맞은 옷”**이 올바른 표현입니다.

참고로 **B의 ‘맞는다’**는 ‘맞다’를 동사로 활용한 형태이므로 활용 자체는 가능합니다. 다만 일상적으로는 **“네 말이 맞다”**가 더 자연스럽게 쓰입니다."
Morphology,Word Formation,2,I,I,"정답은 **I. 풋사과**입니다.

- **풋사과**: `풋-`(덜 익은 상태라는 뜻을 더하는 접두사) + `사과` → **파생어**
- 나머지 단어들은 `꽃+밭`, `첫+눈`, `길+바닥`, `등+불`처럼 실질적인 의미를 가진 말들이 결합한 **합성어**입니다.

따라서 단어 형성 방식이 다른 것은 **I 풋사과**입니다."
Phonetics/Phonology,Suprasegmental Features,3,A,D,"정답은 **D: ㄴ, ㄹ, ㅂ**입니다.

- ㄱ. 밤(夜): 단음  
- ㄴ. 밤(밤나무 열매): **장음**
- ㄷ. 눈(眼): 단음  
- ㄹ. 눈(雪): **장음**
- ㅁ. 말(言): 단음  
- ㅂ. 말(馬): **장음**

따라서 장음으로 발음되는 것은 **ㄴ, ㄹ, ㅂ**입니다."
Phonetics/Phonology,Suprasegmental Features,3,D,D,"정답은 **D, J**입니다.

- **D ‘눈’**: 눈이 내리다의 **눈[눈ː]**은 장음입니다.  
  - 눈(雪) [눈ː]  
  - 눈(eye) [눈]

- **J ‘말’**: 여기서는 말(馬), 즉 ‘horse’이므로 **말[말ː]**로 발음합니다.  
  - 말(馬) [말ː]  
  - 말(言語) [말]

참고로 나머지는 문맥상 다음과 같이 단음입니다.

- 성인(成人) [성인]
- 병(甁) [병]
- 발(foot) [발]
- 밤(night) [밤]
- 굴(oyster) [굴]
- 손(hand) [손]
- 벌(punishment) [벌]"
Phonetics/Phonology,Phonological Alternation,2,J,J,"정답은 **J: 써서**입니다.

- **써서**: `쓰- + -어서 → 써서`  
  → 어간의 모음 **‘ㅡ’가 탈락**하는 **모음 탈락**

나머지는 모두 자음 탈락입니다.

- 부삽: `불 + 삽 → 부삽` → **ㄹ 탈락**
- 우짖다: `울 + 짖다 → 우짖다` → **ㄹ 탈락**
- 쌓이다, 낳은, 좋아서, 싫은, 점잖은: **ㅎ 탈락**
- 바느질, 소나무: **ㄹ 탈락**

따라서 성질이 다른 것은 **J**입니다."
Phonetics/Phonology,Phonological Alternation,3,H,H,"정답은 **H**입니다.

- **ㄱ**: 음절 끝소리 규칙에 따른 **음운 교체**
  - 빗 → [빋] : ㅅ → ㄷ
  - 앞 → [압] : ㅍ → ㅂ
  - 안팎 → [안팍] : ㄲ → ㄱ

- **ㄴ**: **된소리되기**
  - 약밥 → [약빱] : ㅂ → ㅃ
  - 잡다 → [잡따] : ㄷ → ㄸ

- **ㄷ**: **거센소리되기**
  - 놓지 → [노치] : ㅎ+ㅈ → ㅊ
  - 맏형 → [마텽] : ㄷ+ㅎ → ㅌ

- **ㄹ**: **ㄴ 첨가**
  - 솜이불 → [솜니불]
  - 한여름 → [한녀름]

따뜻하다 → [따뜨타다]에서는

1. 받침 ㅅ이 대표음 ㄷ으로 바뀌고  
2. ㄷ과 ㅎ이 결합하여 ㅌ이 되는 현상

이 일어나므로 **ㄱ과 ㄷ의 변동이 모두 나타납니다.** 따라서 **H가 적절합니다.**"
Syntax,Argument Structure & Valency,3,D,D,"정답은 **D**입니다.

- **D. 그제는 세찬 비가 전국에 <퍼부었다>.**
  - **퍼붓다**는 이 문맥에서 주어인 **‘세찬 비가’**만으로 성립하는 **한 자리 서술어**입니다.
  - **‘전국에’**는 비가 내린 범위를 나타내는 부사어로, 필수 성분이 아닙니다.
  - 따라서 **세찬 비가 퍼부었다**만으로도 문장이 성립합니다.

다른 예들은 목적어나 필수적인 부사어 등을 요구합니다.

- **동의하다**: 무엇에 동의하다 → 두 자리
- **연구하다, 켜다, 신청하다, 반납하다, 누리다**: 목적어 필요 → 두 자리
- **임명하다, 지시하다**: 대상과 결과·내용 등을 요구 → 세 자리
- **파고들다**: 특정 대상이나 방향을 나타내는 성분과 함께 쓰임 → 두 자리	gbc"
Pragmatics,Implicature,2,J,J,"정답은 **J**입니다.

- **A~I**: 모두 “더 빨리 가 달라”는 요구를 사실상 **거절**하는 대답입니다.
- **J: “그럼 손잡이나 꽉 잡으쇼.”**: 더 빨리 가겠다는 뜻이 내포되어 있어 유일하게 **승낙**에 해당합니다."
Syntax,Argument Structure & Valency,3,G,G,"정답은 **G**입니다.

- **물리학자가 최종 수상자로 발탁되었다.**
- **발탁되다**는 ‘어떤 자격이나 신분으로 뽑히다’라는 뜻이므로, **‘최종 수상자로’**와 같은 자격·신분을 나타내는 부사어가 필수적으로 요구됩니다.

다른 부사어들은 시간, 장소, 원인, 비교 등의 의미를 더해 주는 **수의적 부사어**입니다."
Syntax,Argument Structure & Valency,2,B,B,"정답은 **B, G**입니다.

- **B: 심장병에 걸린 환자**
  - ‘걸리다’는 보통 **무엇에 걸리다**의 형태로 쓰이므로, ‘심장병에’는 필수적 부사어입니다.
  - 예: 감기에 걸리다, 병에 걸리다.

- **G: 미국에서 수입한 것이다**
  - ‘수입하다’는 물건을 **어디에서 수입하다**라는 출처를 필요로 하므로, ‘미국에서’는 필수적 부사어입니다.

나머지 부사어들은 장소·시간·방향 등을 덧붙이는 말로, 없어도 문장이 성립합니다."
Syntax,Argument Structure & Valency,3,D,A,"필수적 부사어는 **A, D, I**입니다.

- **A. 쥐구멍에라도 숨고 싶다.**  
  ‘숨다’는 숨는 장소를 나타내는 부사어를 필요로 합니다.  
  → *어디에 숨다*

- **D. 공연이 막바지에 다다른다.**  
  ‘다다르다’는 도달하는 지점을 나타내는 부사어가 필요합니다.  
  → *어디에 다다르다*

- **I. 철새들이 해안으로 모여든다.**  
  ‘모여들다’는 모여드는 방향이나 장소를 나타내는 부사어와 함께 쓰입니다.  
  → *어디로 모여들다*

나머지의 꺾쇠 부분은 시간·장소 등을 덧붙이는 **임의적 부사어**입니다."
Syntax,Argument Structure & Valency,2,H,H,"정답은 **H**입니다.

- **나는 학교에서 모범생으로 통한다.**
  - ‘통하다’가 **‘~으로 여겨지다, 인정되다’**라는 뜻으로 쓰일 때 **‘~으로’**라는 부사어를 필요로 합니다.
  - 따라서 **‘모범생으로’**는 필수적 부사어입니다.

다른 경우의 꺾쇠 안 성분들은 장소·시간 등을 나타내는 **수의적인 부사어**입니다."
Syntax,Argument Structure & Valency,2,H,H,"정답은 **H: <너만>**입니다.

- **너만 오면**에서 ‘너만’은 **오다의 주어**입니다.  
  → “너만 오면” = “너만 오게 되면”

나머지 꺾쇠 안의 말은 각각 동작의 대상인 목적어입니다.

- A 말을 번역하다
- B 얼굴을 파묻다
- C 아이템을 획득하다
- D 협동심을 기르다
- E 빨랫비누를 가져오다
- F 손목시계를 선보이다
- G 약을 처방하다
- I 발목을 삐끗하다
- J 성냥불을 건네주다"
Syntax,Argument Structure & Valency,2,D,D,"정답은 **D**입니다.

- **D: 나만큼 비참한 <사람도> 세상에 있기는 할까?**
  - `<사람도>`는 **‘있다’의 주어**입니다.
  - ‘나만큼 비참한 사람이 세상에 있기는 할까?’라는 뜻입니다.
  - 여기서 **-도**는 ‘또한/조차’의 의미를 더하는 보조사입니다.

나머지는 모두 목적어입니다.

- A: 긴장감마저 느끼게 한다 → ‘느끼다’의 목적어
- B: 숙제 베낀 → ‘베끼다’의 목적어
- C: 조개껍데기만 수집한다 → ‘수집하다’의 목적어
- E: 물부터 들이켰다 → ‘들이켜다’의 목적어
- F: 보고서를 제출하다 → 목적어
- G: 여름옷 사러 가다 → ‘사다’의 목적어
- H: 팥죽부터 먹다 → 목적어
- I: 아경이라도 보러 가다 → ‘보다’의 목적어
- J: 시내버스 타다 → ‘타다’의 목적어(조사 생략)"
Pragmatics,Discourse Principles,1,H,H,"정답은 **H: “나는 네가 현명한 결정을 내릴 줄 아는 애라고 생각한단다.”**입니다.

겉으로는 상대의 판단력을 칭찬하는 말이지만, “현명한 결정을 내려야 한다”는 표현을 통해 **미술 전공을 선택하는 것은 현명하지 않을 수도 있다**는 반대 의사를 간접적으로 암시합니다. 무엇이 현명한 결정인지 명시하지 않아 모호하고 우회적입니다."
Semantics,Conjunctions,1,B,B,"정답은 **B: 다만**입니다.

> 설명을 듣고 나니 제 궁금증이 많이 해결되었습니다. **다만** 답변 중 마지막에 언급하신 부분에는 선뜻 동의하기 어렵습니다.

앞 문장에서는 긍정적인 반응을 보인 뒤, 뒤 문장에서는 일부 내용에 동의하기 어렵다고 반대되는 내용을 덧붙이고 있으므로 **‘다만’(그러나, 단지)**이 가장 적절합니다."
Syntax,Argument Structure & Valency,3,I,G,"정답은 **G와 I**입니다. 두 서술어 모두 주어만 필수로 요구하는 **한 자리 서술어**입니다.

- **G. 데뷔했다**  
  - 지인이 데뷔했다.  
  - ‘발리우드에’, ‘감독으로’는 부가적인 성분입니다.

- **I. 퇴보했다**  
  - 회사의 매출이 퇴보했다.  
  - ‘경영진이 바뀌고’는 부사절이고, 주어인 ‘회사의 매출’만으로도 문장이 성립합니다.

나머지는 목적어 등을 요구하는 타동사이므로 두 자리 이상입니다. 따라서 문제에서 하나만 고르도록 했다면 문항에 오류가 있습니다."
Semantics,Conjunctions,1,A,A,"정답은 **A: 그래서**입니다.

“바람이 불어서 테이블이 쓰러졌다. **그래서** 테이블 위에 두었던 노트북이 바닥에 떨어져 부서졌다.”

앞 문장의 결과로 뒤 문장이 이어지므로 인과 관계를 나타내는 **그래서**가 가장 자연스럽습니다."
Semantics,Conjunctions,1,A,A,"정답은 **A: 그런데**입니다.

> 우리 집의 이번 주 청소 당번은 언니다. **그런데** 집에 가 보니 언니는 없고 동생만 남아서 방바닥을 닦고 있었다.

앞 문장의 예상과 달리 언니가 없고 동생이 청소하고 있으므로, **대조·반전**을 나타내는 “그런데”가 가장 자연스럽습니다."
Semantics,Numeral Classifiers,1,E,E,"정답은 **E: 한 돈 들어갑니다.**

금의 무게를 셀 때 **‘돈’**을 사용하며, 순금 돌반지는 보통 **한 돈(약 3.75g)**입니다."
Semantics,Numeral Classifiers,2,B,B,"B: 1돈입니다.  
순금 돌반지는 보통 **한 돈(약 3.75g)** 정도입니다."
Semantics,Numeral Classifiers,2,B,B,"정답은 **B: 꽃모종 스무 본 정도요.**입니다.

‘본’은 나무나 모종처럼 식물의 수를 셀 때 쓰는 단위이므로 **꽃모종 스무 본**이 자연스럽습니다."
Phonetics/Phonology,Phonological Alternation,3,B,B,"(ㄹ)은 **된소리되기**를 가리킨다.

- 좋겠다[조켇따] → ㄷ이 된소리 [ㄸ]로 발음됨
- 드넓다[드널따] → ㄷ이 된소리 [ㄸ]로 발음됨

각 예시를 보면,

- 적다[적따] → 된소리되기
- 축하[추카] → ㄱ+ㅎ이 [ㅋ]이 되는 **거센소리되기**
- 갈등[갈뜽] → 된소리되기
- 닭장[닥짱] → 된소리되기
- 접시[접씨] → 된소리되기
- 갈증[갈쯩] → 된소리되기
- 젊다[점따] → 된소리되기
- 주먹밥[주먹빱] → 된소리되기
- 역도[역또] → 된소리되기
- 발전[발쩐] → 된소리되기

따라서 (ㄹ)이 나타나지 않는 예시는 **B. 축하**이다."
Phonetics/Phonology,Phonological Alternation,2,B,B,"정답은 **B: 밖**입니다.

- (ㄱ) **자음군 단순화**
  - 흙화덕: 흙의 겹받침 **ㄺ → ㄱ**
  - 드넓다: 넓다의 겹받침 **ㄼ → ㄹ**

따라서 (ㄱ)이 나타나지 않으려면 겹받침이 없어야 합니다.

- **밖**: 받침이 단일 자음 **ㄲ**이므로 자음군 단순화가 나타나지 않습니다.
- 나머지 예시는 젊다(ㄻ), 읊고(ㄿ), 여덟(ㄼ), 닭(ㄺ), 앓다(ㅀ), 넋(ㄳ), 삶(ㅁ), 훑고(ㄾ), 묽고(ㄺ) 등에서 겹받침과 관련된 단순화가 나타납니다.

따라서 **B**입니다."
Semantics,Word Relationships,1,H,H,"정답: **H. 빼먹어서**

“누락해서”는 필요한 내용을 빠뜨리거나 기록하지 않았다는 뜻입니다."
Semantics,Word Relationships,2,J,J,"J: 적대적이고

‘부착하다’와 ‘탈착하다’는 서로 반대되는 의미의 말이며, ‘호의적이고’와 ‘적대적이고’도 반의 관계입니다."
Semantics,Word Relationships,1,G,G,"정답은 **G: 기념하는**입니다.

“기리는”은 어떤 사람이나 업적을 **존경하고 기억한다**는 의미로, “희생 정신을 기념하는”과 문맥상 가장 유사합니다."
Semantics,Word Relationships,2,F,F,"정답은 **F: 뜨거움**입니다.

- 얼음 : 차가움  
- 불 : 뜨거움  

즉, 사물과 그 사물이 지니는 대표적인 성질의 관계입니다."
Semantics,Word Relationships,2,G,G,"정답은 **G: 홍시**입니다.

- **개나리 → 노란색**: 개나리의 대표적인 색이 노란색입니다.
- **홍시 → 빨간색**: 홍시의 대표적인 색이 붉은색입니다.

따라서 지문의 **“빨간색”과 가장 적합하게 연결되는 것은 “홍시”**입니다."
Semantics,Word Relationships,2,I,I,"정답은 **I: 설탕**입니다.

‘콜라’와 ‘사이다’는 모두 **음료의 한 종류**로서 서로 대등한 관계에 있습니다. 제시된 항목 중 홍차, 주스, 녹차, 밀크티, 꽃차, 미숫가루, 차이, 과일차, 라떼는 커피와 마찬가지로 마시는 음료이지만, **설탕은 음료가 아니라 감미료·첨가물**이므로 가장 부합하지 않습니다."
Morphology,Word Formation,3,C,C,"단일 정답을 전제로 하면 **문항에 문제가 있습니다.**

접미 파생어로 볼 수 있는 것은 다음과 같습니다.

- **깨끗이**: 깨끗- + **-이**
- **탐스럽다**: 탐 + **-스럽다**
- **강아지**: 강아지의 **-아지**
- **망하다**: 망 + **-하다**
- **무덤**: 묻- + **-엄**
- **값지다**: 값 + **-지다**
- **한계치**: 한계 + **-치**

반면 다음은 접미 파생어가 아닙니다.

- **매만지다**: ‘매- + 만지다’로 보아 접두 파생 또는 합성
- **못되다**: ‘못 + 되다’로 보아 합성어 또는 접두 파생
- **차마**: 단일어

따라서 엄밀히 말하면 **C, D, E**가 해당하며, 하나만 고르는 문제라면 출제 의도상 **E 차마**를 답으로 삼았을 가능성이 큽니다."
Morphology,Word Formation,3,H,B,"정답은 **B. 그늘지다**입니다.

- **기름지다** = `기름` + 접미사 `-지다`  
  → **파생어**
- **그늘지다** = `그늘` + 접미사 `-지다`  
  → **파생어**

따라서 <보기>와 같은 유형은 **B 그늘지다**입니다."
Phonetics/Phonology,Suprasegmental Features,1,C,C,"정답은 **C**입니다.

(ㅅ) **“내일은 제발 춥지 말아라.”**는 종결 어미 **‘-아라’**가 쓰여 명령문 형식을 갖추고 있지만, 실제로는 날씨가 춥지 않기를 바라는 **소망이나 기원**의 의미입니다. 청자에게 어떤 행동을 하도록 명령하는 문장은 아닙니다.

나머지 설명은 적절합니다.  
- (ㄱ): ‘-자’ → 함께 행동할 것을 제안  
- (ㄹ): ‘-어’ + 올리는 억양 → 의문문  
- (ㄷ): ‘-어’ + 내리는 억양 → 평서문  
- (ㄴ): ‘-구나’ → 감탄문  
- (ㅂ): ‘-ㄹ게’ → 약속의 의미"
Morphology,Word Formation,3,B,J,"정답은 **J. 서넛**입니다.

- **입방아**: ‘입’과 ‘방아’의 본래 의미가 결합한 것이 아니라, 전체적으로 **‘쓸데없이 말을 함’**이라는 새로운 의미를 나타냅니다. 따라서 **융합 합성어**입니다.
- **서넛**: ‘서’(셋)와 ‘넛’(넷)이 결합하여 ‘셋이나 넷쯤’이라는 새로운 수량을 나타내므로, **융합 합성어**로 봅니다.

참고로 다른 예들은 다음과 같습니다.

- **대등**: 벌판, 갈아입다, 높푸르다
- **종속**: 빈말, 물개, 달밤, 달걀, 옷자락, 좁쌀
- **융합**: 서넛

따라서 **J 서넛**입니다."
Morphology,Word Formation,1,E,E,"정답은 **E. 사랑하다**입니다.

- **사랑하다**: `사랑 + -하다`  
  → 명사 **사랑**에 접미사 **-하다**가 붙은 **파생어**

나머지는 대체로 둘 이상의 어근이 결합한 **합성어**입니다.

- 여닫다: 열다 + 닫다
- 척척박사: 척척 + 박사
- 잘되다: 잘 + 되다
- 자의식: 자 + 의식
- 붉돔: 붉다 + 돔
- 부삽: 불 + 삽
- 좋아하다: 좋다 + 하다
- 촐랑개: 촐랑 + 개
- 금목걸이: 금 + 목걸이

따라서 유형이 다른 것은 **E 사랑하다**입니다."
Morphology,Word Formation,3,E,C,"정답은 **C: 5개**입니다.

해당하는 단어는 다음 5개입니다.

- **뜨더귀**
- **뜨덤뜨덤**
- **바투**
- **자주**
- **쓰레기**
- **올가미**

잠깐, 위 목록은 6개처럼 보이므로 다시 구분해야 합니다. 「-이」나 「-음」 이외의 모음으로 시작하는 접미사가 붙어 품사가 바뀌고, 어간의 원형을 밝히지 않는 예는 다음과 같습니다.

- **뜨더귀**
- **뜨덤뜨덤**
- **바투**
- **자주**
- **쓰레기**

**올가미**는 이 조건에 해당하지 않으므로 제외합니다.

따라서 정답은 **C: 5개**입니다."
Morphology,Word Formation,1,F,F,"정답은 **F: 사라지다**입니다.

- **사라지다**는 ‘살다’와 ‘-아지다’가 결합한 말로 볼 수 있지만, 현재의 의미와 형태가 굳어져 **원형인 ‘살다’를 밝혀 ‘살아지다’로 적지 않습니다.**
- 반면 **늘어나다, 되짚어가다, 접어들다, 엎어지다, 벌어지다, 들어가다, 흩어지다, 넘어지다** 등은 결합한 용언의 원형을 밝혀 적은 예입니다.

따라서 답은 **F**입니다."
Syntax,Ellipsis,3,G,G,"올바른 문장은 다음과 같습니다.

> **창작은커녕 설명서대로조차 못하겠다.**

- <1> **은커녕**: 붙여 씀
- <2> **커녕 설명서**: 띄어 씀
- <3> **설명서대로**: 붙여 씀
- <4> **대로조차 못하겠다**: 띄어 씀

따라서 숫자의 합은 \(2+4=6\)이므로 정답은 **G**입니다."
Syntax,Embedded Clauses,2,B,B,"정답은 **B**입니다.

- **B: 액체가 담긴 <꽃병>**
  - 안긴 문장: **액체가 꽃병에 담긴다.**
  - 여기서 **‘꽃병에’**는 액체가 담기는 장소를 나타내므로 **부사어**입니다.

다른 예들은 다음과 같이 해당 명사가 주어 또는 목적어 역할을 합니다.

- A: 산토끼가 달려 내려온다 → 주어
- C: 스타가 영화를 찍었다 → 주어
- D: 재산을 받았다 → 목적어
- E: 상대가 눈앞에 있다 → 주어
- F: 물건을 램프에 넣었다 → 목적어
- G: 주장을 말했다 → 목적어
- H: 재판이 늦추어졌다 → 주어
- I: 너구리가 톱밥을 먹고 산다 → 주어
- J: 파스타를 돌돌 말았다 → 목적어"
Syntax,Embedded Clauses,3,E,E,"정답은 **E**입니다.

- **E: 그가 고추장을 산 <집>이 이 집인가?**
  - 안긴 문장: **그가 고추장을 산**
  - 이를 풀어 쓰면: **그가 집에서 고추장을 샀다.**
  - 여기서 **‘집’**은 ‘고추장을 산 장소’를 나타내므로 **부사어** 기능을 합니다.

다른 예들은 대체로 꺾쇠 안의 말이 안긴 문장에서 주어, 목적어 등의 기능을 합니다."
Pragmatics,Implicature,1,J,J,"정답은 **J: 내가 노트를 버렸으면 버렸지.**

이 표현은 노트를 보여 주거나 빌려주기보다는 **차라리 버렸으면 버렸지, 빌려주지는 않겠다**는 거절의 의미에 가깝습니다.  
반면 나머지는 장난스럽게 생색을 내거나 조건을 붙이지만, 결국 노트를 보여 주겠다는 **승낙**을 전제로 합니다."
Syntax,Embedded Clauses,2,C,C,"정답은 **C, D, H**입니다.  
다만 엄밀한 문법 용어로 보면 D의 `-러` 절은 안긴문장이라기보다 종속적으로 이어진 문장으로 볼 수 있습니다.

- **C**: `[오늘 내가 감자탕 척추뼈를 먹은]`  
  → `감자탕 척추뼈`는 **먹은 대상**, 즉 목적어입니다.
- **D**: `앞마당에 독한 농약을 치러`  
  → `농약`은 `치다`의 목적어입니다.  
  → 다만 `치러`는 목적을 나타내는 연결 어미입니다.
- **H**: `[골격이 앙상한] 그`  
  → 안긴 문장의 주어는 `골격이`이고, `그`는 관형절이 꾸미는 대상입니다.

나머지는 꺾쇠 안의 말이 관형절 안에서 주어 역할을 합니다.

- A: 초인종이 문 밖에 있다
- B: 원주민이 죽다
- E: 바다가 붉은빛을 띠다
- F: 가로수가 길가에 있다
- G: 그가 목소리를 가다듬다
- I: 자만이 갓난아이 같다
- J: 저 처녀가 방에 처박혀 있다"
Syntax,Embedded Clauses,2,J,J,"정답은 **J**입니다.

- **장래에 우리가 만날 또래**
  - 안긴 문장: **우리가 장래에 또래를 만난다.**
  - 여기서 **또래**는 ‘만나다’의 대상이므로 **목적어**입니다.

따라서 **J. 장래에 우리가 만날 <또래>**가 정답입니다."
Syntax,Embedded Clauses,3,C,C,"정답은 **C. 부풀린 <풍선>**입니다.

- **부풀린 풍선** → ‘(누군가가) 풍선을 부풀린’이라는 관형절이 **풍선**을 꾸밉니다.
- 이 안긴 문장에서 **풍선**은 ‘부풀리다’의 대상이므로 **목적어**입니다.

다른 예를 보면,

- A의 **나이**: ‘보인다’의 주어
- B, E, F, H, I, J의 꺾쇠 안 말: 주로 주어
- D의 **두부**: 목적어이지만 **안긴 문장 안의 목적어가 아니라 주절의 목적어**
- G의 **것**: ‘되다’의 보어

따라서 정답은 **C**입니다."
Syntax,Embedded Clauses,2,F,F,"정답은 **F**입니다.

- **F: 산부인과의는 [비뇨기과에 불을 질렀음]을 묵인했다.**
  - 안긴 문장: **비뇨기과에 불을 질렀음**
  - 문장 성분: **목적어**
  - ‘묵인했다’의 대상이므로 목적어 역할을 합니다.

다른 예들은 다음과 같습니다.

- B, H: 안긴 문장이 **주어**
- D, E: 안긴 문장이 **관형어**
- A, C: 안긴 문장이 **부사어**
- I, J: 안긴 문장이 **서술어 역할을 하는 서술절**

따라서 정답은 **F**입니다."
Syntax,Embedded Clauses,3,A,A,"정답은 **A**입니다.

- **의약품이 필요한 <여중생>**
- 안긴 문장을 복원하면: **여중생이 의약품이 필요하다.**

여기서 **<여중생>**은 안긴 문장의 **주어**입니다.  
‘의약품이’는 ‘필요하다’의 대상이 되는 주어로 볼 수 있으며, ‘여중생이’는 전체적으로 필요한 상태의 주체입니다."
Pragmatics,Discourse Principles,1,D,D,"정답은 **D: “다른 애들도 지각했는데 왜 저한테만 그러세요?”**입니다.

질문은 **지각한 이유**를 묻고 있는데, D는 이유를 설명하지 않고 다른 학생들의 지각이나 형평성 문제로 화제를 돌립니다. 따라서 질문과의 **관련성의 격률**을 의도적으로 위반한 반응입니다."
Semantics,Conjunctions,1,B,B,"정답은 **B: 반면**입니다.

앞 문장에서는 한 원두에서 **신맛과 과일 향**이 난다고 했고, 뒤 문장에서는 다른 원두에서 **쓴맛과 견과류 향**이 난다고 하여 서로 대조하고 있습니다. 따라서 **‘반면’**이 가장 적절합니다."
Semantics,Conjunctions,2,A,A,"정답은 **A: 그래서**입니다.

> 조별과제 중간보고서 작성 중에 대폭 수정해야 할 부분을 발견했다. **그래서** 급하게 조원들에게 연락하여 회의를 잡고 수정 방향을 결정했다.

앞 문장의 상황이 원인이 되어 뒤의 행동으로 이어지므로, 결과를 나타내는 **‘그래서’**가 가장 적절합니다."
Semantics,Conjunctions,1,F,F,"정답은 **F: 그런데**입니다.

앞문장에서는 일을 모두 마치고 쉬고 있었지만, 뒷문장에서는 끝낸 일에 문제가 생겨 다시 바빠졌다는 **대조·전환**이 나타납니다. 따라서 **“그런데”**가 가장 적절합니다.

> 어제부로 바쁜 일을 모두 마무리하고 푹 쉬고 있었다. **그런데** 끝낸 일에 문제가 생겨서 수습하느라 다시 바빠지고 말았다."
Semantics,Conjunctions,1,F,F,"정답은 **F: 그러나**입니다.

앞 문장에서는 국어·영어의 답이 대체로 같았다고 했지만, 뒤 문장에서는 수학에서 의견이 갈렸다고 하여 **대조**하고 있습니다. 따라서 역접의 접속어인 **‘그러나’**가 가장 적절합니다."
Semantics,Numeral Classifiers,3,E,E,"정답은 **E: 꽃모종 스무 본 정도요.**입니다.

**‘본’**은 나무나 꽃, 모종처럼 식물의 수를 셀 때 사용하는 단위입니다.  
예: *장미 세 본, 고추 모종 열 본*"
Semantics,Conjunctions,1,F,F,"정답은 **F: 그런데**입니다.

> 우리 집의 이번 주 청소 당번은 언니다. **그런데** 집에 가 보니 언니는 없고 동생만 남아서 방바닥을 닦고 있었다.

앞 문장의 내용과 뒤 문장의 상황이 서로 **반대되거나 예상과 다르므로** ‘그런데’가 가장 적절합니다."
Semantics,Numeral Classifiers,1,C,C,"C: 한 돈 들어갑니다.

금의 무게를 세는 단위로 **1돈은 약 3.75g**이며, 순금 돌반지는 보통 한 돈짜리가 많이 쓰입니다."
Semantics,Semantic Compatibility,1,G,G,"가장 어색한 것은 **G**입니다.

- **G: 하늘엔 주식이 밝게 빛나고 있었다.**

‘주식’은 보통 **주식(株式)** 또는 **주식(主食)**을 뜻하므로 하늘에서 밝게 빛나는 대상으로는 부적절합니다.  
아마 **“하늘엔 주성이 밝게 빛나고 있었다”**, **“별이 밝게 빛나고 있었다”** 등이 자연스럽습니다."
Syntax,Argument Structure & Valency,3,D,A,"정답은 **A**입니다.

- **학교에서**: 부사격 — 장소·행위가 이루어지는 곳을 나타냄
- **입장을**: 목적격 — ‘밝히다’의 목적어
- **너희들**: 주격 — ‘하여라’의 주어로, 주격 조사가 생략됨

따라서 세 어절의 격이 각각 **부사격·목적격·주격**으로 모두 다릅니다.

다른 선택지는 다음과 같이 격이 겹칩니다.

- B: ‘삼겹살은’, ‘맛도’는 모두 보조사가 붙음
- C: ‘말끝마다’, ‘마리조차’는 보조사
- D: ‘그는’, ‘직원이’ 모두 주격
- E: ‘네가’, ‘감개가’ 모두 주격
- F: ‘친구와’, ‘사나이로서’ 모두 부사격
- G: ‘내’, ‘그의’ 모두 관형격
- H: ‘돈만’, ‘거금을’ 모두 목적어
- I: ‘부모님께’, ‘내게’ 모두 부사격
- J: ‘그만큼이나’와 ‘법대로’는 부사어 기능을 함

따라서 **A**가 정답입니다."
Syntax,Agreement,3,H,A,"올바른 것은 **A, F, H, I**입니다.

- **A: 적절함**  
  ‘빌딩 한 층이 비행기처럼 빠르게 가면 좋겠다’는 내용을 명사절로 만들면 **‘빌딩 한 층이 비행기처럼 빠르게 가면 좋겠다는 것이다’**로 표현할 수 있습니다.

- **F: 부적절함**  
  ‘계신다’는 ‘떡밥’에 연결되어 있고, ‘물고기 한 마리는’에 대응하는 서술어가 분명하지 않습니다. 또한 ‘떡밥이 계신다’는 높임 표현도 부적절하므로 **‘떡밥이 있다’**라고 해야 합니다.

- **H: 부적절함**  
  ‘학생 세 명이 열심히 공부하고 싶어지는지’는 절을 이루지만, 뒤의 **‘이다’**와 연결될 주어가 없습니다. 예를 들어 **‘문제는 학생 세 명이 열심히 공부하고 싶어지는지이다’**처럼 고쳐야 합니다.

- **I: 부적절함**  
  ‘쉬다’는 장소를 나타낼 때 보통 **‘에서’**를 사용하므로, **‘학교를’이 아니라 ‘학교에서’**가 적절합니다.

나머지는 설명이 적절하지 않습니다. 특히 B·E·J는 각각 이미 주어가 있거나, 문제의 핵심이 주어 부재가 아니며, G는 **‘…음악이 있다는 것이다’**처럼 고쳐야 자연스럽습니다."
Syntax,Agreement,3,B,B,"정답은 **B**입니다.

- **학생 세 명이 열심히 공부하고 싶어지는지이다**는 주어인 *학생 세 명*과 술어가 자연스럽게 연결되지 않습니다.
- **–는지이다**는 보통 “문제는 …인지이다”처럼 앞에 주제나 명사가 필요합니다.

자연스럽게 고치면:

> **학생 세 명이 열심히 공부하고 싶어 한다.**

참고로 **장, 명, 사람, 마리, 척, 필, 분, 그루, 곡**은 각각 그림·사람·말·배·나무·노래 등에 사용할 수 있는 분류사입니다."
Phonetics/Phonology,Phonological Alternation,3,G,G,"정답은 **G: 백로 – 칼날 – 국물**입니다.

- **백로[뱅노]**: ㄱ이 ㅇ으로, ㄹ이 ㄴ으로 바뀌므로 **상호 동화**
- **칼날[칼랄]**: 앞의 ㄹ의 영향으로 뒤의 ㄴ이 ㄹ로 바뀌므로 **순행 동화**
- **국물[궁물]**: 뒤의 ㅁ의 영향으로 앞의 ㄱ이 ㅇ으로 바뀌므로 **역행 동화**

따라서 세 단어에서 각각 서로 다른 동화 현상이 나타나는 **G**가 정답입니다."
Syntax,Agreement,2,D,D,"정답은 **D**입니다.

- 원문: **철수가 열심히 공부하고 싶어 하는지이다**
- 수정문: **문제는 철수가 열심히 공부하고 싶어 하는지이다.**

원문은 주절의 주어인 **‘문제는’**이 빠져 있어 문장이 불완전합니다. 수정문에서는 **‘문제는’**이 주어(또는 화제)로 제시되고, **‘철수가 열심히 공부하고 싶어 하는지이다’**가 서술어 역할을 하므로 자연스럽게 연결됩니다.

더 자연스럽게 쓰면 다음과 같습니다.

> **문제는 철수가 열심히 공부하고 싶어 하는지 여부이다.**"
Morphology,Word Formation,3,G,G,"정답은 **G**입니다.

- **논밭**: ‘논’과 ‘밭’이 대등하게 결합한 **대등 합성어**
- **산나물**: ‘산에서 나는 나물’로, 앞의 어근이 뒤의 어근을 꾸미는 **종속 합성어**
- **보릿고개**: 본래 ‘보리를 수확하기 전 식량이 부족한 시기’라는 의미로 굳어진 **융합 합성어**

따라서 세 합성어의 분류가 모두 다릅니다."
Pragmatics,Discourse Principles,3,H,G,"이 문항은 **정답이 하나로 성립하지 않습니다.** 일반적인 화용론 해석에 따르면 적어도 **G와 J가 모두 거짓**입니다.

- **G: 거짓**  
  을의 “날도 좋은데 김밥 싸들고 소풍이나 갈까?”는 갑의 게임기 요구에 대한 **긍정**이 아니라, 게임기를 사 달라는 요구를 피하면서 소풍을 가자는 **대안 제시 또는 간접적 거절**입니다.

- **J: 거짓**  
  “그때는 그때고 지금은 지금이지.”는 과거와 현재가 **동일하다**는 뜻이 아니라, 과거의 약속과 현재의 상황을 **구분하자**는 뜻입니다.

또한 **E**도 해석에 따라 문제가 될 수 있습니다. “약속은 약속이잖아.”는 앞서 언급된 약속에 근거한 말이므로, 반드시 “근거가 없거나 사실이 아닌 정보”라고 보기는 어렵습니다.

따라서 출제 의도가 J였을 가능성은 있지만, 제시된 문장 그대로라면 **G와 J 때문에 복수 정답 또는 문항 오류**입니다."
Semantics,Semantic Compatibility,1,B,B,"정답은 **B: [반장]**입니다.

- **척후병**: 전투에서 맡은 **사람의 역할·직책**을 나타내는 명사
- **반장**: 학급에서 맡은 **사람의 역할·직책**을 나타내는 명사

따라서 의미적으로 가장 유사합니다."
Phonetics/Phonology,Suprasegmental Features,3,H,J,"정답은 **J**입니다.

- (ㄷ) **서세요**: 종결 어미 **‘-(으)세요’**가 쓰인 명령문
- (ㄹ) **해요**: 종결 어미 **‘-아요/어요’**가 쓰인 청유문

두 문장 모두 ‘요’로 끝나지만, **종결 어미 전체가 같지는 않습니다.** 따라서 “같은 종결 어미를 사용한다”는 설명은 옳지 않습니다."
Semantics,Semantic Compatibility,3,E,J,"정답: **J**

- **광어는 [도다리] 같다**: `[도다리]`는 광어를 비교하는 **비교 기준(비교 대상)**입니다.
- **[천사] 같은 우리 선생님**: `[천사]` 역시 선생님을 비교하는 **비교 기준**입니다.

따라서 의미적 역할이 가장 비슷한 것은 **J**입니다."
Semantics,Semantic Compatibility,3,J,F,"정답은 **F**입니다.

- **돌부리**: 비서가 걸려 넘어지게 만든 **장애물·원인**
- **다리**: 친구가 내밀어 상대가 걸려 넘어지게 만든 **장애물·원인**

두 문장 모두 ‘무엇에 걸려 넘어지다’의 구조로, 괄호 속 명사가 넘어짐을 유발하는 역할을 합니다."
Semantics,Semantic Compatibility,3,E,F,"정답은 **F: 정답 없음**입니다.

지문의 **[재]**는 ‘숯더미가 무엇으로 변했는가’를 나타내는 **변화의 결과 상태를 나타내는 보어**입니다.  
즉, **“숯더미가 재가 되었다”**에서 ‘재’는 주어인 ‘숯더미’의 변화 결과를 설명합니다.

다른 선지들은 목적어, 장소, 출발점, 수단, 주어 등으로 쓰였으며, 이와 같은 **결과 상태의 보어** 역할을 하는 표현은 없습니다."
Semantics,Semantic Compatibility,2,A,A,"정답은 **A: [손], [목소리]**입니다.

- **[손]**: 무엇인가를 만지작거리는 데 사용되는 **수단·도구**
- **[목소리]**: 회의를 시작하는 말하기의 **수단·방식**

둘 다 행위가 이루어지는 **수단 또는 방식**을 나타내므로 의미적 역할이 가장 유사합니다."
Semantics,Semantic Compatibility,3,E,J,"정답은 **J: [날씨], [추위]**입니다.

- **[날씨]**: ‘날씨로 인해’에서 추위와 떨림을 일으키는 **원인**
- **[추위]**: ‘추위에 떨다’에서 떠는 행동을 유발하는 **원인**

따라서 두 표현은 모두 사건의 **원인·유발 요인**이라는 의미적 역할을 합니다."
Semantics,Semantic Compatibility,3,E,E,"정답은 **E: [회식 장소], [승진]**입니다.

- **[회식 장소]로 이동하는**: 이동의 **목적지**
- **[승진]을 목표로 달려가는**: 행동의 **목표**

둘 다 어떤 행동이 향하는 **목표·지향점**의 의미를 구성합니다."
Pragmatics,Deixis & Reference,3,D,E,"정답은 **E: (저것, 저 포스터)**입니다.

- **“저것도 재밌을 것 같지 않아?”**에서 ‘저것’은 갑과 을이 바라보고 있는 포스터, 즉 **저 포스터**를 가리킵니다.
- 따라서 두 표현은 같은 대상을 가리킵니다.

다른 표현들은 시간이나 대상을 정확히 공유하지 않습니다."
Syntax,Scrambling,2,B,B,"정답은 **B: 정답 없음**입니다.

**‘그다지’**는 보통 부정 표현과 함께 쓰입니다.

- 자연스러운 표현: **철수는 그다지 열심히 책을 읽지 않았다.**
- 제시된 문장: **철수는 그다지 열심히 책을 읽었다.** → 다소 부자연스러움

따라서 부정 표현 **‘읽지 않았다’**가 없는 제시 문장에서는 어느 위치에 넣어도 자연스럽지 않습니다."
Pragmatics,Deixis & Reference,3,G,G,"정답은 **G**입니다.

- **‘곧’**: 갑이 **5년 전**에 “곧 볼 수 있을 것”이라고 생각했던 시점의 가까운 미래를 가리킵니다.
- **‘5분 뒤’**: 현재 대화 시점에서 5분 후를 가리킵니다.

따라서 **‘곧’은 ‘5분 뒤’보다 앞선 시점**을 가리킵니다.

나머지는 다음과 같습니다.

- **A**: ‘어제’는 ‘곧’보다 뒤의 시점입니다.
- **B, I**: 영화가 2월 28일에 개봉하므로 ‘2월 28일’은 현재와 ‘어제’보다 뒤입니다.
- **C, H**: ‘그때’는 재작년 영화제 때를 가리킵니다.
- **D**: ‘이거’는 현재 보고 있는 영화를 가리킵니다.
- **E, J**: ‘저 포스터’는 포스터이고, ‘저것’이나 ‘그것’은 그 포스터에 나온 다른 영화를 가리킵니다.
- **F**: ‘저것’은 포스터 속 영화, ‘이거’는 현재 보는 영화입니다."
Pragmatics,Deixis & Reference,3,D,C,"옳지 않은 것은 **C**입니다.

대화에서 지시하는 장소를 정리하면 다음과 같습니다.

- **거기(1)**: 갑이 찾아보고 있는 곳인 **창고**
- **거기(2)**: 을이 말한 **마당**
- **거기(3)**: 가지가 있는 **창고**
- **거기(4)**: 갑이 확인한 **다용도실**
- **거기(5)**: 갑이 현재 있는 **창고**

따라서 창고에는 가지와 단호박, 즉 채소 2종류가 있고, 거기(2)와 거기(4)는 서로 다른 장소입니다. 시금치는 갑이 마당에서 현관으로 옮긴 뒤, 동생이 현관에서 다용도실로 옮긴 것으로 볼 수 있습니다.

그러나 동생이 다용도실을 떠난 뒤 을이 다용도실에 왔다는 사실은 대화에서 확인할 수 없습니다. 을이 동생이 떠나기 전부터 다용도실에 있었을 가능성도 있기 때문입니다.

따라서 정답은 **C**입니다."
Semantics,Inter-sentence Relations,3,D,D,"정답은 **D**입니다.

“그래서 ___ 나아졌다”에서는 **감기가 나아진 원인**이 와야 합니다.  
그런데 **“밤을 샜더니”**는 몸을 더 피곤하게 하여 감기를 악화시킬 수 있으므로 나아진 원인으로 보기 어렵습니다.

예를 들어 다음과 같은 표현이 적절합니다.

- 그래서 **약을 먹었더니** 나아졌다.
- 그래서 **푹 잤더니** 나아졌다.
- 그래서 **오래 쉬었더니** 나아졌다."
Semantics,Inter-sentence Relations,3,F,E,"정답은 **없음**에 가깝습니다. 다만 출제 의도가 가장 적절한 선택지를 고르는 것이라면 **E**가 가장 가깝습니다.

자연스러운 배열은:

**2 → 4 → 1 → 3**

- 저녁으로 파스타를 만들려 했지만 샐러리와 토마토가 없었다.
- 그래서 신선식품 코너가 잘된 대형마트에 갔다.
- 그러나 늦은 시간이라 문이 닫혀 있었다.
- 결국 집 앞 편의점에서 인스턴트 파스타를 샀다.

따라서 편의점에서 파스타를 만들 수 있는 채소를 팔았다면 직접 파스타를 만들어 먹었을 가능성이 높으므로 **E**가 가장 적절합니다."
Semantics,Inter-sentence Relations,2,E,E,"정답은 **E**입니다.

“평소 운동을 전혀 안 해서 부담이 심할까 봐 걱정했다”는 내용 뒤에 **“예상과 달리 다음 날에도 걸어 다닐 수 있었다.”**가 오면, 운동이 생각보다 힘들지 않았다는 의미가 자연스럽게 드러납니다. 즉, 처음의 걱정과 반대되는 결과를 제시하므로 문맥에 가장 잘 맞습니다.

다른 선지들은 수업의 방식이나 운동 내용만 제시할 뿐, “예상과 달리”에 이어질 만한 반전이나 결과가 분명하지 않습니다."
Syntax,Embedded Clauses,3,I,C,"정답은 **없음**입니다. 제시된 표현들은 모두 문맥상 안긴 문장으로 볼 수 있습니다.

특히 **C의 ‘어린’**을 단순한 관형사로 보아 틀렸다고 하기 쉽지만, 여기서는 **‘(나가) 어리다’**에서 온 관형절로 분석할 수 있습니다. 따라서 ‘어린’은 ‘나’를 꾸밉니다. 그렇다면 **D의 ‘둥근’**도 ‘(해가) 둥글다’에서 온 관형절이므로 같은 방식으로 인정해야 합니다.

| 보기 | 안긴 문장 | 꾸미는 성분 |
|---|---|---|
| A | 내가 어제 먹은 | 빵 |
| B | 내 품 속에 있던 | 네가 |
| C | (나가) 어린 | 나 |
| D | (해가) 둥근 | 해 |
| E | 미련을 더하고… 건강해진 | 우리 |
| F | (내가) 어제 먹었던 | 고기 반찬 |
| G | (사람이) 입에 풀칠하는 | 것 |
| H | 그가 울면서 말했던 | 것 |
| I | (내가) 오늘 놓아 버린 | 관계 |
| J | 밝게 빛나는 | 눈빛 |

따라서 이 문제에서 하나를 고르도록 했다면 문항 자체에 오류가 있습니다. ‘어린’을 관형절로 인정하지 않으려면 ‘둥근’도 같은 이유로 인정하기 어렵습니다."
Semantics,Conjunctions,1,J,J,"정답은 **J: 그렇지만**입니다.

앞 문장에서 영화가 기대에 못 미쳤다고 했지만, 뒤에서는 영상미는 훌륭했다고 반대되는 내용을 덧붙이고 있으므로 **‘그렇지만’**이 가장 적절합니다."
Semantics,Conjunctions,1,H,H,"정답은 **H: 다만**입니다.

문맥상 앞의 첫 번째와 두 번째 답변에는 동의하지만, 답변의 마지막에 언급된 부분에는 동의하기 어렵다는 **제한·대조**의 의미가 필요합니다.

> 우선 첫 번째 답변과 두 번째 답변에 동의합니다. **다만**, 답변 중 마지막에 언급하신 부분에는 선뜻 동의하기 어렵습니다.

‘다만’은 앞의 내용을 인정하면서 예외적으로 다른 의견을 덧붙일 때 사용합니다."
Semantics,Conjunctions,1,A,A,"정답: **A. 그래서**

바람이 불어 테이블이 쓰러졌고, 그 결과 노트북이 떨어져 부서졌으므로 **원인과 결과**를 나타내는 “그래서”가 적절합니다."
Pragmatics,Implicature,1,E,E,"정답은 **E: 나는 곧 내리는데 넌 한참 가야 하잖아.**입니다.

을은 곧 내릴 예정이므로 갑에게 자리를 양보하려는 상황입니다. 따라서 갑이 “감사해요. 그럼 제가 앉을게요.”라고 이어 말하는 것이 자연스럽습니다."
Syntax,Argument Structure & Valency,1,G,G,"정답은 **G: 온 산이 붉어졌다**입니다.

- **붉어지다**: 주어 하나만 요구하는 **한 자리 서술어**
  - `온 산이`(주어) + `붉어졌다`(서술어)

다른 서술어들은 목적어나 필수적인 부사어 등이 필요합니다.

- 연구하다: 무엇을 연구하다 → 두 자리
- 신청하다: 무엇을 신청하다 → 두 자리
- 누리다: 무엇을 누리다 → 두 자리
- 켜다: 기지개를 켜다 → 두 자리
- 파고들다: 무엇으로/어디로 파고들다 → 두 자리
- 동의하다: 무엇에 동의하다 → 두 자리
- 임명하다: 누구를 무엇으로 임명하다 → 세 자리
- 지시하다: 누구에게 무엇을 지시하다 → 세 자리
- 반납하다: 무엇을 반납하다 → 두 자리"
Syntax,Agreement,3,J,J,"정답은 **J**입니다.

- **J. 새 보안관이 부임한 뒤로 마을의 치안이 저절로 바로잡혔다.**
  - ‘바로잡히다’는 피동 표현처럼 보이지만, **‘저절로’**라는 말에서 알 수 있듯이 특정한 행위자가 치안을 바로잡은 것이 아니라 **상태가 자연스럽게 개선된 것**을 나타냅니다.
  - 따라서 이를 자연스러운 능동문인 *“누군가가 치안을 바로잡았다”*로 바꾸면 원래 문장의 의미인 ‘저절로’가 사라집니다.

나머지는 대체로 다음과 같이 능동문으로 바꿀 수 있습니다.

- A: 편집장님이 단편소설집을 엮으셨다.
- B: 철거업체가 별장을 헐었다.
- C: 사칭범이 외삼촌의 목돈을 떼었다.
- E: 방직기가 옷감을 짰다.
- H: 낚시꾼이 대어를 낚았다.
- I: 부패한 정부가 노동자들을 빈곤으로 내몰았다.

따라서 **능동 표현으로 바꾸기 어려운 것은 J**입니다."
Semantics,Ambiguity,3,F,G,"가장 적절하지 않은 것은 **G**입니다.

“모든 승객이 그 방송을 듣지 않았다.”는 다음처럼 중의적으로 해석될 수 있습니다.

1. **모든 승객이 방송을 듣지 않았다**  
   → 아무도 듣지 않았다.

2. **모든 승객이 방송을 들은 것은 아니다**  
   → 승객 중 일부는 들었고 일부는 듣지 않았다.

따라서 이 문장은 중의적이지 않다는 G의 설명이 부적절합니다.  
A와 D는 각각 이 두 해석 중 하나를 적절히 설명하고 있습니다."
Semantics,Ambiguity,3,G,G,"가장 부적절한 설명은 **G**입니다.

**“나는 너보다 영화를 좋아한다.”**는 중의적입니다.

- **나는 너보다 영화를 더 좋아한다.**  
  → 나는 너보다 영화를 더 좋아한다.  
  (나와 너의 ‘영화에 대한 선호’를 비교)

- **나는 너를 좋아하는 것보다 영화를 더 좋아한다.**  
  → 내가 너를 좋아하는 정도보다 영화를 좋아하는 정도가 더 크다.  
  (내가 좋아하는 대상인 ‘너’와 ‘영화’를 비교)

따라서 G의 “중의적이지 않다”는 설명이 가장 부적절합니다. 정답은 **G**입니다."
Syntax,Agreement,3,G,G,"정답은 **G**입니다.

- 보기의 **“총장님은 … 드셨다”**는 주체인 총장님을 높이는 **주체 높임법**입니다. 여기서 ‘드셨다’는 ‘들었다’에 주체 높임 선어말 어미 **-시-**가 결합한 표현입니다.
- G의 **“없으십니다”**도 상대방을 주체로 하여 **-시-**를 사용한 주체 높임 표현입니다.

다른 선택지는 객체 높임(예: ‘바쳤다’, ‘모시다’)이나 상대 높임(예: ‘참여하세요’, ‘합니다’)에 해당합니다."
Syntax,Agreement,1,C,C,"보기의 **“하셨다”**는 주체인 **김승지**를 높이는 **주체 높임법**입니다. 선어말 어미 **‘-시-’**가 사용되었습니다.

- **C. 임금이 … 바라보시기만 했다.**  
  → 주체인 ‘임금’을 높이는 **주체 높임법**입니다.

다만 엄밀히 말하면,

- **F. 얼른 들어오셔.**  
  → ‘오시어’의 준말인 **‘오셔’**에도 주체 높임 선어말 어미 **‘-시-’**가 들어 있습니다.

따라서 단일 정답을 의도했다면 **C**가 가장 명확하지만, 문법적으로는 **F도 보기와 같은 주체 높임법**에 해당하므로 이 문제는 복수 정답의 여지가 있습니다."
Syntax,Agreement,1,H,A,"보기의 높임법은 **주체 높임법**입니다.  
‘작은어머님’이라는 주체를 높이기 위해 서술어에 **‘-시-’**를 사용했습니다.

따라서 같은 주체 높임법이 쓰인 문장은 다음과 같습니다.

- **A**: 만나**실** 수 있는 곳입니다.  
  → (청자께서) 만나실
- **D**: 하**셨**잖아요.  
  → 상대방이 말했다는 뜻의 주체 높임
- **H**: 버드나무님이**셔**.  
  → ‘버드나무님’을 주체로 높임

따라서 **A, D, H**가 해당합니다.  
문제가 단일 정답을 요구한다면, 선택지가 여러 개라서 문항에 오류가 있습니다.  
참고로 **B, F**는 객체 높임법이고, **G**는 ‘어떤 게’를 주체로 보아 높이는 것이어서 엄밀하게는 부적절한 표현입니다."
Semantics,Word Relationships,1,A,A,"정답은 **A: 옭혔다**입니다.

“머리카락이 시계에 **감겼다**”는 머리카락이 시계에 **얽히거나 걸렸다**는 뜻이므로, “옭혔다”와 가장 가깝습니다."
Semantics,Word Relationships,3,F,F,"정답: **F. 소홀한**

“데면데면한”은 어떤 일이나 사람에 대해 **무관심하고 정성을 들이지 않는 태도**를 뜻합니다. 여기서는 “모든 일에 데면데면한” 성품이므로 **일을 소홀히 하는** 사람이라는 의미가 가장 가깝습니다."
Semantics,Word Relationships,3,H,H,"정답은 **H: 우애가**입니다.

“띠앗”은 **형제자매 사이의 우애나 정**을 뜻하므로, “띠앗이 좋기로 유명했다”는 “우애가 좋기로 유명했다”는 의미입니다."
Semantics,Word Relationships,2,E,E,"정답은 **E: 수도**입니다.

- **수양(修養)**: 마음과 몸을 닦아 인격이나 정신을 기름.
- **수도(修道)**: 종교적·정신적인 수행을 함.

문맥상 산중 암자에서 지내며 정신을 닦았다는 의미이므로 **수도**가 가장 가깝습니다."
Semantics,Word Relationships,2,C,C,"정답은 **C: 보관**입니다.

여기서 **수장(收藏)**은 유물을 안전하게 간직하거나 보관한다는 뜻으로 쓰였습니다."
Syntax,Argument Structure & Valency,2,G,G,"정답은 **G: <습관은>**입니다.

- **습관은**: 보조사 **‘은’**이 붙어 화제 또는 주어 역할을 하며, 목적어가 아닙니다.  
  → *습관은 참으로 무서운 거야.*

나머지는 목적격 조사 **‘을/를’**이 생략되었지만 목적어로 볼 수 있습니다.

예:  
- 계단**을** 오르내리다  
- 물건**을** 내놓다  
- 앞머리**를** 다듬다  
- 고백**을** 거절하다"
Syntax,Argument Structure & Valency,3,D,D,"정답은 **D: 오늘 <수술은> 잘 마쳤니?** 입니다.

- **수술은**은 주격 조사가 아니라 보조사 **‘은’**이 붙은 말입니다.
- 기본 문장은 **“오늘 수술을 잘 마쳤니?”**로, ‘수술’은 동사 **‘마치다’의 목적어**입니다.
- 따라서 ‘수술은’은 목적어를 화제로 삼은 표현이며, 주어는 생략된 **‘너’**입니다.

나머지 표현들은 대체로 해당 절에서 주어 역할을 합니다."
Syntax,Argument Structure & Valency,3,C,B,"주어가 아닌 것은 **B, C**입니다.

- **B: <걘>**  
  ‘걘’은 ‘그 아이는’의 준말로, **보조사 ‘는’이 붙은 화제**입니다. 실제로 ‘수수하다’의 주어는 ‘사람이’로 볼 수 있습니다.

- **C: <파트너가>**  
  ‘파트너가 되다’에서 ‘파트너가’는 **보어**이고, ‘되어줘’의 주어인 ‘너’는 생략되어 있습니다.

따라서 정답은 **B와 C**입니다."
Syntax,Agreement,2,A,A,"정답은 **A와 F**입니다.

- **A. 사람으로 미어터지겠네**  
  → **-겠-**이 화자의 **추측·판단**을 나타냅니다.  
  ‘사람으로 미어터질 것 같다’라는 뜻이지, 의지나 가능을 나타내는 것은 아닙니다.

- **F. 지나갈 것입니다**  
  → **-을 것이다**가 앞으로 일어날 일에 대한 **예정·예측**을 나타냅니다. 특급 전철이 스스로 의지를 가지는 것도 아니고, ‘지나갈 수 있다’라는 가능의 의미도 아닙니다.

나머지는 대체로 다음과 같습니다.

- B, C, D, G, H, I: **의지**
- E, J: **가능**
- J의 ‘얻을 것이’는 ‘얻을 대상’이라는 뜻이고, 문장 끝의 **있겠나**가 가능성을 나타냅니다."
Syntax,Agreement,1,E,E,"정답은 **E**입니다.

- **E: 먹겠다**  
  → “배가 부르지만 저것까지는 꼭 **먹겠다**”는 말하는 사람의 **의지·결심**을 나타냅니다.

나머지는 대체로 어떤 상황을 근거로 한 **추측·예상·판단**입니다.

- A: 스트레스가 풀리겠다 → 예상
- B: 누군가 놓아두었겠지 → 추측
- C: 걸려들었겠다 → 추측
- D: 감이 열리겠다 → 예상
- F: 올 수 있겠다 → 가능성에 대한 판단
- G: 필요하겠다 → 필요성에 대한 판단
- H: 벅차겠다 → 상대의 감정에 대한 추측
- I: 다시 만들어야 하겠다 → 상황상 필요한 일이라는 판단
- J: 손꼽히는 사람이 되겠다 → 예상

따라서 **말하는 사람의 의지를 직접 나타내는 E의 ‘먹겠다’가 나머지와 다릅니다.**"
Syntax,Argument Structure & Valency,2,H,H,"정답은 **H: <내가>**입니다.

- **화분에 손댄 건**: 주어  
- **내가**: ‘아니다’ 앞에서 주어를 보충 설명하는 **보어**

즉, “화분에 손댄 것은 내가 아니다”에서 실제 주어는 **‘화분에 손댄 건’**이고, **‘내가’는 보어**입니다."
Syntax,Argument Structure & Valency,3,J,J,"정답은 **J: <귀신은> 혹시 본 적이 있니?**입니다.

- 기본 문장: **너는 귀신을 본 적이 있니?**
- 여기서 **귀신은**은 목적어인 **귀신을**에 보조사 **은**이 붙은 말입니다.
- 주어는 생략된 **너는**입니다.

따라서 꺾쇠 안의 **귀신은**은 주어가 아닙니다."
Syntax,Agreement,3,F,D,"정답은 **D**입니다.

- **D: 호텔의 창문을 통해 바닷가가 내다보인다.**
  - 여기서 **‘내다보이다’**는 누군가에게 어떤 동작을 당한다는 의미의 피동이라기보다, **바닷가가 시야에 들어온다**는 상태를 나타냅니다.
  - 따라서 자연스러운 능동 표현으로 직접 바꾸기 어렵습니다.  
    예를 들어 **“사람이 바닷가를 내다본다”**라고 하면 의미가 달라집니다.

나머지는 다음처럼 능동 표현으로 바꿀 수 있습니다.

- A 강풍이 머리카락을 얼굴에 휘감았다.
- B 누군가가 대어를 낚았다.
- C 부패한 정부가 노동자들을 빈곤으로 내몰았다.
- E 철거업체가 별장을 헐었다.
- F 새 보안관이 치안을 바로잡았다.
- G 방직기가 옷감을 짰다.
- H 사기꾼이 외삼촌의 목돈을 떼었다.
- I 누군가가 모래를 씹었다.
- J 편집장님이 단편소설집을 엮었다."
Phonetics/Phonology,Phonological Alternation,3,E,E,"정답은 **E. 홑이불**입니다.

- **굳이 [구지]**: ㄷ + 이 → ㅈ  
- **굳히다 [구치다]**: ㄷ + 히 → ㅊ  

이는 받침 **ㄷ, ㅌ 등이 ‘이’나 ‘히’ 앞에서 구개음화되는 현상**입니다.

다른 예들은 다음과 같이 같은 현상이 나타납니다.

- 곧이 [고지]
- 해돋이 [해도지]
- 묻히다 [무치다]
- 맏이 [마지]
- 미닫이 [미다지]
- 등받이 [등바지]
- 샅샅이 [삳싸치]
- 같이 [가치]
- 닫히다 [다치다]

반면 **홑이불**은 **[혼니불]**로 발음되며, ‘이’ 앞에서 구개음화가 일어나는 것이 아니라 **ㄴ 첨가와 비음화**가 일어납니다."
Phonetics/Phonology,Phonological Alternation,3,G,G,"정답은 **G: ‘밭이랑’을 만들다.**입니다.

- **밭이랑**(밭의 두둑)은 합성어로, 발음이 **[반니랑]**이 되어 구개음화가 일어나지 않습니다.
- 반면 **H: 밭이랑 논을 갈다**에서의 ‘이랑’은 조사이므로 **[바치랑]**으로 발음되어 구개음화가 일어납니다.

다른 예들은 다음과 같이 구개음화됩니다.

- 해돋이 [해도지]
- 같이 [가치]
- 곧이 [고지]
- 묻히다 [무치다]
- 닫히다 [다치다]
- 미닫이 [미다지]
- 맏이 [마지]"
Syntax,Ellipsis,3,I,G,"정답은 **G**입니다.

- 제시 문장: **기어코 너 하루 몰래 간식을 먹었구나.**
- ‘이/가’를 넣으면 **너가**가 되지만, 표준어에서는 주격 조사 ‘가’가 붙을 때 **너 → 네**로 바뀌어 **네가**라고 해야 합니다.
- 따라서 올바른 문장은 **“기어코 네가 하루 몰래 간식을 먹었구나.”**입니다.

즉, **‘이/가’가 아니라 ‘네가’로 복원해야 하므로 G가 올바르게 짝지어지지 않았습니다.**"
Syntax,Agreement,2,H,G,"엄밀히 보면 **G와 J가 모두 문장 성분의 호응에 문제가 없습니다.** 따라서 한 문장만 정답으로 제시하려면 문제가 다소 애매합니다.

- **G**:  
  *나와 친한 친구가 있는데, 그 친구가 어제 저녁밥을 먹고 집으로 바래다주었다.*  
  → ‘그 친구가’가 주어이고, ‘바래다주었다’의 대상인 ‘나를’은 문맥상 생략된 것으로 볼 수 있습니다.  
  다만 더 자연스럽게는 **“그 친구가 나를 집으로 바래다주었다.”**라고 합니다.

- **J**:  
  *내가 항상 마음속에 품고 있는 우리 애완 꽃에게 물을 주자.*  
  → ‘내가 항상 마음속에 품고 있는’이 ‘우리 애완 꽃’을 꾸미고, ‘꽃에게 물을 주자’로 성분 호응이 맞습니다.

나머지는 다음과 같이 호응이 어긋납니다.

- A: **왜냐하면 ~ 때문이다**
- B, D: **결코 ~ 않다**
- C: **여간 ~ 아니다**
- E: **설령 ~더라도**
- F: **모름지기 ~해야 한다**
- H: **사람이라면 반드시 ~**
- I: **비단 ~뿐만 아니라**

따라서 **출제 의도가 한 개를 고르는 것이라면 J를 정답으로 보는 것이 가장 무난하지만, G도 문법적으로 성립합니다.**"
Phonetics/Phonology,Phonological Alternation,3,J,G,"<보기>에서 유추되는 규칙은 **음절의 종성에서 자음이 대표음으로 실현되는 현상(음절의 끝소리 규칙)**입니다.

- 옷 → [옫] : ㅅ → ㄷ  
- 부엌 → [부억] : ㅋ → ㄱ  
- 낮 → [낟] : ㅈ → ㄷ  

따라서 보기와 가장 관련 있는 사례는 **G. 몫 [목]**입니다.  
겹받침 ㄳ이 음절의 종성에서 [ㄱ]으로 발음됩니다.

다만 엄밀히 말하면 [목]은 ‘음절 끝소리 규칙’과 함께 **겹받침 단순화**가 나타난 사례입니다. 보기의 규칙을 ‘겹받침을 포함한 종성 관련 규칙’으로 넓게 보면 D, F, J도 관련될 수 있어 문항이 다소 모호합니다."
Phonetics/Phonology,Phonological Alternation,3,D,D,"<보기>의 공통 현상은 **음절의 끝소리 규칙(받침의 대표음화)**이다. 음절 끝에서는 여러 자음이 대표음으로 중화되며, 특히 **ㅌ·ㅊ은 [ㄷ]**, **ㅍ은 [ㅂ]**으로 발음된다.

따라서 적절한 것은 **D**이다.

- **D 읊고 [읍꼬]**: 겹받침 ㄿ이 [ㅂ]으로 발음되는 과정에서 음절 끝소리 규칙이 나타난다. 또한 뒤의 ㄱ이 된소리 [ㄲ]로 발음되는 된소리되기도 일어난다.

다른 보기의 판단은 다음과 같다.

- **B 비옷 [비옫]**: ㅅ이 [ㄷ]으로 바뀌므로 해당 현상이 있다. 따라서 ‘없다’는 틀림.
- **F 옷위 [오뒤]**: ㅅ이 [ㄷ]으로 발음되므로 해당 현상이 있다. 따라서 ‘없다’는 틀림.
- **A, C, E**: ㅎ과 다른 자음이 결합하여 거센소리가 되는 현상
- **G, H**: 비음화
- **I, J**: 겹받침의 자음군 단순화

**정답: D**"
Phonetics/Phonology,Phonological Alternation,2,B,B,"정답은 **B, J**입니다.

- **B**: ‘감겨서’는 **감- + -기-(피동·사동 접사) + -어서**로 분석됩니다. ‘ㅁ’ 뒤에 ‘ㄱ’이 오지만, 이는 **용언 어간에 피동·사동 접사가 결합한 경우**이므로 된소리되기가 일어나지 않습니다.
- **J**: ‘푼다’는 **풀- + -ㄴ다**로 분석됩니다. ‘ㄴ’과 ‘ㄷ’은 각각 어간과 어미의 경계에서 만난 것이 아니라, 어미 **‘-ㄴ다’** 안에 있는 소리입니다. 따라서 된소리되기의 적용 환경이 아닙니다.

나머지는 형태소 분석이 잘못되었습니다.

- ‘분수’의 ‘ㄴ’과 ‘ㅅ’은 **하나의 형태소 안**에 있습니다.
- ‘여름도’는 **체언 ‘여름’ + 조사 ‘도’**입니다.
- ‘잠가’의 ‘ㅁ’과 ‘ㄱ’은 어미끼리 결합한 것이 아닙니다.
- ‘안겨라’는 피동 접사가 결합한 경우이지 어미끼리 결합한 경우가 아닙니다."
Phonetics/Phonology,Phonological Alternation,3,G,,"정답은 **없습니다.** 제시된 단어 모두 발음에서 **ㄴ첨가**가 나타납니다.

- 담요 → **[담뇨]**
- 막일 → **[망닐]**
- 한여름 → **[한녀름]**
- 늑막염 → **[능망념]**
- 서른여섯 → **[서른녀섣]**
- 물약 → **[물략]**  
  - ㄴ이 첨가된 뒤 유음화되어 [ㄹ]로 발음됨
- 송별연 → **[송별련]**
- 색연필 → **[생년필]**
- 꽃잎 → **[꼰닙]**
- 식용유 → **[시굥뉴]**

따라서 이 문항은 **복수 정답이 아니라 ‘해당 없음’이 되어야 하는 잘못된 문항**입니다."
Syntax,Embedded Clauses,2,I,I,"정답은 **I**입니다.

- **I: 기마병은 [사태가 긴급함]을 단박에 느꼈다.**
  - 안긴 문장: **사태가 긴급하다**
  - 명사절: **사태가 긴급함**
  - 전체 문장에서 **‘느꼈다’의 목적어** 역할을 하며, 목적격 조사 **‘을’**이 붙었습니다.

따라서 정답은 **I**입니다."
Syntax,Embedded Clauses,2,E,E,"정답은 **E**입니다.

- **E: 고단한 삶에 고뇌하듯 뛰어가는 <고라니>**
  - 안긴 문장: **고라니가 뛰어간다**
  - 따라서 `<고라니>`는 안긴 문장에서 **주어**입니다.

다른 예들은 대체로 관형절의 목적어에 해당합니다.

- 해산물을 캐내다 → A: 목적어
- 품위를 갖고 있다 → B: 목적어
- 항구를 단속하다 → C: 목적어
- 유골을 발굴하다 → D: 목적어
- 시험공부를 하다 → F: 목적어
- 기부금을 받다 → G: 목적어
- 것을 얻다 → H: 목적어
- 돈주머니를 훔치다 → I: 목적어

따라서 정답은 **E**입니다."
Semantics,Numeral Classifiers,1,B,B,"가장 어색한 문장은 **B**입니다.

- **B: 우리 집엔 고양이가 한 필 있다.**
  - **필(匹)**은 주로 말이나 소처럼 큰 가축을 셀 때 쓰는 분류사입니다.
  - 고양이는 보통 **한 마리**라고 해야 합니다.

따라서 자연스러운 문장은:

> 우리 집엔 고양이가 **한 마리** 있다.

다른 문장들의 분류사는 대체로 적절합니다."
Syntax,Embedded Clauses,3,H,E,"정답은 **E, H, J**입니다.

- **E 병사가 이번에 된 <계급>**
  - 안긴 문장: *병사가 계급이 되었다*
  - `<계급>`은 ‘되다’의 **보어**이므로 부사어·목적어가 아닙니다.

- **H 시멘트까지 빨아들이는 <진공청소기>**
  - 안긴 문장: *진공청소기가 시멘트까지 빨아들인다*
  - `<진공청소기>`는 **주어**입니다.

- **J 레슬링 교육이라는 <게> 있다고?**
  - 안긴 문장: *레슬링 교육이라는 게 있다*
  - `<게>`는 ‘있다’의 **주어**입니다.

나머지는 다음과 같이 부사어나 목적어입니다.

- A, B, C, G, I: 목적어
- D, F: 부사어

따라서 **E, H, J**입니다."
Semantics,Numeral Classifiers,1,J,J,"가장 어색한 문장은 **J**입니다.

- **J: 샐러드엔 오이 한 장이 들어간다.**
  - **‘장’**은 종이, 사진처럼 얇고 넓적한 물건을 세는 단위입니다.
  - 오이는 보통 **한 조각**, **한 토막**, 또는 **한 개**라고 합니다.

따라서 다음과 같이 고치는 것이 자연스럽습니다.

> 샐러드엔 오이 **한 조각**이 들어간다."
Semantics,Numeral Classifiers,2,C,C,"정답은 **C**입니다.

- 트럭 한 **대**
- 손질 전 생선 50 **마리**
- 손질된 냉동 생선 20 **봉지**(한 봉지에 5마리씩)
- 흙마늘 5 **망**
- 깐 마늘 500 **톨**

따라서 문장은 다음과 같습니다.

> 저녁 무렵 트럭 한 **대**가 도착했다.  
> 안에는 손질 전 생선 50 **마리**와, 이미 손질된 냉동 생선 20 **봉지**(5마리씩) 정도가 들어 있었다.  
> 그리고 흙마늘 5 **망**과 깐 마늘 500 **톨**이 함께 왔다.

참고로 **G**도 일부 표현은 문법적으로 가능해 보일 수 있으나, 이 문맥에서는 흙마늘을 포장 단위인 **망**, 깐 마늘을 낱개 단위인 **톨**로 세는 **C**가 가장 적절합니다."
Semantics,Numeral Classifiers,2,H,H,"정답은 **H**입니다.

- 스탠딩 테이블 다섯 **개**
- 큰 페트병 열 **병**
- 일회용 컵 스무 **개**
- 쓰레기봉투 세 **장**
- 포스터 두 **장**

따라서 **A: 개, B: 병, C: 개, D: 장, E: 장**입니다."
Syntax,Embedded Clauses,1,F,F,"정답은 **F**입니다.

- **F: 팀장이 토론에 참석했음을 전해 들었다.**  
  → **[팀장이 토론에 참석했음]을** 전해 들었다.  
  → ‘팀장이 토론에 참석했음’이라는 안긴 문장이 **목적어** 역할을 합니다.

다른 예들은 다음과 같습니다.

- A: 안긴 문장 = 주어
- D: 안긴 문장 = 주어
- E: 안긴 문장 = 화제
- C, G, H: 관형어 역할의 관형절
- B, I: 부사어가 포함된 문장
- J: 안긴 문장이 목적어가 아님

따라서 **F**입니다."
Pragmatics,Discourse Principles,1,J,C,"정답은 **C**입니다.

- **“간신히 세수도 했어.”**는 아침 식사 여부에 대해 직접 답하지 않고, 필요한 정보를 충분히 제공하지 않습니다.
- 따라서 **대화의 양의 격률(필요한 만큼 정보를 제공하라)**을 어긴 것으로 볼 수 있습니다.
- 이를 통해 “시간이 없어서 세수만 겨우 했고, 아침은 먹지 못했다”는 의미를 함축합니다."
Syntax,Agreement,1,F,F,"정답은 **F**입니다.

- **A: 먹고 있다 → 현재/진행**  
  현재 시점에 ‘먹는’ 동작이 진행 중임을 나타냅니다.

- **B: 갔었다 → 과거/완료**  
  ‘어제’ 일어난 일이므로 과거이며, ‘갔었다’는 이미 끝난 사건을 나타냅니다.

- **C: 사용해 왔다 → 현재/완료**  
  과거부터 한글을 사용해 온 일이 현재까지 이어지고 있음을 나타내므로 현재와 관련된 완료·지속의 의미입니다.

따라서 **A - 현재/진행, B - 과거/완료, C - 현재/완료**인 **F**가 적절합니다."
Pragmatics,Discourse Principles,3,D,H,"정답은 **H**입니다.

민영이가 어디 있는지 묻자 “방에 불 켜져 있잖아”라고 답하는 것은 **불이 켜져 있다는 사실만으로 민영이가 방에 있다고 단정하는 것**입니다. 방에 불이 켜져 있어도 민영이가 방에 있다는 근거는 되지 않으므로, 근거 없거나 거짓일 수 있는 말을 하여 **진실성의 원칙**을 어긴 사례입니다."
Syntax,Agreement,2,J,A,"정답은 **A: ㅈ[저어]**입니다.

ㄱ의 **‘나’**는 이야기하는 화자인 자녀를 가리킵니다. 대화 중 자녀가 자신을 낮추어 표현한 **‘저’** 역시 같은 사람을 가리키므로, ㄱ과 동일한 대상을 가리키는 것은 ㅈ입니다."
Semantics,Inter-sentence Relations,3,H,H,"정답은 **H: ㅂ**입니다.

ㅂ의 “우리 집에도 한 마리가 있는데”는 앞에서 설명한 동물과 **다른 개체**를 가리킵니다. 반면 나머지 문장들은 같은 동물 또는 그 동물의 신체 부위와 습성을 설명하고 있습니다."
Syntax,Agreement,2,B,B,"정답은 **B: ㄱ-ㄷ**입니다.

- **ㄱ ‘나’**: 글쓴이인 자녀를 가리킴.
- **ㄷ ‘얘’**: 부모님이 자녀인 글쓴이를 부르는 말이므로 같은 대상을 가리킴.

반면 **ㅁ ‘저어’**는 망설임을 나타내는 말로 특정 대상을 가리키지 않고, **ㅂ ‘애’**는 문맥상 기린을 가리킵니다."
Syntax,Agreement,1,I,I,"정답은 **I**입니다.

- I: “증거를 **보여 봐라**”는 능동 표현으로, 피동 표현이 없습니다.

다른 문장에는 다음과 같은 피동 표현이 포함되어 있습니다.

- A: 실려간  
- B: 들려왔  
- C: 쫓겨났다  
- D: 바뀌는  
- E: 먹혀버리고  
- F: 닫혔다  
- G: 베였다  
- H: 얽혀 있어  
- J: 밀려나고  

참고로 B는 문맥상 **“들려왔던 것 같았다”** 또는 **“들려온 것 같았다”**가 자연스럽습니다."
Semantics,Semantic Compatibility,1,E,E,"정답은 **E: 주어가 의미적으로 서술어에 적절하지 않다.**

- 주어: **철수가 산 책 한 권이**
- 서술어: **달렸다**

**‘달리다’**는 일반적으로 사람이나 동물처럼 스스로 움직일 수 있는 주체를 요구합니다. 따라서 **‘책 한 권’**이 ‘달렸다’고 하는 것은 의미적으로 어울리지 않습니다.  
문장 구조상 주어와 서술어의 결합 자체는 가능하므로, 구조적 부적절성이 아니라 **의미적 부적절성**입니다."
Semantics,Word Relationships,1,B,B,"정답은 **B: 실토**입니다.

여기서 **“승복하였다”**는 사실을 인정하고 털어놓았다는 뜻으로, **“실토하였다”**와 문맥적 의미가 가장 유사합니다."
Semantics,Word Relationships,2,E,E,"정답은 **E: 줄곧**입니다.

여기서 **시종(始終)**은 ‘처음부터 끝까지, 내내’라는 뜻이므로, 문맥상 **“기간 동안 줄곧 경계를 강화하였다”**와 같습니다."
Syntax,Agreement,1,I,I,"정답은 **I**입니다.

- **<보기>**: ‘회장님께서 출산하**셨**다’  
  → 주체인 ‘회장님’을 높이는 **주체 높임법**입니다.  
  → ‘께서’, ‘-시-’가 사용되었습니다.

- **I**: ‘창의력이 남다르**신** 청소년**님**’  
  → 주체인 ‘청소년님’을 높이는 표현으로, ‘-시-’와 ‘-님’이 사용된 **주체 높임법**입니다.

다른 선택지의 예는 다음과 같습니다.

- C, D, F: ‘-습니다’, ‘-요’ 등 **상대 높임법**
- J: ‘찾아뵙다’에 의한 **객체 높임법**
- 나머지: 높임법이 나타나지 않거나 적절하지 않음"
Syntax,Agreement,2,I,B,"<보기>의 **‘외할머니가 버섯을 싫어하신다’**는 주어인 ‘외할머니’를 높이는 **주체 높임법**입니다. 선어말 어미 **‘-시-’**가 사용되었습니다.

같은 종류의 문장은 다음과 같습니다.

- **B: 프로그램을 배우시면 원하는 걸 하실 수 있어요.**  
  → ‘-시-’로 주체를 높임.
- **I: 그렇게 싸우시더니 카레를 드시면서 화해하셨다.**  
  → ‘-시-’로 주체를 높임.

따라서 정답은 **B, I**입니다.  
단일 정답을 요구한 문제라면 문항에 오류가 있습니다."
Syntax,Agreement,1,A,A,"정답은 **A: 여태 이런저런 우표들을 수집했다.**입니다.

- **수집했다**: 주어가 직접 우표를 모은 능동 표현입니다.
- B **실렸다**: 싣다 → 실리다
- C **갈렸다**: 가르다 → 갈리다
- D **이끌렸다**: 이끌다 → 이끌리다
- E **믿기지 않았다**: 믿다 → 믿기다
- F **쓰였다**: 쓰다 → 쓰이다
- G **치였다**: 치다 → 치이다
- H **몰렸다**: 몰다 → 몰리다
- I **담겨 있다**: 담다 → 담기다
- J **뒤틀렸다**: 뒤틀다 → 뒤틀리다

따라서 피동 표현이 포함되지 않은 것은 **A**입니다."
Syntax,Agreement,1,E,E,"정답은 **E**입니다.

- **E: 어떤 관객이 내 소지품을 훔쳤다.**  
  → 주어인 ‘관객’이 직접 행동하는 **능동 표현**입니다.

나머지는 피동 접사나 피동 의미가 나타납니다.

- A 찢겼다
- B 파묻혔다
- C 쫓기고 있다
- D 휘말렸다
- F 풀렸다
- G 흔들린다
- H 차였다
- I 찍혔다
- J 팔리고 있다"
Syntax,Agreement,3,H,H,"정답은 **H: 동료가 내 노력에 대해 과소평가하고 있다.**입니다.

‘과소평가하고 있다’는 동료가 내 노력을 낮게 보고 있는 **상태가 지속됨**을 나타냅니다.  
반면 나머지는 ‘뒷걸음치다, 이발하다, 노래하다, 흡수하다, 쑤군거리다’처럼 동작이 진행 중임을 나타내는 경우입니다."
Syntax,Agreement,1,J,J,"정답은 **J: 난 그게 거짓이라고 가정하고 있다.**

여기서 **‘가정하고 있다’**는 ‘가정하는 행위가 진행 중’이라기보다, **그것을 거짓이라고 가정한 상태를 계속 유지하고 있음**을 나타냅니다.  

나머지는 모두 뒤따라오다, 두리번거리다, 가로지르다, 강의하다, 낚시하다 등 **동작이 진행 중임**을 나타냅니다."
Semantics,Numeral Classifiers,1,B,I,"정답은 **I: (권, 알, 잔)**입니다.

- 소설책 두 **권**
- 달걀샌드위치 한 **알**
- 커피 한 **잔**

따라서 문장은 다음과 같습니다.

> 아침에 서점에서 소설책 두 **권**을 사고, 카페에서 달걀샌드위치 한 **알**과 커피 한 **잔**을 주문했다."
Semantics,Numeral Classifiers,3,A,I,"정답은 **I: 그러시다면 두 돈 가량이 좋을 것 같습니다.**

금의 무게를 셀 때는 **돈**, **냥**, **그램**, **킬로그램** 등을 사용합니다. 따라서 “금 두 돈”은 자연스러운 표현입니다.  
반면 말·되·병·척·박스 등은 금의 양을 나타내는 적절한 단위가 아닙니다."
Semantics,Numeral Classifiers,3,C,C,"정답은 **C. 한 축 주문해두겠습니다.**

‘축’은 오징어를 세는 단위로, 보통 **오징어 20마리**를 뜻합니다."
Semantics,Numeral Classifiers,1,G,G,"G: **다섯 단 정도 팔렸습니다.**

시금치는 보통 묶음 단위로 **‘단’**을 사용합니다."
Semantics,Numeral Classifiers,1,H,H,"정답은 **H: 세 벌 주문해.**

트레이닝복처럼 상·하의로 이루어진 옷 한 세트는 **‘벌’**을 단위로 셉니다."
Semantics,Rhetorical Expressions,3,J,A,"정답은 **A: 속이 없어진 것**입니다.

‘속이 없어진 것’은 한국어에서 배가 매우 고프다는 뜻으로 자연스럽게 쓰이지 않습니다. 보통은 **“속이 텅 빈 것처럼 고프다”**, **“배가 등에 붙은 것처럼 고프다”**라고 표현합니다.  
나머지는 모두 극심한 허기를 과장하여 나타낸 표현으로 볼 수 있습니다."
Pragmatics,Implicature,2,E,E,"가장 적절한 것은 **E**입니다.

을의 말인 **“쟤 배 볼록해진 건 안 보이세요?”**는 고양이의 배가 불러 있으므로 이미 사료를 먹었다는 뜻으로, 갑의 “사료를 안 챙겨 줬다”는 비난을 반박하는 발화입니다. 또한 갑이 밥그릇이 비어 있다고 했으므로, 고양이가 사료를 먹었다고 추론할 수 있습니다.

다만 고양이가 반드시 을에게 사료를 받아 먹었다고 단정할 수는 없으므로 B나 H는 적절하지 않습니다."
Semantics,Rhetorical Expressions,1,H,H,"가장 어색한 표현은 **H: 거대한 산처럼**입니다.

“거대한 산처럼 날아올랐다”는 산의 크기나 무게감이 ‘날아오르다’와 잘 어울리지 않아 의미상 부자연스럽습니다.  
반면 “깃털처럼”, “한 마리 새처럼”, “쏘아진 살처럼” 등은 날아오르는 동작을 자연스럽게 비유합니다."
Semantics,Ambiguity,3,F,A,"이 문제는 **정답이 하나로 정해지지 않습니다.** 일반적인 해석에서는 다음 문장들이 한 가지 의미로 명확합니다.

- **A**: 나는 그때 운동화를 신고 있었다.  
  → 그때 운동화를 착용하고 있었다.
- **B**: 나는 그때 안경을 쓰고 있었다.  
  → 그때 안경을 착용하고 있었다.
- **E**: 다들 검은색 외투를 입고 있다.  
  → 모두 검은색 외투를 착용하고 있다.

또한 **C**도 보통은 “그가 금메달을 목에 걸고 있다”라는 한 가지 뜻으로 이해됩니다.

반면 D, F, G, H, J는 ‘달리는’ 또는 ‘달리면서’의 주체가 **나인지, 노래하는 사람인지** 모호할 수 있습니다. I의 “타고 있다”도 상황에 따라 ‘버스에 올라타는 중이다’ 또는 ‘버스를 타고 이동 중이다’로 해석될 여지가 있습니다.

따라서 출제 의도가 “착용 상태를 나타내는 문장 중 하나”라면 정답을 하나로 고르기 어렵고, **문항 자체에 복수 정답이 존재합니다.**"
Semantics,Ambiguity,2,D,D,"정답은 **D**입니다.

**D: 두 사람이 각자 만 원과 천 원을 두 장씩 주웠다.**

- **각자**: 두 사람이 각각
- **두 장씩**: 만 원권과 천 원권을 각각 두 장씩

따라서 각 사람이 **만 원권 2장과 천 원권 2장**을 주운다는 뜻으로 명확합니다.

다른 문장들은 ‘두 장’이 전체 수량인지, 각 사람 또는 각 종류별 수량인지 해석이 달라질 수 있어 중의적입니다."
Semantics,Ambiguity,3,D,H,"정답은 **H**입니다.

지문에서 **“나는”**은 말하는 사람 자신을 가리키므로, 문장 자체가 내 동생에 관한 이야기일 수는 없습니다. 다만 **내 동생이 대신 먹었을 가능성**은 별도로 생각할 수 있습니다.

나머지 선택지들은 잼의 성질이나 재료, 먹는 방식 등에 관한 가능한 해석 또는 수정 방식으로 볼 수 있습니다."
Syntax,Agreement,2,I,A,"정답은 **A**입니다.

- **트이다**는 여기서 ‘무언가에 의해 열리다’라는 피동 의미라기보다, **막혀 있던 가슴이 저절로 후련해지다**라는 상태 변화의 의미로 쓰였습니다.
- 따라서 자연스러운 능동문으로 바꾸기 어렵습니다.  
  - *탁 트인 야경이 답답했던 가슴을 트였다* → 부자연스러움  
  - 필요하다면 **“탁 트인 야경이 답답했던 가슴을 트이게 했다”**처럼 사동 표현으로 바꾸어야 합니다.

나머지는 다음과 같이 능동 표현으로 바꿀 수 있습니다.

- B 무당이 처녀귀신을 사로잡았다.
- C 들짐승이 농작물을 짓밟았다.
- D 직원 한 명이 서류들을 뒤섞었다.
- E 대중이 그녀를 일류 골프 선수로 손꼽는다.
- F 행인이 내 손목을 붙들었다.
- G 상대편이 우리 팀을 휘둘렀다.
- H 호랑이가 고라니를 잡아먹었다.
- I 무엇인가가 머리카락을 짓눌렀다.
- J 침입자들이 창고를 털었다.

따라서 **A**입니다."
Semantics,Ambiguity,3,J,A,"가장 부적절한 것은 **A**입니다.

- **“숲의 푸른 새들”**은 ‘푸른’이 새들을 수식하므로 적절합니다.
- 그러나 **“푸른, 숲의 새들”**처럼 관형어 뒤에 쉼표를 넣는다고 해서 자연스럽게 ‘푸른’의 수식 대상이 새들로 명확해지는 것은 아닙니다. 일반적인 수정 표현으로 보기 어렵습니다.

참고로 의미를 분명히 하려면 다음처럼 쓰는 것이 좋습니다.

- 새들이 푸르다: **숲의 푸른 새들이**
- 숲이 푸르다: **푸른 숲에 사는 새들이**
- 모두 날아오르지 않았다: **새들이 하나도 날아오르지 않았다**
- 일부만 날아오르지 않았다: **새들이 다 날아오르지는 않았다**

따라서 정답은 **A**입니다."
Pragmatics,Implicature,1,G,G,"정답은 **G: 난 내일 새벽 일찍 나가야 해서 일찍 자려고.**입니다.

을이 함께 영화를 보러 갈 수 없는 이유를 제시하고, 갑이 “어쩔 수 없죠. 저 혼자 보고 들어갈게요.”라고 말하는 흐름이 자연스럽습니다.  
다른 선택지는 초대에 대한 거절의 이유가 되지 않거나 대화의 맥락에 맞지 않습니다."
Syntax,Agreement,2,F,F,"정답은 **F**입니다.

- **F. 이 지역에는 늘 관광객들이 몰린다.**
  - 여기서 **‘몰리다’**는 누군가가 관광객을 모는다는 뜻의 피동이라기보다, 관광객들이 한곳으로 **모여드는 상태를 나타내는 자동사적 표현**입니다.
  - 따라서 자연스러운 능동 표현인 **‘누가 관광객들을 몰았다’**로 바꿀 수 없습니다.

나머지는 다음과 같이 능동 표현으로 바꿀 수 있습니다.

- A: 업어치기가 승부를 갈랐다.
- B: 광부들이 그 화약을 널리 썼다.
- C: 폭우가 차의 묵은 때를 씻었다.
- D: 장인이 매듭을 얽었다.
- E: 차가 큰아버지를 쳤다.
- G: 누군가가 선생님의 등을 떠밀었다.
- H: 작가가 디자인에 의도를 담았다.
- I: 상대의 비난이 내 심사를 뒤틀었다.
- J: 신문사가 인터뷰를 잡지에 실었다."
Syntax,Agreement,2,J,J,"정답은 **J**로 보는 것이 가장 타당합니다.

- **새 옷에 주름이 잔뜩 잡혔다.**의 ‘잡히다’는 누군가에게 주름을 **당한** 피동이라기보다, 주름이 저절로 생긴 상태를 나타내는 표현입니다. 따라서 자연스러운 대응 능동문이 없습니다.

다른 문장들은 다음과 같이 능동문으로 바꿀 수 있습니다.

- A 적의 군대가 정문을 뚫었다.
- B 여동생이 내 소매를 붙잡았다.
- C 사냥꾼이 토끼를 쫓고 있다.
- D 거센 바람이 나무를 흔들었다.
- E 모기가 내 팔을 물었다.
- F 멋진 그림이 내 마음을 빼앗았다.
- G 누군가가 어려운 문제를 풀었다.
- H 낯선 사람이 내 발을 밟았다.
- I 많은 사람이 그 책을 읽었다.

다만 엄밀히 말하면 **D, G, J**는 문맥에 따라 피동이라기보다 자동사적·상태 변화의 표현으로도 볼 수 있습니다. դպրոց식 문제의 의도에 따르면 보통 **J**를 답으로 처리합니다."
Semantics,Inter-sentence Relations,3,E,C,"저자가 지양해야 할 항목은 **(ㄴ) ‘자신의 건강을 믿고 안심하는 태도’**입니다.  

다만 이를 제외한 나머지 항목들과 **건강에 도움이 되는 긍정적 표현**이라는 점에서 유사한 선택지는 하나가 아니라 다음 세 가지입니다.

- **C: 영양소가 풍부한 식재료**
- **D: 직접 만든 식사**
- **E: 맛있고 건강한 레시피**

따라서 문제의 조건만으로는 단일 정답을 정하기 어렵습니다. 굳이 가장 직접적으로 대응하는 표현을 고르면 **C**입니다."
Semantics,Inter-sentence Relations,2,A,A,"정답은 **A: 야생동물**입니다.

- **J 수달, F 이 동물, H 이들, B 그들, E 구조 대상**: 문맥상 모두 구조되는 **수달**을 가리킵니다.
- **D 새끼, G 어미, I 성체, C 개체**: 각각 새끼 수달, 어미 수달, 성체 수달, 수달 개체를 뜻합니다.
- 반면 **A 야생동물**은 특정한 수달이 아니라, ‘야생동물 구조센터’라는 기관의 일반적 대상을 가리키는 넓은 표현입니다.

따라서 나머지 선지들과 지시 대상이 가장 다른 것은 **A**입니다."
Semantics,Inter-sentence Relations,2,J,J,"정답은 **J: 안전사고, 먼지가 많이 낀 멀티탭**입니다.

지문에서 **먼지가 많이 낀 멀티탭**은 스파크와 화재를 일으켜 가정 내 **안전사고의 원인**이 될 수 있다고 제시되어 있습니다."
Syntax,Embedded Clauses,3,F,D,"정답은 **D**입니다.

- **D**:  
  - *미련 한 스푼 더하고*  
  - *어두운 기억 한 스푼 덜어낸*  
  이 두 관형절이 **‘우리의 옛날’**을 꾸밉니다. 따라서 안긴 문장이 다른 안긴 문장을 꾸미는 구조는 없습니다.

반면 다른 문장들은 관형절이나 인용절 안에 또 다른 관형절이 들어 있습니다. 예를 들면:

- **A**: *입에 풀칠하기도 어려운* → *우리 집이 지긋지긋하다고* 안에 포함
- **E**: *내가 어제 먹은* → *구워 준* 안에 포함
- **J**: *내 품 속에 있던* → *네가 말해 준* 안에 포함

따라서 **‘안긴 문장을 꾸미는 안긴 문장’이 없는 것은 D**입니다."
Semantics,Inter-sentence Relations,3,A,A,"정답은 **A: 관공서에 방문할 수 있었다.**입니다.

- **“보안부서의 허가 프로세스를 미리 거쳐두어서 재택근무가 가능했다.”**는 회의가 일찍 끝나 퇴근 시간이 앞당겨졌다는 중심 내용과 비교적 거리가 있어 삭제할 문장으로 볼 수 있습니다.
- 그 후 **“평소보다 퇴근 시각이 훨씬 앞당겨진 덕분에 관공서에 방문할 수 있었다.”**가 자연스럽게 이어집니다. 관공서는 업무 시간이 정해져 있어 평소 퇴근 시간에는 방문하기 어려울 수 있기 때문입니다.

따라서 **A**입니다."
Pragmatics,Speech Acts,2,J,J,"정답은 **J**입니다.

- **A~I**: 화자가 자신의 미래 행동이나 태도를 약속·다짐하는 **약속의 의도**를 나타냅니다.  
  - 예: “탈고하겠습니다”, “압수하마”, “연락드리지요”, “오리다” 등
- **J**: 화자 자신이 행동하겠다고 약속하는 것이 아니라, **아랫집 아저씨가 야단칠 것이라고 진술·경고**하는 말입니다.

따라서 혼자 다른 것은 **J**입니다."
Pragmatics,Speech Acts,3,G,A,"정답은 **A**입니다.

- 갑: “너는 기타 못 치잖아.” → 상대의 능력에 대해 **진술**함.
- 을: “내가 뭘 기타를 못 치냐?” → 질문 형식이지만 실제로는 ‘내가 못 친다는 말이냐’라는 **반문·반박의 감정 표현**임.

따라서 두 발화는 같은 종류로 분류되지 않습니다.  
나머지는 대체로 명령, 약속, 질문, 감정 표현, 청유 등에서 서로 같은 의도를 가집니다."
Pragmatics,Implicature,2,A,A,"정답은 **A: 주말에 친구 부부를 초대하고 싶지 않다.**

미영의 말은 집 단장이 아직 끝나지 않았으므로 **이번 주말에 친구를 초대하기는 어렵다**는 뜻을 간접적으로 나타낸다.  
따라서 친구의 집이 아니라 **미영 자신의 집이 아직 정리·보수되지 않았다**는 의미이다."
Syntax,Agreement,3,G,G,"정답은 **G: 그는 분명 나를 업신여기고 있다.**입니다.

‘업신여기다’는 어떤 행동이 진행된다기보다 **상대방을 낮추어 보는 태도나 상태가 계속됨**을 나타냅니다.  
반면 다른 문장들은 야옹거리기, 찜질하기, 조준하기, 흡입하기 등 동작이 진행 중임을 나타냅니다."
Syntax,Agreement,1,G,G,"정답은 **G: 내 잘못이 걸릴까 봐 조마조마하고 있다.**

여기서 **‘조마조마하고 있다’**는 어떤 동작이 진행 중이라는 뜻이 아니라, **불안하고 초조한 상태가 계속되고 있음**을 나타냅니다.

나머지는 대부분 ‘갈아타다, 구출하다, 건네주다, 검토하다, 마시다, 기록하다, 만지작거리다, 뒤척이다, 시청하다’와 같이 **동작의 진행**을 나타냅니다."
Syntax,Agreement,1,E,E,"정답은 **E: 수연이가 정훈이를 보고 즐거워하고 있다.**입니다.

‘즐거워하고 있다’는 어떤 동작이 진행 중이라기보다 **즐거운 감정 상태가 계속되고 있음**을 나타냅니다.  
나머지는 대부분 나사를 조이거나 춤추는 등 동작의 진행을 나타냅니다."
Syntax,Agreement,2,F,F,"정답은 **F**입니다.

- **아기가 곤히 잠들어 새근거리고 있다.**
  - ‘새근거리다’는 아기가 숨을 고르게 쉬는 **동작이 현재 진행 중**임을 나타냅니다.
  - 따라서 ‘-고 있다’가 **동작의 진행** 의미로 쓰였습니다.

나머지는 대체로 ‘경멸하다, 갈망하다, 간주하다, 겸비하다’처럼 심리·인식·소유 등의 **상태가 지속됨**을 나타내거나, ‘가중되다·문제시되다’처럼 상태의 변화나 결과를 나타냅니다."
Syntax,Agreement,1,C,C,"정답은 **C: 태풍이 도시를 강타하고 있다.**

- **강타하다**는 실제 동작이나 사건이 진행되는 동작 동사이므로, **‘강타하고 있다’**는 ‘강타하는 동작이 진행 중이다’라는 뜻이다.
- 나머지는 동감하다, 동경하다, 낙담하다, 근거하다, 능가하다 등 주로 상태나 관계를 나타내므로 **상태의 지속**으로 해석된다."
Syntax,Agreement,1,C,C,"정답은 **C: 햄스터가 내 발을 간지럽히고 있다.**입니다.

‘-고 있다’가 햄스터가 발을 **간지럽히는 동작을 현재 계속하고 있음**을 나타내므로 ‘동작의 진행’에 해당합니다.

나머지는 대부분 다음과 같이 상태의 지속을 나타냅니다.

- 부러워하고 있다, 염려하고 있다, 공경하고 있다 → 감정·태도의 지속
- 모르고 있다, 실감하고 있다 → 인지 상태의 지속
- 구별되고 있다, 소외되고 있다 → 결과적인 상태의 지속

따라서 **C**입니다."
Syntax,Agreement,1,I,I,"정답은 **I: 여동생이 내 앞에서 종알거리고 있다.**입니다.

**‘종알거리고 있다’**는 여동생이 지금 계속해서 종알거리는 **동작이 진행 중임**을 나타냅니다.

- A, G, H: 감정이나 상태의 지속
- D, E: 역할이나 담당 상태의 지속
- B: 금지 상태
- C, F: 변화나 상태의 지속
- I: 구체적인 동작의 진행

따라서 정답은 **I**입니다."
Syntax,Agreement,1,H,H,"정답은 **H: 조련사가 호랑이를 쓰다듬고 있다.**입니다.

- **쓰다듬고 있다**: 실제 동작이 현재 진행 중임을 나타냅니다.
- A, F, G, I 등은 감정이나 심리 상태의 지속에 가깝습니다.
- C는 상태의 지속, J는 상태 변화의 진행으로 볼 수 있습니다.

다만 문장만 놓고 보면 **B의 ‘수고해주고 있다’**, **D의 ‘반성을 하고 있다’**, **E의 ‘고민하고 있다’**도 문맥에 따라 동작의 진행으로 해석될 수 있습니다. 따라서 출제 의도상 가장 분명한 답이 **H**입니다."
Semantics,Semantic Compatibility,3,I,C,"정답은 **C: [회사3], [집1]**입니다.

- **[회사3]**: “회사3에서 집2까지”에서 이동의 **출발점**
- **[집1]**: “집1에서 회사2까지”에서 이동의 **출발점**

두 표현 모두 조사 **‘에서’**와 결합하여 이동이 시작되는 장소를 나타냅니다.

참고로:

- **[회사1]**, **[회사2]**, **[집2]**: 이동의 목적지 또는 도착점
- **[구내 식당]**, **[탕비실]**, **[휴게실]**: 사람이 없는 장소를 나타내는 위치·장소 성분

따라서 가장 유사한 것은 **C**입니다."
Phonetics/Phonology,Phonological Alternation,3,G,G,"정답은 **G: 싫증**입니다.

<보기>의 공통 현상은 **거센소리되기(격음화)**입니다. 즉, ‘ㅎ’이 인접한 예사소리를 거센소리로 바꿉니다.

- 쌓지 → **[싸치]**
- 각하 → **[가카]**
- 옷 한 벌 → **[오탄벌]**

선택지에서도 다음과 같이 격음화가 일어납니다.

- 좁히다 → [조피다]
- 젖히다 → [저치다]
- 좋고 → [조코]
- 밝히다 → [발키다]
- 숱하다 → [수타다]
- 국화 → [구콰]
- 맏형 → [마텽]
- 닳지 → [달치]
- 닿다 → [다타]

반면 **싫증**은 **[실쯩]**으로 발음되어, ‘ㅎ’에 의한 격음화가 아니라 **된소리되기**가 일어납니다. 따라서 정답은 **G**입니다."
Phonetics/Phonology,Phonological Alternation,3,J,J,"정답은 **J: 싫증**입니다.

- **싫증** → **[실쯩]**
  - ‘싫’의 ㅎ이 탈락하고, 뒤의 ‘ㅈ’이 된소리로 발음됩니다.
  - 따라서 자음 축약(거센소리되기)은 일어나지 않습니다.

나머지는 모두 받침의 자음과 ‘ㅎ’이 결합하여 거센소리로 축약됩니다.

- 닳지 [달치]
- 국화 [구콰]
- 맏형 [마텽]
- 좁히다 [조피다]
- 좋고 [조코]
- 젖히다 [저치다]
- 닿다 [다타]
- 잡히다 [자피다]
- 축하 [추카]"
Phonetics/Phonology,Phonological Alternation,3,G,G,"정답은 **G: 희원이는 그 남자와 오래 ‘사겼다’.**입니다.

- **사귀다 + 었다 → 사귀었다**
- **‘사겼다’**로 줄여 쓰는 것은 잘못된 축약입니다.

따라서 올바른 표현은 **“희원이는 그 남자와 오래 사귀었다.”**입니다."
Pragmatics,Implicature,3,J,J,"정답은 **J**입니다.

갑의 “**우리는 저런 데 언제 가 보나?**”는 TV에 나온 장소를 보고 자신과 을이 **언젠가 함께 방문하고 싶다는 소망**을 나타낸 말입니다. 따라서 갑은 방송에 나온 장소에 을과 함께 가고 싶어 한다고 볼 수 있습니다.

을의 말은 TV 화면이 장소를 실제보다 아름답게 보이게 한다는 취지일 수 있지만, 이를 통해 을의 방문 경험이나 방송에 대한 불만까지 알 수는 없습니다."
Morphology,Verbal Conjugation,3,A,A,"명사형 어미 **‘-(으)ㅁ’, ‘-기’**가 결합한 활용형이 있는지 살펴보면 다음과 같습니다.

- (ㄱ) **솎음**: ‘솎다’에 명사 파생 접미사 **-음**이 붙은 명사 → 해당 없음
- (ㄴ) 하**기**도: ‘하-+-기’
- (ㄷ) 마주치**기**가: ‘마주치-+-기’
- (ㄹ) 꿈을 **꿈**은: ‘꾸-+-ㅁ’
- (ㅁ) 믿**음**에도: ‘믿-+-음’
- (ㅂ) **쉼**: ‘쉬-+-ㅁ’
- (ㅅ) **앎**: ‘알-+-ㅁ’
- (ㅇ) 도**움**으로써: ‘돕다’에서 활용된 명사형
- (ㅈ) 타**기**에: ‘타-+-기’
- (ㅊ) 느**낌**은: ‘느끼-+-ㅁ’

따라서 명사형 어미가 결합한 용언의 활용형이 포함되지 않은 문장은 **(ㄱ)**입니다.

**정답: A**"
Pragmatics,Implicature,3,H,G,"가장 적절한 것은 **G: “이 시간에 불러내다니 무슨 일이야?”**입니다.

밤늦게 을이 연락한 상황에서 갑이 연락한 이유를 묻고, 을이 “급히 할 말이 있어서 그래.”라고 답하는 흐름이 자연스럽습니다.  
다만 실제로는 “이 시간에 **전화하다니** 무슨 일이야?”가 더 자연스러운 표현입니다."
Morphology,Word Formation,3,B,B,"정답은 **B: 달구다**입니다.

- **미화**: 어근 **미** + 접미사 **-화** → 접사가 어근 뒤에 결합
- **달구다**: 어근 **달-** + 접미사 **-구-** → 접사가 어근 뒤에 결합

따라서 <보기>의 **미화**와 같은 방식은 **B 달구다**입니다."
Syntax,Agreement,3,B,A,"이 문제는 **정답이 하나로 성립하지 않습니다.** 제시된 피동 표현들은 대부분 대응하는 능동문으로 바꿀 수 있습니다.

예를 들면 다음과 같습니다.

- A: 농노들이 비를 수호신으로 받들었다.
- B: 잡목의 뿌리들이 서로를 마구잡이로 뒤얽었다.
- D: 상대 격투가가 나를 코너에 곤두박았다.
- E: 반란군이 제국의 수도를 에워쌌다.
- F: 나는 맞은편 철물점 내부를 건너다본다.
- G: 적장이 포로들을 무릎 꿇렸다.
- I: 잔불이 시멘트 가벽을 시커멓게 그슬렸다.
- J: 마누라가 친구의 팔을 쥐어뜯었다.

다만 **C, E, G, H는 피동문으로서 문장 성분이 어색하거나 잘못 쓰였습니다.**

- C: `이웃 가문 사람들의 재산은 당주에 의해 강제로 내걸렸다.`
- E: `제국의 수도는 반란군에게 에워싸였다.` 또는 `제국은 반란군에게 에워싸였다.`
- G: `아군의 포로들은 적장에 의해 진흙탕에서 무릎 꿇려졌다.`
- H: `그 조직원은 보스에 의해 입을 다물게 되었다.`

따라서 엄밀히 말하면 **‘능동 표현으로 바꿀 수 없는 것’은 없으며, 문제 자체가 잘못 출제되었습니다.**"
Syntax,Agreement,3,A,C,"정답은 **C**입니다.

- **C. “가슴도 트였다”**의 **‘트이다’**는 형태상 피동사처럼 보이지만, 여기서는 ‘막힌 것이 열리다, 답답함이 풀리다’라는 **자동사적 의미**로 쓰였습니다. 따라서 대응하는 능동 표현인 **‘누가 가슴을 트였다’**로 바꿀 수 없습니다.
- 자연스러운 표현은 **“탁 트인 야경에 답답했던 가슴도 트였다.”**입니다.

나머지는 다음과 같이 능동 표현으로 바꿀 수 있습니다.

- A 머리카락이 짓눌렸다 → 누군가 머리카락을 짓눌렀다.
- B 그녀가 손꼽힌다 → 사람들이 그녀를 손꼽는다.
- D 우리 팀이 휘둘렸다 → 상대편이 우리 팀을 휘둘렀다.
- E 사로잡혔다 → 무당이 사로잡았다.
- F 짓밟혔다 → 들짐승이 짓밟았다.
- G 뒤섞였다 → 직원이 서류를 뒤섞었다.
- H 붙들렸다 → 행인이 손목을 붙들었다.
- I 잡아먹혔다 → 호랑이가 고라니를 잡아먹었다.
- J 털렸다 → 침입자들이 창고를 털었다."
Syntax,Agreement,3,B,B,"정답은 **B**입니다.

- **B. 이 지역에는 늘 관광객들이 몰린다.**
  - ‘몰리다’는 형태상 피동사처럼 보이지만, 여기서는 **관광객들이 스스로 한곳에 모여드는 상태**를 나타내는 자동사적 표현입니다.
  - 따라서 자연스러운 능동 표현으로 바꾸기 어렵습니다.

다른 문장들은 다음과 같이 능동 표현으로 바꿀 수 있습니다.

- A: 업어치기가 승부를 갈랐다.
- D: 광부들이 그 화약을 널리 썼다.
- F: 세발자전거가 큰아버지를 쳤다.
- G: 폭우가 차의 때를 씻었다.
- H: 신문사가 내 인터뷰를 잡지에 실었다."
Syntax,Agreement,2,I,A,"이 문제는 **정답이 하나로 정해지지 않습니다.** 제시된 문장들은 모두 자연스러운 능동 표현으로 바꿀 수 있습니다.

- A 적의 군대가 정문을 뚫었다.
- B 누군가가 어려운 문제를 풀었다.
- C 많은 사람이 그 책을 읽었다.
- D 사냥꾼이 토끼를 쫓고 있다.
- E 낯선 사람이 내 발을 밟았다.
- F 여동생이 내 소매를 붙잡았다.
- G 모기가 내 팔을 여러 번 물었다.
- H 멋진 그림이 내 마음을 빼앗았다.
- I 누군가가 새 옷에 주름을 잡았다.
- J 거센 바람이 나무를 흔들었다.

특히 **I의 ‘주름이 잡혔다’**와 **J의 ‘나무가 흔들렸다’**는 문맥에 따라 피동 표현이라기보다 상태 변화나 자동사 표현으로 볼 수도 있지만, 각각 “주름을 잡았다”, “나무를 흔들었다”라는 능동 표현이 가능합니다.

따라서 문제의 의도가 ‘능동 표현으로 바꿀 수 없는 문장’을 묻는 것이라면 **해당하는 선택지가 없습니다.**"
Syntax,Agreement,3,A,A,"정답은 **A**입니다.

- **엿보이지 않았다**는 ‘엿보다’에 피동 표현 **-이-**가 붙은 말로, ‘반성의 기미가 보이지 않았다’라는 **피동 표현**입니다.
- 따라서 주어가 직접 행동하는 **주동 표현이 없습니다**.

반면 F의 **시해했다**, G의 **만끽했다**, I의 **강행했다**, J의 **감내했다** 등은 주어가 직접 행위를 하는 주동 표현입니다."
Syntax,Agreement,2,J,J,"정답은 **J**입니다.

- **얽매이다**는 ‘얽매다’의 피동 표현으로, 주어가 어떤 행위를 하는 것이 아니라 **어떤 상태에 매이는 것**을 나타냅니다.
- 따라서 **“옛 정에 너무 그렇게 얽매이지 마라.”**는 피동문입니다.

나머지는 주어가 동작이나 행위를 하는 주동문입니다."
Syntax,Agreement,3,G,G,"정답은 **G**입니다.

- **G: 그의 중거리 슛에 승패가 갈렸다.**
  - ‘가르다’의 피동사인 **‘갈리다’**가 쓰인 **피동문**입니다.
  - 승패가 스스로 가른 것이 아니라, 그의 슛 때문에 승패가 갈린 것이므로 주동문이 아닙니다.

나머지 문장들은 주어가 직접 행동하거나 상태를 나타내는 문장입니다."
Syntax,Agreement,3,I,I,"정답을 하나로 고르라는 의도라면 **I**가 가장 적절합니다.

- **I. 입김으로 고드름을 살살 녹였다.**
  - ‘고드름이 녹았다’가 주동 표현이라면,
  - ‘입김이 고드름을 녹였다’의 **녹였다**는 고드름이 녹도록 한 **사동 표현**입니다.

다만 엄밀히 말하면 **E. 거리에 가로등이 가득하다**도 주동·사동의 동작 표현이 아니라 상태를 나타내는 문장이므로, 문제의 표현이 모호합니다.  
따라서 **주동과 사동의 구별을 묻는 문제라면 I**, 동작 표현 자체가 없는 것을 묻는다면 **E**도 해당될 수 있습니다."
Semantics,Ambiguity,3,H,H,"가장 적절하지 않은 것은 **H**입니다.

**“나는 너보다 영화를 좋아한다.”**는 중의적입니다.

1. **나는 너보다 영화를 더 좋아한다.**  
   → 내가 영화를 좋아하는 정도가 네가 영화를 좋아하는 정도보다 크다.

2. **나는 너를 좋아하는 것보다 영화를 더 좋아한다.**  
   → 내가 너를 좋아하는 정도보다 영화를 좋아하는 정도가 크다.

따라서 H의 “중의적이지 않다”는 판단이 잘못되었습니다."
Semantics,Ambiguity,2,I,B,"정답은 **B**입니다.

- **“새들이 전부 안 날았다”**는 “모든 새가 날지 않았다”는 뜻으로 해석될 수 있지만, 문맥에 따라 **“새들이 전부 날지는 않았다”**, 즉 일부는 날고 일부는 날지 않았다는 뜻으로도 해석될 여지가 있습니다. 따라서 반드시 “날아오른 새가 전혀 없다”는 의미라고 단정하기 어렵습니다.
- 날아오른 새가 한 마리도 없음을 분명히 하려면 **G의 “하나도 날아오르지 않았다”**가 적절합니다.

따라서 적절하지 않은 설명은 **B**입니다."
Semantics,Ambiguity,3,H,H,"가장 적절하지 않은 것은 **H**입니다.

「나는 언니랑 막내를 만났다」는 원래 문장과 마찬가지로,

- 나와 언니, 막내가 함께 만났다는 뜻
- 내가 언니와 막내를 각각 따로 만났다는 뜻

으로 해석될 수 있습니다. 따라서 세 사람이 모두 만났다는 뜻을 **분명하게** 나타내려면 「나는 언니와 막내를 함께 만났다」 또는 「나와 언니와 막내 셋이 만났다」처럼 표현하는 것이 적절합니다."
Semantics,Ambiguity,3,F,F,"정답은 **F: 나는 노래하는 사람을 달리면서 보았다.**입니다.

- **나는**: 달리는 사람
- **노래하는 사람**: 내가 본 대상
- **달리면서 보았다**: 나는 달리면서 보았다

따라서 의미는 **“나는 달리는 중에 노래하는 사람을 보았다.”**로 가장 명확하게 해석됩니다.

반면 C, G, H, I는 **‘달리면서’가 누구를 수식하는지** 모호할 수 있습니다."
Semantics,Ambiguity,3,B,B,"적절하지 않은 것은 **B**입니다.

- **“깊은 수심이 드리운 얼굴”**은 ‘수심(愁心)’이 근심이나 걱정이라는 뜻으로 쓰여, 근심이 얼굴에 나타났다는 의미에서 자연스럽습니다.
- 반면 **“깊은 수심이 드리운 강”**은 자연스러운 표현이 아닙니다. 강의 깊이를 말할 때는 보통 **“수심이 깊은 강”**이라고 합니다.

따라서 ‘강’보다 ‘얼굴’을 수식하는 것이 자연스럽다는 설명이므로 B는 부적절합니다."
Pragmatics,Social Relationship Marking,1,G,G,"정답은 **G**입니다.

- 갑: 교실에서 시끄럽게 하는 학생들에게 주의를 줌.
- 을: “쉬는 시간인데 왜 시비야?”라고 반박함.

두 화자 모두 교실의 학생으로 볼 수 있으므로 **학생-학생 관계**가 가장 적절합니다.  
반면 C와 D는 교사-학생, E와 I는 교사 또는 학부모 간의 대화로 보는 것이 자연스럽습니다."
Semantics,Rhetorical Expressions,1,F,F,"정답은 **F**입니다.

**‘담금질되다’**는 시련이나 훈련을 반복해서 겪으며 단련된다는 뜻인데, 기차를 오래 탄 것이 배멀미에 대한 단련으로 이어지지는 않습니다. 따라서 지문의 상황과 가장 어울리지 않습니다.  
반면 다른 선택지들은 멀미로 인한 자신감 상실, 당황스러움, 창백한 안색 등을 비유적으로 표현한 것입니다."
Semantics,Rhetorical Expressions,1,A,A,"정답은 **A: 햇병아리**입니다.

**햇병아리**는 사회생활이나 어떤 일을 막 시작하여 경험과 지식이 부족한 사람을 비유적으로 이르는 말입니다."
Phonetics/Phonology,Phonological Alternation,3,I,I,"정답은 **I: 월요일**입니다.

- **월요일**: [워료일]  
  → **ㄴ이 첨가되지 않음**  
  → *[월뇨일]*로 발음하지 않습니다.

다른 예들은 ㄴ 첨가가 일어납니다.

- 서른여섯 [서른녀섣]
- 막일 [망닐]
- 꽃잎 [꼰닙]
- 맨입 [맨닙]
- 색연필 [생년필]
- 한여름 [한녀름]
- 늑막염 [능망념]
- 식용유 [시굥뉴]
- 물약 [물략]"
Phonetics/Phonology,Phonological Alternation,2,B,B,"정답은 **B. 등용문**입니다.

- **등용문**은 표준 발음에서 ㄴ 첨가가 일어나지 않아 **[등용문]**으로 발음합니다.
- 나머지는 ㄴ 첨가가 일어납니다.  
  - 할 일 → [할릴]  
  - 색연필 → [생년필]  
  - 꽃잎 → [꼰닙]  
  - 막일 → [망닐]  
  - 서른여섯 → [서른녀섣]  
  - 늑막염 → [능망념]  
  - 식용유 → [싱뇽뉴]  
  - 한여름 → [한녀름]  
  - 학여울 → [항녀울]"
Phonetics/Phonology,Phonological Alternation,3,J,J,"정답은 **J: 뱃길**입니다.

<보기>의 **담요 [담뇨]**는 뒤 음절의 첫소리가 ‘이, 야, 여, 요, 유’ 계열일 때 **ㄴ이 첨가되는 현상**입니다.

- 꽃잎 → [꼰닙]
- 늑막염 → [능망념]
- 서른여섯 → [서른녀섣]
- 색연필 → [생년필]
- 학여울 → [항녀울]
- 한여름 → [한녀름]
- 식용유 → [시굥뉴]
- 막일 → [망닐]
- 할 일 → [할릴]  
  (ㄴ 첨가 후 유음화)

반면 **뱃길**은 **[배낄]**로 발음되며, 사이시옷으로 인해 뒤의 ‘ㄱ’이 된소리로 바뀌는 현상이 나타날 뿐 **ㄴ 첨가가 일어나지 않습니다.**"
Phonetics/Phonology,Phonological Alternation,3,E,J,"정답은 **J: 할 일**입니다.

- **솜이불 → [솜니불]**: ‘ㄴ’ 첨가 현상
- **할 일 → [할릴]**: ‘ㄴ’이 첨가되지 않고, 앞말의 받침 ‘ㄹ’이 뒤 음절의 초성으로 이어지는 **연음**이 일어납니다.

참고로 **나룻배 → [나룯빼]**는 사이시옷에 따른 된소리되기 현상이지만, 넓은 의미의 사잇소리 현상에 해당합니다."
Syntax,Argument Structure & Valency,1,G,G,"정답은 **G**입니다.

- **진행하다**는 타동사이므로 능동문에서는  
  **학생들은 한옥 만들기 프로젝트를 진행했다**처럼 ‘학생들(주어)–프로젝트(목적어)’ 구조를 이룹니다.
- 이를 피동으로 바꾸면  
  **한옥 만들기 프로젝트가 학생들에 의해 진행됐다**가 되어야 합니다.
- 그런데 G의 **“동아리 선생님과 한옥 만들기 프로젝트가 진행되고”**는 문장 구조상 ‘동아리 선생님’과 ‘프로젝트’가 함께 주어인 것처럼 해석될 수 있어 논항 구조가 부적절합니다. 또한 피동문의 행위 주체인 학생들도 드러나지 않습니다.

따라서 적절한 피동 표현은 예를 들어 다음과 같습니다.

> **한옥 만들기 프로젝트가 학생들과 동아리 선생님에 의해 진행되고, 그 결과가 학교 입구에 전시됐다.**

※ 다만 G의 ‘동아리 선생님과’를 ‘동아리 선생님과 함께’라는 부사어로 억지로 해석하면 문맥상 이해할 수 있지만, 제시된 선택지 중 논항 구조상 부적절한 것은 G입니다."
Syntax,Embedded Clauses,3,G,G,"정답은 **G**입니다.

- 대부분의 안긴 문장은 주어와 목적어·보어를 필요로 하는 **두 자리 서술어**를 포함합니다.  
  예:  
  - A: 학생들이 / 수업 자료를 가져오다  
  - B: 민수가 / 시험을 통과하다  
  - E: 어른이 / 아니다  
  - J: 민수가 / 숙제를 제출하다

- G에는 **‘비가 온다’**라는 한 자리 서술어를 가진 안긴 문장이 포함되어 있습니다.  
  - **비가 오다**: 주어 ‘비가’만 필요하므로 한 자리 서술어

따라서 한 자리 서술어를 가진 안긴 문장이 포함된 것은 **G**입니다."
Syntax,Ellipsis,3,A,G,"정답은 **G: 함께**입니다.

- 원문: **과자와 빵을 초코 우유와 함께 유나에게 주었다.**
- ‘함께’를 생략하면: **과자와 빵을 초코 우유와 유나에게 주었다.**

이 경우 ‘초코 우유와’와 ‘유나에게’의 문법적 관계가 맞지 않아 문장이 비문이 됩니다.  
반면 ‘불구하고’를 생략한 **“배고팠음에도 오늘 민수는…”**은 문법적으로 성립합니다."
Syntax,Embedded Clauses,2,F,A,"정답은 **A**입니다.

- **A: “말씀드리기 좀 그렇긴 한데”**
  - **[말씀드리기]**: ‘말씀드리다’에 명사형 어미 **-기**가 붙어 명사절이 된 안긴 문장
  - 전체 문장에서 ‘그렇다’의 대상 또는 주어 역할을 합니다.

참고로 다른 문장들은 주로 다음과 같습니다.

- **D, E, G, J**: 관형절
- **C**: 부사절
- **F, H**: 인용절
- **I**: 부사절

따라서 답은 **A**입니다."
Semantics,Numeral Classifiers,2,D,D,"정답은 **D**입니다.

- **A** 메추리알 → **알**: “알맹이”에 포함
- **B** 개월수 → **달**: “달나라”에 포함
- **C** 회 → **점**: “점박이”에 포함
- **E** 온도 → **도**: “도무지”에 포함
- **F** 소설 → **편**: “불편해”에 포함
- **G** 금 → **돈**: “돈까스”에 포함
- **H** 집 → **동**: “동메달”에 포함
- **I** 옷 → **벌**: “벌꿀”에 포함
- **J** 책 → **권**: “권선징악”에 포함

반면 **독수리**를 세는 분류사는 **마리**인데, “어제 가지나물을 먹었다.”에는 **마리**에 해당하는 음절이 없습니다."
Semantics,Numeral Classifiers,3,G,J,"정답은 **J**입니다.

- **필(匹)**은 주로 **말, 소 등의 큰 가축**을 세는 분류사입니다.  
  - 예: **말 한 필**
- 그런데 뒤의 말은 “요즘 **애들이 식사를 잘 안 해서요**”로, 앞의 **필**과 의미적으로 연결되지 않습니다.

따라서 “한 필 정도면 괜찮을 듯합니다”에 대한 적절한 응답은 예를 들어 “말을 잘 고르셨군요”처럼 말이나 가축과 관련된 내용이어야 합니다."
Pragmatics,Speech Acts,3,A,I,"정답은 **I: “이리로 쭉 들어가시면 되겠습니다.”**입니다.

“철수는 학교에 갔어.”는 어떤 사실을 전달하는 **진술**입니다. I 역시 상대방에게 길이나 행동 방법을 안내하는 내용으로, 제시된 보기 중 **진술 유형에 가장 가깝습니다.**  
다만 상황에 따라서는 간접적인 **명령·요청**으로도 해석될 수 있습니다."
Pragmatics,Implicature,1,C,C,"정답은 **C: 나는 친구에게 그 얘기를 앞으로도 하지 않을 것이다.**

서술자는 친구를 닮은 캐릭터가 자동차 캐릭터라서 친구가 좋아하지 않을 것이라고 생각했고, 그 말을 **“마음속에만 묻어 뒀다”**고 했습니다. 따라서 친구에게 그 이야기를 하지 않겠다는 생각이 가장 적절합니다."
Semantics,Inter-sentence Relations,3,H,G,"정답은 **G**입니다.

- 앞 문장: **어제 먹었던 딸기 쿠키가 맛이 없다.**
- 뒤 문장: **어제 먹었던 쿠키가 맛이 없다.**

‘딸기 쿠키’는 ‘쿠키’에 포함되므로, 앞 문장이 참이면 뒤 문장도 반드시 참입니다."
Semantics,Rhetorical Expressions,3,J,F,"적절하지 않은 표현은 **F: 눈 뜨고는 못 보듯**입니다.

- **눈 뜨고는 못 보다**는 ‘차마 볼 수 없다’는 뜻으로, 일을 열심히 한다는 의미와 어울리지 않습니다.
- 예: *그 광경은 눈 뜨고는 못 볼 정도였다.*

다만 **J: 땅이 꺼지게**도 보통 *“땅이 꺼지게 한숨을 쉬다”*처럼 쓰이므로, 엄밀히 말하면 *“땅이 꺼지게 일을 하다”* 역시 자연스럽지 않습니다. 따라서 단일 정답을 요구한다면 문항에 다소 문제가 있으며, 출제 의도상 정답은 **F**로 보입니다."
Semantics,Conjunctions,2,J,J,"정답은 **J**입니다.

- 앞 문장: **오늘 학교에서 늦게 끝났다.**
- 뒤 문장: **어제 숙제를 안 해 갔다.**

‘오늘 늦게 끝난 것’이 ‘어제 숙제를 안 해 간 것’의 원인이 될 수는 없습니다. 시간상 원인과 결과의 순서가 뒤바뀌었기 때문입니다."
Semantics,Word Relationships,3,E,D,"정답은 **D**입니다.

- **[손가락:손]**은 ‘부분과 전체’의 관계입니다.
- **골수**와 **허리**는 모두 신체의 일부이지만, 골수가 허리의 일부이거나 허리가 골수의 전체인 관계는 아닙니다. 즉, 서로 **동위적인 신체 부위**에 가깝습니다.

따라서 의미관계가 다른 것은 **D**입니다."
Semantics,Rhetorical Expressions,1,F,F,"정답은 **F**입니다.

> **언제든 발을 빼려고 했던 것 역시** 그이기에 …

‘언제든 발을 빼려고 했다’는 임무에서 빠지려 했다는 뜻이므로, 그가 이번 임무의 성공에 결정적으로 기여했다는 뒤의 내용과 의미상 맞지 않습니다.  

반면 나머지는 모두 그가 큰 희생과 노력을 기울였다는 의미로 해석할 수 있습니다."
Semantics,Rhetorical Expressions,1,D,D,"정답은 **D**입니다.

비밀 계좌로 일시적인 이득을 보았지만, 결국 회사에 돌이킬 수 없는 손실을 입히고 체포되었으므로 **전화위복**이라고 할 수 없습니다. 전화위복은 화가 바뀌어 복이 되는 상황을 뜻합니다."
Semantics,Rhetorical Expressions,3,G,G,"적절하지 않은 것은 **G**입니다.

“소리에 놀라지 않는 사자와 같이”는 사자의 용맹함과 두려움 없는 태도를 빌려 **두려움 없이 나아가는 자세를 강조한 직유 표현**입니다. 실제로 모든 사자가 어떤 큰 소리에도 놀라지 않는다는 뜻이 아니며, 이를 반어법이라고 보기도 어렵습니다.

따라서 정답은 **G**입니다."
Semantics,Rhetorical Expressions,1,C,C,"정답은 **C**입니다.

지문은 **깨진 유리창 효과**처럼 작은 무질서나 관리 부족이 방치되면 더 큰 오염과 무질서로 이어진다는 상황을 설명합니다.  

반면 **“미운 놈에게 떡 하나 더 준다”**는 미운 사람에게 오히려 잘해 주거나 달래는 상황을 뜻하므로, 화장실의 관리 상태와 오염 확산을 설명하는 데 적절하지 않습니다."
Syntax,Embedded Clauses,1,C,C,"정답은 **C**입니다.

- **C: 사실 [내가 토마토를 다 먹었음]을 털어놓았다.**
  - ‘내가 토마토를 다 먹었음’은 **명사절**입니다.
  - 조사 **‘을’**이 붙어 동사 ‘털어놓았다’의 **목적어** 역할을 합니다.

참고로 다른 문장들의 안긴 문장은 주로 관형어, 부사어, 주어, 서술어 등의 역할을 합니다."
Semantics,Rhetorical Expressions,3,B,D,"정답은 **D**입니다.

지문에서 소비자들은 명품 소비를 줄이고 **실리적인 구매**, 즉 가격 대비 성능을 중시하는 **가성비** 소비를 선호하기 시작했습니다.  
반면 **가심비**는 가격 대비 심리적 만족이나 감성적 가치를 중시하는 소비를 뜻하므로 지문의 상황과는 맞지 않습니다."
Syntax,Embedded Clauses,1,C,C,"정답은 **C**입니다.

- **C: 아네모네가 쌍떡잎식물인지가 머릿속에서 불분명하다.**
  - 안긴 문장: **아네모네가 쌍떡잎식물인지**
  - 주어: **아네모네가 쌍떡잎식물인지가**
  - 서술어: **불분명하다**

즉, ‘아네모네가 쌍떡잎식물인지’라는 안긴 문장이 전체 문장에서 **주어** 역할을 합니다.

다른 예로 B의 ‘당신이 소개팅에 처음 나가는 것임’은 ‘망각했어요’의 목적어이고, A의 ‘언제쯤 … 부닥쳤는지’는 ‘규명해야 한다’의 목적어입니다."
Syntax,Embedded Clauses,2,F,F,"정답은 **F**입니다.

- **F: 밤사이 [보조금을 신청하기]가 빠듯해졌다.**
  - ‘보조금을 신청하기’는 동사 ‘신청하다’를 명사형으로 만든 **명사절**입니다.
  - 이 명사절에 주격 조사 **-가**가 붙어 ‘빠듯해졌다’의 **주어** 역할을 합니다.

다른 예는 다음과 같습니다.

- A: ‘배를 움켜잡기에’ — 부사절
- B: ‘불고기버섯전골이 특히 맛있다’ — 서술절
- C, D, E: 관형절
- G, I: 목적절
- J: 부사절

따라서 **F**입니다."
Pragmatics,Implicature,3,D,D,"정답은 **D**입니다.

- 갑: “아침은 먹었어?”
- 을: “입으로 들어가는지 코로 들어가는지 모르겠더라.”

을은 아침을 먹기는 먹었지만 매우 급하게 먹었다는 뜻이므로, 질문에 대해 **긍정적으로 대답**하고 있습니다."
Pragmatics,Implicature,3,C,G,"정답은 **G**입니다.

- 갑: “동생 분도 공부를 잘 하나요?”
- 을: “아, 갑자기 목이 타네.”

을의 대답은 질문의 내용과 직접적인 관련이 없어, 동생이 공부를 잘하는지 못하는지 **긍정·부정을 판단할 수 없습니다**.

반면 다른 예들은 “할 일이 많다”, “시험이 있다”, “착하다” 등의 표현을 통해 질문에 대한 부정적 답변이나 우회적인 긍정·부정을 추론할 수 있습니다."
Pragmatics,Deixis & Reference,3,C,B,"이 지문만으로는 **하나의 선택지만 ‘알 수 없음’이라고 할 수 없습니다.** 적어도 다음 항목들은 참·거짓을 확정할 수 없습니다.

- **B**: 옥수수가 부엌에 있는지 다용도실에 있는지 확정되지 않음  
  - 부엌에 있으면 부엌의 종류 수가 더 많고,
  - 다용도실에 있으면 반대가 됨.
- **C**: 화분이 마당에 있다는 사실만으로 을이 화분을 마당에 두었다고 할 수 없음.
- **H**: 동생이 다용도실을 떠났는지, 을이 다용도실에 왔는지 모두 언급되지 않음.
- **I**: 갑의 현재 위치가 창고라는 정보가 없음.
- **J**: ‘거기(1)’의 장소와 ‘거기(5)’의 장소가 같은지 다른지 확정할 수 없음.

일반적인 지시어 해석을 따르면 나머지는 다음과 같습니다.

- **A 거짓**: 창고에 있다고 명시된 식물 종류는 가지 한 종류뿐임.
- **D 거짓**: 창고를 가리키는 ‘거기’는 보통 ‘거기(3)’ 하나로 봄.
- **E 거짓**: 시금치는 다용도실에서 현관으로 옮겨진 것이 아니라, 갑의 말에 따르면 마당에서 현관으로 옮겨짐.
- **F 참**: 옥수수가 부엌에 있다면, 언급된 각 장소에는 최대 한 종류의 식물만 있게 됨.
- **G 거짓**: ‘거기(2)’는 마당, ‘거기(4)’는 다용도실을 가리킴.

따라서 문제를 단일 정답형으로 의도했다면 조건이 부족하며, **알 수 없는 항목은 최소 B, C, H, I, J**입니다."
Phonetics/Phonology,Phonological Alternation,3,C,C,"정답은 **C. 공권력**입니다.

- **공권력**: **[공꿘녁]** → 유음화가 일어나지 않고, ㄹ이 ㄴ으로 발음됩니다.
- 나머지는 ㄴ과 ㄹ이 만나 ㄹㄹ로 발음되는 유음화가 나타납니다.  
  예:  
  - 신라 → [실라]  
  - 난로 → [날로]  
  - 권력 → [궐력]  
  - 칼날 → [칼랄]"
Phonetics/Phonology,Phonological Alternation,2,A,A,"유음화가 일어나는 것은 **A와 G**입니다.

- **A. 달님 → [달림]**: ㄹ + ㄴ → ㄹㄹ
- **G. 대관령 → [대괄령]**: ㄴ + ㄹ → ㄹㄹ

따라서 정답은 **A, G**입니다."
Pragmatics,Implicature,3,B,J,"정답은 **J: 을은 평소 타인과 모임을 잘 갖지 않는다.**입니다.

대화에서 을이 주말에 **친구와 저녁 약속**이 있다는 사실은 알 수 있지만, 평소 타인과 모임을 잘 갖지 않는다는 점은 추론할 수 없습니다.

- **B, D**: 갑은 을의 주말 일정인 ‘약속’의 구체적인 내용을 묻고 있습니다.
- **C, E, F**: 을은 “친구”, “그냥 친구”처럼 구체적이지 않은 답을 하며 자세한 내용을 밝히려 하지 않습니다.
- **G**: “주말에 약속 있어.”는 영화 보러 가자는 제안에 대한 간접적인 거절입니다.
- **H**: “네가 약속은 무슨 약속이야?”에는 을이 약속이 있다는 사실을 의외로 여기는 태도가 드러납니다.
- **I**: “너 말 참 예쁘게 한다?”는 갑의 말에 대한 불쾌감을 반어적으로 나타냅니다.

따라서 **A(정답 없음)**이 아니라 **J**가 가장 적절하지 않습니다."
Syntax,Ellipsis,2,B,B,"정답은 **B**입니다.

- **개인적 + 인 → 개인적인** 자체는 가능한 형태입니다.
- 그러나 제시된 어순인 **“개인적인 올해 특히 사정”**은 자연스럽지 않습니다.  
  → **“개인적인 사정에 의해서 올해 특히 참여 불가능”** 또는  
  → **“올해 특히 개인적인 사정에 의해서 참여 불가능”**처럼 써야 합니다.

다른 예들은 생략체·기사 제목체를 고려하면 조사가 들어갈 수 있습니다. 다만 A는 표준적으로 **“너가”보다는 “네가”**가 맞습니다."
Syntax,Agreement,3,F,B,"정답으로 가장 적절한 것은 **B**입니다.

- **B: 왜냐하면 우리는 선생님이 알려준 말을 배우면서 자란다.**  
  → 문장 자체에 특별한 호응 오류가 없습니다. 다만 실제 글에서는 앞 문장에 원인이나 이유를 나타내는 내용이 있어야 **‘왜냐하면’**이 자연스럽게 호응합니다.

다른 선택지의 문제점은 다음과 같습니다.

- **A**: ‘여간’은 ‘어렵다’와 결합할 수 있습니다. 다만 보통 부정 표현과 함께 써서 **“여간 어려운 일이 아니다”**라고 해야 합니다.
- **C**: ‘설령’은 문장 맨 앞에만 오는 것이 아닙니다. **‘설령 …라도/더라도’**의 형태가 필요합니다.  
  → “그것이 설령 사실이라도 우리는 멈추지 않는다.”
- **D**: ‘절대로’는 일반적으로 부정 표현과 호응합니다.  
  → “절대로 도리를 따르지 말아야 한다.” / “반드시 도리를 따라야 한다.”
- **E**: ‘바래다주다’는 배웅한다는 뜻이므로, 집까지 데려갔다는 의미라면 **‘데려다주었다’**가 적절합니다.
- **F**: ‘모름지기’는 ‘마땅히’라는 뜻이므로 보통 **‘-어야 한다’**와 호응합니다.  
  → “그는 모름지기 제대로 된 식사를 해야 한다.”
- **G**: ‘애완’은 일반적으로 동물에 쓰므로 **‘반려 식물’**이 자연스럽습니다.
- **H**: ‘비단’은 **‘비단 A뿐만 아니라 B도’**의 구성으로 써야 합니다. 제시된 설명처럼 ‘-임에도 불구하고’와 관련된 말은 아닙니다.
- **I**: ‘결코’는 보통 부정 표현과 호응합니다.  
  → “나는 결코 말하지 않을 것이다.”
- **J**: ‘별로’도 보통 부정 표현과 호응합니다.  
  → “별로 결과에 영향을 미치지 않는다.”

따라서 단일 정답을 고르면 **B**입니다."
Phonetics/Phonology,Phonological Alternation,3,I,I,"옳지 않은 선지는 **I**입니다.

- **보였다**: `보이- + -었다` → `보여 + 다`  
  어간의 모음 **ㅣ**와 어미의 모음 **ㅓ**가 결합하여 **ㅕ**로 축약된 것이므로, **어간과 어미에서 함께 모음 축약**이 나타납니다. 따라서 ‘어미에서만’이라는 설명은 틀렸습니다.

나머지는 적절합니다.

- **좋다며, 먹히다, 법학, 숱하게, 옷 한 벌**: 자음 축약
- **띄게, 씌다**: 어간에서만 모음 축약
- **나눴다**: 어간과 어미의 모음 축약
- **입으셨다**: 어미에서만 모음 축약

따라서 정답은 **I**입니다."
Morphology,Word Formation,3,G,D,"정답은 **D: 본받다 - 비통사적 합성어**입니다.

- **본받다**: 명사 ‘본’과 동사 ‘받다’가 결합한 말로, 일반적인 문장 구성처럼 조사 없이 결합했으므로 **비통사적 합성어**입니다.

다른 예들의 분류는 다음과 같이 볼 수 있습니다.

- **굳세다, 검붉다**: 용언의 어간끼리 직접 결합 → 비통사적
- **건널목, 종이호랑이, 새해**: 통사적 결합 방식 → 통사적
- **늦더위**: ‘늦은 더위’에서 관형사형 어미가 생략된 형태 → 비통사적

따라서 적절한 대응은 **D**입니다."
Morphology,Word Formation,2,F,F,"정답은 **F: 돌다리 - 대등 합성어**입니다.

- **돌다리**는 ‘돌로 만든 다리’라는 뜻으로, **‘돌’이 ‘다리’를 수식**합니다.
- 따라서 두 말이 대등하게 결합한 것이 아니라 **종속 합성어**입니다.

즉, 올바른 분류는 **돌다리 - 종속 합성어**입니다."
Morphology,Verbal Conjugation,3,D,D,"올바른 것은 **D, G**입니다.

- **D: 있다 → 있을는지**  
  ‘-(으)ㄹ는지’가 붙은 형태로 올바릅니다.  
  *(예: 그 사람이 올는지 모르겠다.)*

- **G: 추스르다 → 추스르고**  
  ‘-고’ 앞에서는 ‘르’ 불규칙 활용이 일어나지 않습니다.

나머지는 다음과 같이 고쳐야 합니다.

- A: 떼려야
- B: 갑작스러운
- C: 서툴러서
- E: 담가
- F: 퍼레
- H: 커다랬습니다
- I: 걸맞은
- J: 하려면

따라서 복수 정답으로는 **D, G**입니다."
Morphology,Verbal Conjugation,3,J,G,"활용할 때 형태가 달라지는 용언은 다음과 같습니다.

- **아니하다** → 아니하여/아니해
- **공부하다** → 공부하여/공부해
- **추스르다** → 추슬러
- **누렇다** → 누레
- **더럽다** → 더러워
- **시커멓다** → 시커매

반면 **빻다, 달다, 좋다**는 일반적인 규칙 활용을 합니다.

따라서 변화하는 용언은 **6개**이므로 정답은 **G: 6개**입니다."
Phonetics/Phonology,Articulatory Phonetics,3,J,B,"모음으로 시작하는 어절인 **‘위의’, ‘의’**는 제외합니다.

각 어절의 첫 자음을 보면:

- **무기음 자음**: 가영이는(ㄱ), 버스를(ㅂ), 극장에(ㄱ), 갔다(ㄱ), 벼랑(ㅂ), 재개봉(ㅈ), 소식(ㅅ)
- **무기음이 아닌 자음**:
  - 친구들과(ㅊ: 거센소리)
  - 타고(ㅌ: 거센소리)
  - 포뇨(ㅍ: 거센소리)
  - 때문이다(ㄸ: 된소리)

따라서 총 개수는 **4개**이므로 정답은 **B**입니다."
Phonetics/Phonology,Articulatory Phonetics,3,H,H,"지속음에 해당하는 초성 자음은 **ㅅ, ㅎ, ㄹ**입니다.

지문에서 해당하는 어절은 다음과 같습니다.

- **ㅅ**: 사막에, 스카프를, 사진을 → 3개
- **ㅎ**: 힘들었다, 함께, 하얀 → 3개
- **ㄹ**: 해당 없음

따라서 총 개수는 **3+3=6개**이므로 정답은 **H: 6**입니다."
Phonetics/Phonology,Articulatory Phonetics,3,F,F,"정답은 **F: ㅊ**입니다.

- **ㅊ**: 파찰음이며 **유기음**(기식음)
- **ㅈ, ㅉ**: 파찰음이지만 무기음에 해당

따라서 **무기음이 아니면서(유기음이면서) 파찰음인 것은 ㅊ**입니다."
Syntax,Embedded Clauses,1,G,G,"정답은 **G**입니다.

- **G: 앞으로 마감 기한이 연장되는 것은 부당하다.**
  - 안긴 문장: **마감 기한이 연장되는 것**
  - 역할: **주어**
  - 전체 구조: **[마감 기한이 연장되는 것은] 부당하다.**

참고로,

- C, E: 명사절이 각각 **목적어**
- D, F, I: 관형절이 뒤의 명사를 **수식**
- A: 부사절
- B: 서술절
- H, J: 안긴 문장이 없음

따라서 정답은 **G**입니다."
Syntax,Embedded Clauses,1,G,G,"정답은 **G**입니다.

- **G: 이 중학생이 테스트를 제시간에 마쳤는지가 의심스럽다.**
  - 안긴 문장: **이 중학생이 테스트를 제시간에 마쳤는지**
  - 전체 문장에서 **‘의심스럽다’의 주어** 역할을 합니다.
  - ‘-는지’가 붙어 명사절이 되고, 뒤에 주격 조사 **‘가’**가 붙었습니다.

참고로 다른 예들은 다음과 같습니다.

- A: 안긴 문장 → 목적어
- B, C, H: 관형어
- D, E: 부사어
- F, I: 서술어 역할의 서술절
- J: 목적어

따라서 정답은 **G**입니다."
Syntax,Embedded Clauses,1,C,C,"정답은 **C**입니다.

- **C: 꽃을 잘 키우기란 까다롭다.**
  - 안긴 문장: **꽃을 잘 키우기**
  - 문장 성분: **주어**
  - ‘꽃을 잘 키우는 것’이라는 명사절이 ‘까다롭다’의 주어 역할을 합니다.

다른 예들은 다음과 같습니다.

- A, E, I: 관형절
- B, J: 서술절
- D, H: 부사절
- F, G: 명사절이 각각 목적어 역할

따라서 정답은 **C**입니다."
Pragmatics,Implicature,1,C,C,"정답은 **C**입니다.

- 갑의 “우리는 저런 데 언제쯤 가 보나?”는 방송에 나온 곳에 **언젠가 방문하고 싶다는 바람**을 나타냅니다.
- 을의 “다 텔레비전으로 보니까 예쁜 거야.”에서 ‘다’는 ‘전적으로/오직’이라는 뜻으로, **텔레비전으로 보니까 실제보다 예쁘게 보인다**는 의미입니다.

따라서 A, B, G, J 등은 을의 발화에서 직접 확인할 수 없고, I처럼 예정된 여행 일시를 묻는 말로 보기도 어렵습니다."
Syntax,Embedded Clauses,2,J,J,"정답은 **J: 야구공을 잘 던지시던 <할아버지>**입니다.

- 안긴 문장: **할아버지가 야구공을 잘 던지시던**
- 여기서 **할아버지**는 ‘던지다’의 동작을 하는 주체이므로 **주어**입니다.
- ‘야구공을’은 목적어입니다.

다른 예들은 꺾쇠 안의 말이 대체로 목적어, 보어 또는 부사어 역할을 합니다."
Syntax,Argument Structure & Valency,2,H,H,"정답은 **H: 퍼레이드의 병사들이 죽 전진한다.**입니다.

- **뒤집어지다**: 주어만 요구하는 **한 자리 서술어**  
  - 놀이공원의 벤치가 뒤집어져 있었다.
- **전진하다**: 주어만 요구하는 **한 자리 서술어**  
  - 퍼레이드의 병사들이 전진한다.

다른 예들은 목적어, 대상, 방향 등을 함께 요구하는 두 자리 또는 세 자리 서술어입니다."
Syntax,Argument Structure & Valency,3,I,C,"‘쏟아졌다’는 주어인 **‘땀이’**만을 필수 성분으로 요구하는 **한 자리 서술어**입니다.

- **C. 법이 바뀐다고 하더라.**  
  → ‘법이’만 필수 성분인 한 자리 서술어
- **I. 엉엉 울고 말았다.**  
  → 주어가 생략되었을 뿐, ‘울다’도 한 자리 서술어

따라서 정답은 **C, I**입니다.

다만 문제에서 정답을 하나만 요구한다면 문항에 문제가 있습니다. ‘출동하다’도 문맥에 따라 한 자리로 볼 수 있지만, 보통 **‘소방관들이 건물로 출동했다’**에서는 ‘건물로’를 목적지로 요구하는 두 자리 서술어로 분석합니다."
Syntax,Argument Structure & Valency,3,E,H,"정답은 **H**입니다.

- **닮다**는 비교 대상이 필수적으로 요구되는 서술어입니다.  
  → 견우는 **어머니와** 닮았다.

여기서 **‘어머니와’**는 단순한 수식어가 아니라, ‘닮다’의 대상을 나타내는 **필수적 부사어**입니다.

다른 예들은 장소·시간·원인 등을 나타내는 선택적 부사어입니다.

※ E의 **‘최종 수상자로’**는 ‘발탁되었다’의 결과나 자격을 덧붙이는 말로 볼 수 있어 필수적 부사어로 보지 않습니다."
Syntax,Argument Structure & Valency,1,H,H,"정답은 **H: 영희가 학교에서 집으로 천천히 걸었다.**입니다.

‘걸었다’는 주어인 **영희가 직접 행하는 행위**를 나타내는 동사입니다.  
반면 다른 문장들은 주어가 상태를 겪거나 변화·존재를 나타냅니다."
Phonetics/Phonology,Phonological Constraints,3,E,E,"정답은 **E: 오순도순**입니다.

보기의 예시들은 대체로 한 단어 안에서 모음의 성격이 일치합니다.

- **양성 모음**: ㅏ, ㅗ  
  - 아장아장, 홀짝홀짝
- **음성 모음**: ㅓ, ㅜ, ㅡ  
  - 엉금엉금, 훌쩍훌쩍

그런데 **오순도순**은

- 오: ㅗ → 양성 모음
- 순: ㅜ → 음성 모음

처럼 양성 모음과 음성 모음이 섞여 있어 모음조화 규칙을 어깁니다."
Phonetics/Phonology,Phonological Constraints,3,I,I,"정답은 **I: 뚝딱뚝딱**입니다.

<보기>의 단어들은 대체로 모음의 **양성·음성 조화**를 보입니다.

- 양성 모음: ㅏ, ㅗ → 아장, 홀짝, 모락, 살랑 등
- 음성 모음: ㅓ, ㅜ → 엉금, 훌쩍, 무럭, 버럭 등

그런데 **뚝딱**은

- 뚝: ㅜ(음성)
- 딱: ㅏ(양성)

으로 음성 모음과 양성 모음이 섞여 있어 이 규칙을 따르지 않습니다."
Semantics,Semantic Compatibility,1,C,C,"정답은 **C**입니다.

**C: 주머니에서 동전 하나가 빠져나와 하수구로 쏙 들어가버렸다.**

동전이 주머니에서 빠져나와 하수구로 들어가는 상황을 자연스럽게 표현한 문장입니다.  
다른 문장들은 돌·농구공·안마기·상자·책·가로수·식탁·기둥·의자 등이 사람처럼 행동하는 의인화가 지나치거나 어색합니다."
Syntax,Embedded Clauses,3,J,C,"엄밀히 보면 **C와 J 모두 안은문장이 아닙니다.**

- **C. 저 가게에는 간판이 없다.**  
  → 주어와 서술어로만 이루어진 홑문장

- **J. 그는 더 이상 판사가 아니다.**  
  → ‘판사가 아니다’는 문장 속에 다른 문장이 안긴 것이 아니라, 전체 문장의 서술어이므로 홑문장

나머지는 다음과 같이 안긴문장을 포함합니다.

- A: 부사절 ― *발바닥에 불이 나도록*
- B: 부사절 ― *손이 시리게*
- D, E, F: 관형절
- G: 서술절 ― *성격이 밝다*
- H, I: 명사절

따라서 문제가 단일 정답을 요구한다면 **출제 오류**이며, 정답은 **C, J**입니다."
Semantics,Numeral Classifiers,3,D,D,"적절하지 않은 것은 **D: 장미 한 그루**입니다.

- **그루**는 주로 나무를 세는 단위입니다.
- 장미꽃은 보통 **한 송이**, 장미 식물은 **한 포기**라고 합니다.

따라서 **“장미 한 송이”** 또는 **“장미 한 포기”**가 적절합니다."
Syntax,Scrambling,3,H,E,"정문은 **1, 2, 3, 8, 9번**으로 볼 수 있으므로 모두 **5개**입니다.

- **1, 2**: 기본적인 문장 구조  
- **3, 8, 9**: 목적어인 ‘영희를’이 이동한 도치·스크램블링 구조로 문법적으로 가능

반면 4, 5, 6, 7은 문장 성분의 결합이나 어순이 자연스럽지 않고, 10은 구어적 후치 표현으로는 가능할 수 있지만 일반적인 정문으로는 보지 않습니다.

따라서 정답은 **E: 5개**입니다."
Syntax,Scrambling,2,B,B,"정답은 **(5) — B 또는 E**입니다.

문장에 넣으면:

> 철수는 어제 수업이 끝나고 **황량한 공원에서** 민수와 열심히 책을 읽었다.

‘황량한’은 ‘공원’을 수식하므로 (5) 앞에 오는 것이 가장 자연스럽습니다. **B와 E가 모두 (5)로 중복 제시되어 있어 하나로 특정할 수 없습니다.**"
Phonetics/Phonology,Articulatory Phonetics,3,B,B,"정답은 **B 한, G 문, J 날**입니다.

- **한**: 초성 **ㅎ** — 마찰음(지속음)
- **문**: 초성 **ㅁ** — 비음(지속음)
- **날**: 초성 **ㄴ** — 비음(지속음)

반면 **ㅂ, ㄱ, ㄷ, ㅈ, ㅍ, ㅊ** 등은 폐쇄나 파찰이 일어나는 소리이며, **얼**의 초성 ㅇ은 음가가 없습니다."
Phonetics/Phonology,Articulatory Phonetics,3,A,H,"정답은 **H: 학**입니다.

초성 **ㅎ**은 목구멍에서 나는 소리인 **후음(喉音)**에 해당합니다.  
※ 문제의 ‘향음’은 일반적으로 **후음**을 뜻하는 것으로 보입니다."
Phonetics/Phonology,Articulatory Phonetics,3,J,B,"지속음인 자음은 **B ㄴ, D ㅁ, E ㅇ, J ㅅ**입니다.

- **ㄴ, ㅁ, ㅇ**: 비음으로 공기가 계속 흐름
- **ㅅ**: 마찰음으로 마찰이 지속됨

따라서 정답은 **B, D, E, J**입니다."
Phonetics/Phonology,Phonological Constraints,3,D,D,"정답은 **D: ‘연구’**입니다.

- **연구(硏究)**의 첫 음절 ‘연’은 원래부터 ‘연’으로 발음되므로 두음법칙이 적용되지 않습니다.
- 나머지는 두음법칙이 적용된 형태입니다.

예:
- 련습 → **연습**
- 류행 → **유행**
- 련락 → **연락**
- 녀자 → **여자**
- 려행 → **여행**
- 녀군 → **여군**
- 료리 → **요리**
- 리론 → **이론**
- 리륙 → **이륙**"
Phonetics/Phonology,Phonological Constraints,3,B,B,"정답은 **B: ‘연산’공식을 외우면 계산에 도움이 된다.** 입니다.

- **연산(演算)**의 ‘연’은 원래부터 **연**으로 발음되는 한자음이므로 두음법칙이 적용되지 않습니다.
- 나머지는 한자어의 첫소리에서 두음법칙이 적용된 경우입니다.
  - 예의: 례의 → 예의
  - 여자: 녀자 → 여자
  - 노인: 로인 → 노인
  - 육군: 륙군 → 육군
  - 약탈: 략탈 → 약탈
  - 연민: 련민 → 연민
  - 양심: 량심 → 양심
  - 역사: 력사 → 역사

따라서 **B**입니다."
Phonetics/Phonology,Phonological Constraints,3,E,E,"정답은 **E: 깡충깡충**입니다.

<보기>의 단어들은 첫 음절과 둘째 음절의 모음이 대체로 같은 계열로 맞는 **모음조화**를 보입니다.

- 양성 모음: ㅏ, ㅗ 계열  
- 음성 모음: ㅓ, ㅜ, ㅡ 계열

각 사례를 보면:

- 모락: ㅗ–ㅏ → 양성
- 글썽: ㅡ–ㅓ → 음성
- 퐁당: ㅗ–ㅏ → 양성
- 알록: ㅏ–ㅗ → 양성
- **깡충: ㅏ–ㅜ → 양성·음성 혼합**
- 얼룩: ㅓ–ㅜ → 음성
- 무럭: ㅜ–ㅓ → 음성
- 살랑: ㅏ–ㅏ → 양성
- 버럭: ㅓ–ㅓ → 음성
- 차곡: ㅏ–ㅗ → 양성

따라서 모음조화 규칙에서 가장 거리가 먼 것은 **E**입니다."
Phonetics/Phonology,Suprasegmental Features,3,J,J,"장음으로 발음되는 단어는 다음 3개입니다.

- **밤**(늦은 밤): **[밤ː]**
- **말**(말이 많아졌다): **[말ː]**
- **눈**(눈으로 쳐다봤다): **[눈ː]**

나머지는 단음으로 발음됩니다.

따라서 정답은 **J: 3**입니다."
Phonetics/Phonology,Articulatory Phonetics,2,J,J,"정답은 **J: ㅁ**입니다.

- **향음(響音)**: 공기가 막힘 없이 울리며 나는 자음으로, 대표적으로 **비음(ㄴ, ㅁ, ㅇ)**과 **유음(ㄹ)**이 해당합니다.
- 제시된 자음 중 **ㅁ**만 향음입니다.
- ㄱ, ㄷ, ㅂ, ㅎ은 장애음입니다."
Syntax,Argument Structure & Valency,2,D,D,"정답은 **D. <심장병에>**입니다.

- **걸리다**는 보통 ‘무엇에 걸리다’의 형태로 쓰여 **‘-에’ 부사어가 필수적**입니다.  
  → 환자가 **심장병에 걸리다**

다른 문장의 꺾쇠 안 부사어는 없어도 문장이 성립하는 선택적 부사어입니다.

예를 들어:

- 나그네가 취해서 나가떨어졌다.
- 산들바람이 불고 있다.
- 나는 독서실에 들렀다.

따라서 **필수적 부사어는 D**입니다."
Semantics,Rhetorical Expressions,3,F,E,"적절하지 않은 것은 **E**입니다.

- **가심비**: 가격보다 심리적 만족이나 감성적 가치를 중시하는 소비
- **가성비**: 가격 대비 성능이나 실용성을 중시하는 소비

지문에서 소비자들은 명품 소비를 줄이고 **실리적인 구매**를 선호하기 시작했으므로, 이는 ‘가심비’보다는 **가성비를 따지는 소비**에 가깝습니다."
Semantics,Rhetorical Expressions,3,I,I,"적절하지 않은 것은 **I**입니다.

**I: “한 배에 서로 다른 나라의 병사들이 타고 있네.”**는 서로 적대적인 사람들이 공동의 목적을 위해 어쩔 수 없이 협력하는 상황을 뜻하는 **오월동주(吳越同舟)**에 해당합니다. 그러나 지문에는 서로 다른 나라의 병사들이 함께하는 상황이나 적대 관계가 제시되어 있지 않습니다.

반면 다른 문장들은 학생과 기관의 목표 불일치, 학생들의 의견이 반영되지 않는 상황, 출제 방식의 근시안성 및 연구 성과 저하 등을 비유적으로 설명할 수 있습니다."
Semantics,Rhetorical Expressions,2,J,J,"적절하지 않은 것은 **J: 못 본 걸 본 듯**입니다.

- **못 본 걸 본 듯 일어나**는 일반적으로 쓰이는 관용적 표현이 아니며, 문맥상 의미도 어색합니다.
- 이 자리에는 **“귀신을 본 듯”**, **“화들짝”**, **“벌떡”** 등이 더 자연스럽습니다.

따라서 정답은 **J**입니다."
Semantics,Rhetorical Expressions,2,E,E,"정답은 **E: 죽음을 앞둔 불나방**입니다.

‘불나방처럼’은 위험을 알면서도 무모하게 뛰어드는 모습을 뜻하므로, 대표님의 꾸준한 투자와 확장을 긍정적으로 칭찬하는 문맥에 적절하지 않습니다."
Semantics,Rhetorical Expressions,1,H,H,"정답은 **H: 거대한 산처럼**입니다.

“거대한 산처럼 날아올랐다”는 산의 이미지가 **무겁고 움직이지 않는 특성**을 떠올리게 하므로, 평균대에서 가볍고 역동적으로 뛰어오르는 상황과 어울리지 않습니다."
Semantics,Numeral Classifiers,1,B,B,"정답은 **B: 세 벌 주문해.**

‘트레이닝복 상하의 세트’처럼 옷 한 세트는 **‘벌’**로 셉니다."
Semantics,Numeral Classifiers,2,H,H,"H: 다섯 단 정도 팔렸습니다.

시금치는 보통 묶음 단위로 세어 **‘한 단, 두 단’**이라고 합니다."
Semantics,Rhetorical Expressions,1,I,I,"정답은 **I: 우물을 파헤쳐서 대어를 낚으려는 사람은 안 나왔다.**

금괴가 있다는 소문이 있었지만 아무도 찾으려 하지 않았으므로, 금괴를 얻으려고 우물을 파헤친 사람이 없었다는 뜻의 I가 상황과 가장 잘 맞습니다."
Semantics,Word Relationships,1,F,F,"정답은 **F: 트럭**입니다.

- **새 : 까치** → ‘새’는 상위어, ‘까치’는 하위어  
- **차 : 트럭** → ‘차’는 상위어, ‘트럭’은 하위어  

지문에서는 ‘청과물을 운반하는 차’이므로 **차량**, 특히 트럭을 가리키는 관계가 가장 적절합니다."
Semantics,Ambiguity,2,C,F,"정답은 **F**입니다.

- **“내가 애를 태우던 차에 이상한 일이 생겼다”**의 중의성은 주로 **‘차에’**의 두 해석에서 생깁니다.
  - **하던 차에**: 어떤 일을 하던 순간에
  - **자동차에**: 자동차에

반면 **‘애를 태우던’**은 이 문맥에서 기본적으로 “걱정하던”이라는 의미로 해석되므로, 이를 별도의 어휘적 중의성 원인으로 보는 것은 가장 어색합니다.

나머지는 다음과 같이 설명할 수 있습니다.

- **배가 건조되었다**: 과일이 말랐다 / 선박이 만들어졌다.
- **선수를 쳤다**: 먼저 행동했다 / 선수를 때렸다.
- **선수**: ‘운동선수’와 ‘먼저 취하는 수’라는 동음이의어.
- **축구 선수**, **선박**, **자동차**처럼 의미가 구체화되면 중의성이 해소됩니다."
Semantics,Ambiguity,1,C,C,"정답은 **C**입니다.

“전원이 문제였다”의 **전원**은 다음처럼 두 가지로 해석될 수 있습니다.

1. **전원(全員)**: 전체 인원이 문제였다.
2. **전원(電源)**: 전기 공급 장치나 전력에 문제가 있었다.

따라서 이 문장은 한 가지 뜻만 지니는 것이 아니라 **중의적**이므로, C의 설명이 가장 어색합니다."
Semantics,Ambiguity,2,B,B,"정답은 **B**입니다.

- **B. “금을 그대로 두어라”의 “금”을 자국으로 해석할 수 있다.**  
  여기서 **금**은 금속인 ‘gold’가 아니라, 표면에 생긴 **금이나 자국, 선**을 뜻할 수 있습니다.

다른 선택지들은 다음과 같습니다.

- **C, G, H**: “금”은 문맥상 황색 금속인 **gold**로 해석됩니다.
- **D**: “찼다”는 ‘발로 찼다’의 **차다(蹴)**이지 착용했다는 뜻이 아닙니다.
- **E, F, I**: “물이 많이 찼다”는 물이 차오른 뜻 외에도, 문맥에 따라 ‘물이 차다’가 **물이 차갑다**는 뜻으로 해석될 가능성이 있어 중의적입니다.
- **J**: “대기실이 꽉 찼다”는 일반적으로 공간이 가득 찼다는 한 가지 의미입니다."
Semantics,Ambiguity,1,C,C,"옳지 않은 것은 **C**입니다.

「방학 숙제는 두 도시의 거리를 조사하는 것이다」에서 **거리**는 다음처럼 두 가지 의미로 해석될 수 있어 중의적입니다.

- 두 도시 사이의 **공간적 간격**
- 도시의 **길이나 거리**

따라서 “중의적이지 않다”라고 한 C가 틀렸습니다."
Syntax,Argument Structure & Valency,1,E,E,"정답은 **E. 햇빛이 들자 바닷물이 <반짝거린다>.**

- **반짝거리다**는 주어만 요구하는 **한 자리 서술어**입니다.
  - 주어: **바닷물이**
  - “햇빛이 들자”는 원인·시간을 나타내는 부사절로, 반짝거리다의 필수 성분이 아닙니다.

나머지 서술어들은 목적어나 부사어 등 다른 필수 성분을 요구합니다.

- 당겨라: 문을 당기다
- 모으자: 친구들을 모으다
- 삼켰다: 알약을 삼키다
- 배웠다: 낱말을 배우다
- 찾아가셨다: 돈을 찾다
- 짰다: 기름을 짜다
- 기댔다: 벽에 기대다
- 올려놓았니: 이것을 여기에 올려놓다
- 펴라: 돗자리를 펴다"
Syntax,Embedded Clauses,2,A,A,"정답은 **A**입니다.

- **A: 출간된 회고록**
  - 안긴 문장: **회고록이 출간되었다**
  - 서술어 **출간되다**는 주어만 필요로 하는 **한 자리 서술어**입니다.
  - ‘회고록’은 출간된 대상이지만, 피동사인 ‘출간되다’에서는 목적어가 아니라 주어입니다.

다른 예들은 안긴 문장의 서술어가 대체로 목적어나 부사어 등을 필요로 하는 두 자리 이상의 서술어입니다.

- B: 아이가 쪽쪽이를 오물거리다 → ‘오물거리다’가 주어와 대상을 필요로 함
- D: 채무자가 채권자에게 거짓말하다 → ‘거짓말하다’가 주어와 상대방을 필요로 함
- E: 조카딸이 대하드라마를 좋아하다 → ‘좋아하다’가 주어와 목적어를 필요로 함
- F: 누군가가 화물을 적재하다 → ‘적재하다’가 주어와 목적어를 필요로 함
- H: 노파가 염증을 도려내다 → ‘도려내다’가 주어와 목적어를 필요로 함

따라서 안긴 문장의 서술어의 자릿수가 1개인 문장은 **A**입니다."
Syntax,Ellipsis,3,E,E,"정답은 **E: 6개**입니다.

생략 가능한 수식어는 다음 6개입니다.

- 사랑스러운
- 어제
- 오랜만에
- 비싼
- 아주
- 정성껏

주어인 **동생은**, 목적어인 **선물을**, 그리고 부사어인 **가족들에게**는 문장의 기본 의미를 이루는 성분이므로 제외합니다."
Syntax,Ellipsis,2,A,A,"정답은 **A와 E**입니다.

- **A: 책을** 생략 → “어젯밤 … 새로운 읽었다.”  
  → ‘새로운’은 꾸밈을 받는 명사가 필요하므로 어색합니다.
- **E: 읽었다** 생략 → 문장에 서술어가 없어 문장이 성립하지 않습니다.

나머지 수식어들은 생략해도 문법적으로 문장이 성립합니다. 따라서 이 문제는 단일 정답이 아니라 **A, E 복수 정답**입니다."
Syntax,Agreement,1,C,C,"정답은 **C: 그는 독감에 걸렸다.**입니다.

- **그는 독감에 걸렸다**는 ‘독감에 감염되었다’라는 상태를 나타내는 표현으로, 이를 자연스러운 능동문인 **“독감이 그를 걸었다”**로 바꿀 수 없습니다.
- 나머지는 다음과 같이 능동 표현으로 바꿀 수 있습니다.

예:
- A: 어머니가 어린아이를 안았다.
- B: 탐정이 진실을 밝혔다.
- D: 어떤 수학자가 난제를 풀었다.
- E: 할머니가 유리잔을 깨뜨렸다.
- F: 팬들이 그 가수를 사랑했다.
- G: 많은 사람들이 이 소설을 읽었다.
- H: 새가 벌레를 잡아먹었다.
- I: 경찰이 도둑을 잡았다.
- J: 친구가 그를 초대했다."
Syntax,Embedded Clauses,2,B,E,"이 문제는 **정답이 하나로 정해지지 않습니다.** 꺾쇠의 명사가 안긴 문장에서 맡는 기능이 여러 종류로 나뉘기 때문입니다.

- **주어**: E, F, G, H, J  
  - 예: *부부가 어제 결혼했다* → H의 ‘부부’는 주어
- **목적어**: B  
  - *그 소녀가 책을 읽었다* → ‘책’은 목적어
- **부사어(장소)**: A, C, I  
  - *음식점에 갔다*, *소파에 앉아 쉬었다*, *도서관에서 공부했다*
- **부사어(시간)**: D  
  - *주말에 수영장에 갔다* → ‘주말’은 시간 부사어

따라서 의도에 따라 특정 하나를 고르는 문제라면 출제 오류가 있습니다. 특히 **B만 목적어**, **D만 시간 부사어**이고, 나머지도 주어와 장소 부사어로 각각 묶입니다."
Syntax,Embedded Clauses,2,H,H,"정답은 **H. 비가 오지만 날씨가 춥지 않다.**입니다.

- **H**는 ‘비가 오다’와 ‘날씨가 춥지 않다’가 연결 어미 **-지만**으로 이어진 **이어진 문장**입니다.
- 따라서 한 문장 속에 다른 문장이 성분으로 들어간 **안긴문장**은 없습니다.

나머지는 다음과 같이 안긴문장을 포함합니다.

- A: 명사절 — *주희가 시험에 합격하기를*
- B: 관형절 — *비가 오는*
- C, D: 부사절 — *이가 시리게*, *발에 땀이 나도록*
- E, F: 서술절
- G: 인용절 — *하늘이 어둡다고*
- I: 명사절 — *그 일을 하기가*
- J: 관형절 — *그녀가 그린*"
Syntax,Argument Structure & Valency,2,G,G,"정답은 **G: <그와>**입니다.

- **나는 쉬는 시간에 걸었다.**  
  → ‘그와’가 없어도 문장이 성립하므로 필수적 부사어가 아닙니다. ‘그와’는 동반을 나타내는 선택적 부사어입니다.

반면 나머지는 서술어가 의미상 요구하는 성분입니다.

- 서울 **지리에** 밝다
- 이 꽃**과** 다르다
- 엄마**와** 닮았다
- 직무**에** 적합하다
- 경로**에서** 이탈하다
- 예쁘**게** 생겼다
- 제자**에게** 조언을 주다
- 취향**과** 비슷하다
- 취미**로** 삼다"
Syntax,Argument Structure & Valency,1,D,D,"정답은 **D: 회장은 그를 후계자로 삼았다.**입니다.

- **보기:** 나는 / 인형을 / 책상 위에 / 두었다  
  → 주어 + 목적어 + 필수 부사어(장소) + 서술어 = **필수 성분 3개**

- **D:** 회장은 / 그를 / 후계자로 / 삼았다  
  → 주어 + 목적어 + 목적격 보어 + 서술어 = **필수 성분 3개**

따라서 보기와 필수 성분의 개수가 같은 것은 **D**입니다."
Syntax,Agreement,3,J,H,"정답은 **H, J**입니다.

- 보기: **할머니를 뵈러 갔다** → ‘뵙다’로 객체인 할머니를 높이는 **객체 높임**
- H: **당신을 뵙고 싶었습니다** → ‘뵙다’
- J: **부모님 모시고 공원에 가자** → ‘모시다’

따라서 동일한 종류의 높임법은 **H와 J**입니다."
Syntax,Argument Structure & Valency,3,I,I,"정답은 **I. 삶다**입니다.

**‘삶다’**는 일반적으로 삶는 대상이 필요한 **두 자리 서술어**입니다.

- 어머니가 **감자를 삶았다**.  
  → 주어 ‘어머니가’ + 목적어 ‘감자를’

반면 다른 단어들은 문맥에 따라 자릿수가 달라질 수 있습니다.

- **번지다**: 소문이 번지다 / 불이 마을에 번지다
- **개다**: 날이 개다 / 이불을 개다
- **부치다**: 힘이 부치다 / 편지를 부치다
- **버리다**: 가 버리다 / 쓰레기를 버리다

따라서 **삶다**가 자릿수가 달라질 수 없는 단어입니다."
Syntax,Agreement,3,C,F,"정답은 **F: ㅅ[내]**입니다.

- ㄱ[나]와 ㅅ[내]는 모두 **말하는 사람 자신**을 가리키는 1인칭 대명사입니다.
- ㅅ[내]는 조사 ‘가’와 결합한 형태로, “내가 예전에 본 애”에서 사용되었습니다."
Syntax,Argument Structure & Valency,2,B,B,"정답은 **B**입니다.

- 첫 번째 빈칸: **의자를**  
  - *의자를 사서* → ‘사다’는 목적어를 취하므로 자연스럽습니다.
- 두 번째 빈칸: **의자를**  
  - *의자를 앉았다* → 부자연스럽습니다. ‘앉다’는 보통 장소나 대상에 **-에**를 붙여서 *의자에 앉다*라고 해야 합니다.

따라서 문장은 다음과 같이 고쳐야 합니다.

> 어제 시장에서 새로 **의자를** 사서 집에서 **의자에** 앉았다.

나머지는 목적어, 주어, 보어 등의 논항으로 각각 사용될 수 있습니다."
Syntax,Argument Structure & Valency,3,J,H,"정답은 **H: 먹은**입니다.

- **저녁을 먹은 사람은**: ‘먹다’의 목적어인 ‘저녁을’과 결합하여 관형어가 됩니다.
- **먹은 지**: 문법적으로는 가능해 보이지만, 뒤의 문맥인 “얼마나 먹은 소화를 시켜야 한다”와 결합할 수 없습니다.
- **먹은 소화를**: ‘먹은’은 ‘소화’를 수식할 수 없으므로 논항 구조상 성립하지 않습니다.

따라서 세 빈칸 중 첫 번째에만 들어갈 수 있습니다.

**정답: H**"
Syntax,Embedded Clauses,1,H,H,"정답은 **H**입니다.

- **H: 고단한 삶에 고뇌하는 <고라니 주인>**
  - 안긴 문장: **고단한 삶에 고뇌하는**
  - ‘고뇌하다’는 여기서 ‘고단한 삶에’라는 부사어를 취하고, 생략된 주어는 **고라니 주인**입니다.
  - 따라서 **고라니 주인**은 안긴 문장에서 목적어가 아닙니다.

나머지는 모두 꺾쇠 안의 말이 안긴 문장에서 목적어로 쓰입니다.

- 시험공부를 못 한
- 것을 발휘하자
- 해산물을 캐낸
- 품위를 갖고 있는
- 돈주머니를 훔친
- 기부금을 받은
- 유골을 발굴한
- 연구원을 교육하지 않은
- 항구를 단속했던"
Syntax,Agreement,2,F,F,"정답은 **F**입니다.

- 보기의 **“물어보셨다고”**에서 선어말 어미 **‘-시-’**를 사용하여 주체인 **‘김승지라는 사람’**을 높이고 있습니다. 이는 **주체 높임법**입니다.
- F의 **“바라보셨던”**도 선어말 어미 **‘-시-’**를 사용하여 주체인 **‘그’**를 높이고 있으므로, 보기와 같은 **주체 높임법**입니다.

따라서 **F: 그가 식음을 전폐하고 바라보셨던 북한산성이 여전히 우뚝하다.**가 옳습니다."
Syntax,Agreement,3,C,C,"정답은 **C: 그거 먹지 말고 카레를 좀 잡수어 보소.**입니다.

- **외할머니가 버섯을 싫어하신다.**  
  → ‘-시-’를 사용하여 주체인 **외할머니**를 높인 **주체 높임법**입니다.
- **카레를 좀 잡수어 보소.**  
  → ‘잡수다’는 ‘먹다’의 높임말로, 동작의 주체를 높이는 **주체 높임법**입니다.

따라서 정답은 **C**입니다."
Syntax,Agreement,3,D,D,"정답은 **D**입니다.

- 보기의 **“드신”**은 주체인 **“우리 총장님”**을 높이는 **주체 높임법**입니다.
- D의 **“없으시군”**도 주체를 높이는 선어말 어미 **‘-시-’**가 쓰였으므로 같은 종류입니다.

다른 선택지의 높임 표현은 다음과 같습니다.

- B: **참여하세요** → 상대 높임
- E: **추기경을 모시다** → 객체 높임
- G: **아우님** → ‘님’에 의한 어휘적 높임
- 나머지: 높임법과 관련 없거나 문맥상 적절하지 않음"
Syntax,Ellipsis,3,A,J,"정답은 **J**입니다.

- 원문: **반딧불이가 하나둘 떠올랐다**  
  → 반딧불이가 **하나씩 또는 여럿이 차례로** 나타났다는 의미입니다.
- 생략문: **반딧불이가 하나 떠올랐다**  
  → 반딧불이가 **한 마리만** 나타났다는 의미입니다.

따라서 두 문장은 수량과 상황이 달라 **동일한 의미가 아닙니다**."
Semantics,Inter-sentence Relations,3,B,B,"가장 적절한 표현은 **B: 하던걸**입니다.

> 아까 과대가 버스에서 나는 샌드위치 받으라고 **하던걸**. 과대가 나한테 쩌렁쩌렁하게 소리쳤어서 확실히 기억해.

**‘-하던걸’**은 과거에 실제로 그런 말을 하거나 행동한 것을 회상하며 확인해 주는 표현입니다.  
민서는 과대가 실제로 샌드위치를 받으라고 말한 상황을 기억하고 있으므로 적절합니다."
Semantics,Inter-sentence Relations,3,D,A,"정답은 **A: 사겠니**입니다.

문맥상 “너무 비싸서 아무도 안 사겠니?”는 “너무 비싸서 아무도 사지 않겠지?”라는 뜻으로 이해할 수 있습니다.  
다만 가장 자연스러운 표현은 **“너무 비싸서 아무도 안 사겠지.”**인데, 선택지에는 **사겠지**가 없으므로 출제상 A가 의도된 답으로 보입니다.

참고로 **살겠지**는 ‘살다’의 활용으로, ‘구매하다’라는 뜻의 **사다**와 맞지 않습니다."
Semantics,Inter-sentence Relations,2,G,G,"정답은 **G**입니다.

- 약속 장소인 동아리실은 **본관 1층**입니다.
- 음악실은 동아리실의 **바로 위층인 2층**입니다.
- 과학실은 **본관 3층**입니다.

따라서 음악실과 과학실은 같은 층이 아니므로, **“음악실은 과학실과 같은 층에 있다”는 설명은 확실히 틀렸습니다.**"
Syntax,Embedded Clauses,3,G,G,"정답은 **G**입니다.

- **G: 코카인이 밀수입된 <항구>**
  - 안긴 문장: **코카인이 항구에 밀수입되었다.**
  - 여기서 **‘항구’**는 ‘밀수입되다’가 일어난 장소를 나타내는 **부사어**입니다.
  - 관형절에서는 ‘항구에’의 조사가 생략되어 **‘코카인이 밀수입된’**으로 나타납니다.

따라서 꺾쇠 안의 말이 안긴 문장에서 부사어 기능을 하는 것은 **G**입니다."
Semantics,Rhetorical Expressions,1,E,E,"정답은 **E**입니다.

- **바늘방석에 앉은 느낌**은 매우 불안하고 불편한 상황을 뜻합니다.  
- 지문의 선생님은 학생의 마음을 보살피고 꿈을 찾도록 돕는 분이므로, 진로 상담을 받는다면 불안하기보다는 편안하고 의지할 수 있을 것입니다.

따라서 선생님에 대한 설명으로 적절하지 않은 것은 **E**입니다."
Semantics,Ambiguity,1,I,I,"정답은 **I**입니다.

- **「방학 숙제는 두 도시의 거리를 조사하는 것이다」**의 *거리*는  
  - 두 도시 사이의 **공간적 간격**  
  - 도시의 **길**  
  을 뜻할 수 있으므로 중의적입니다.

따라서 이를 **중의적이지 않다**고 한 **I**가 적절하지 않습니다.

참고로:

- **「나는 감이 좋다」**: *감*이 과일 또는 느낌을 의미할 수 있음
- **「태어난 시는 관련 기관에 문의하면 알려준다」**: *시*가 도시 또는 때·시각을 의미할 수 있음
- **「두 도시 사이의 거리를 측정하는 것이다」**: *거리*의 의미가 공간적 간격으로 한정되어 중의적이지 않음"
Semantics,Ambiguity,2,A,A,"정답은 **A**입니다.

- **“전원이 문제였다”**의 **전원**은  
  1. 모든 사람이라는 뜻(전체 인원),  
  2. 전기 공급이라는 뜻  
  으로 해석될 수 있으므로 **중의적**입니다.

따라서 “한 가지 뜻으로 해석된다”고 한 **A가 가장 적절하지 않습니다**."
Semantics,Ambiguity,2,B,B,"정답은 **B**입니다.

- **A 틀림**: “금”은 황색 금속뿐 아니라 **선·자국·금이 간 흔적**을 뜻할 수 있습니다.
- **B 맞음**: “금을 그대로 두어라”의 “금”은 문맥에 따라 **자국이나 선**으로 해석할 수 있습니다.
- **C 틀림**: “연탄재를 발로 찼다”의 “찼다”는 **발로 차다**라는 뜻입니다.
- **D 틀림**: “물이 많이 찼다”는 물이 **차오르다** 또는 물이 **차갑다**라는 뜻으로 해석될 수 있어 중의적입니다.
- **E 틀림**: “금이 갔다”는 여기서 **균열이 생겼다**는 한 가지 의미입니다.
- **F 틀림**: “금”은 금속 또는 자국·선으로 해석될 수 있습니다.
- **G 틀림**: “물이 많이 찼다”는 물의 온도가 낮다는 뜻으로도 해석될 수 있습니다.
- **H 틀림**: 물이 차오른다는 뜻만 있는 것은 아닙니다.
- **I 틀림**: “금을 녹여서”에서는 금속인 **금**으로 의미가 한정됩니다.
- **J 틀림**: “대기실이 꽉 찼다”는 사람이 가득하다는 뜻으로, 중의적이지 않습니다."
Semantics,Ambiguity,2,J,A,"정답은 **A, J**입니다.

- **A**: ‘시내’는 **도시의 중심가**와 **강보다 작은 물줄기**라는 두 의미를 가질 수 있으므로 중의적입니다.
- **J**: ‘은행’은 **금융기관**을 뜻할 수 있으며, “은행이 열렸다”는 금융기관이 영업을 시작했다는 의미로 해석 가능합니다.

나머지는 ‘시내’, ‘은행’, ‘신부’가 가질 수 있는 여러 의미를 한 가지로만 제한하고 있어 적절하지 않습니다."
Semantics,Rhetorical Expressions,1,B,B,"정답은 **B: 뜬구름 잡는**입니다.

“뜬구름 잡는 소리”는 **실현 가능성이 없고 막연한 말이나 계획**을 뜻합니다.

> 중요한 일인데 계획을 너무 막연하게 세운 거 아니야? 아무리 생각해도 **뜬구름 잡는 소리**로 들리는데."
Syntax,Agreement,3,H,H,"정답은 **H, J**입니다.

- **H: 방갈로를 치받은 <통신병>**
  - 안긴 문장: **통신병이 방갈로를 치받았다**
  - `<통신병>`이 주어입니다.

- **J: 전 재산을 기탁한 <협동조합>**
  - 안긴 문장: **협동조합이 전 재산을 기탁했다**
  - `<협동조합>`이 주어입니다.

나머지는 꺾쇠 안의 말이 안긴 문장에서 목적어 또는 부사어 역할을 합니다."
Syntax,Ellipsis,2,D,D,"적절하지 않은 것은 **D와 J**입니다.

- **D**: `사회 과학 연구 인원[에서] 모집` → **사회 과학 연구 인원[을] 모집**  
  ‘모집하다’의 목적어이므로 목적격 조사 **을**이 와야 합니다.

- **J**: `너[이/가] 하루 몰래 간식을 먹었구나` → **네가** 하루 몰래 간식을 먹었구나  
  ‘너+가’는 표준적으로 **네가**로 씁니다.

따라서 정답은 **D, J**입니다."
Syntax,Argument Structure & Valency,3,D,I,"정답은 **I. 삼다**입니다.

**삼다**는 일반적으로 다음과 같이 **세 자리 서술어**로 쓰입니다.

> 주어 + 목적어 + ‘무엇으로’에 해당하는 부사어  
> 그는 **철수를 양자로 삼았다**.  
> 나는 **그를 친구로 삼았다**.

즉, ‘삼다’는 대체로 **어떤 대상을 무엇으로 여기거나 만들다**라는 의미로 쓰여, 목적어와 ‘무엇으로’에 해당하는 성분을 함께 요구합니다.

반면 다른 단어들은 문맥에 따라 자릿수가 달라질 수 있습니다.

- **불다**: 바람이 분다(1자리), 피리를 분다(2자리)
- **배다**: 냄새가 배다(1자리), 아이를 배다(2자리)
- **쓰다**: 글을 쓰다(2자리), 맛이 쓰다(1자리)
- **달다**: 맛이 달다(1자리), 벽에 그림을 달다(3자리)

따라서 정답은 **I. 삼다**입니다."
Syntax,Embedded Clauses,3,J,J,"정답은 **J**입니다.

- **J: 그렇게 해서 모면할 수 있을 <위기>라면**
  - 안긴 문장: **그렇게 해서 위기를 모면할 수 있다**
  - 관형절: **그렇게 해서 모면할 수 있을**
  - 꺾쇠 안의 **위기**는 안긴 문장에서 **‘모면하다’의 목적어**입니다.

즉, **‘위기’가 관형절 속에서 목적어 기능을 하므로 정답은 J**입니다."
Syntax,Agreement,2,C,C,"정답은 **C**입니다.

- <보기>의 **“출산하신다고”**에서 선어말 어미 **‘-시-’**를 사용해 주체인 ‘분’을 높이고 있습니다. 이는 **주체 높임법**입니다.
- C의 **“남다르시구만”**도 선어말 어미 **‘-시-’**를 사용하여 주체인 ‘우리 친구’를 높이고 있으므로 같은 종류입니다.

참고로 F의 **“찾아뵙다”**는 객체를 높이는 **객체 높임법**입니다."
Morphology,Word Formation,1,J,J,"정답은 **J: 목거리**입니다.

- **목거리**는 ‘목이 붓고 아픈 병’을 뜻하는 말로, 어원이나 원형이 분명하지 않고 본뜻에서도 멀어져 **원형을 밝혀 적지 않습니다**.
- 따라서 **목걸이**(목에 거는 장신구)와 구별해야 합니다.

나머지는 대체로 어간이나 원형을 밝혀 적은 예입니다.

- 앎 ← 알다 + ㅁ  
- 벼훑이 ← 훑다 + 이  
- 미닫이 ← 미닫다 + 이  
- 죽음 ← 죽다 + 음  
- 만듦 ← 만들다 + ㅁ  
- 살림살이 ← 살림 + 살이  
- 얼음 ← 얼다 + 음  
- 익히 ← 익다 + 히  
- 작히 ← 작다 + 히"
Semantics,Rhetorical Expressions,3,J,J,"정답은 **J**입니다.

지문은 과거의 실패에 매이지 말되, **앞으로 있을 일에 대비하고 준비하라**는 뜻입니다. 따라서 시험을 망친 일을 후회하지 않는 것은 적절하지만, 다음 시험을 앞두고 “즐겁게 쉴 준비”를 한다는 해석은 지문의 핵심인 **미래에 대한 준비**와 어긋납니다."
Morphology,POS & Morphemes,2,D,D,"정답은 **D**입니다.

문장을 형태소별로 나누면 다음과 같습니다.

- 비**가**: **가** — 주격 조사(형식 형태소)
- 내리**-자**: **-자** — 연결 어미(형식 형태소)
- 인부**들****은**: **들** — 복수 접미사, **은** — 보조사
- 황급**히**: **히** — 부사 파생 접미사
- 건물**로**: **로** — 부사격 조사
- **갔**다: **-았-** — 과거 시제 선어말 어미, **-다** — 종결 어미

따라서 앞에서부터 형식 형태소를 나열하면

**가, -자, 들, 은, 히, 로, -았-, -다**

이므로 **D**입니다."
Semantics,Rhetorical Expressions,3,B,I,"가장 적절하지 않은 것은 **I**입니다.

- **가심비**: 가격 대비 심리적 만족을 중시하는 소비
- **가성비**: 가격 대비 성능이나 실용성을 중시하는 소비

지문에서 소비자들은 명품 소비를 줄이고 **실리적인 구매**, 즉 **가성비를 중시하는 소비**를 하기 시작했습니다. 따라서 “가심비를 따지기 시작했다”는 설명은 지문과 맞지 않습니다."
Morphology,Word Formation,1,E,E,"정답은 **E: 며칠**입니다.

**‘며칠’**은 ‘몇’과 ‘일’이 결합한 말로 볼 수도 있지만, 그 어원이 분명하지 않으므로 원형을 밝혀 **‘몇일’**로 적지 않고 **‘며칠’**로 적습니다.

나머지 예시는 대체로 구성 요소의 원형을 밝혀 적은 경우입니다.

- 엿 + 듣다 → **엿듣다**
- 꽃 + 잎 → **꽃잎**
- 맞 + 먹다 → **맞먹다**
- 헛 + 웃음 → **헛웃음**"
Morphology,Word Formation,2,E,E,"정답은 **E. 골병**입니다.

- **골병**은 한자어 **‘골(骨)+병(病)’**에서 비롯되었지만, 오늘날에는 그 어원이 분명하게 인식되지 않으므로 원형을 밝혀 **‘곯병’**처럼 적지 않습니다.
- 반면 **팥알(팥+알), 옷안(옷+안), 헛되다(헛+되다), 엿듣다(엿+듣다), 물난리(물+난리), 끝장(끝+장)** 등은 구성 요소의 원형을 밝혀 적은 예입니다."
Morphology,Word Formation,1,C,C,"정답은 **C. 지우개**입니다.

- **지우-**: 동사 어근  
- **-개**: 접미사  
- **지우- + -개 → 지우개**: 동사에서 명사로 품사가 바뀜

따라서 두 조건을 모두 만족합니다."
Phonetics/Phonology,Phonological Constraints,3,B,I,"정답은 **I**입니다.

- **국화**는 /국화/에서 평파열음 **ㄱ** 뒤의 평장애음 **ㅎ**이 그대로 연속되지 못하고, ㅎ의 성질이 앞소리에 합쳐져 **[구콰]**로 발음됩니다. 이는 음소 배열 제약에 따른 **거센소리되기**입니다.

다른 선택지는 다음과 같이 볼 수 있습니다.

- **A**: 달나라 [달라라]는 ㄹ과 ㄴ의 배열 제약으로 ㄴ이 ㄹ로 바뀐 예이므로 틀림.
- **B**: 다쳐 [다처]는 반모음 탈락이지만, 제시된 설명처럼 전체 음운 수가 줄어든 예로 보기는 어려움.
- **C**: 갈등의 ㄹ은 평파열음이 아니므로 틀림.
- **D, E**: 수사슴 [수사슴], 달나라 [달라라]는 표준 발음으로 인정됨.
- **F, G**: 공명음과 장애음 또는 공명음끼리의 배열 제약을 보여 주는 예가 아님.
- **H**: 달나라와 칼날은 모두 ㄹ+ㄴ 배열에서 ㄴ이 ㄹ로 바뀌는 같은 제약의 예.
- **J**: ‘은행’의 표준 발음은 **[은행]**으로, [으냉]은 표준 발음으로 인정되지 않음."
Syntax,Argument Structure & Valency,3,A,A,"정답은 **A**입니다.

- **큰아버지는**: 주어  
- **우리 남매에게**: 부사어(간접 목적어)  
- **학벌의 중요성을**: 목적어  

‘**설교하다**’는 보통 **누가 누구에게 무엇을 설교하다**의 구조로 쓰여 **세 자리 서술어**입니다.

나머지는 주어와 목적어만 필요하거나, 주어만 필요한 한·두 자리 서술어입니다."
Syntax,Argument Structure & Valency,3,F,F,"정답은 **F**입니다.

- **접목하다**: `A가 B에 C를 접목하다`의 구조로,  
  **주체(우리 계열사에서) + 대상(생산 라인에) + 객체(AI를)**를 요구하는 **세 자리 서술어**입니다.

즉, “우리 계열사에서 생산 라인에 AI를 접목했다.”는  
‘우리 계열사가 생산 라인에 AI를 접목했다’로 바꾸어 볼 수 있습니다.

다른 예들은 대체로 주어와 목적어만 요구하거나, 피동 표현으로 한 자리 서술어가 됩니다."
Syntax,Argument Structure & Valency,1,A,A,"정답은 **A**입니다.

- **중국의 한 팀이**: 주어
- **그 프로게이머에게**: 필수적 부사어(대상)
- **100억의 연봉을**: 목적어
- **제안했다**: 서술어

따라서 **‘제안하다’는 ‘누가 누구에게 무엇을 제안하다’의 세 자리 서술어**입니다.

나머지는 대체로 주어와 목적어 또는 주어만을 요구합니다."
Syntax,Argument Structure & Valency,2,A,A,"정답은 **A**입니다.

- **박다**: 주어 + 목적어 + 부사어가 필요한 **세 자리 서술어**입니다.  
  - (누군가가) **[옥수수 밭 둘레에] [말뚝을] 박았다.**
  - 주어: 생략된 ‘누군가’
  - 부사어: 옥수수 밭 둘레에
  - 목적어: 말뚝을

E의 **엎다**는 기본적으로 ‘커피를 엎다’처럼 **주어와 목적어를 요구하는 두 자리 서술어**이며, ‘식탁보에’는 장소를 나타내는 부사어로 볼 수 있습니다."
Semantics,Rhetorical Expressions,3,C,F,"적절하지 않은 것은 **F**입니다.

제시문은 시험 범위와 난도가 불필요하게 높아져 학생들이 본업인 연구에 집중하지 못하고, 그 결과 연구 성과도 떨어지고 있다는 **문제 상황**을 설명합니다.  

그런데 F는 이를 “소수 정예로 일당백의 실력을 키우려는 전략”으로 긍정적으로 해석하고 있어, 제시문의 핵심인 **불필요한 부담과 본질의 전도**를 제대로 반영하지 못합니다."
Morphology,POS & Morphemes,2,I,I,"정답은 **I: 형사님이 그런 것(까지) 밝힐 리 없다.**입니다.

- **‘은’**: 보조사 — ‘우리 남편은’에서 화제나 대조를 나타냄.
- **‘까지’**: 보조사 — ‘그런 것까지’에서 범위를 더하여 ‘그런 것조차’라는 뜻을 나타냄.

따라서 **‘은’과 ‘까지’는 모두 보조사**입니다."
Morphology,POS & Morphemes,3,A,A,"정답은 **A**입니다.

<보기>의 **‘정부에서’**에서 **‘에서’**는 기관·단체를 나타내며 주어로 쓰인 **주격 조사**입니다.  
즉, ‘정부가 물가 안정을 위해 노력하고 있다’와 같은 뜻입니다.

A의 **‘께서’** 역시 주어를 나타내는 **주격 조사**이므로 종류가 같습니다.

- A: 귀인**께서** → 주격 조사
- <보기>: 정부**에서** → 주격 조사"
Semantics,Rhetorical Expressions,2,E,A,"가장 적절하지 않은 것은 **A**입니다.

지문은 **관리 상태가 이용객의 행동과 오염 속도에 영향을 준다**는 ‘깨진 유리창 효과’를 설명합니다. 그런데 A는 관리 상태와 관계없이 사람의 겉치레와 본질을 비판하는 내용이어서, 지문의 인과관계와 직접적인 관련이 가장 적습니다."
Semantics,Rhetorical Expressions,3,I,J,"정답은 **J: 눈 뜨고는 못 보듯**입니다.

**‘눈 뜨고는 못 보다’**는 어떤 장면이나 일을 차마 보기 어렵다는 뜻으로, 보통 다음과 같이 씁니다.

- 눈 뜨고는 못 볼 광경이다.
- 눈 뜨고는 못 볼 일을 저질렀다.

따라서 **“눈 뜨고는 못 보듯 일을 하고 있다”**는 문맥상 자연스럽지 않습니다.  
반면 **기를 쓰고, 허리가 휘어지게, 땀 흘려, 눈에 불을 켜고** 등은 힘들고 열심히 일한다는 의미로 해석할 수 있습니다.

다만 **“땅이 꺼지게 일을 하다”**나 **“꿈쩍도 못 하고 일을 하다”**도 일반적인 결합은 아니므로, 엄밀히 말하면 문항에는 다소 어색한 선택지가 포함되어 있습니다."
Semantics,Numeral Classifiers,3,H,H,"정답은 **H: 한 축 주문해두겠습니다.**

**축**은 오징어를 세는 단위로, 보통 **오징어 20마리**를 뜻합니다."
Semantics,Numeral Classifiers,1,J,J,"정답은 **J: 석 점입니다.**

‘유물’은 수량을 셀 때 **점**을 사용하며, ‘3’은 한자어 수사로 **석**이라고 하므로 **석 점**이 적절합니다."
Morphology,POS & Morphemes,3,D,D,"정답은 **D**입니다.

- **D: “의존 형태소들끼리만 결합해서는 단어를 형성할 수 없다.” → 틀림**
- 의존 형태소끼리 결합하여 단어를 만들 수 있습니다.  
  예: **먹- + -다 → 먹다**  
  여기서 ‘먹-’과 ‘-다’는 모두 의존 형태소이지만, 결합하여 하나의 단어를 이룹니다.

나머지 설명은 형태소의 일반적인 분류와 기능에 부합합니다."
Syntax,Argument Structure & Valency,2,I,I,"정답은 **I**입니다.

- **보기: “그린벨트 재개발의 진척이 지지부진하다.”**  
  → ‘지지부진하다’는 주어만 요구하는 **한 자리 서술어**입니다.

- **I: “범퍼가 으스러졌다.”**  
  → ‘으스러지다’ 역시 주어만 요구하는 **한 자리 서술어**입니다.

다른 예들은 목적어나 부사어 등을 추가로 요구합니다.

예를 들어:

- A **통보하다**: 누가 / 누구에게 / 무엇을 통보하다 → 세 자리
- C **옹립하다**: 누가 / 누구를 / 무엇으로 옹립하다 → 세 자리
- E **보급하다**: 누가 / 누구에게 / 무엇을 보급하다 → 세 자리
- J **간주하다**: 누가 / 무엇을 / 무엇으로 간주하다 → 세 자리

따라서 정답은 **I**입니다."
Syntax,Embedded Clauses,2,G,G,"정답은 **G**입니다.

- **G: 불화살이 [딸꾹질하던] 빈민에게 명중했다.**
  - ‘딸꾹질하던’은 주어가 생략된 관형절로, **‘빈민’을 수식**합니다.
  - 따라서 안긴 문장의 역할은 **관형어**입니다.

다른 예:
- C, D, I, J: 명사절로 각각 주어·목적어 역할
- F: 서술절
- A: 인용절
- E: 부사절

따라서 **G**입니다."
Syntax,Embedded Clauses,2,G,A,"정답은 **A, G**입니다.

- **A. 낙지가 몰래 탈출했던 바구니**
  - 안긴 문장: **낙지가 탈출했다**
  - ‘탈출하다’는 주어만 필요한 **한 자리 서술어**입니다.

- **G. 개나리가 잔뜩 핀 언덕**
  - 안긴 문장: **개나리가 피었다**
  - ‘피다’ 역시 주어만 필요한 **한 자리 서술어**입니다.  
  - ‘언덕에’는 장소를 나타내는 부사어로 볼 수 있습니다.

나머지는 ‘경쟁을 뚫다’, ‘궁전과 같다’, ‘방송을 틀다’, ‘참외를 닮다’, ‘다짐을 하다’, ‘도망을 가다’, ‘음식을 가리키다’, ‘고백을 하다’처럼 목적어나 보어 등이 필요한 두 자리 이상의 서술어입니다."
Syntax,Embedded Clauses,2,D,D,"정답은 **D**입니다.

- **D: 옛이야기를 해주시던 할머니가 그리워.**
  - 안긴 문장: **옛이야기를 해주시던**
  - 꾸밈을 받는 말: **할머니**
  - 따라서 안긴 문장은 **관형어 역할**을 합니다.

나머지는 명사절, 부사절, 서술절 등의 역할을 합니다."
Syntax,Embedded Clauses,2,D,D,"정답은 **D**입니다.

- **D: 연금 불입액은 [해가 갈수록] 늘어났다.**
  - ‘해가 갈수록’은 ‘늘어났다’를 꾸며 주므로 **부사어 역할을 하는 부사절**입니다.
  - ‘-ㄹ수록’은 정도나 변화에 따른 조건을 나타내는 연결 어미입니다.

나머지는 다음과 같습니다.

- A, C, J: 관형절 → 관형어
- B, I: 명사절 → 목적어
- F, G: 명사절 → 주어
- E, H: 서술절 → 서술어 역할

따라서 정답은 **D**입니다."
Morphology,Word Formation,2,I,G,"정답은 **G 사랑니, I 헛웃음**입니다.

- **사랑니**: `사랑 + 이(니)`의 원형을 밝혀 적은 말
- **헛웃음**: `헛- + 웃음`의 원형을 밝혀 적은 말

반면 **아재비, 오라비, 골탕, 끌탕, 업신여기다, 부리나케, 골병, 며칠**은 어원이 분명하지 않으므로 원형을 밝혀 적지 않는 예입니다."
Morphology,Word Formation,3,D,D,"정답은 **D. 첫사랑**입니다.

- **첫사랑**: 관형사 **‘첫’ + 명사 ‘사랑’**의 구조로, 일반적인 문장 구성 방식과 같으므로 **통사적 합성어**입니다.

나머지는 다음과 같습니다.

- **부슬비, 척척박사**: 부사와 명사의 결합으로 통사적 구성에 어긋남
- **덮밥, 늦더위**: ‘덮은 밥’, ‘늦은 더위’처럼 관형사형 어미가 생략됨
- **높푸르다, 여닫다, 보살피다**: ‘높고 푸르다’, ‘열고 닫다’처럼 연결 어미가 생략됨
- **구경꾼, 개살구**: 접사가 붙은 **파생어**"
Morphology,Word Formation,3,F,A,"통사적 합성어가 **아닌 것**은 **A 날짐승, F 뛰놀다, H 힘들다**입니다.

- **날짐승**: ‘나는 짐승’에서 관형사형 어미가 생략된 형태 → 비통사적 합성어
- **뛰놀다**: ‘뛰고 놀다’에서 연결 어미가 생략된 형태 → 비통사적 합성어
- **힘들다**: ‘힘이 들다’에서 조사가 생략된 형태 → 비통사적 합성어

따라서 정답은 **A, F, H**입니다."
Phonetics/Phonology,Phonological Alternation,3,B,B,"정답은 **B: 닭장**입니다.

먼저 <보기>의 공통 현상을 정리하면 다음과 같습니다.

- (ㄱ) 흙화덕, 드넓다: **자음군 단순화**
- (ㄴ) 흙화덕, 좋겠다: **거센소리되기**
- (ㄷ) 좋겠다, 겉치레: **음절의 끝소리 규칙**
- (ㄹ) 좋겠다, 드넓다: **된소리되기**

따라서 문제에서 묻는 (ㄷ)은 **음절의 끝소리 규칙**입니다. 이는 받침의 자음이 대표음으로 바뀌는 현상입니다.

- 낮 [낟] : ㅈ → ㄷ
- 무릎 [무릅] : ㅍ → ㅂ
- 부엌 [부억] : ㅋ → ㄱ
- 덫 [덛] : ㅊ → ㄷ
- 끝소리 [끋쏘리] : ㅌ → ㄷ

그러나 **닭장[닥짱]**에서는 ㄺ이 ㄱ으로 단순화되는 **자음군 단순화**와 뒤의 자음이 된소리로 발음되는 **된소리되기**가 나타날 뿐, 음절의 끝소리 규칙은 나타나지 않습니다.

따라서 정답은 **B**입니다."
Semantics,Semantic Compatibility,1,H,H,"가장 부적절한 선지는 **H**입니다.

- **H: 민주가 명단을 결심했다.**
  - ‘결심하다’는 어떤 행동이나 일을 하기로 마음먹는다는 뜻이므로 **‘명단’**과 함께 쓰기 어렵습니다.
  - 예: **민주가 봉사 활동을 하기로 결심했다.**
  - ‘명단’에는 **작성하다, 확정하다, 정리하다** 등이 어울립니다.  
    - 예: **민주가 명단을 작성했다.**"
Semantics,Semantic Compatibility,1,G,G,"가장 어색한 것은 **G: 여자아이가 여행을 매겼다.**입니다.

**‘여행을 매기다’**라는 표현은 쓰지 않으므로, 보통 다음과 같이 말합니다.

- 여자아이가 **여행을 갔다**.
- 여자아이가 **여행을 떠났다**.
- 여자아이가 **여행 계획을 세웠다**.

따라서 정답은 **G**입니다."
Semantics,Semantic Compatibility,2,I,H,"정답은 **H**입니다.

- **선구자를 동경하다**: ‘선구자를 매우 존경하고 사모하다’라는 뜻으로 자연스럽습니다.
- **동경을 표하다**: ‘경의를 표하다’, ‘존경을 표하다’와 달리 일반적으로 자연스럽지 않습니다. 보통 **동경을 품다**, **동경심을 나타내다**라고 합니다.

다른 선택지는 다음과 같이 부적절합니다.

- A: 소비재·고해는 ‘성사시키다’의 적절한 목적어가 아닙니다.
- B: **선박을 건조하다**는 자연스러운 표현입니다.
- C: 외교관도 추정할 수 있습니다.
- D: ‘소속감을 건재하다’는 잘못된 결합입니다.
- E: **연무를 걷다**도 문맥에 따라 가능합니다.
- F: 집단행동은 ‘지급’하는 것이 아닙니다.
- G: **관행을 타파하다**가 올바른 표현입니다.
- I: 협상은 보통 ‘타결하다’라고 하며, ‘체결하다’의 목적어가 되기 어렵습니다.
- J: ‘짓무르다’는 주로 살갗 등이 짓무르는 경우에 쓰이며, 감시자가 살갗을 짓무르게 하는 표현은 부적절합니다."
Semantics,Semantic Compatibility,1,H,H,"정답: **H. 목적어가 의미적으로 서술어에 적절하지 않다.**

‘씹다’는 음식이나 물체처럼 **씹을 수 있는 대상을 목적어로 요구**하는데, ‘엊그제’는 시간 명사라서 씹을 수 없습니다. 따라서 문장 성분의 구조나 자릿수에는 문제가 없지만, 목적어와 서술어 사이의 **의미적 결합**이 부적절합니다."
Semantics,Word Relationships,1,C,C,"정답은 **C: 까다롭지만**입니다.

“어렵지만”은 여기서 식물을 가꾸는 일이 **쉽지 않고 신경 쓸 점이 많다**는 뜻이므로, 비슷한 의미의 **“까다롭지만”**이 가장 적절합니다."
Semantics,Semantic Compatibility,1,G,G,"가장 어색한 것은 **G**입니다.

- **G: 교사가 수도권을 출판했다.**
  - **출판하다**는 책이나 논문 등 출판물을 대상으로 하는 동사이므로, 지명인 **수도권**을 목적어로 쓸 수 없습니다.
  - 예: **교사가 수도권에 관한 책을 출판했다.**
  - 또는 **교사가 수도권을 연구했다.**

따라서 정답은 **G**입니다."
Semantics,Semantic Compatibility,1,H,H,"가장 어색한 것은 **H**입니다.

- **H: 여자아이가 여행을 매겼다.**

‘매기다’는 보통 **값·순위·점수·등급 등을 정하다**라는 뜻으로 쓰입니다. 따라서 ‘여행’을 목적어로 삼을 수 없습니다.  
예: *가격을 매겼다*, *순위를 매겼다*.

여기서는 **“여자아이가 여행을 떠났다”** 또는 **“여자아이가 여행을 갔다”**가 자연스럽습니다."
