category,subcategory,level,answer,pred,response
Semantics,Semantic Compatibility,1,E,E,"정답: **E: 민주가 명단을 결심했다.**

‘결심하다’는 보통 **어떤 행동을 하기로 마음먹다**라는 뜻이므로, 목적어로 ‘명단’ 자체를 바로 받는 것은 어색합니다.

- 자연스러운 표현: **민주가 명단을 작성하기로 결심했다.**
- 또는: **민주가 명단 작성을 결심했다.**

나머지 문장들은 다소 문맥에 따라 차이는 있어도 의미상 성립합니다."
Syntax,Agreement,2,H,H,"정답은 **H**입니다.

- 능동문: **시연이가 찬형이를 잡았다.**
- 피동문: **찬형이가 시연이에게 잡혔다.**

능동문의 목적어인 ‘찬형이’가 피동문의 주어가 되고, ‘시연이’는 행위 주체로서 ‘시연이에게’가 되었습니다.

나머지는 대부분 **사동문**(웃기다, 먹이다, 읽히다 등)이거나, 능동·피동의 방향이 반대입니다."
Phonetics/Phonology,Phonological Constraints,1,J,J,"정답: **J. 크+어서 → 커서**

‘크+어서’에서는 어간 모음 **ㅡ**와 어미의 모음 **ㅓ**가 결합하면서 **ㅡ가 탈락**한 현상으로, **모음과 모음 사이의 배열 제약**과 관련된다.

나머지는 모두 자음과 자음이 만날 때 일어나는 탈락, 축약, 된소리되기, 유음화 등의 현상이다."
Phonetics/Phonology,Phonological Alternation,2,C,C,"정답: **C. 밖**

<보기>의 **값[갑], 외곬[외골], 맑게[말께]**에는 겹받침 중 하나의 자음이 탈락하는 **자음군 단순화**가 공통적으로 나타납니다.

- 값: ㅄ → ㅂ
- 외곬: ㄼ → ㄹ
- 맑게: ㄺ → ㄹ

반면 **밖[박]**은 겹받침이 아니라 홑받침 **ㄲ**이 음절 끝에서 대표음 [ㄱ]으로 발음되는 경우이므로 자음군 단순화가 나타나지 않습니다."
Pragmatics,Speech Acts,2,E,E,"정답: **E**

**“다음에는 너도 한 번은 하게 해 주지.”**는 화자가 청자에게 행동을 요구하는 것이 아니라, 화자가 앞으로 청자에게 기회를 주겠다는 **약속·허락의 발화**에 가깝습니다.

나머지는 명령, 요청, 권유, 경고, 불평 등의 방식으로 청자에게 어떤 행동을 하거나 하지 말 것을 요구하는 발화입니다."
Pragmatics,Speech Acts,1,A,A,"정답: **A: 다음달 안으로 알려 드릴게요.**

‘저녁에는 정말로 공부할게요.’처럼 화자가 앞으로 할 행동을 미리 정하고 약속하는 발화는 **“-ㄹ게요”**가 쓰인 A가 가장 알맞습니다.

- **A**: 화자가 ‘알려 드리겠다’는 행동을 하기로 약속함.
- B, C, E 등은 미래의 상황을 예측하거나 진행을 알리는 표현입니다.
- F, I는 상대에게 요청하는 표현입니다.
- H는 ‘못 보겠다’는 의지 또는 상태 표현이지만, 특정 행동을 하기로 약속하는 발화와는 다릅니다."
Pragmatics,Speech Acts,2,G,G,"정답: **G. 내가 뭘 피구를 못하냐?**

의문문 형식을 사용하고 있지만, 실제 의도는 질문이 아니라 **“나는 피구를 못하는 것이 아니다(피구를 잘한다)”**라는 강한 주장·반박을 드러내는 것입니다. 따라서 문장 유형과 발화 의도가 일치하지 않는 간접 표현에 해당합니다."
Pragmatics,Speech Acts,3,G,F,"정답: **F**

- **‘반납 좀 제때제때 하자.’**는 상대방에게 함께 어떤 행동을 하자고 권유하는 말이므로 **청유**에 해당합니다.

다른 선택지의 주요 오류:
- ‘걔가 손 하나 까딱하는 것 봤어?’, ‘내가 너를 하루이틀 보니?’ 등은 실제 답을 요구하는 질문이라기보다 뜻을 강조하는 표현입니다.
- ‘네 동생한테 대신 갔다 오라고 해.’는 상대에게 행동을 시키는 **명령**입니다.
- ‘엄만 그걸 어떻게 알았어?’는 **질문**입니다."
Semantics,Inter-sentence Relations,3,H,H,"정답은 **H**입니다.

- (ㄱ) **꾸미길래**: “무슨 일을 꾸미길래?” = 어떤 일을 계획하고 있기에 부탁하려는지 묻는 표현
- (ㄴ) **졌어서**: “신세를 졌어서” = 이전에 도움을 받았기 때문에
- (ㄷ) **들어봐야지**: “일단 들어봐야지” = 우선 부탁 내용을 들어 보겠다는 자연스러운 반응

따라서 완성된 대화는 다음과 같습니다.

> 수빈: 무슨 일을 **꾸미길래**? 뭐, 생각해보니 저번에 나도 너한테 신세를 **졌어서** 일단 **들어봐야지**."
Semantics,Conjunctions,1,E,E,"정답은 **E: 그러나, 어쩌면, 그 이유는, 아울러**입니다.

완성된 문장:

> 대부분의 사람들이 지구 역사상 가장 큰 동물은 공룡이라고 한다. **그러나** 가장 큰 동물은 현재 우리와 함께 살아가고 있다. 바로 대왕 고래 혹은 흰긴수염 고래라고 불리우는 종이다. **어쩌면** 우리는 지구 역사의 소중한 순간을 살아가고 있을지도 모른다. **그 이유는** 같은 포유류로서 살아있는 전설과 같은 시대에 공존하고 있기 때문이다. **아울러** 이 고래는 큰 체구에 어울리지 않는 민첩함과 지구력으로도 유명하다.

- 공룡이라는 일반적 생각과 현재의 사실이 대비되므로 **그러나**
- 추측의 의미이므로 **어쩌면**
- 앞 문장의 이유를 설명하므로 **그 이유는**
- 추가 정보를 덧붙이므로 **아울러**가 적절합니다."
Semantics,Conjunctions,2,B,B,"정답: **B**

- 큰 일정이 없는 날이다. **덕분에** 밀린 공부를 할 시간이 생겼다.
- **하지만** 그간 미뤄둔 잡무들도 많았다.
- **따라서** 마음먹은 만큼 공부를 하진 못했다.
- **그래도** 할 수 있었다는 사실이 중요하다고 생각한다."
Semantics,Rhetorical Expressions,3,A,C,"정답: **C. 빠른 포기가 권장되는**

문맥은 정부 지원 탈락을 피하기 위해 어떻게든 이달 안에 출시해야 하는 **매우 긴박하고 절박한 상황**입니다. 따라서 서두르거나, 도움·행운·각오가 필요한 표현들이 어울립니다.

반면 **“빠른 포기가 권장되는 상황”**은 일을 계속 추진하기보다 포기하는 것이 낫다는 뜻이므로, 출시를 반드시 성사시켜야 하는 문맥과 가장 맞지 않습니다."
Semantics,Rhetorical Expressions,3,F,G,"정답: **G. 묻지마 거래**

기업의 재무 상태나 전망을 분석하지 않고 시장 이슈만 따라 투자하는 행태는 근거 없이 무분별하게 이루어지는 **“묻지마 투자(거래)”**에 해당합니다.

문장에 넣으면:

> 근래 기업의 재무 상태와 전망에 대한 심도 있는 분석에 기반하지 않고 단순히 시장 이슈에 의존하여 투자하는 현상이 유행함에 따라 주식 시장 전반에 **묻지마 거래**가 퍼지고 있다."
Semantics,Rhetorical Expressions,3,G,H,"정답: **H**

가로등이 “위태로이 길을 인도하고 있었다”는 표현은 무생물인 가로등에 인간의 행동인 ‘인도하다’를 부여한 의인법이다. 또한 ‘어둠이 켜켜이 쌓인다’는 표현도 어둠을 실체적이고 감정적인 대상으로 느끼게 한다. 이를 통해 퇴근길의 고단함과 불안정한 정서를 독자가 공감하도록 유도한다."
Syntax,Argument Structure & Valency,3,A,A,"필수적 부사어는 **A, D**입니다.

- **A: 뱃멀미에 시달리다**  
  → ‘시달리다’는 무엇 때문에 시달리는지 나타내는 부사어가 필요합니다.

- **D: 잉꼬부부로 유명하다**  
  → ‘유명하다’는 무엇으로 유명한지를 나타내는 부사어가 쓰이는 경우가 많으며, 여기서는 ‘잉꼬부부로’가 필수적 부사어입니다.

나머지는 시간, 방법, 장소, 범위 등을 덧붙이는 **수의적 부사어**입니다."
Pragmatics,Discourse Principles,3,C,C,"정답: **C**

- 을의 “편의점 차렸니?”는 실제로 편의점을 차렸다는 뜻이 아니라, 맥주와 과자를 매우 많이 준비한 갑의 행동을 **과장·반어적으로 표현**하여 놀라움 또는 감탄의 태도를 드러낸 말이다.  
- 따라서 문자 그대로의 진실성을 의도적으로 지키지 않은 사례이다."
Semantics,Numeral Classifiers,3,D,D,"정답: **D: 한 축 주문해두겠습니다.**

‘축’은 마른오징어 등을 묶어 세는 단위입니다. 버터오징어용 마른오징어를 주문하는 상황에 적절합니다."
Semantics,Numeral Classifiers,2,E,E,"정답: **E**

회사 잉여 현금의 일부를 금에 투자한다는 맥락에서, 매각 대금과 **30킬로그램**처럼 투자 규모와 단위가 구체적이고 현실적으로 제시된 답변이 가장 적절합니다."
Semantics,Numeral Classifiers,1,I,I,"가장 어색한 문장은 **I**입니다.

> **I: 샐러드엔 오이 한 장이 들어간다.**

오이는 보통 통째로 셀 때 **“한 개”**, 썰어진 경우에는 **“한 조각”** 또는 **“한 슬라이스”**라고 합니다.  
따라서 자연스럽게 고치면 다음과 같습니다.

- 샐러드에는 오이 **한 조각**이 들어간다.
- 샐러드에는 오이 **한 개**가 들어간다. (통오이 기준일 때)

“장”은 종이, 사진, 표처럼 얇고 넓적한 물건을 셀 때 주로 쓰므로 오이와는 잘 어울리지 않습니다."
Semantics,Numeral Classifiers,1,E,E,"가장 어색한 문장은 **E: 우리 집엔 고양이가 한 필 있다.**입니다.

- **‘필’**은 주로 말이나 소처럼 큰 짐승의 수를 세거나, 천·종이 따위를 말아 놓은 단위를 셀 때 씁니다.
- 고양이는 보통 **‘마리’**로 셉니다.

따라서 자연스러운 표현은:

> 우리 집엔 고양이가 한 **마리** 있다."
Syntax,Embedded Clauses,3,I,I,"정답은 **I**입니다.

- **I: “사서님, 이 서점의 베스트셀러는 무엇인가요?”**  
  → 한 문장 안에 다른 문장이 안겨 있지 않은 **홑문장**입니다.

나머지는 관형절, 부사절, 명사절, 인용절, 서술절 등을 포함한 안은문장입니다.  
예를 들어 A의 *“같은 실수가 되풀이되는”*은 관형절이고, F의 *“이미 멸망했음”*은 명사절입니다."
Syntax,Agreement,1,B,B,"정답: **B**

- **뱀장어는 뱃가죽도 뱀처럼 생겼겠군.**
  - ‘-겠군’이 관찰·판단에 따른 **추측**의 의미로 쓰였습니다.
  - 즉, “뱀장어의 뱃가죽도 뱀처럼 생겼을 것이다”라는 뜻입니다."
Syntax,Agreement,3,I,A,"정답은 **A**입니다.

- **A: “누가 뼈대를 깎겠어?”**  
  → ‘-겠-’이 미래나 의지를 나타내는 것이 아니라, **반문을 통해 강한 부정**을 나타냅니다.  
  즉 “아무도 뼈대를 깎지 않을 것이다”라는 뜻입니다.

다른 선지들은 대체로 짝을 이룹니다.

- **의지·다짐**: B(가겠다고), C(다하겠습니다), H(고쳐 주겠어), J(침투하겠다)
- **가능성**: E(할 수 있겠는지), F(갈 수만 있으면)
- **미래의 예측·전망**: G(표기할 것입니다), I(전개될 것이야)
- **희망**: D, F 등은 ‘좋겠다/있으면’의 맥락에서 소망을 드러냄

따라서 다른 보기와 같은 의미 용법으로 묶이지 않는 것은 **A의 반문·부정 용법**입니다."
Syntax,Embedded Clauses,3,D,B,"안은 문장이 **아닌 것**은 **B, D**입니다.

- **B** 맏딸은 개념 없이 말대답했다.  
  → ‘개념 없이’는 부사어일 뿐, 안긴 문장이 없습니다.

- **D** 학생회장은 학생들 앞에서 선서했다.  
  → ‘학생들 앞에서’는 부사어이고, 안긴 문장이 없습니다.

나머지는 관형절·명사절·인용절·서술절 등을 안고 있습니다.  
예를 들어 H, I는 각각 ‘맛이 짜다’, ‘말솜씨가 수준급이다’라는 **서술절을 안은 문장**입니다."
Semantics,Semantic Compatibility,3,C,C,"옳은 것은 **0개**입니다.

- ‘러시아’는 ‘보내온’의 **출발점역**에 해당하며, 장소역·도착점역이 아닙니다.
- ‘알’, ‘철갑상어’, ‘신기’에 제시된 나머지 역할들도 문맥상 해당하지 않습니다.

따라서 정답은 **C**입니다."
Semantics,Semantic Compatibility,2,B,B,"정답: **B**

[동전]은 ‘책갈피로 쓰는 **도구/수단**’의 역할을 합니다.  
B의 [톱] 역시 ‘만드는 데 필요한 **도구**’라는 의미적 역할을 하므로 가장 유사합니다."
Semantics,Semantic Compatibility,2,C,G,"정답: **G**

- 지문에서 **[선봉]**은 “그 친구는 … 선봉이었다”의 **서술어 보어(명사 서술격 ‘이다’의 보어)** 역할입니다.
- G의 **[제주시]**도 “그 도시가 제주시였다”에서 **‘였다’의 보어**로 쓰였습니다.

따라서 가장 유사한 것은 **G**입니다."
Semantics,Semantic Compatibility,3,B,J,"정답: **J**

- 지문에서 **[도다리]**는 광어가 닮았다고 비교되는 **비교 대상(유사성의 기준)**이다.
- **[천사] 같은 우리 선생님**의 [천사]도 선생님을 비유·비교하는 **유사성의 기준**이다.

따라서 가장 유사한 것은 **J: [천사] 같은 우리 선생님이 좋다.** 입니다."
Semantics,Semantic Compatibility,3,B,F,"정답: **F**

- 지문의 **[돌부리]**는 ‘걸려 넘어지게 만든 장애물/원인’의 의미적 역할을 합니다.
- F의 **[다리]** 역시 ‘다리에 걸려 넘어지게 만든 장애물’ 역할입니다.

따라서 의미적 역할이 가장 유사한 것은 **F**입니다."
Semantics,Semantic Compatibility,3,B,B,"정답: **B**

지문의 **[재]**는 숯더미가 변화한 뒤 도달한 **결과 상태/변화의 도착점**을 나타냅니다.

- 숯더미 → 재가 되다

B의 **[7번 아이언]**도 기존 도구를 바꾸어 든 뒤의 **변화 결과로 선택된 대상**이라는 점에서 의미적 역할이 가장 유사합니다.

- 다른 클럽 → 7번 아이언으로 바꾸어 들다"
Semantics,Semantic Compatibility,1,B,B,"정답: **B: [손], [목소리]**

- **[손]으로** 무엇인가를 만지작거린다  
- **[목소리]로** 회의를 시작하였다  

둘 다 어떤 행위를 수행하는 데 쓰인 **수단·도구의 의미적 역할**을 합니다."
Semantics,Semantic Compatibility,2,F,F,"정답: **F: [동식이], [강아지]**

- **동식이와** 텐트를 쳤다 → 화자와 함께 행동하는 **공동 행위자/동반자**
- **강아지와** 뛰어놀고 있었다 → 아이들과 함께 행동하는 **공동 행위자/동반자**

두 대상 모두 조사 ‘와/과’를 통해 나타난 함께 행동하는 상대라는 의미적 역할이 가장 유사합니다."
Syntax,Agreement,3,F,F,"정답: **F**

**“삼촌의 때밀이에 묵은 때가 다 씻겼다.”**의 **씻겼다**는 ‘묵은 때가 씻김을 당했다’는 뜻의 **피동 표현**입니다.  
즉, 누군가가 때를 씻도록 만든 것이 아니라, 묵은 때가 씻어진 것이므로 사동문이 아닙니다.

나머지는 모두 ‘~하게 하다’의 뜻을 가진 사동 표현입니다."
Syntax,Agreement,2,F,F,"정답: **F**

- **신문에 그의 치욕스러운 사진이 실렸다.**
  - ‘실리다’는 ‘싣다’의 **피동 표현**으로, 사진이 신문에 올라간다는 뜻입니다.
  - 사동 표현은 아닙니다.

나머지는 ‘드높이다, 곤두세우다, 굶기다, 그을리다, 누이다, 곧추세우다, 돋우다, 삭이다, 썩이다’처럼 어떤 대상에게 행동이나 상태를 일으키게 하는 **사동 표현**입니다."
Syntax,Agreement,3,A,A,"정답은 **A**입니다.

- **A: 아들이 옆집 개에게 팔뚝을 물렸다.**  
  → ‘아들’이 개에게 물림을 **당한** 것이므로 **피동문**입니다.

나머지는 모두 어떤 대상에게 특정 상태나 행동을 하게 하는 **사동문**입니다.  
예: 고기를 익히다, 농민을 애태우다, 머리를 빗기다, 재갈을 물리다 등."
Syntax,Agreement,3,D,D,"정답은 **D**입니다.

- **D: 거센 바람에 연이 높이 날렸다.**
  - 여기서 ‘날렸다’는 연이 바람을 타고 날아간다는 뜻으로 쓰였으며, 사동 표현으로 보기 어렵습니다.
  - 사동 표현이라면 보통 **“거센 바람이 연을 높이 날렸다.”**처럼 사동 주체가 목적어를 날게 하는 구조가 됩니다.

나머지는 모두 ‘감기다, 괴롭히다, 끓이다, 갈아입히다, 깨우다, 굽히다, 굴리다, 기울이다, 굳히다’ 등 사동의 뜻을 지닌 표현입니다."
Syntax,Agreement,3,J,A,"피동 표현이 없는 문장은 **없습니다.** 제시된 A~J 모두 피동 표현입니다.

- A 억눌렸다 ← 억누르다  
- B 내몰렸다 ← 내몰다  
- C 낚인다 ← 낚다  
- D 내쫓겼다 ← 내쫓다  
- E 떼인다 ← 떼다  
- F 씹혔다 ← 씹다  
- G 집혔다 ← 집다  
- H 가로놓였다 ← 가로놓다  
- I 휘감긴다 ← 휘감다  
- J 뜯겼다 ← 뜯다  

따라서 문제의 선택지에 오류가 있거나, 정답은 **“없음(모두 피동 표현)”**입니다."
Syntax,Agreement,2,G,G,"정답: **G**

**길들인 말에게 재갈을 물렸다.**

여기서 **물렸다**는 ‘물다’의 피동이 아니라, ‘말이 재갈을 물게 하다’라는 뜻의 **사동 표현**입니다.  
즉, (주어가) 길들인 말에게 재갈을 물린 것이므로 피동문이 아닙니다.

- 피동: 말이 재갈을 **물었다** / 재갈이 말에게 **물렸다**(어색하지만 피동 구조)
- 사동: 사람이 말에게 재갈을 **물렸다** = 말이 재갈을 물게 했다

나머지는 모두 ‘걷히다, 널리다, 그을리다, 뒤섞이다, 뜨이다, 잡아먹히다, 얹히다, 가로막히다, 사로잡히다’ 등의 피동 표현입니다."
Syntax,Agreement,2,E,E,"정답: **E**

**그는 내 등에 환자를 업혔다.**에서 ‘업혔다’는 피동이 아니라 **사동**입니다.  
즉, 그는 환자를 내 등에 업게 한 것입니다.

- 피동: *환자가 내 등에 업혔다.*  
- 사동: *그는 내 등에 환자를 업혔다.*  

따라서 피동문이 아닌 것은 **E**입니다."
Pragmatics,Deixis & Reference,3,A,A,"같은 대상을 가리키는 것은 다음과 같습니다.

- **A**: ‘요게[1]’ = ‘저것’  
  → 달달한 시그니처 칵테일을 가리킴.

- **E**: ‘여기[1]’ = ‘거기’  
  → 칵테일을 판매하는 이곳(가게/메뉴가 있는 곳)을 가리킴.

- **I**: ‘거기’ = ‘여기[4]’  
  → 역시 이 가게를 가리킴. ‘여기[4] 시그니처’는 이 가게의 시그니처라는 뜻임.

따라서 정답은 **A, E, I**입니다."
Semantics,Ambiguity,3,J,J,"가장 적절하지 않은 것은 **J**입니다.

- 원문 「그가 좋아한 직원의 지인」은  
  1. **그가 좋아한 직원**의 지인  
  2. **직원의 지인** 중 그가 좋아한 사람  
  으로 나뉘어 해석될 수 있습니다.

- J의 「지우가 좋아했던 직원의 지인」도 마찬가지로  
  1. 지우가 좋아했던 **직원**의 지인  
  2. **직원의 지인** 중 지우가 좋아했던 사람  
  이라는 두 해석이 여전히 가능합니다.

따라서 J처럼 고쳐도 문장이 한 가지 뜻으로만 해석되는 것은 아니므로, **J가 가장 적절하지 않습니다.**"
Syntax,Argument Structure & Valency,3,E,E,"정답: **E**

- **설치하다**:  
  **누가** + **무엇을** + **어디에** 설치하다  
  → 세 자리를 요구하는 서술어입니다.

문장에서는  
- (누가) 생략  
- **백신 프로그램을**: 무엇을  
- **컴퓨터에**: 어디에  

가 나타나므로 세 자리 서술어입니다."
Semantics,Ambiguity,1,G,G,"가장 적절하지 않은 것은 **G**입니다.

- **“친구의 책을 그는 좋아한다.”**도 여전히 중의적입니다.
  - 친구가 **쓴 책**을 좋아한다.
  - 친구가 **가지고 있는 책**을 좋아한다.

어순을 바꾸어 “친구의 책을”을 문두에 놓더라도, ‘친구의 책’이라는 관형 관계 자체의 의미는 해소되지 않습니다. 따라서 중의적이지 않다는 G의 설명이 틀렸습니다."
Syntax,Agreement,2,A,I,"정답: **I**

- **국악인이 명창에게 배운 바를 준수하며 노래했다.**
- ‘준수하다’는 주로 **법, 규칙, 약속, 원칙** 등을 지킨다는 뜻으로 쓰입니다.
- ‘명창에게 배운 바’에는 보통 **따르다, 살리다, 익히다** 등이 더 자연스럽습니다.

예:  
- 국악인이 명창에게 배운 바를 **따르며** 노래했다.  
- 국악인이 명창에게 배운 기법을 **살려** 노래했다."
Syntax,Agreement,2,F,F,"정답: **F**

- `<보기>`의 **절대**는 보통 뒤에 부정 표현(않다, 못하다, 말다, 안 되다 등)과 호응합니다.
- F는 “절대 매서운 겨울이 **올 것이다**”처럼 긍정 서술로 이어져 호응이 자연스럽지 않습니다.

자연스럽게 고치면 예를 들어:

- “가을바람에 뻐꾸기가 운다고 **반드시** 매서운 겨울이 올 것이다.”
- “가을바람에 뻐꾸기가 운다고 **절대** 매서운 겨울이 오지는 않을 것이다.”"
Semantics,Inter-sentence Relations,2,F,F,"정답: **F**

지문에서는 음식과 옷을 보내 달라고 했는데, 전자제품을 포장해 보낸다는 내용은 요청과 관련이 없습니다."
Syntax,Argument Structure & Valency,3,G,G,"정답: **G**

- **알아차리다**: ‘나는 / 낌새를 알아차렸다’처럼  
  **주어 + 목적어**의 두 자리를 요구합니다.

다른 예들은 대체로 한 자리이거나, 목적어 외에 보어·부사어까지 필요한 세 자리 서술어입니다.

- E 변경하다: 무엇을 **어떻게/무엇으로** 변경하다 → 세 자리
- H 제출하다: 무엇을 **누구에게** 제출하다 → 세 자리
- I 간직하다: 무엇을 **어디에** 간직하다 → 세 자리
- J 활용하다: 무엇을 **무엇으로** 활용하다 → 세 자리"
Syntax,Argument Structure & Valency,3,J,H,"두 자리 서술어는 **H, J**입니다.

- **H: 달라졌다** → ‘무엇이 무엇과 달라지다’  
  - 그의 얼굴이 / 이전과 / 달라졌다  
  → 주어 + 부사어의 **두 자리**

- **J: 가꾼다** → ‘누가 무엇을 가꾸다’  
  - 누나는 / 텃밭을 / 가꾼다  
  → 주어 + 목적어의 **두 자리**

따라서 정답은 **H, J**입니다."
Syntax,Embedded Clauses,2,I,I,"정답: **I**

- **옛이야기를 해주시던 할머니가 그리워.**
  - ‘옛이야기를 해주시던’이 명사 **‘할머니’**를 꾸며 주는 **관형절**이다.

나머지는 명사절(-ㅁ, -기, -는지 등)을 안았거나, 이중 주어 구조 등으로 볼 수 있다."
Syntax,Embedded Clauses,2,B,B,"정답: **B**

- **밥상에는 [보리쌀을 섞은] 밥만이 올라왔다.**
  - ‘보리쌀을 섞다’라는 절이 관형사형 어미 **-은**을 통해 뒤의 명사 **‘밥’**을 꾸미고 있으므로 **관형절을 안은 문장**입니다.

다른 선택지는 명사절, 인용절, 부사절 등이거나 단순한 문장 성분입니다.

- D: **중요함을** → 명사절
- E: **내리기에** → 부사절
- F: **먹고살기가** → 명사절
- H: **자수하길** → 명사절
- J: **남았는지가** → 명사절(간접의문절)"
Syntax,Embedded Clauses,2,D,D,"정답은 **D**입니다.

- **D: 나는 [밤이 새도록] 삼나무만을 응시했다.**
  - ‘밤이 새다’가 연결 어미 **‘-도록’**을 통해 뒤의 서술어 ‘응시했다’를 꾸며 줍니다.
  - 즉, ‘얼마 동안 응시했는가’를 나타내는 **부사절(부사어 역할의 안긴문장)**입니다.

다른 예들은 주로 주어, 목적어, 관형어 역할을 합니다.  
예를 들어 B의 ‘이겨 내기’는 주어, E·I의 의문절은 목적어, F·G·H의 절은 관형어 역할입니다."
Syntax,Embedded Clauses,2,F,F,"정답은 **F**입니다.

- **F: 불화살이 _딸꾹질하던_ 빈민에게 명중했다.**
  - 안긴문장: **빈민이 딸꾹질하다**
  - 이를 관형사형으로 바꾼 **‘딸꾹질하던’**이 체언 **‘빈민’**을 꾸미므로, 안긴 문장의 역할은 **관형어**입니다.

참고로,
- E, G, I 등은 명사절
- J는 서술절
- C는 부사절에 해당합니다."
Syntax,Embedded Clauses,1,F,F,"정답: **F**

- **F: 아까 녹여둔 밥을 꺼내오너라.**
  - ‘아까 녹여둔’은 ‘밥’을 꾸며 주는 **관형절(관형어 역할을 하는 안긴문장)**이다.
  - → *어떤 밥?* **아까 녹여둔 밥**

다른 선택지의 안긴문장은 주로 목적어, 부사어, 주어 등의 역할을 한다."
Syntax,Embedded Clauses,2,J,J,"정답은 **J: 막둥이는 도망치다시피 뛰어나갔다.**입니다.

- **‘도망치다시피’**는 뒤의 서술어 **‘뛰어나갔다’**를 꾸며 주는 **부사절**입니다.
- 즉, ‘도망치듯이 뛰어나갔다’라는 뜻으로, ‘도망치다시피’가 부사어 역할을 합니다.

다른 보기들은 주로 명사절이나 관형절을 포함합니다.  
예:  
- A: ‘이기주의자가 … 이상형임’ → 명사절  
- C, G, I: ‘흐느끼던’, ‘입대하는’, ‘있는’ → 관형절  
- F, H: ‘~는지’, ‘~ㄹ지’ → 명사절(간접의문절)"
Pragmatics,Discourse Principles,2,H,H,"정답: **H**

을은 갑의 “하던 일은 이제 거의 다 됐겠네.”라는 추측에 대해 직접 “아니”라고 말하지 않고, “오늘 야근 확정이야.”라고 말한다. 이는 겉으로는 갑의 발화에 바로 답하지 않아 관련성의 원리를 의도적으로 위반한 것처럼 보이지만, 실제로는 일이 아직 끝나지 않았음을 드러내어 갑의 추측을 **간접적으로 반박**한 것이다."
Pragmatics,Discourse Principles,1,H,H,"정답: **H**

갑이 내일 날씨를 묻는데 을은 “무릎이 쑤신다”고 직접적으로 관련 없어 보이는 말을 합니다. 이는 흔히 **무릎 통증이 비가 오기 전의 징후**라는 인식을 이용하여, 내일 비가 올 것이라는 뜻을 간접적으로 전달한 것입니다.  

즉, 겉으로는 관련성을 지키지 않는 듯하지만 의도적으로 관련성의 격률을 어겨 함축을 만들어 낸 사례입니다."
Semantics,Ambiguity,3,F,F,"정답: **F**

- 주말에 시장에서 **장을** 봤다.  
- 연필 한 **자루를** 깎았다.

‘장’은 첫 문장에는 맞지만, 연필을 셀 때는 ‘한 장’이 아니라 **‘한 자루’**라고 해야 하므로 동시에 들어갈 수 없습니다."
Phonetics/Phonology,Phonological Alternation,3,F,F,"정답: **F. 뱃길**

<보기>의 공통 현상은 뒤 형태소가 **‘이, 야, 여, 요, 유’**로 시작할 때 앞말의 받침 뒤에 **ㄴ이 첨가되는 현상**입니다.

- 솜이불 → [솜**ㄴ**이불] → [솜니불]
- 장식용 → [장식**ㄴ**용] → [장싱뇽]
- 결막염 → [결막**ㄴ**염] → [결망념]

반면 **뱃길**은 ‘뱃+길’로, 뒤의 ‘길’이 ㄱ으로 시작하므로 ㄴ 첨가가 일어나지 않습니다.  
발음에서는 된소리되기 등이 나타날 수 있지만 ㄴ 첨가는 아닙니다.

참고로 **할 일[할릴]**은 ‘할+ㄴ+일’에서 ㄴ 첨가 뒤 유음화가 일어난 결과로 볼 수 있습니다."
Semantics,Word Relationships,2,G,G,"정답: **G**

- **가슴에 못을 박다**는 남의 마음에 **큰 상처나 고통을 주다**라는 뜻입니다.
- 여기서 ‘못’은 ‘나사’가 아니라 **마음속 상처**를 비유적으로 나타냅니다."
Syntax,Embedded Clauses,2,B,B,"정답: **B**

- 안긴 문장을 복원하면: **“너를 그리워하면 조만간 비가 온다.”**
- 이 안긴 문장의 중심 서술어는 **‘오다’**이며,  
  - 주어: **비가**
  - 서술어: **온다**
  
따라서 서술어 **‘오다’는 주어 하나만 필요한 한 자리 서술어**이다.

※ ‘너를 그리워하면’의 ‘그리워하다’는 부사절 내부의 서술어이고, 안긴 문장 전체의 중심 서술어는 ‘온다’이다."
Syntax,Embedded Clauses,1,C,C,"정답은 **C**입니다.

- **C: 그이는 나를 내 친구가 소개해줬다고 말했다.**
  - ‘내 친구가 소개해줬다고’는 말한 내용이 직접 인용된 **인용절 안긴 문장**이다.

나머지는 다음과 같이 잘못 분류되었다.

- **A**: ‘일하고 싶지 않은’ → ‘날’을 꾸미는 **관형절**
- **B**: ‘우리가 이제 만날’ → ‘인물’을 꾸미는 **관형절**
- **D**: ‘저 하늘에 날아다니는’ → ‘새’를 꾸미는 **관형절**
- **E**: ‘내가 학교에서 친구들과 함께 간’ → ‘떡볶이 집’을 꾸미는 **관형절**
- **F**: ‘어른 같았던’ → ‘초등학교 친구’를 꾸미는 **관형절**이 있으므로 안긴 문장이 없음이 아님.
- **G**: ‘만나 뵐 수 있어서’ → 이유를 나타내는 **부사절**
- **H**: ‘내가 어제 먹은’ → ‘메뉴’를 꾸미는 **관형절**
- **I**: ‘내가 너를 좋아하겠다는’ → ‘말’을 꾸미는 **인용절**
- **J**: ‘내가 옛날에 밥을 사 줬던’ → ‘친구’를 꾸미는 **관형절**

따라서 **올바른 것은 C**이다."
Semantics,Numeral Classifiers,1,E,E,"정답: **E**

**“쇠고기 한 말”**은 자연스럽지 않습니다.  
‘말’은 쌀·보리·콩 등 곡식이나 액체의 부피를 재는 단위이므로, 쇠고기에는 보통 **근, 킬로그램, 점** 등을 씁니다.

- 자연스러운 표현: **쇠고기 한 근**, **쇠고기 1킬로그램**  
- 부자연스러운 표현: **쇠고기 한 말**"
Semantics,Numeral Classifiers,1,G,G,"정답: **G: 한 권 남았어요.**

문제집이나 책은 보통 분류사 **‘권’**을 사용합니다.  
→ “문제집 재고가 얼마나 남았어요?”  
→ “한 권 남았어요.”"
Semantics,Semantic Compatibility,1,D,D,"정답: **D. 이해관계를 인상하다**

- **인상하다**는 보통 가격, 임금, 세율, 금리처럼 수치적으로 올릴 수 있는 대상을 목적어로 합니다.
- **이해관계**는 ‘인상’의 대상이 되기 어렵습니다.  
  → 예: *이해관계를 조정하다*, *이해관계가 얽히다* 등으로 표현합니다.

따라서 서술어와 논항의 의미적 호응이 어색한 것은 **D**입니다."
Syntax,Agreement,2,E,E,"올바르게 연결된 것은 **E**입니다.

| 항목 | 문장의 ‘-겠/-을 것’ 의미 | 제시된 설명 | 판정 |
|---|---|---|---|
| A | 가능 | 추측 | × |
| B | 의지 | 가능 | × |
| C | 상대의 의향을 묻는 표현(의지·청유/부탁) | 가능 | × |
| D | 가능 또는 판단 | 추측 | × |
| E | 추측 | 추측 | ○ |
| F | 의지 | 완곡 | × |
| G | 추측·전망 | 의지 | × |
| H | 의지 | 추측 | × |
| I | 가능 | 추측 | × |
| J | 추측 | 의지 | × |

따라서 정답은 **E: “스트레스가 그렇게 많으니 힘들겠네.” → 추측**입니다."
Syntax,Embedded Clauses,3,C,C,"정답: **C**

**C: 엄마는 제주도에서 생각에 잠기곤 한다.**  
- 주어(엄마는)와 서술어(잠기곤 한다)가 하나인 홑문장입니다.  
- ‘제주도에서’는 부사어일 뿐, 안긴 절이 아닙니다.

참고로 **I**는 겉보기에는 홑문장 같지만, 학교 문법에서는  
- `이 소설가는 [필력이 매우 좋다]`  
처럼 **서술절을 안은 문장**으로 봅니다.  
‘필력이 매우 좋다’가 전체 문장에서 ‘이 소설가는’에 대한 서술 기능을 하기 때문입니다."
Syntax,Embedded Clauses,3,J,C,"안은 문장이 아닌 것은 **C, J**입니다.

- **C: 반장은 말도 없이 자리를 비웠다.**  
  → ‘말도 없이’는 부사어일 뿐, 안긴 문장이 아닙니다.

- **J: 오늘 나는 과제를 해치우려고 한다.**  
  → ‘해치우려고’의 ‘-려고’는 목적을 나타내는 연결 어미로, 안은 문장을 만드는 표현이 아닙니다.

나머지는 명사절, 관형절, 인용절, 서술절 등의 안긴 문장을 포함합니다.  
따라서 문제에서 답을 하나만 요구한다면 문항에 오류가 있을 가능성이 있습니다."
Syntax,Embedded Clauses,2,E,E,"정답: **E**

- **의사는 [흑사병이 완치될 수 없음을] 호언장담했다.**
- ‘흑사병이 완치될 수 없다’라는 문장이 **‘-ㅁ’**으로 명사절이 되어, ‘호언장담했다’의 목적어 역할을 합니다.  
  → **명사절을 안은 문장**입니다."
Syntax,Embedded Clauses,2,E,E,"정답: **E**

> 아주버니는 **사람 보는 안목이 대단하시다.**

이 문장은 ‘아주버니는’에 대해 설명하는 **서술절**인  
‘사람 보는 안목이 대단하시다’가 안긴 문장입니다.

또한 ‘사람 보는’은 ‘안목’을 꾸며 주는 **관형절**이기도 합니다."
Syntax,Embedded Clauses,1,E,E,"정답: **E**

- **내 친구가 [그 배우는 뭔가 어설프다]고 하더라.**
- ‘그 배우는 뭔가 어설프다’라는 문장이 **‘-다고’**의 형태로 안겨 있으므로 안은문장이다.  
- 전체 문장은 인용절을 안은 문장이다."
Syntax,Embedded Clauses,2,C,C,"정답: **C. 관희는 의외로 인상이 좋다.**

- ‘관희는’이 전체 문장의 주어이고,
- ‘의외로 인상이 좋다’가 서술어 구실을 하는 **서술절**입니다.

즉, **[관희는 [의외로 인상이 좋다]]**처럼 서술절을 안은 문장입니다."
Syntax,Embedded Clauses,2,D,D,"정답: **D**

- **팥빙수가 [이가 시리게] 차갑다.**
- ‘이가 시리게’는 **‘이가 시리다’**라는 문장이 ‘-게’로 바뀌어, 뒤의 서술어 ‘차갑다’를 꾸며 주는 **부사절**입니다.  
  따라서 **부사절을 안은 문장**입니다."
Syntax,Agreement,2,H,H,"정답: **H**

**동료가 내 노력에 대해 과소평가하고 있다.**

‘과소평가하다’는 어떤 대상에 대해 낮게 평가하는 **판단·인식의 상태**를 나타낼 수 있으므로, 여기의 ‘-고 있다’는 행동이 진행되는 뜻보다는 **상태가 계속됨**을 나타냅니다.

나머지는 대부분 알짱거리기, 뒷걸음치기, 흡수하기, 악쓰기 등 실제 행동이나 과정이 진행되는 의미입니다."
Syntax,Agreement,3,E,E,"정답: **E**

**“그는 분명 나를 업신여기고 있다.”**에서 ‘업신여기다’는 상대를 낮추어 보는 **심리적·태도적 상태**를 뜻하므로, ‘-고 있다’는 **상태의 지속**을 나타낸다.

나머지는 대체로 실제 동작이나 변화가 진행되는 뜻이다."
Syntax,Agreement,1,A,A,"정답: **A. 난 그게 거짓이라고 가정하고 있다.**

‘가정하고 있다’는 어떤 내용을 사실로 전제하는 **생각·판단의 상태가 계속됨**을 나타낸다. 따라서 ‘-고 있-’이 **상태의 지속**을 뜻한다.

나머지는 대체로 행동이나 움직임이 진행 중임을 나타낸다."
Syntax,Agreement,3,A,A,"동작이나 변화가 진행 중임을 나타내는 것은 **A, D, H, I**입니다.

- **A** 아기가 새근거리고 있다. → 새근거리는 동작이 진행됨  
- **D** 발언이 문제시되고 있다. → 문제로 삼는 일이 진행됨  
- **H** 심적 부담이 가중되고 있다. → 부담이 커지는 변화가 진행됨  
- **I** 슬픔이 복받치고 있다. → 슬픔이 밀려오는 변화가 진행됨  

반면 B, C, E, F, G, J는 주로 감정·태도·인식·능력 등의 **상태가 지속됨**을 나타냅니다."
Syntax,Agreement,1,F,F,"정답: **F**

**“내 잘못이 걸릴까봐 조마조마하고 있다.”**

‘조마조마하다’는 마음의 상태를 나타내므로, 여기의 **‘-고 있다’는 조마조마한 상태가 계속됨(상태의 지속)**을 의미합니다.

나머지는 대부분 어떤 행동이 진행 중임을 나타내는 **동작의 진행**입니다."
Syntax,Agreement,1,E,E,"정답으로 의도된 것은 **E: 태풍이 도시를 강타하고 있다.**입니다.

- **강타하다**는 태풍이 도시를 치는 **동작이 현재 진행 중**임을 나타내므로, ‘-고 있다’가 동작의 진행을 뜻합니다.

다만 엄밀히 말하면 **G의 ‘고심하고 있다’**도 ‘현재 고민하는 중이다’라는 의미로 쓰일 수 있어 진행의 뜻이 가능하므로, 문맥 없이 “하나만” 고르는 문제로는 다소 애매할 수 있습니다.  
시험식 분류에서는 보통 E를 가장 전형적인 **동작 진행**으로 봅니다."
Syntax,Agreement,1,B,B,"정답: **B**

**햄스터가 내 발을 간지럽히고 있다.**

‘간지럽히다’는 실제로 진행 중인 동작을 나타내므로, 여기의 **‘-고 있다’는 동작의 진행**을 뜻합니다.

나머지는 주로 감정·상태·성질 또는 관계의 지속을 나타내는 표현입니다."
Syntax,Agreement,1,H,H,"정답은 **H, E 둘 다 ‘동작의 진행’으로 볼 수 있어 문제에 복수 정답 가능성이 있습니다.**

- **E. 그들은 중대한 시련을 극복하고 있다.**  
  → ‘극복하다’라는 행위가 진행 중임.

- **H. 여동생이 내 앞에서 종알거리고 있다.**  
  → ‘종알거리다’라는 말하는 동작이 진행 중임.

다만 출제자가 하나만 고르라고 했다면, 보통은 **H**를 가장 전형적인 ‘동작의 진행’ 예로 의도했을 가능성이 큽니다.  
하지만 **E도 문법적으로 동작 진행을 분명히 나타내므로**, 문항 자체가 엄밀하지 않습니다."
Morphology,Word Formation,3,G,C,"정답: **C. 날생선**

- **날생선 = 날 + 생선**  
  두 실질 형태소가 결합한 **합성어**이다.

나머지는 대체로 접사 결합에 의한 파생어이거나 단일어로 본다."
Syntax,Embedded Clauses,3,D,D,"정답: **D**

- **평양냉면은 [맛이 삼삼하다].**
  - ‘맛이 삼삼하다’는 주어와 서술어를 갖춘 **서술절**이며,
  - 전체 문장에서 ‘평양냉면은’에 대해 서술하는 **서술어 역할**을 합니다.

따라서 안긴 문장의 역할이 서술어인 것은 **D**입니다."
Syntax,Embedded Clauses,2,F,F,"정답: **F**

- **밀렵꾼이 [말버릇이 참 고약하다].**
- 안긴 문장 **‘말버릇이 참 고약하다’**가 바깥 문장인 ‘밀렵꾼이’의 **서술어 역할**을 합니다.

따라서 안긴 문장의 역할이 서술어인 것은 **F**입니다."
Syntax,Argument Structure & Valency,1,D,D,"정답: **D**

- <보기>의 **차입하다**:  
  **국가가** / **중앙은행에서** / **거액을** 차입했다  
  → 주체, 상대·출처, 대상의 **세 자리 서술어**

- D의 **가미하다**:  
  **요리사가** / **칵테일에** / **순금을** 가미했다  
  → 행위 주체, 첨가 대상, 첨가물의 **세 자리 서술어**

따라서 <보기>와 서술어가 요구하는 자릿수가 같은 것은 **D**이다."
Syntax,Argument Structure & Valency,3,I,G,"<보기>의 서술어 **‘옭아매다’**는  
- 노파가(주어)  
- 풀을(목적어)  
의 두 자리를 요구하는 **두 자리 서술어**입니다.

같은 두 자리 서술어가 쓰인 것은 다음입니다.

- **G** 오늘 출항은 오랜만에 **만선이었다**.  
  → ‘만선이다’: 주어 + 보어

- **J** 내 인생이 유배지에서까지 **식모살이라니**…  
  → ‘식모살이(이)다’: 주어 + 보어

따라서 정답은 **G, J**입니다."
Syntax,Agreement,2,I,I,"정답: **I**

<보기>의 **‘백부님께’, ‘드리고’**는 행동의 대상인 백부님을 높이는 **객체 높임법**입니다.

- **I: 회장님께 검사 맡아라.**  
  → ‘회장님께’에서 회장님을 높이고 있으므로 객체 높임법이 쓰였습니다.

다른 선택지의 ‘-시-’는 대체로 행동의 주체를 높이는 **주체 높임법**입니다."
Syntax,Argument Structure & Valency,2,C,C,"정답: **C**

- <보기>: (누가) **아이의 다리에** **스타킹을** 신겼다  
  → ‘신기다’는 주어 외에 ‘~에/에게’와 ‘~을’을 요구하는 **세 자리 서술어**이다.

- C: (누가) **망고에** **버터를** 곁들이다  
  → ‘곁들이다’ 역시 주어 외에 ‘~에’와 ‘~을’을 요구하는 **세 자리 서술어**이다."
Syntax,Argument Structure & Valency,2,E,E,"정답: **E**

- `<보기>`: (누가) **친자식에게** **자산을** 배분했다.  
  → ‘배분하다’는 **주체 + 대상(무엇을) + 수혜자(누구에게)**의 3자리 서술어입니다.

- E: (누가) **자금을** **은행에** 예금했다.  
  → ‘예금하다’도 **주체 + 대상(무엇을) + 장소/상대(어디에)**의 3자리 서술어입니다.

따라서 `<보기>`와 서술어가 요구하는 자릿수가 같은 것은 **E**입니다."
Semantics,Semantic Compatibility,3,A,D,"정답: **D: [날씨], [추위]**

- **[날씨]**: ‘낮은 날씨로 인해’에서 ‘추워서 떤’ 일의 **원인**
- **[추위]**: ‘추위에 떨다’에서 ‘떤’ 행위의 **원인**

두 표현 모두 화자가 떠는 상황을 일으킨 **원인·이유**의 의미적 역할을 합니다."
Semantics,Semantic Compatibility,3,B,I,"정답: **I: [회사3], [집1]**

두 표현은 모두 이동의 **출발점(출발지·기점)** 역할을 합니다.

- **[집1]에서 [회사2]까지** 이동하다 → [집1]: 출발지
- **[회사3]에서 [집2]까지** 이동하다 → [회사3]: 출발지

따라서 의미적 역할이 가장 유사한 것은 **[회사3], [집1]**입니다."
Syntax,Argument Structure & Valency,3,H,C,"격조사는 다음 5개입니다.

- 번**에**
- 학회**에서**
- 입장문**에**
- 내후년**부터**
- 제도**가**

따라서 정답은 **C: 5**입니다."
Morphology,POS & Morphemes,3,B,B,"정답은 **B**입니다.

- **‘세계적’**은 품사가 **명사**입니다.  
- 문장에서는 ‘세계적+으로’의 형태로 쓰여 전체적으로 부사어 구실을 하지만, 따옴표 안의 **‘세계적’ 자체가 부사인 것은 아닙니다.**

따라서 알맞지 않은 짝은 **B: ‘세계적’ - 부사**입니다."
Syntax,Argument Structure & Valency,3,A,E,"정답: **E. 6**

- **충성을 다하여**: ‘다하다’ → 주어 + 목적어 = **2자리**
- **괴로우나**: ‘괴롭다’ → 주어 = **1자리**
- **즐거우나**: ‘즐겁다’ → 주어 = **1자리**
- **나라 사랑하세**: ‘사랑하다’ → 주어 + 목적어 = **2자리**

따라서 \(2+1+1+2=6\)입니다."
Morphology,Verbal Conjugation,3,C,B,"틀린 서술은 **B, C**입니다.

- **B**: ‘들르다’는 **르 불규칙 활용**을 합니다.  
  - 들르다 → 들러, 들렀다

- **C**: ‘앞서거나 빠르다’의 뜻인 ‘이르다’도 **르 불규칙 활용**을 합니다.  
  - 이르다 → 일러, 일렀다

나머지는 옳습니다."
Syntax,Ellipsis,3,D,I,"옳지 않은 것은 **I**입니다.

- **‘개발새발’**은 ‘괴발개발’의 잘못된 표기이지만, 그 뜻은 여전히 **글씨를 아무렇게나 써 놓은 모양**입니다.
- 따라서 ‘개발새발’이 **개의 발과 새의 발이라는 의미**라는 설명은 옳지 않습니다.

참고로 원형인 **‘괴발개발’**은 본래 ‘고양이 발과 개 발’이라는 뜻에서 나온 말입니다."
Phonetics/Phonology,Phonological Constraints,2,H,H,"정답: **H. 오뚝이**

‘오뚝이’는 양성 모음 **ㅗ**와 음성 모음 **ㅜ**가 함께 쓰여 모음조화를 어긴 예입니다.  
반면 다른 보기들은 대체로 양성 모음끼리 또는 음성 모음끼리 어울립니다."
Pragmatics,Discourse Principles,2,D,D,"정답은 **D**입니다.

을의 “이틀을 쫄쫄 굶었더니 배가 너무 고파서요.”는 실제로 이틀 동안 굶었을 가능성도 있으므로, 발화 자체만으로는 의도적으로 근거 없는 말이나 명백한 거짓말이라고 보기 어렵습니다.

반면 다른 선택지들은 반어, 과장, 성급한 일반화, 근거 없는 추측 등을 통해 사실과 다르거나 근거가 부족한 내용을 의도적으로 말하고 있습니다."
Pragmatics,Social Relationship Marking,2,G,G,"정답: **G**

- 갑: “곧 상담 주간이니까 부모님 모시고 와라.”
- 을: “엄마 바쁜데요.”

상담 주간에 학생이 부모님을 학교로 모셔 오라고 하는 말은 **교사가 학생에게 하는 말**이므로, 두 화자는 사제 관계이다."
Pragmatics,Speech Acts,2,C,C,"정답: **C**

**C: “그 잘나신 선생은 그래서 어디 있소?”**는 화자가 그 선생이 **어디에 있는지 알지 못해 실제로 위치를 묻는 발화**로 볼 수 있습니다.

나머지는 대부분 비난, 반박, 감탄, 촉구 등의 의미를 담은 **수사의문문**입니다."
Pragmatics,Speech Acts,3,F,J,"정답: **J**

‘이제 그만 나가 주셔야겠습니다.’는 겉으로는 ‘나가야 한다’는 서술이지만, 실제로는 상대에게 **나가 달라고 요구하는 간접 화행**입니다.

A~I는 질문, 서술, 희망 표현 등을 통해 손 씻기, 떠나기, 만지지 않기, 빨리 가기, 예약하기 등의 요구를 **간접적으로** 전달합니다.

반면 **J의 ‘보던 책은 집어넣자’**는 ‘-자’라는 청유형 종결 표현을 사용하여 책을 집어넣자는 행위를 **직접적으로 제안·지시**하고 있으므로, 간접 화행의 예로 보기 가장 어렵습니다."
Pragmatics,Speech Acts,2,A,A,"정답: **A**

- **A: “다음에는 너도 한 번은 하게 해 주지.”**  
  화자가 미래에 청자에게 어떤 기회를 주겠다는 **약속/허락**의 의미이지, 청자에게 무엇을 하거나 하지 말라고 요구하는 발화는 아닙니다.

나머지는 직접적 또는 간접적으로 부탁, 권유, 요청, 금지 등의 의미를 담고 있습니다."
Syntax,Embedded Clauses,2,G,A,"제시된 보기 중에는 **부사절을 안은 문장이 없습니다.**

부사절은 보통 `-이/-게`, `-도록`, `-어서`, `-면`, `-니까` 등으로 만들어져 문장 전체의 부사어 구실을 합니다.

보기의 안은문장 유형은 대체로 다음과 같습니다.

- A, H: `-는지`를 통한 간접의문절(명사절적 기능)
- B, E: 서술절을 안은 문장  
  - 예: “순화마을은 **입구의 오르막이 가파르다**.”
- C, F, I: 관형절을 안은 문장
- D, G, J: 명사절을 안은 문장  
  - 예: “무죄**임을**”, “자**기**”, “방문하**기를**”

따라서 문제에 오류가 있거나, 보기가 하나 누락된 것으로 보입니다."
Syntax,Embedded Clauses,1,C,C,"정답: **C**

- **삼촌은 [숨이 차도록] 한참을 달렸다.**
  - ‘숨이 차도록’은 ‘달렸다’를 꾸며 주는 **부사절**이므로, 안긴 문장의 역할은 **부사어**이다.

다른 선택지들은 주로 목적어, 주어, 관형어, 서술어 등의 역할을 한다."
Syntax,Embedded Clauses,2,H,H,"정답은 **H**입니다.

**H: 밀렵꾼이 말버릇이 참 고약하다.**

- 안긴 문장: **말버릇이 참 고약하다**
- 이 안긴 문장은 주어인 **밀렵꾼이**를 서술하는 역할을 하므로, **서술절**입니다.

즉 구조는 다음과 같습니다.

- 밀렵꾼이 / [말버릇이 참 고약하다]
- 주어 / 서술어 역할을 하는 안긴 문장

다른 선택지들은 관형절, 명사절(주어·목적어), 부사절 등에 해당합니다."
Syntax,Argument Structure & Valency,2,C,C,"정답: **C**

- **지금 시즌이 <비수기까진> 아닐 것이다.**
- ‘비수기까지는’은 서술어 **‘아니다’**의 뜻을 보충하는 **보어**입니다.  
  → “시즌이 무엇이 아니다”에서 ‘무엇’에 해당합니다.

나머지는 모두 동작의 대상을 나타내는 목적어입니다."
Syntax,Agreement,2,F,F,"정답: **F, J**

- **F: 이 주사위는 평범한 주사위일 것이다.**  
  → 주사위의 정체를 확실히 알지 못한 상태에서 화자가 **짐작**하고 있다.

- **J: 회전이 느린 팽이는 더 오래 돌 수 없을 것이다.**  
  → 팽이의 회전 상태를 보고 결과를 **추측**하고 있다.

나머지는 주로 의지·다짐·권유·가능·미래 계획을 나타내거나 의문문이다.  
예를 들어 A, C, D는 ‘해야겠다’로 화자의 결심이나 다짐을, I는 미래 계획을 나타낸다."
Syntax,Argument Structure & Valency,2,H,H,"정답: **H**

- **너만**: ‘오면’의 주어입니다.  
  → “너만 오면” = ‘너’가 오는 경우

나머지 꺽쇠 속 말들은 모두 뒤의 서술어에 대한 목적어입니다."
Syntax,Agreement,1,E,E,"정답: **E**

- **거짓말투성이인 사람과는 이제 작별하겠습니다.**
  - ‘-겠습니다’은 화자의 **의지·계획**을 나타낸다.
  - 즉, 화자가 앞으로 그 사람과 작별하겠다는 결심을 표현한 것이다.

나머지는 주로 추측, 가능성, 상태 판단 등을 나타낸다."
Syntax,Argument Structure & Valency,2,G,G,"정답: **G**

- **나만큼 비참한 <사람도> 있을까?**
  - ‘사람도’는 서술어 **있을까**의 주어입니다.
  - 뜻: “나만큼 비참한 사람이 또 있을까?”

나머지는 각각 ‘느끼게 하다, 제출하다, 수집하다, 사다, 타다, 먹다, 들이켜다, 베끼다, 보다’의 목적어입니다."
Syntax,Argument Structure & Valency,2,H,H,"정답: **H**

- **습관은** 참으로 무서운 거야.  
  → ‘습관은’은 ‘무서운 것’의 주체이므로 **주어**입니다.  
  → 즉, 목적어가 아닙니다.

나머지는 모두 동작의 대상이 되는 목적어입니다."
Syntax,Argument Structure & Valency,3,A,A,"정답: **A**

- **영미의 오 점 슛이** 승리의 **물꼬가** 되었다.
- 여기서 주어는 **‘영미의 오 점 슛이’**이고, **‘물꼬가’**는 서술어 ‘되었다’의 보어입니다.

나머지 꺾쇠 속 말들은 모두 문장의 주어 역할을 합니다."
Syntax,Agreement,1,E,E,"정답: **E**

- **범죄자는 모조리 검거하고 말겠다.**
  - 선어말어미 **‘-겠-’**이 화자의 **의지·결심**을 나타냅니다.
  - 특히 **‘-고 말겠다’**는 앞으로 반드시 그 일을 **완성하겠다는 강한 의도**를 드러냅니다.

나머지의 ‘-겠-’이나 ‘-ㄹ 것이다’는 주로 추측, 가능성, 미래 예상 등의 의미입니다."
Pragmatics,Speech Acts,3,B,B,"정답: **B**

‘불 좀 빌립시다.’는 겉으로는 함께 하자는 청유의 형식이지만, 실제로는 상대방에게 불을 빌려 달라고 **요청**하는 간접 화행입니다.

반면 **B “내일부터 같이 운동할래요?”**는 상대방에게 함께 운동하자고 **제안·권유**하는 말로, 상대방에게 어떤 일을 해 달라고 요청하는 기능과는 다소 다릅니다."
Syntax,Argument Structure & Valency,1,F,F,"정답: **F**

- **바닷물이 반짝거린다**  
  → 서술어 **‘반짝거리다’**는 주어만 요구하는 **한 자리 서술어**입니다.

다른 서술어들은 목적어·부사어 등을 함께 요구하는 두 자리 이상 서술어입니다.  
예: ‘배우다(무엇을 배우다)’, ‘펴다(무엇을 펴다)’, ‘기대다(어디에 기대다)’, ‘당기다(무엇을 당기다)’ 등."
Syntax,Agreement,3,I,I,"정답: **I**

**“삼촌의 때밀이에 묵은 때가 다 씻겼다.”**의 **씻겼다**는 ‘씻다’의 피동 표현으로, 묵은 때가 씻김을 당했다는 뜻입니다. 즉 **피동문**입니다.

나머지는 모두 ‘신기다, 늦추다, 읽히다, 가라앉히다, 건네다, 업히다’ 등으로 어떤 대상에게 행동·상태 변화를 하게 하는 **사동 표현**입니다."
Syntax,Agreement,2,F,F,"피동문이 아닌 것은 **F**입니다.

- **F: 누나가 무거운 짐을 내 손에 들렸다.**
  - 여기서 **들리다**는 ‘들다’의 피동이 아니라, 누나가 짐을 내 손에 **들게 하였다**는 뜻의 **사동 표현**입니다.
  - 즉, 누나가 어떤 행동을 하게 만든 것이므로 피동문이 아닙니다.

나머지는 모두 ‘사로잡히다, 널리다, 얹히다, 잡아먹히다, 걷히다, 뜨이다, 가로막히다, 뒤섞이다, 그을리다’ 등의 피동 표현이 쓰인 문장입니다."
Syntax,Agreement,2,A,A,"정답: **A**

**A: 그는 내 등에 환자를 업혔다.**

- ‘업히다’는 문맥에 따라 피동 또는 사동이 될 수 있습니다.
  - **환자가 내 등에 업혔다** → 환자가 누군가에게 업힌 것: 피동
  - **그는 내 등에 환자를 업혔다** → 그가 환자를 내 등에 타게/업게 한 것: 사동

A에서는 목적어인 **‘환자를’**이 있으므로, ‘그가 환자를 업게 했다’라는 뜻의 **사동문**입니다.

나머지는 모두 ‘치이다, 쓰이다, 갈리다, 담기다, 믿기다, 이끌리다, 실리다, 뒤틀리다, 몰리다’ 등의 피동 표현이 쓰인 문장입니다."
Syntax,Agreement,3,I,I,"정답: **I**

**“악장이 그에게 튜바를 불렸다.”**의 **불렸다**는 피동이 아니라 사동 표현입니다.

- 그가 튜바를 불다 → 악장이 그에게 튜바를 **불리다**
- 즉, 악장이 그에게 튜바를 불게 했다는 뜻입니다.

나머지는 모두 ‘-기-, -리-, -히-, -이-’ 등이 쓰인 피동 표현이거나 피동의 의미를 지닌 문장입니다."
Syntax,Agreement,1,G,G,"엄밀히 말하면 **정답이 하나가 아닙니다.**

- **G: 여동생이 내 앞에서 종알거리고 있다.**  
  → ‘종알거리다’라는 말하는 동작이 현재 진행 중임.

- **H: 그들은 중대한 시련을 극복하고 있다.**  
  → ‘극복하다’라는 행위가 진행 중임.

따라서 일반적인 문법 기준에서는 **G와 H 모두 ‘동작의 진행’**에 해당합니다.

다만 출제자가 하나만 고르도록 의도했다면, 가장 전형적인 동작 진행 표현은 **G**로 볼 수 있습니다."
Syntax,Agreement,1,G,G,"정답으로는 **G: 태풍이 도시를 강타하고 있다.**가 가장 적절합니다.

‘강타하다’는 태풍이 도시를 치는 **동작이 실제로 진행 중**임을 나타내므로, ‘-고 있다’가 진행의 뜻으로 쓰였습니다.

다만 **F의 ‘고심하고 있다’**도 문맥에 따라 ‘깊이 생각하는 과정이 진행 중’이라는 뜻으로 해석될 여지가 있습니다. 그러나 문제에서 하나만 고르라면, 가장 명확한 동작 진행 표현은 **G**입니다."
Syntax,Embedded Clauses,2,E,E,"정답: **E. 일본은 자판기가 유명하다.**

- ‘자판기가 유명하다’가 하나의 완결된 문장 구조를 이루면서, 전체 문장에서 ‘일본은’에 대해 서술하는 **서술절** 역할을 합니다.

다른 선택지들은 주로 부사절, 명사절, 관형절 등을 안은 문장입니다."
Syntax,Embedded Clauses,3,J,J,"정답: **J**

**J: 이 휘발유는 구린내가 심하다.**

- 안긴 서술절: **구린내가 심하다**
- 전체 문장에서는 이 서술절이 ‘이 휘발유는’을 서술하는 역할을 합니다.

즉,  
> 이 휘발유는 **[구린내가 심하다]**.

와 같이 분석되므로 **서술절을 안은 문장**입니다.

참고로 G, I 등은 ‘-음’, ‘-기’ 등이 붙은 **명사절**을 안은 문장입니다."
Syntax,Embedded Clauses,2,G,G,"정답: **G**

**이 통조림은 [뚜껑이 꽤 작다].**

- ‘뚜껑이 꽤 작다’는 주어 **‘이 통조림은’**에 대해 서술하는 안긴 문장입니다.
- 즉, 안긴 문장이 전체 문장에서 **서술어 역할**을 하므로 **서술절을 안은 문장**입니다."
Syntax,Embedded Clauses,3,G,G,"정답: **G**

- **팀장님이 토론에 참석했음은 전해 듣지 못했다.**
  - ‘팀장님이 토론에 참석했음’이 ‘전해 듣지 못했다’의 목적어 역할을 합니다.
  - 목적격 조사 ‘을/를’ 대신 보조사 ‘은’이 붙은 형태입니다.

참고로  
- F, H, I의 명사절은 주어 역할을 합니다."
Syntax,Embedded Clauses,2,E,E,"정답: **E**

- **토마토를 다 먹었음은** 털어놓지 않았다.
  - 안긴 문장: **토마토를 다 먹었음**
  - 서술어: **털어놓지 않았다**
  - ‘무엇을 털어놓지 않았다?’에 해당하므로, 안긴 문장의 역할은 **목적어**입니다.
  - 조사 ‘은’은 목적격 조사 대신 화제·대조를 나타내는 보조사로 쓰인 것입니다.

다른 예:
- A, J: 부사어 역할
- B, H: 주어 역할
- D, I: 관형어 역할
- G: 서술어 역할"
Pragmatics,Speech Acts,3,C,C,"정답: **C: 입에는 좀 맞으셨나 모르겠네요.**

상대방의 음식 만족 여부에 대한 정보를 묻는 발화이므로, “성함이 어떻게 되세요?”와 마찬가지로 **질문** 유형에 해당합니다."
Pragmatics,Speech Acts,2,J,J,"정답: **J**

**J: “걔라고 좋아서 이런 짓을 하겠어요?”**는 의문문 형식이지만, 실제로는 “걔도 좋아서 이런 짓을 하는 것은 아니다”라는 화자의 판단·주장을 나타내는 **반어적 표현**입니다.

나머지는 대부분 부탁, 질문, 약속, 제안 등 다른 발화 기능을 가집니다."
Pragmatics,Speech Acts,2,E,E,"정답: **E**

**“좀 내립시다.”**는 겉으로는 화자와 상대방이 함께 내리자는 **청유형(-ㅂ시다)** 표현입니다. 그러나 실제 의도는 앞을 막고 선 사람에게 **비켜 달라, 길을 내 달라**고 요청하는 것입니다.  

즉, 발화 의도인 요청·명령을 직접적인 명령형이 아닌 청유형으로 표현한 **간접화행**의 예입니다."
Phonetics/Phonology,Phonological Alternation,2,B,B,"정답: **B. 깎다**

<보기>의 **값[갑]**에서는 받침 자음군 **ㅄ**이 **ㅂ**으로 줄어드는 **자음군 단순화**가 나타납니다.

- 외곬[외골], 읊고[읍꼬], 맑게[말께], 넓다[널따] 등은 모두 받침 자음군이 하나의 자음으로 발음됩니다.
- **깎다[깍따]**의 받침 **ㄲ**은 자음군이 아니라 하나의 자음이므로 자음군 단순화가 아닙니다."
Pragmatics,Speech Acts,1,D,D,"정답: **D: 다름이 아니라 기한이 언제까지인지 궁금합니다.**

‘제출해야 하는 서류의 종류에는 무엇이 있습니까?’는 정보를 묻는 **질문** 유형입니다.  
D 역시 기한에 관한 정보를 묻고 있으므로 같은 유형입니다."
Phonetics/Phonology,Phonological Alternation,3,C,C,"정답: **C. 밭을**

- **밭을 → [바틀]**: 받침 ㅌ이 뒤의 모음 ‘을’로 이어져 초성으로 발음되므로, 음절 끝소리 규칙이 적용되지 않습니다.

나머지는 받침이 대표음으로 바뀌는 음절 끝소리 규칙이 나타납니다.  
예: 짚신[집씬], 덫[덛], 숯불[숟뿔], 부엌[부억] 등."
Phonetics/Phonology,Phonological Alternation,3,I,I,"정답: **I. 밖에**

<보기>의 **닻[닫]**에서는 받침 ㅊ이 음절 끝에서 대표음 **ㄷ**으로 바뀌는 **음절 끝소리 규칙**이 나타납니다.

- 밖에 → **[바께]**
  - 받침 ㄲ이 뒤의 모음 ‘에’와 이어져 초성 ㄲ으로 발음됩니다.
  - 즉, 음절 끝소리로 발음되어 ㄱ으로 중화되는 것이 아니라 **연음**이 일어납니다.

반면 다른 보기들은 받침 ㅊ·ㅍ·ㅈ·ㅋ·ㅅ 등이 음절 끝에서 각각 ㄷ·ㅂ·ㄱ 등으로 중화되는 음절 끝소리 규칙이 나타납니다."
Pragmatics,Implicature,2,D,D,"정답: **D**

- 갑: 농구 좋아하세요?
- 을: **경기도 늘 보러 가는 걸요.**

을은 농구를 좋아한다는 뜻을 **긍정적으로** 표현하고 있으므로, 부정이나 거절에 해당하지 않습니다."
Syntax,Argument Structure & Valency,3,B,J,"정답: **J. 건립하다**

**건립하다**는 ‘누가 무엇을 세우다’의 의미로 쓰이는 타동사이므로 기본적으로  
- 주어(건립 주체) + 목적어(건립 대상)

의 **두 자리 서술어**로 쓰입니다.

예: *정부가 기념관을 건립하였다.*

장소나 시기처럼 덧붙는 성분은 있을 수 있지만, 이는 필수 성분이 아니므로 서술어의 자릿수를 바꾸지 않습니다. 반면 다른 단어들은 의미나 쓰임에 따라 주어·목적어·부사어 등의 필수 성분 수가 달라질 수 있습니다."
Syntax,Argument Structure & Valency,1,F,F,"정답: **F. 일제 아래에서 나는 헛살았다.**

- **‘나는’**이 주어로서 직접 **‘헛살았다’**라는 행위를 한 능동문이다.
- 나머지는 주어가 어떤 상태에 놓이거나 변화하는 뜻, 또는 사물·현상이 움직이거나 발생하는 뜻이 강하다."
Syntax,Argument Structure & Valency,3,D,H,"정답은 **H**입니다.

- **수그러졌다**: ‘수그리다’에 피동의 뜻을 나타내는 ‘-어지다’가 결합한 말로, 주어인 **누렁소가 스스로 행위를 하는 것이라기보다 몸이 굽혀지거나 낮아지는 상태**를 나타냅니다.  
- 따라서 주어가 행위를 당하는 뜻을 지닌 **피동사**에 해당합니다.

> **누렁소가 짐짝마냥 수그러졌다.**"
Syntax,Argument Structure & Valency,1,E,E,"정답: **E**

- **오늘 수술 잘 마쳤니?**
  - 주어는 생략된 **(너는)** 입니다.
  - **수술**은 ‘마치다’의 목적어이므로 주어가 아닙니다.

나머지 꺽쇠 속 단어들은 모두 문장의 주어입니다."
Syntax,Argument Structure & Valency,1,I,I,"정답: **I**

- **내 춤 파트너로 <널> 택하겠어.**
- ‘널’은 ‘너를’의 준말로, 조사 **‘을’**이 붙은 **목적어**입니다.
- 주어는 문맥상 생략된 ‘내가’입니다."
Syntax,Argument Structure & Valency,3,I,I,"정답: **I**

- **화분에 손댄 건**이 문장의 주어입니다.
- **내가**는 서술어 **‘아니다’**의 앞에 놓인 **보어**입니다.

즉,  
> 화분에 손댄 건 / 내가 아니다.  
> (주어) / (보어+서술어)

따라서 꺾쇠 안의 단어가 주어가 아닌 것은 **I의 ‘내가’**입니다."
Syntax,Argument Structure & Valency,2,G,G,"정답: **G**

- **너 혹시 <귀신> 본 적 있니?**
  - ‘귀신’은 ‘보다’의 대상이므로 목적어입니다.
  - 원래는 **“귀신을 본 적 있니?”**라고 할 수 있으며, 목적격 조사 ‘을’이 생략되었습니다.

나머지 꺽쇠 안의 단어들은 모두 문장에서 주어 역할을 합니다."
Syntax,Agreement,1,J,J,"정답: **J**

- **난 이제 세면대에서 얼굴을 씻겠다.**
  - 화자가 앞으로 얼굴을 씻겠다는 **자신의 의지**를 나타냅니다.

나머지 문장의 ‘-겠’, ‘-을 것’은 주로 **추측, 예상, 가능성, 일반적 사실** 등의 의미입니다."
Syntax,Agreement,2,G,G,"정답: **G**

- **엿보이지 않았다**는 ‘엿보다’의 피동 표현인 **엿보이다**가 쓰인 문장입니다.
- 즉, 반성의 기미가 누군가에게 ‘엿보이는’ 것이므로 주동 표현이 아닙니다."
Semantics,Semantic Compatibility,1,C,C,"가장 어색한 것은 **C: “배를 달래고자 허기를 먹었다.”**입니다.

“허기”는 먹는 대상이 아니라 느끼거나 달래는 대상입니다.  
자연스럽게 고치면 다음과 같습니다.

- 배를 달래고자 **음식을 먹었다**.
- 허기를 달래고자 **밥을 먹었다**."
Semantics,Semantic Compatibility,1,E,E,"가장 부적절한 선지는 **E**입니다.

- **E: 하늘엔 주식이 밝게 빛나고 있었다.**
  - ‘주식’은 일반적으로 회사의 지분·증권을 뜻하므로 하늘에서 밝게 빛난다는 표현과 의미상 어울리지 않습니다.
  - 문맥상 ‘별’, ‘달’, ‘행성’ 등이 와야 자연스럽습니다.

예: **하늘엔 별이 밝게 빛나고 있었다.**"
Pragmatics,Speech Acts,3,E,E,"정답: **E**

- **E: (만원열차에서 일행에게) 자, 이제 내립시다.**
  - ‘내립시다’는 **청유문**이고, 일행에게 함께 내리자고 제안·권유하는 발화 의도와 문장 유형이 일치합니다.
  - 따라서 간접화행이 아니라 **직접적으로 청유 기능을 수행한 예**입니다.

반면 나머지는 평서문·의문문·청유문 등의 형식을 빌려 요청, 명령, 비판, 충고 등의 다른 기능을 간접적으로 나타낸 경우입니다."
Pragmatics,Speech Acts,1,G,G,"정답: **G**

“넌 정말 앞으로 한 번만 더 거짓말 하기만 해 봐라.”는 상대에게 거짓말을 하라고 요구하는 것이 아니라, **거짓말을 하면 가만두지 않겠다는 경고·위협**의 기능을 한다.

반면 나머지는 평서문·의문문·청유문 등의 형식을 빌려 상대에게 어떤 행동을 요구하거나 요청하는 기능을 수행한다."
Pragmatics,Speech Acts,2,B,A,"청자에게 함께 행동할 것을 청하는 **청유 표현**은 다음과 같습니다.

- **A**: 거기 길 좀 물읍시다.  
- **B**: 시간이 늦었는데 이제 그만 일어날까요?  
- **D**: 이제 시험지를 나눠줄 테니 보던 책은 집어넣자.  
- **G**: 거 조용히 좀 합시다.  

따라서 정답은 **A, B, D, G**입니다."
Pragmatics,Speech Acts,3,E,E,"정답: **E: 7시까지 운동장으로 집합한다.**

‘할머니 이제 가신다는데 뭐 하니?’는 겉으로는 질문처럼 보이지만, 실제로는 **할머니께 인사하거나 배웅하라**는 뜻의 **명령/지시**입니다.

E도 평서문 형태이지만 실제 의도는 “7시까지 운동장으로 집합해라”라는 **명령**이므로 같은 유형입니다."
Syntax,Embedded Clauses,1,B,B,"정답: **B**

- **밤사이 보조금을 신청하기가** 빠듯해졌다.
- ‘보조금을 신청하기’는 ‘-기’로 명사절이 된 안긴문장이고, 뒤의 서술어 **‘빠듯해졌다’의 주어** 역할을 합니다.

즉, **[밤사이 보조금을 신청하기]가** 빠듯해졌다."
Syntax,Embedded Clauses,2,B,B,"정답: **B**

- **갑자기 마감 기한이 연장되는 것**은 부당하다.
  - ‘갑자기 마감 기한이 연장되는 것’이 문장 전체에서 **주어** 역할을 합니다.
  - ‘-는 것’은 앞의 절을 명사절로 만들어 주므로, **주어 역할의 명사절을 안은 문장**입니다.

참고로  
- F, J는 ‘-는지’ 명사절이 각각 목적어 역할을 하고,
- D, E, H는 관형절을 안은 문장입니다."
Syntax,Embedded Clauses,1,I,I,"정답: **I**

- **이 중학생이 테스트를 제시간에 마쳤는지가** → 명사절(‘-는지’)
- **의심스럽다** → 서술어

즉,  
> **[이 중학생이 테스트를 제시간에 마쳤는지가] 의심스럽다.**

에서 대괄호 부분이 문장 전체의 **주어 역할**을 합니다.

참고로 J의  
> 우리 부모님이 맞벌이 하시는지 물어보셨다

에서는 ‘우리 부모님이 맞벌이 하시는지’가 **물어보셨다의 목적어 역할**을 하므로 주어 역할 명사절이 아닙니다."
Syntax,Embedded Clauses,3,E,E,"정답: **E**

**E: 학생회장은 학생들 앞에서 선서했다.**  
→ ‘선서하다’는 하나의 서술어로 쓰인 홑문장이므로 안은문장이 아닙니다.

다른 문장들은 관형절, 명사절, 부사절, 서술절, 인용절 등을 안고 있습니다.  
예를 들어 A의 ‘우리가 어제 본’, D의 ‘색안경을 끼지 않겠다고’, H의 ‘맛이 짜다’ 등은 안긴문장에 해당합니다."
Semantics,Semantic Compatibility,1,D,D,"가장 어색한 선지는 **D: 음악을 마시다 돌아왔다.** 입니다.

- **음악**은 보통 *듣다, 연주하다, 감상하다* 등과 결합합니다.
- **마시다**는 물·커피 같은 액체와 주로 결합하므로, 특별한 시적 비유가 아닌 일반적인 문장에서는 부자연스럽습니다.

따라서 정답은 **D**입니다."
Semantics,Semantic Compatibility,1,A,A,"가장 어색한 것은 **A: “급히 집을 들고 뛰었다.”**입니다.

- **집을 들고**: ‘집’을 손에 들어 들고 간다는 뜻이 되어 문맥상 매우 부자연스럽습니다.
- 자연스럽게 고치면: **“급히 집을 나서 뛰었다.”** 또는 **“급히 집에서 뛰어나왔다.”** 등이 됩니다."
Semantics,Semantic Compatibility,2,E,E,"가장 어색한 것은 **E: “설계는 고양이가 담당했다.”**입니다.

문법적으로는 성립하지만, 일반적인 의미 관계에서 **‘고양이’가 ‘설계’를 담당한다**는 내용이 매우 부자연스럽습니다. 의인화·동화·특수한 설정이 아니라면 자연스럽지 않습니다.

- 자연스러운 수정: **설계는 건축가가 담당했다.**
- 또는: **설계는 담당자가 맡았다.**

참고로 C의 “시드는게”는 표기상 **“시드는 게”**로 띄어 쓰는 것이 원칙이고, D도 **“가을밤, 비 오는 소리”**처럼 다듬을 여지는 있지만, E만큼 의미상 어색하지는 않습니다."
Semantics,Semantic Compatibility,1,I,I,"가장 어색한 것은 **I: “맥주가 주차를 했다.”**입니다.

‘주차하다’는 일반적으로 자동차나 운전자가 하는 행동인데, ‘맥주’는 주차할 수 없는 대상이므로 의미상 부자연스럽습니다.

※ 비유나 의인화 표현이라면 가능할 수 있지만, 일반적인 문장으로는 가장 어색합니다."
Syntax,Agreement,3,A,A,"정답: **A**

- **“모든 소지품을 털렸다”**의 ‘털렸다’는 동사 ‘털다’에 피동 접미사 **‘-리-’**가 붙은 피동 표현입니다.  
  → 소지품이 누군가에게 털림을 당한 것이므로 주동 표현이 아닙니다.

나머지는 주체가 직접 행동하는 주동 표현이거나, 피동 표현이 아닌 서술입니다."
Syntax,Agreement,2,C,C,"정답: **C**

- `<보기>`의 **모시고**는 ‘대표단’을 높이는 **객체 높임법(특수 어휘에 의한 높임)**입니다.
- C의 **말씀드려봐**도 ‘수행원’을 높여 말하는 **객체 높임법**입니다.

따라서 같은 종류의 높임법이 쓰인 문장은 **C**입니다."
Syntax,Agreement,2,G,G,"정답으로 의도된 것은 **G**입니다.

- **G: 실수로 망치에 손이 찍혔다.**
  - ‘찍혔다’는 동사 ‘찍다’에 피동 접사 **-히-**가 붙은 **피동 표현**입니다.
  - 능동형: *망치가 손을 찍었다.*

다만 엄밀히 말하면 **F(그리워진다)**와 **H(뚜렷하다)**도 전형적인 주동 표현이라고 하기는 어렵습니다.  
특히 H는 서술어가 형용사이므로 주동·피동의 구별 자체가 적용되기 어렵습니다. 따라서 시험 문제에서 하나만 고르라는 의도라면, 피동 표현이 명확한 **G**를 답으로 보는 것이 자연스럽습니다."
Syntax,Agreement,3,F,J,"정답: **J. 거리에 가로등이 가득하다.**

‘가득하다’는 상태나 성질을 나타내는 **형용사**이므로 주동 표현이 아닙니다.  
나머지는 주어가 어떤 동작을 하는 형태의 주동 표현입니다."
Pragmatics,Deixis & Reference,3,D,D,"정답: **D: ('요게', '저기')**

- **‘요게’**: 을이 특히 유명하다고 추천한 에스프레소 메뉴
- **‘저기’**: 갑이 그 에스프레소를 하나 주문하고, 다른 음료를 하나 더해 두 잔 마시겠다고 할 때 가리키는 대상

따라서 둘 다 을이 추천한 특정 에스프레소 메뉴를 가리킵니다."
Pragmatics,Deixis & Reference,3,I,I,"정답: **I: (‘여긴’, ‘거기(1)’, ‘거기(3)’)**
  
- **‘여긴’**: 갑이 화분을 찾고 있는 장소로, 이후의 대화상 **창고**이다.
- **‘거기(1)’**: 을이 “거기 말고 마당”이라고 한 곳으로, 갑이 있는 창고를 가리킨다.
- **‘거기(3)’**: 가지가 창고에 있다고 확인한 뒤 “거기 있는 게 다야”라고 했으므로 **창고**를 가리킨다.

반면,
- **거기(2)**는 마당,
- **거기(4)**는 다용도실,
- **고쪽**은 텃밭을 가리킨다."
Pragmatics,Deixis & Reference,3,I,I,"정답: **I. (‘그것’, ‘저 책’)**

- 을: “내 취향은 **저거**야.” → 을이 가장 좋아하는 책
- 갑: “그럼 **그것**까지 읽어 볼게.” → 을이 좋아한다고 한 ‘저거’
- 갑: “네가 좋아한다는 **저 책**” → 앞서 을이 좋아한다고 한 같은 책

따라서 **‘그것’과 ‘저 책’은 모두 을이 가장 좋아하는 연작 소설을 가리킨다.**"
Phonetics/Phonology,Phonological Alternation,2,J,J,"정답: **J. 싫증**

- **싫증** → \[실쯩\]  
  ‘ㅎ’이 뒤의 ‘ㅈ’을 거센소리 ‘ㅊ’으로 만들지 않고, ‘ㅈ’이 된소리 ‘ㅉ’으로 발음됩니다. 즉, **거센소리되기가 아니라 된소리되기**가 일어납니다.

다른 보기들은 ‘ㅎ’과 인접한 예사소리가 결합하여 거센소리로 발음됩니다.

- 좋다 → \[조타\]
- 밝히다 → \[발키다\]
- 싫고 → \[실코\]
- 좁히다 → \[조피다\]
- 닳지 → \[달치\]
- 맏형 → \[마텽\]
- 쌓지 → \[싸치\]
- 국화 → \[구콰\]"
Pragmatics,Deixis & Reference,3,D,J,"정답: **J: (‘그거[2]’)**

을이 말한 “저거는 어떤 것 같아?”에 대해 갑이 “너 이런 옷 이미 있잖아. **그거[2]** 기껏 사 줬더니…”라고 하므로, **그거[2]**는 앞의 ‘저거’와 같은 옷을 가리킨다."
Phonetics/Phonology,Phonological Alternation,3,A,A,"정답: **A 생산량**

- **생산량** → **[생산냥]**
- ‘ㄹ’이 앞의 비음 ‘ㄴ’의 영향을 받아 **ㄴ**으로 바뀌므로, 비강의 공명이 수반되는 **비음화**가 일어납니다.

참고로  
- 난로[날로], 신라[실라], 대관령[대괄령] 등은 ‘ㄴ’과 ‘ㄹ’이 만나 **유음화**가 일어난 예입니다."
Phonetics/Phonology,Phonological Constraints,3,G,G,"정답: **G. 결혼식 날 ‘연지’를 바르다.**

‘연지’의 **연-**은 어두의 ‘ㄹ’이나 ‘ㄴ’이 두음 법칙에 따라 변형된 형태가 아닙니다.

나머지는 대체로 두음 법칙이 적용된 예입니다.

- 육군 ← 륙군  
- 양심 ← 량심  
- 역사 ← 력사  
- 약탈 ← 략탈  
- 여자 ← 녀자  
- 연민 ← 련민  
- 노인 ← 로인  
- 유대 ← 뉴대  
- 예의 ← 례의"
Pragmatics,Social Relationship Marking,2,I,I,"정답: **I**

갑과 을은 함께 저녁을 먹자고 약속을 잡는 친구·지인 관계로 보입니다. 을이 “우리 언니 생일” 때문에 집에서 파티한다고 말할 뿐, 갑과 을 사이가 가족이라는 단서는 없습니다."
Syntax,Embedded Clauses,3,H,H,"정답은 **H**입니다.

- **H: “오늘 놓아 버린 이제 어두운 우리의 관계.”**
  - ‘오늘 놓아 버린’은 ‘관계’를 꾸미는 관형절(안긴문장)입니다.
  - 그러나 이 관형절이 **다른 안긴문장 내부의 문장성분을 꾸미는 구조**는 아닙니다. 즉, 중첩된 안긴문장 구조가 나타나지 않습니다.

반면 나머지는 ‘먹었다고’, ‘떴다고’, ‘말한다고’, ‘영원할 것이라고’ 등의 안긴문장 또는 더 큰 관형절 내부에서 다시 다른 문장성분을 꾸미는 관형절이 쓰인 경우입니다."
Syntax,Argument Structure & Valency,2,C,C,"정답은 **C의 ‘의자를’**입니다.

- **의자를 사서**: 가능  
- **의자를 앉아**: 불가능 → ‘앉다’는 보통 장소를 나타내는 **의자에 앉아**가 되어야 함  
- **의자를 먹었다**: 불가능  

따라서 ‘의자를’는 첫 번째 빈칸에만 들어갈 수 있어, 두 개 이상의 빈칸에 들어갈 수 있는 단어가 아닙니다.

반면 **딸기**는  
- 딸기 사서  
- 딸기 먹었다  

처럼 첫째와 셋째 빈칸에 모두 가능합니다."
Semantics,Rhetorical Expressions,2,J,J,"적절하지 않은 것은 **J**입니다.

- **“냉수를 끼얹다”**는 잘되려는 일이나 분위기에 방해가 되거나 의욕을 꺾는다는 뜻입니다.
- 그런데 보기에서는 신제품 개발이 회사에 **새로운 활로와 신성장 동력**을 제공하여 위기를 극복하게 한 긍정적인 요인입니다.

따라서 **“신제품이 회사의 성공에 냉수를 끼얹은 격”**이라는 J는 상황과 맞지 않습니다."
Semantics,Rhetorical Expressions,1,J,J,"정답: **J. 지현이는 발등에 불똥이 떨어졌다.**

‘발등에 불이 떨어지다’는 매우 급하고 다급한 상황에 처했음을 뜻합니다. 내일 시험인데 이제 공부를 시작해 시간이 부족하고 초조한 지현이의 상황과 가장 잘 어울립니다."
Syntax,Argument Structure & Valency,3,I,I,"정답은 **I**입니다.

- **달음질치다**는 본래 ‘누가 달려가다’의 뜻으로, **주어만 필수로 요구하는 한 자리 서술어**입니다.
- 문장의 **‘운동장을’**은 달음질의 대상이라기보다 이동한 **장소·경로를 나타내는 부사어**이고, **‘힘차게’**도 부사어입니다. 따라서 서술어의 필수 자릿수를 늘리지 않습니다.

> 나는 운동장을 힘차게 달음질쳤다.  
> → ‘나는’만 필수 성분인 한 자리 서술어

반면 다른 서술어들은 예를 들어 ‘불다(바람이 불다 / 피리를 불다)’, ‘되다(밥이 되다 / 의사가 되다)’처럼 문맥과 의미에 따라 한 자리·두 자리·세 자리 서술어로 달라질 수 있습니다."
Semantics,Semantic Compatibility,1,I,I,"정답: **I: 벽이 물감을 칠한다.**

서술어 **‘칠하다’**는 일반적으로 사람이 붓 등의 도구를 사용하여 물감을 바르는 행위를 뜻하므로, 행위 주체인 주어에는 사람이나 행위 가능한 존재가 와야 합니다. 그러나 **‘벽’**은 스스로 물감을 칠할 수 없으므로 의미적으로 호응하지 않습니다.

자연스럽게 고치면 다음과 같습니다.

- **사람이 벽에 물감을 칠한다.**
- **벽에 물감이 칠해져 있다.**"
Semantics,Semantic Compatibility,3,I,D,"적절한 것은 **D와 I**입니다.

- **D**: “미소를 띠다”, “일정한 간격을 띠다”는 모두 자연스럽습니다.
- **I**: “강아지가 달리다”도 가능하고, “댓글이 달리다”도 ‘댓글이 붙다/등록되다’라는 뜻으로 자연스럽습니다.

따라서 하나만 고르라는 문제라면 문항에 문제가 있습니다.  
다만 “달리다”를 ‘뛰다’라는 뜻으로만 한정한다면 **D**를 정답으로 볼 수 있습니다."
Semantics,Conjunctions,1,D,D,"정답: **D**

- (1)과 (2)는 기술 발전의 긍정적 상황과 모든 사람이 이를 체감하지 못하는 현실이 대비되므로 **‘하지만’**이 자연스럽습니다.
- (3)은 (2)의 “모든 사람이 체감하지는 못한다”는 내용을 구체적으로 보여 주는 사례이므로 **‘예컨대’**가 적절합니다.

> 인공지능 기술이 빠르게 발전하고 있다. **하지만** 모든 사람이 발전 양상을 체감하지는 못하는 실정이다. **예컨대** 소외계층은 이러한 변화를 따라잡는 데 정보격차 등의 난관을 겪는다."
Syntax,Argument Structure & Valency,2,B,B,"정답: **B**

- <보기>  
  - (누가) **피해자에게** **용서를** 빌어라.  
  - ‘빌다’는 **주어 + 부사어(누구에게) + 목적어(무엇을)**를 요구하는 **세 자리 서술어**이다.

- B  
  - (누가) **큰누나에게** **무어라고** 대꾸해서는 안 된다.  
  - ‘대꾸하다’는 **주어 + 부사어(누구에게) + 내용(무어라고)**를 요구하므로 **세 자리 서술어**이다.

따라서 <보기>와 서술어의 자릿수가 같은 것은 **B**이다."
Syntax,Argument Structure & Valency,1,D,D,"정답: **D**

- <보기>: **아버지가 김씨를 아들로 삼았다.**  
  → ‘삼다’는  
  **주어(아버지가) + 목적어(김씨를) + 필수 부사어/보어(아들로)**를 요구하는 **세 자리 서술어**이다.

- D: **(누가) 할아버지를 출입문으로 안내했다.**  
  → ‘안내하다’는  
  **주어 + 목적어(할아버지를) + 필수 부사어(출입문으로)**를 요구하는 **세 자리 서술어**이다.  
  (주어는 생략되어 있음)

따라서 <보기>와 서술어의 자릿수가 같은 것은 **D**이다."
Syntax,Argument Structure & Valency,2,I,I,"정답: **I**

- `<덧나다>`: **위염이 덧나다** → 주어만 요구하는 **한 자리 서술어**
- `<불타오르다>`: **집념이 불타오르다** → 주어만 요구하는 **한 자리 서술어**

따라서 <보기>와 같은 자릿수의 서술어는 **I의 ‘불타올랐다’**입니다."
Syntax,Argument Structure & Valency,3,G,A,"<보기>의 서술어 **‘승인했다’**는  
- 위원회가(주어)  
- 독립 연맹국을(목적어)  

요구하는 **2자리 서술어**입니다.

같은 2자리 서술어는 다음과 같습니다.

- **A**: 총장이 의과를 신설했다. → ‘신설하다’: 주어 + 목적어  
- **D**: 그가 두건을 내동댕이쳤다. → ‘내동댕이치다’: 주어 + 목적어  
- **G**: (그가) 목을 축였다. → ‘축이다’: 주어 + 목적어  

따라서 **A, D, G**입니다.  

‘대학원에’, ‘빙판에’, ‘장대비로’ 등은 서술어가 반드시 요구하는 성분이라기보다 부가적인 부사어입니다."
Pragmatics,Implicature,3,E,E,"정답: **E: 네가 꽃인데 굳이 꽃구경을 가야겠어?**

을이 갑을 “꽃”에 비유하며 칭찬하자, 갑이 “비행기 태워도 소용 없어”라고 받아친 것입니다. 여기서 “비행기 태우다”는 상대를 지나치게 칭찬하거나 추켜세운다는 뜻입니다."
Syntax,Argument Structure & Valency,1,F,F,"정답: **F**

- <보기>의 서술어 **‘버려지다’**는  
  → ‘누가’ + ‘누구에게’의 두 자리를 요구합니다.  
  → (나는) 친가에게 버려지고 싶지 않다.

- F의 서술어 **‘쏘이다’**도  
  → ‘누가’ + ‘누구에게’의 두 자리를 요구합니다.  
  → 그가 일개미에게 쏘였다.

따라서 서술어의 자릿수가 같은 것은 **F**입니다."
Syntax,Argument Structure & Valency,2,H,G,"정답: **G, H, J**

<보기>의 서술어 **‘흘려보내다’**는  
- 주어(생략됨)  
- 목적어(애정과 열정과 증오를)  

를 요구하는 **두 자리 서술어**이다.

- **G**: 여러 가지가 / 밑그림의 종류에는 **있다** → 주어+부사어, 2자리  
- **H**: (나는) / 소아 비만을 **탐구하다** → 주어+목적어, 2자리  
- **J**: 북극곰은 / 야생 동물**이다** → 주어+보어, 2자리"
Syntax,Argument Structure & Valency,3,J,J,"정답으로는 **J**가 가장 적절합니다.

- `<보기>`: **(누가) 목숨을 건지다**  
  → 주어 + 목적어를 요구하는 **두 자리 서술어**입니다.

- **J. 행운이 그대와 함께하기를.**  
  → **행운이 그대와 함께하다**  
  → 주어(행운이) + 필수적인 상대 부사어(그대와)를 요구하는 **두 자리 서술어**로 볼 수 있습니다.

따라서 **J**입니다.

※ 다만 `발사하다`의 ‘나뭇잎에’를 필수 성분이 아닌 선택적 부사어로 처리하면 I도 두 자리로 볼 여지가 있습니다. 문제의 일반적인 출제 의도에서는 ‘함께하다’의 상대인 `그대와`를 필수 성분으로 보아 **J**를 답으로 삼습니다."
Syntax,Embedded Clauses,2,B,B,"정답: **B**

- **B: 사서님, 이 서점의 베스트셀러는 무엇인가요?**
  - ‘이 서점의 베스트셀러는 무엇인가요’는 하나의 홑문장입니다.
  - ‘이 서점의’는 관형어일 뿐, 안긴 문장이 아닙니다.

다른 문장에는 관형절, 명사절, 인용절, 부사절, 서술절 등의 안긴 문장이 있습니다. 예를 들어:

- A: **준비해온** 독립운동 → 관형절
- C: 멸망했**음** → 명사절
- E: 발휘하지 못했**다고** → 인용절
- J: 발이 부르트**도록** → 부사절

따라서 **안긴 문장이 없는 것은 B**입니다."
Syntax,Embedded Clauses,3,H,H,"정답: **H**

**엄마는 제주도에서 생각에 잠기곤 한다.**는 주어 ‘엄마는’과 서술어 ‘생각에 잠기곤 한다’로 이루어진 홑문장입니다. ‘제주도에서’는 장소를 나타내는 부사어일 뿐, 안은 문장이 아닙니다.

참고로 C의 **“이 소설가는 필력이 매우 좋다.”**는 ‘필력이 매우 좋다’가 ‘이 소설가는’의 성질을 서술하는 **서술절을 안은 문장**으로 볼 수 있습니다."
Syntax,Embedded Clauses,3,D,H,"정답: **H: 반장은 말도 없이 자리를 비웠다.**

- **‘말도 없이’**는 체언 ‘말’에 조사와 부사격 조사(없이)가 붙은 **부사어**일 뿐, 주어와 서술어를 갖춘 안은 문장이 아닙니다.
- 나머지는 관형절, 명사절, 부사절, 서술절, 인용절 등을 안은 문장입니다.

예를 들어  
- A: *폭죽 터지는* 소리 → 관형절  
- E: *과학이 쉽다고* 말했다 → 인용절  
- G: *지나갔음을* 믿을 수 없다 → 명사절  
- I: *연을 날리던* 아이 → 관형절"
Syntax,Embedded Clauses,3,G,G,"정답: **G**

**“아주버니는 [사람 보는] 안목이 대단하시다.”**에서  
‘사람 보는’은 ‘안목’을 꾸며 주는 **관형절**이므로, 이 문장은 **안은문장**입니다.  

- 안긴문장: 사람을 보다  
- 전체 문장: 아주버니는 사람 보는 안목이 대단하시다."
Syntax,Embedded Clauses,3,A,A,"정답: **A**

**관희는 [인상이 좋다].**

‘인상이 좋다’라는 서술절을 안고 있으므로 **서술절을 안은 문장**입니다.  
나머지는 모두 안은절 없이 하나의 서술어를 중심으로 이루어진 홑문장입니다."
Syntax,Embedded Clauses,2,H,H,"정답: **H. 팥빙수가 이가 시리게 차갑다.**

- ‘이가 시리게’는 **‘이가 시리다’**라는 문장이 부사절로 안긴 부분입니다.
- 즉, **[이가 시리게] 차갑다**의 구조이므로 안은문장입니다.

※ J의 ‘해줬으면 좋겠어’는 ‘-면’으로 이어진 **이어진문장**으로 보는 것이 일반적입니다."
Syntax,Argument Structure & Valency,3,A,A,"정답: **A**

- **접목하다**:  
  **(주체가) + (어떤 대상에) + (무엇을) 접목하다**  
  → ‘우리 계열사(가) / 생산 라인에 / AI를 / 접목했다’  
  → 주어·부사어·목적어의 **세 자리 서술어**입니다.

다른 보기의 서술어들은 대체로 주어와 목적어만 요구하거나, 주어 하나만 요구하는 두 자리 또는 한 자리 서술어입니다."
Syntax,Argument Structure & Valency,1,J,J,"정답: **J**

- **제안하다**는  
  **제안하는 주체** + **제안 내용** + **제안받는 대상**의 세 자리를 요구합니다.

> 중국의 한 팀에서 / 100억의 연봉을 / 그 프로게이머에게 / 제안했다.

즉, ‘팀(주체)’, ‘연봉(내용)’, ‘프로게이머(대상)’의 세 성분이 필요하므로 **세 자리 서술어**입니다."
Semantics,Conjunctions,1,F,F,"적절하지 않은 것은 **F**입니다.

두 번째 문장은 첫 번째 문장의 내용을 **구체적으로 예시**한 것이 아니라, 물병을 넘어뜨린 **결과**를 말하고 있습니다.

- 물병을 넘어뜨림 → 물이 쏟아짐 → 바닥이 젖음

따라서 빈칸에는 원인·결과를 나타내는 **“그래서”, “그러므로”, “이로 인해서”, “고로”** 등이 자연스럽습니다.

반면 **“가령”, “예컨대”**는 앞 내용을 예로 들 때 쓰는 말이므로 여기에는 어울리지 않습니다."
Syntax,Agreement,3,C,F,"정답: **F**

- **그는 권위 있는 한 관공서의 직원이 누락한 정보를 재촉했다.**
- ‘재촉하다’는 보통 사람이나 행동·처리·제출 등을 대상으로 합니다.  
  → *직원에게 정보를 재촉했다*, *정보 제출을 재촉했다*처럼 써야 자연스럽습니다.
- 따라서 ‘누락한 정보’를 직접 ‘재촉했다’고 하는 것은 호응이 어색합니다."
Syntax,Argument Structure & Valency,3,F,C,"정답은 **C**입니다.

- **밀봉되다**: ‘무엇이 무엇으로 밀봉되다’의 구조이므로  
  - 편지들이(주어)  
  - 실링 왁스로(필수 부사어)  
  → **두 자리 서술어**로 볼 수 있습니다.

> 편지들이 실링 왁스로 밀봉되었다.

반면 B·D·E·J 등은 주어 외에 목적어와 필수 부사어 등을 더 요구하는 세 자리 서술어에 해당합니다."
Syntax,Agreement,2,A,A,"가장 자연스럽지 않은 것은 **A**입니다.

- **A: 장모님이 원장이 기어오른다고 꺼려하시는 것을 보셨다.**
  - ‘장모님이 … 꺼려하시는 것을 보셨다’는 장모님이 **자신이 꺼리는 모습·상태를 보셨다**는 식으로 해석되기 쉬워 어색합니다.
  - 자연스럽게 하려면  
    - “장모님은 원장이 기어오른다고 꺼려하셨다.”  
    - “장모님은 원장이 기어오르는 것을 보셨다.”  
    처럼 고치는 편이 좋습니다.

나머지는 ‘장모님이’가 뒤의 높임 서술어의 주어가 되고, ‘원장이’는 인용절·관형절 등의 내부 주어가 되어 비교적 자연스럽게 연결됩니다."
Syntax,Agreement,1,G,G,"정답: **G**

> 내가 친구와 가까워지고 싶었던 것은 **인형이 자그마했던 것 같다.**

‘~고 싶었던 것은’ 뒤에는 그 이유나 원인을 나타내는 말이 자연스럽게 이어져야 합니다.  
G는 ‘인형이 자그마했던 것 같다’라는 추측의 서술이 이어져 호응이 어색합니다.

자연스럽게 고치면 예를 들어:

- 내가 친구와 가까워지고 싶었던 것은 **인형이 자그마했기 때문인 것 같다.**
- 내가 친구와 가까워지고 싶었던 것은 **인형이 자그마했던 것 때문이었다.**"
Syntax,Argument Structure & Valency,2,D,D,"정답은 **D**입니다.

- **입수하다**: ‘누가 무엇을 입수하다’의 두 자리 서술어입니다.  
  - (누가) 첩보를 입수했다.
  - ‘경쟁사에서’는 입수한 장소·출처를 나타내는 부사어로, 필수 성분이 아닙니다.

다른 선택지들은 대체로 다음과 같습니다.

- A 분할하다: 누가 무엇을 몇/어떻게 나누다 → 세 자리
- B 녹아내리다 → 한 자리
- C 납부하다: 누가 무엇을 누구에게 납부하다 → 세 자리
- E 추정하다: 누가 무엇을 무엇으로 추정하다 → 세 자리
- F 용솟음치다 → 한 자리
- G 투자하다: 누가 무엇을 어디에 투자하다 → 세 자리
- H 상승하다 → 한 자리
- I 지연되다 → 한 자리
- J 해소되다 → 한 자리"
Semantics,Inter-sentence Relations,1,F,F,"정답: **F. 좋아하는 프로그램의 생방송을 놓쳤다.**

회의가 일찍 끝나 퇴근 시각이 앞당겨졌으므로, 평소보다 시간이 생겨 여러 일을 할 수 있었다는 흐름입니다.  
그런데 좋아하는 프로그램 생방송을 “놓쳤다”는 것은 일찍 퇴근한 덕분에 가능해진 일이라기보다 오히려 불리한 결과이므로 가장 부적절합니다."
Semantics,Inter-sentence Relations,1,E,E,"정답: **E**

자연스러운 순서는  
**(라) → (가) → (마) → (나) → (다) → (바)** 입니다.

- **(라)**: 카페 선택 문화가 확산했다는 전체적인 화제 제시
- **(가)**: 대형 프랜차이즈 카페의 특징 설명
- **(마)**: “따라서”를 통해 대형 체인점을 선호하는 경우로 연결
- **(나)**: “한편”을 통해 소규모 동네 카페와 대비
- **(다)**: “그래도”를 통해 동네 카페의 단점을 보완하는 장점 제시
- **(바)**: “또한”을 통해 조용한 카페를 찾는 손님들의 선택으로 마무리"
Syntax,Agreement,2,J,J,"정답: **J**

<보기>의 **‘교원님께’**는 감사의 대상인 ‘교원’을 높이는 **객체 높임법**이다.  
조사 **‘께’**를 사용하여 높임의 대상인 객체를 높였다.

- J: **국가대표께** 너무 무례한 것 아니니?  
  → ‘국가대표’를 높이며 조사 ‘께’를 사용한 **객체 높임법**이다.

참고로 H의 ‘선교사님’은 문장의 주어를 높인 **주체 높임법**이므로 <보기>와 다르다."
Syntax,Agreement,2,H,H,"정답: **H**

- <보기>의 **고객님께**, **여쭤봐**는 ‘고객님’을 높이는 **객체 높임법**이다.  
  - ‘여쭈다’는 ‘묻다’의 객체 높임 표현이다.

- H의 **교수님께**도 ‘교수님’을 높이는 **객체 높임법**이 사용되었다.

따라서 같은 종류의 높임법이 있는 문장은 **H**이다."
Syntax,Agreement,2,G,G,"정답: **G**

- <보기>의 **모셨다**는 ‘어머니’라는 객체를 높이는 **객체 높임법**입니다.
- G의 **인사드려**도 ‘간호사님’에게 인사를 한다는 뜻으로, ‘드리다’를 사용하여 상대(객체)를 높였습니다.

따라서 동일한 종류의 높임법이 쓰인 문장은 **G. 친구야, 간호사님한테 인사드려.** 입니다."
Syntax,Agreement,2,G,G,"정답: **G. 공연을 보기 위해 군중이 잔뜩 엉겨들었다.**

- **엉겨들다**는 ‘사람들이 한곳에 잔뜩 모여들다’라는 뜻의 자동사로, 다른 대상에게 어떤 행동을 하게 하는 **사동 표현이 아닙니다.**
- 나머지는 `누이다, 물먹이다, 곯리다, 늘어세우다, 앞장세우다, 꿇리다, 덥히다, 빨리다, 띄우다` 등처럼 사동의 뜻을 지닌 표현입니다."
Syntax,Agreement,2,J,J,"정답: **J**

**J: 내 사촌의 이름이 합격자 명단에 기재되었다.**  
→ ‘기재되었다’는 누군가가 이름을 기재한 **피동 표현**입니다.

나머지는 모두 ‘~하게 하다’의 뜻을 지닌 사동 표현입니다.  
예: 곧추세우다, 누이다, 곤두세우다, 드높이다, 썩이다, 삭이다, 돋우다, 그을리다, 굶기다."
Syntax,Agreement,1,G,G,"정답: **G**

**G: 나무를 받침대가 단단하게 지탱했다.**

‘지탱하다’는 원래 목적어를 직접 받는 타동사로, 별도의 사동 표현이 아닙니다.

나머지는 모두 ‘-이-, -히-, -우-, -기-’ 등의 사동 접사가 쓰였거나 사동의 뜻을 가진 표현입니다.

- 물렸다 ← 물다  
- 물렸다 ← 물다  
- 살찌웠다 ← 살찌다  
- 묵힌다 ← 묵다  
- 잠재웠다 ← 잠자다/잠들다  
- 익혔다 ← 익다  
- 썩히고 ← 썩다  
- 빗긴다 ← 빗다  
- 애태웠다 ← 애타다"
Syntax,Agreement,2,F,F,"정답은 **F: 소행성에서 새로운 생명체가 발견되었다.**

- **발견되었다**는 ‘발견하다’의 **피동 표현**으로, 사동 표현이 아닙니다.
- 나머지는 ‘신기다, 건네다, 늦추다, 업히다, 읽히다, 가라앉히다’ 등처럼 어떤 대상에게 행동을 하게 하거나 상태를 변화시키는 **사동 표현**이 포함되어 있습니다."
Syntax,Agreement,2,I,I,"정답은 **I**입니다.

- **꿇리다**는 ‘무릎을 꿇게 하다’라는 뜻의 **사동 표현**입니다.  
  즉, 왕이 신하에게 무릎을 꿇도록 만든 것이므로 피동이 아닙니다.

나머지는 모두 ‘-이-, -히-, -리-, -기-, -어지다/보이다’ 등을 통한 피동 표현이거나 피동의 의미를 지닙니다."
Syntax,Argument Structure & Valency,3,J,B,"정답: **B**

- **단정하다**: ‘누가 무엇을 단정하다’로,  
  **주어 + 목적어**의 두 자리를 요구합니다.  
  → (너는) **타인의 성격을** 단정하지 말아라.

다른 선택지들은 대체로 주어·목적어 외에 부사어(방향, 장소, 대상 등)를 더 요구하거나, 주어만으로 성립하는 한 자리 서술어입니다."
Semantics,Inter-sentence Relations,3,C,C,"정답: **C**

대부분의 항목은 첫 번째 말이 더 넓은 개념이고, 두 번째 말이 그에 해당하는 구체적인 사례·방법·하위 개념입니다.

- 대비 → 덮개, 청소, 교체, 먼지가 쌓이지 않게 하기
- 위험 요소 → 먼지 낀 멀티탭, 먼지 낀 채 방치하기
- 안전사고 → 화재, 이러한 일

하지만 **C의 ‘안전사고 - 먼지가 많이 낀 멀티탭’**에서 ‘먼지가 많이 낀 멀티탭’은 안전사고의 종류가 아니라 **안전사고를 일으킬 수 있는 위험 요소**입니다. 따라서 관계가 다릅니다."
Semantics,Inter-sentence Relations,1,D,D,"정답: **D (2 → 4 → 1 → 3)**

자연스러운 흐름은 다음과 같습니다.

2. 저녁으로 파스타를 만들려고 했는데 하필 샐러리와 토마토가 없었다.  
→ 4. 신선식품 코너가 잘 되어 있던 근처 대형마트에 갔다.  
→ 1. 하지만 늦은 시간이라 문이 이미 닫혀 있었다.  
→ 3. 결국 집 앞 편의점에서 인스턴트 파스타만 구입했다.  

재료가 없어서 마트에 갔지만 문이 닫혀 있었고, **결국** 편의점에서 대체품을 샀다는 순서입니다."
Semantics,Inter-sentence Relations,1,H,H,"정답: **H: 구조자**

나머지 선지들은 모두 수달 또는 구조되는 수달의 범주를 가리킵니다.  
반면 **‘구조자’**는 수달을 구조하는 사람을 가리키므로 대상이 가장 상이합니다."
Semantics,Inter-sentence Relations,1,F,F,"정답: **F (제품 출시 가격이, 구매가)**

문장에 넣으면 다음과 같습니다.

> 그러나 기기 자체의 사양에 비해 **제품 출시 가격이** 지나치게 높다는 지적도 나온다.  
> 초기 물량이 제한되어 있어 사실상 사전 예약자가 아니면 **구매가** 어려울 것으로 전망된다.

사양 대비 가격이 높고, 물량 부족으로 구매가 어렵다는 내용이 자연스럽게 이어집니다."
Semantics,Conjunctions,3,A,A,"정답: **A. 반면, 그래서**

- 대부분의 액체는 얼면 부피가 감소한다. **반면**, 물은 얼면 오히려 부피가 증가한다.
- 물이 얼며 부피가 증가하기 **때문에**, 수도관이 동파되거나 물병이 깨질 수 있다. 따라서 **그래서**가 자연스럽다."
Semantics,Inter-sentence Relations,1,G,G,"정답: **G**

“퇴근 시각이 훨씬 앞당겨진 덕분에” 뒤에는 일찍 귀가해서 할 수 있었던 긍정적이거나 유리한 일이 오는 것이 자연스럽습니다.  

**G. 좋아하는 프로그램의 생방송을 놓쳤다**는 일찍 퇴근한 결과로 보기 어렵고, 오히려 일찍 귀가했다면 생방송을 볼 가능성이 높으므로 맥락상 적절하지 않습니다."
Syntax,Argument Structure & Valency,2,D,D,"정답: **D**

- **다운되다**: ‘메인 서버가 다운되었다’처럼 주어만 필수로 요구하는 **한 자리 서술어**이다.
- ‘익명의 해커에 의해’는 필수 성분이 아니라 원인·행위자를 덧붙인 부사어이다.

따라서 꺾쇠 안의 서술어가 요구하는 자릿수가 한 자리인 것은 **D의 ‘다운되었다’**이다."
Syntax,Agreement,1,J,J,"정답: **J**

**J: 사장은 직원의 태도가 마땅찮다.**

‘마땅찮다’는 상태나 평가를 나타내는 형용사이며, 피동 접사나 피동의 의미가 포함된 표현이 아닙니다.

나머지는 모두 ‘-이-, -히-, -리-, -기-’ 등의 피동 표현 또는 피동 의미를 지닙니다.

- 가로**놓였다**
- 휘**감긴다**
- 내**몰렸다**
- 떼**인다**
- 억**눌렸다**
- 낚**인다**
- 씹**혔다**
- 내쫓**겼다**
- 집**혔다**"
Syntax,Agreement,1,B,B,"정답: **B**

- **B: 줄다리기 선수가 밧줄을 잡아당긴다.**  
  → 주어인 ‘선수’가 직접 ‘밧줄을’ 당기는 **능동 표현**이다.

나머지는 모두 ‘널리다, 사로잡히다, 뜨이다, 걷히다, 가로막히다, 얹히다, 그을리다, 뒤섞이다, 잡아먹히다’처럼 피동의 뜻을 포함한다."
Semantics,Semantic Compatibility,1,G,G,"가장 어색한 것은 **G: “퇴근길에 사과 씨앗에 들렀다.”**입니다.

일반적으로 **‘사과 씨앗’은 장소를 뜻하지 않으므로** ‘들렀다’와 자연스럽게 연결되지 않습니다.  
만약 가게나 카페의 고유명사라면 **“퇴근길에 ‘사과 씨앗’에 들렀다.”**처럼 따옴표 등을 사용해 상호명임을 드러내는 편이 자연스럽습니다."
Semantics,Semantic Compatibility,1,A,A,"가장 어색한 것은 **A**입니다.

- **A: 헬스장이 눈속을 달리고 있었다.**  
  ‘헬스장’은 건물·장소이므로 보통 ‘눈 속을 달리다’의 주체가 될 수 없어 의미상 매우 부자연스럽습니다.  
  예: **열차가 눈 속을 달리고 있었다.**

참고로 다른 문장 중에는 표기상 고칠 부분도 있습니다.

- C: 학생들이 운동장을 가득 **메웠다**.
- D: 조세 정책을 **개선해야 한다**.
- A의 ‘눈속’도 보통 **눈 속**으로 띄어 씁니다."
Semantics,Semantic Compatibility,2,H,H,"가장 어색한 것은 **H: 선거용지가 창문을 두드렸다.** 입니다.

‘선거용지’는 스스로 움직여 창문을 두드릴 수 없는 무생물이므로, 특별한 비유적·문학적 맥락이 없다면 의미상 매우 부자연스럽습니다.

다른 문장들은 다소 비유적이거나 특정 맥락을 요구할 수는 있어도 일반적으로 해석 가능합니다."
Semantics,Semantic Compatibility,1,J,J,"가장 어색한 것은 **J: “헌법 제 1조가 아침을 먹었다.”**입니다.

‘헌법 제1조’는 법 조항이므로 스스로 아침을 먹는 행위를 할 수 없습니다. 문법적으로는 주어와 서술어가 연결되어 있지만, 의미상 부자연스럽습니다."
Semantics,Semantic Compatibility,1,H,H,"가장 어색한 것은 **H: “푹신한 코코아에서 소파를 마신다.”**입니다.

- **코코아**는 보통 ‘푹신하다’고 표현하지 않으며,
- **소파**는 마실 수 있는 대상이 아니고,
- ‘코코아에서 소파를 마신다’는 의미 관계도 자연스럽지 않습니다.

다른 선지들은 비유적 표현이거나 문학적 맥락에서 해석될 여지가 있지만, H는 단어들의 결합 관계가 가장 부자연스럽습니다."
Semantics,Semantic Compatibility,1,G,G,"가장 어색한 것은 **G: 고정 금리가 드론을 정교하게 조종한다.**입니다.

- **고정 금리**는 금융·대출과 관련된 개념이고,
- **드론을 정교하게 조종한다**의 주체가 될 수 없습니다.

예: “조종사가 드론을 정교하게 조종한다”, “AI 제어 시스템이 드론을 정교하게 조종한다”처럼 써야 자연스럽습니다."
Semantics,Conjunctions,1,H,H,"정답: **H**

- **H: 휴대폰 배터리가 다 닳았다. 그러므로 휴대폰의 충전 단자가 고장이 났다.**
  - 배터리가 다 닳은 사실만으로 충전 단자가 고장 났다고 단정할 수는 없습니다.
  - 즉, 앞문장이 뒷문장의 근거가 되지 못하므로 **‘그러므로’**의 사용이 부적절합니다.

자연스럽게 고치면 예를 들어 다음과 같습니다.

- 휴대폰의 충전 단자가 고장이 났다. **그러므로** 배터리를 충전할 수 없다.
- 휴대폰 배터리가 다 닳았는데 충전도 되지 않는다. 충전 단자가 고장 났을 수도 있다."
Semantics,Ambiguity,2,I,I,"옳지 않은 것은 **I**입니다.

- “깔끔한 안방과 부엌이 좋다”에서 **‘깔끔한’은 안방만 수식할 수도 있고, 안방과 부엌 모두를 수식할 수도 있습니다.**
- 따라서 부엌이 항상 ‘깔끔한’ 속성을 가진다고 볼 수 없으므로 I의 설명은 틀렸습니다."
Semantics,Ambiguity,3,I,D,"구조적 요인으로 인한 중의성이 발생하지 않는 문장은 **D, H, I**입니다.

- **D: 저것은 내가 간 곳이 아니다.**  
  문장 성분의 결합이나 범위에 따른 다른 구조 해석이 없습니다.

- **H: 영희는 새 옷을 입고 있다.**  
  ‘새’가 ‘new’인지 ‘bird’인지의 문제는 동음이의어에 따른 **어휘적 중의성**일 뿐, 구조적 중의성은 아닙니다.

- **I: 엄마가 출근 준비를 하는 중이다.**  
  ‘출근 준비를 하다’라는 하나의 결합으로 해석되며, 구조적으로 나뉘는 해석이 없습니다.

따라서 정답은 **D, H, I**입니다."
Semantics,Word Relationships,1,I,I,"정답: **I: 수리하다**

- <보기> 1의 **보다**와 **전망하다**는 비슷한 의미를 지닌 유의 관계입니다.
- <보기> 2의 **고치다**와 유의 관계인 말은 **수리하다**입니다.  
  - 예: 고장 난 컴퓨터를 고치다 = 고장 난 컴퓨터를 수리하다."
Semantics,Word Relationships,1,A,A,"정답: **A: 물어보세요**

“질문하세요”는 궁금한 것을 **물어보세요**라는 뜻입니다."
Semantics,Ambiguity,2,D,D,"올바르지 않은 것은 **D, H**입니다.

- **D**: “저 아름다운 배 좀 봐”도 ‘배’가 **과일**인지 **배(선박)**인지 여전히 구별되지 않을 수 있으므로 중의성이 완전히 사라지지 않습니다.
- **H**: “장편 소설”의 ‘장편’은 ‘긴 형식의 작품’이라는 뜻으로 쓰인 말이며, 여기서는 동음이의어 때문에 중의적이라고 보기 어렵습니다."
Semantics,Ambiguity,2,A,A,"적절하지 않은 것은 **A**입니다.

- **“말이 많다”**는  
  1) 수다스럽다, 할 말이 많다  
  2) 동물인 말(馬)이 많이 있다  
  로 해석될 수 있으므로 중의적입니다.

따라서 “말이 많다”는 중의적이지 않다는 A는 틀렸습니다."
Syntax,Agreement,2,A,A,"올바른 것은 **A, C**입니다.

- **A**: 맞습니다.  
  ‘별로’는 보통 부정 표현과 호응해야 하므로  
  → “상사의 말에 **별로 따르고 싶지 않다**.”처럼 써야 합니다.

- **C**: 맞습니다.  
  “그 친구가 집으로 바래다 주었다”에서 목적어인 ‘나를’이 생략된 것으로 볼 수 있으므로 문장성분의 호응에 문제가 없습니다.

나머지는 제시된 이유가 맞지 않습니다.

- **B**: ‘설령’은 문장 맨 앞에 올 수 있습니다. 문제는 “설령 … 사실이지만”보다 “설령 … 사실이라도”가 자연스럽다는 점입니다.
- **D**: ‘결코’는 문두에 올 수 있습니다. 다만 뒤에 부정 표현이 필요합니다.  
  → “결코 … 말하지 않을 것이다.”
- **E**: ‘애완식물’, ‘애완꽃’ 등의 표현은 가능하므로 이유가 적절하지 않습니다.
- **F**: ‘여간’은 ‘어렵다’와 결합할 수 있습니다. 다만 대체로 부정 표현과 호응해야 합니다.  
  → “여간 어려운 일이 아니다.”
- **G**: ‘별로’ 뒤에는 부정 표현이 필요합니다.  
  → “결과에 별로 영향을 미치지 않는다.”
- **H**: ‘왜냐하면’은 보통 뒤에 이유를 제시하고 “때문이다” 등의 표현과 호응해야 합니다.
- **I**: ‘모름지기’와 ‘제대로’의 결합 자체가 문제는 아닙니다.
- **J**: 문제는 ‘비단 영어만’의 ‘비단’이 ‘오직’의 뜻으로 쓰여 ‘만’과 중복·부조화를 이룬다는 데 있으며, 제시된 이유는 틀렸습니다."
Syntax,Argument Structure & Valency,2,E,E,"정답: **E**

- **설치하다**는 일반적으로  
  **누가 + 무엇을 + 어디에 + 설치하다**의 세 자리를 요구합니다.
  - (나는) + 백신 프로그램을 + 컴퓨터에 + 설치했다.

따라서 서술어의 자릿수가 세 자리인 것은 **E**입니다."
Syntax,Argument Structure & Valency,3,J,B,"정답은 **B**입니다.

- **지연되다**는 ‘무엇이 + 어느 정도/언제로 지연되다’의 두 자리를 요구합니다.  
  - 벚꽃 축제의 일정이 / 일주일 뒤로 **지연되었다**.

여기서 ‘구청의 사정으로’는 지연의 원인을 덧붙인 부사어일 뿐, 필수 자릿수에는 포함되지 않습니다."
Pragmatics,Discourse Principles,1,H,H,"정답: **H**

- **을: “지연이 할머니는 잊을 만하면 돌아가시네.”**
- 실제로 지연이의 할머니가 여러 번 돌아가셨다는 것은 사실일 수 없는데, 을은 지연이가 자주 결석하는 것에 대한 **불신·비꼼·불만의 태도**를 드러내기 위해 의도적으로 사실이 아닌 말을 하고 있다.
- 따라서 대화의 진실성 원리, 즉 **질의 격률(근거 없는 말이나 거짓말을 하지 말 것)**을 의도적으로 어긴 사례이다."
Pragmatics,Discourse Principles,3,E,F,"가장 적절한 것은 **F: “저 몇 살로 보여요?”**입니다.

질문받은 사람이 자신의 나이를 말하지 않고, 상대에게 나이를 추측하게 하는 질문으로 바꾸었기 때문에 원래 질문에 대한 직접적인 관련성을 충분히 지키지 못합니다. 다른 선택지들은 비유적·우회적 표현이더라도 대체로 화자의 나이 또는 노쇠함을 암시합니다."
Syntax,Argument Structure & Valency,3,I,E,"정답: **E**

- **단정하다**: “(누가) (무엇을) 단정하다”처럼  
  **주어 + 목적어**의 두 자리를 요구합니다.
  - (우리는) 타인의 성격을 단정하지 말아라.

※ ‘겉모습만으로’는 부사어로, 필수 자리가 아닙니다.

다른 보기들은 대부분 한 자리 서술어이거나,  
- **삽입하다, 기증하다, 인도하다**처럼 세 자리 서술어에 해당합니다."
Syntax,Argument Structure & Valency,3,E,E,"두 자리 서술어는 **E의 `<알아차렸다>`**입니다.

- **알아차리다**: ‘누가 무엇을 알아차리다’ → **두 자리**
  - 나는 / 이상한 낌새를 / 알아차렸다.

다만 엄밀히 보면 **I의 `간직하고 있다`**도 ‘누가 무엇을 간직하다’의 구조이므로 두 자리로 볼 수 있습니다.

- 나는 / 그 목걸이를 / 간직하고 있다.

따라서 출제 의도상 답은 **E**일 가능성이 크지만, 문항을 엄밀하게 따지면 **E와 I가 모두 해당**하여 ‘하나’라고 한 것은 문제가 있습니다."
Syntax,Argument Structure & Valency,3,F,D,"정답: **D, F, J**

- **D 대한다**: 그(주어) + 누구에게나(대상) → **두 자리**
- **F 가꾼다**: 누나(주어) + 텃밭을(목적어) → **두 자리**
- **J 달라졌다**: 얼굴이(주어) + 이전과(비교 대상) → **두 자리**

참고로,
- A **감쌌다**는 ‘무엇을 무엇으로 감싸다’로 보아 세 자리,
- H **보냈다**, I **얹으신다**도 각각 세 자리 서술어입니다."
Pragmatics,Speech Acts,2,J,F,"옳게 연결된 것은 **F, J**입니다.

- **F: 남의 걸 훔치면 돼, 안 돼? → 질문**  
  → 훔쳐도 되는지 여부를 묻고 있으므로 질문입니다.

- **J: 난 엄마한테 죽었다 → 감정 표현**  
  → 엄마에게 크게 혼날 상황에 대한 두려움·곤란함을 나타내므로 감정 표현입니다.

나머지는 다음과 같이 고쳐야 합니다.

- A → 명령(간접적으로 난방을 꺼 달라고 요청함)
- B → 진술(“노력하면 안 될 일이 없다”는 뜻)
- C → 약속
- D → 청유
- E → 진술
- G → 감정 표현
- H → 명령
- I → 명령"
Syntax,Argument Structure & Valency,3,H,H,"정답은 **H: 온종일 여행사가 설치고 있다.**입니다.

- **설치다**는 주어인 ‘여행사’가 어떤 행위를 능동적으로 하는 **비능격 자동사(unergative)**에 가깝습니다. 따라서 주어가 동사구 바깥의 외부 논항 위치에서 기저 생성됩니다.
- 나머지는 대체로 어떤 상태·변화·출현을 겪는 대상이 주어가 되는 **비대격 자동사(unaccusative)** 계열로, 주어가 동사구 내부의 목적어 자리에서 기저 생성된 뒤 주어 위치로 이동한 것으로 볼 수 있습니다.

예를 들어 ‘머리카락이 내비치다’, ‘물품들이 널부러져 있다’, ‘노끈이 뒤엉켜 있다’, ‘예술가가 감화됐다’ 등은 주어가 행위자가 아니라 상태 변화나 사건의 영향을 받는 대상입니다."
Syntax,Argument Structure & Valency,2,D,D,"정답은 **D**입니다.

- **D: 농부가 … 뽐내고 있다.**
  - *뽐내다*는 주어인 ‘농부’가 스스로 행동을 수행하는 **행위자(Agent)**인 동사로, 비능격동사적 성격을 보입니다.

반면 나머지는 주어가 어떤 상태 변화·출현·이동·현상의 대상이 되는 경우가 많아 비대격동사적 성격이 강합니다. 예를 들어 ‘마법사가 나타나다’, ‘단풍잎이 떠 가다’, ‘번개가 번지다’ 등입니다.  
※ 엄밀히는 *뽐내다*가 목적어를 취할 수 있는 타동사로도 쓰이지만, 제시문에서는 목적어 없이 행위 주어가 동작을 하는 용법으로 제시되었습니다."
Syntax,Argument Structure & Valency,3,C,D,"이 문항은 **단일 정답으로 성립하기 어렵습니다.** 사전적 의미별 기본 자릿수를 보면 자릿수가 달라지지 않는 서술어가 하나만이 아니기 때문입니다.

예를 들면,

- **D 만개하다**:  
  - 꽃이 만개하다  
  - 문화가 만개하다  
  → 모두 주어만 필요한 1자리 서술어로 볼 수 있습니다.

- **F 실하다**:  
  - 열매가 실하다  
  - 내용이 실하다  
  - 몸이 실하다  
  → 모두 기본적으로 1자리입니다.

- **H 연발하다**:  
  - 군인이 총을 연발하다  
  - 그가 질문을 연발하다  
  → 모두 주어+목적어의 2자리 구조입니다.

- **E 솟치다**도  
  - 샘물이 솟치다  
  - 분노가 솟치다  
  → 기본적으로 1자리 구조입니다.

따라서 “사전적 의미에 따라 자릿수가 달라질 수 있는 서술어가 **아닌 것**”을 하나만 고르라는 문제라면, 보기 구성에 문제가 있습니다.  
굳이 가장 전형적인 답을 고르라고 한다면 **D. 만개하다**를 의도했을 가능성은 있지만, **F·H·E도 함께 검토되어야 합니다.**"
Syntax,Argument Structure & Valency,3,B,I,"정답: **I. 버둥대다**

**‘버둥대다’**는 기본적으로 주어만 요구하는 한 자리 서술어입니다.

- 물고기가 버둥댄다.
- 아이가 버둥댄다.

‘물에서’, ‘고통 때문에’ 등은 덧붙일 수 있으나, 서술어가 반드시 요구하는 성분이 아니므로 자릿수가 바뀌는 경우로 보기 어렵습니다."
Syntax,Argument Structure & Valency,3,G,J,"정답: **J. 손꼽다**

‘손꼽다’는 기본적으로 **주어와 목적어를 요구하는 두 자리 서술어**입니다.

- 나는 그를 손꼽는다.  
  → 나는 / 그를 / 손꼽는다

“손꼽아 기다리다”처럼 쓰이는 경우에는 ‘손꼽아’가 부사어 역할을 할 뿐, ‘손꼽다’ 자체의 서술어 자릿수가 달라지는 것은 아닙니다.

반면 다른 단어들은 쓰임이나 의미에 따라 필수 성분의 수가 달라질 수 있습니다. 예를 들어,

- 정부가 세금을 거두다 / 국민에게 세금을 거두다
- 향기가 풍기다 / 꽃이 향기를 풍기다
- 물가가 치솟다 / 불길이 하늘로 치솟다
- 밥이 묵다 / 내가 여관에서 묵다

따라서 적절하지 않은 것은 **J**입니다."
Syntax,Argument Structure & Valency,3,A,A,"표준적인 서술어 자릿수 기준으로 보면 **단일 정답이 되기 어렵고, A와 I가 모두 해당**합니다.

- **A 비웃다**: `누가 누구를 비웃다` → 주어+목적어, 기본적으로 2자리
- **I 닫다**: `누가 무엇을 닫다` → 주어+목적어, 기본적으로 2자리  
  - 문을 닫다, 입을 닫다, 가게를 닫다 등에서 목적어의 종류만 달라질 뿐 자릿수는 같다.

예를 들어 “그가 비웃었다”, “문 닫아”처럼 목적어가 실제 문장에 나타나지 않을 수는 있지만, 이는 **목적어 생략**이지 서술어가 요구하는 기본 자릿수가 바뀐 것은 아닙니다.

따라서 문제에 다른 조건이 없다면 **A(비웃다), I(닫다)**가 함께 답이어서, 제시된 문제는 복수 정답 가능성이 있습니다."
Pragmatics,Implicature,3,E,A,"정답: **A. 즉석복권에 당첨돼서 천 원을 땄어.**

복권에 당첨된 기쁜 일이 있었으므로, 갑이 “나한테도 한 잔 사야지”라고 축하하며 말하는 상황과 가장 자연스럽습니다."
Syntax,Agreement,2,J,G,"정답은 **G**입니다.

- **내가 친구와 가까워지고 싶었던 것은, 그것만은 진심이었다.**

앞의 **‘…싶었던 것은’**이 이미 문장의 화제(주어 역할)를 이루는데, 뒤에서 다시 **‘그것만은’**을 화제로 내세워 호응이 어색해집니다.

자연스럽게 고치면 다음과 같습니다.

- **내가 친구와 가까워지고 싶었던 것은 진심이었다.**
- **내가 친구와 가까워지고 싶었다는 것만은 진심이었다.**"
Semantics,Semantic Compatibility,1,B,B,"가장 어색한 것은 **B**입니다.

- **B: 고기가 저녁 만찬을 요리했다.**
  - ‘요리했다’의 주체는 보통 사람이어야 하는데, ‘고기’가 요리하는 것으로 되어 있어 의미상 부자연스럽습니다.
  - 자연스럽게 고치면:
    - **고기로 저녁 만찬을 요리했다.**
    - **그녀는 고기로 저녁 만찬을 요리했다.**

※ I의 ‘먹는것’은 띄어쓰기상 **‘먹는 것’**이 맞지만, 문장 의미 자체는 자연스럽습니다."
Semantics,Semantic Compatibility,2,A,J,"가장 어색한 것은 **J: 소비자의 이탈세가 심각하다.**입니다.

- **이탈세**는 ‘이탈하는 추세’라는 뜻으로 쓸 수는 있지만, 보통 “심각하다”와 결합하기보다는  
  - “소비자 **이탈이 심각하다**”  
  - “소비자 **이탈률이 높다**”  
  - “소비자 이탈세가 **뚜렷하다/가파르다**”  
  등으로 표현하는 것이 자연스럽습니다."
Semantics,Semantic Compatibility,1,C,C,"가장 어색한 것은 **C: 부동산 가격이 사각거렸다.** 입니다.

- **사각거리다**는 보통 종이, 낙엽, 비닐 등이 스치며 내는 소리를 나타냅니다.
- **부동산 가격**은 소리를 낼 수 있는 대상이 아니므로, 특별한 문학적 비유 맥락이 없다면 의미상 매우 부자연스럽습니다.

따라서 정답은 **C**입니다."
Semantics,Semantic Compatibility,1,H,H,"가장 어색한 것은 **H: 바위를 마신다.** 입니다.

‘마시다’는 보통 물이나 음료처럼 액체를 대상으로 하는 동사인데, ‘바위’와 결합하면 의미상 자연스럽지 않습니다.  
(다만 시적·비유적 표현이라는 특별한 맥락에서는 가능할 수 있습니다.)"
Semantics,Semantic Compatibility,1,E,E,"가장 어색한 것은 **E: “나른한 오후에 커피가 책을 읽었다.”**입니다.

‘책을 읽다’의 주체는 일반적으로 사람이나 읽을 수 있는 존재여야 하는데, ‘커피’가 주체로 쓰여 의미상 부자연스럽습니다.

다른 문장들은 비유적 표현이 포함된 경우가 있어도 자연스럽게 이해됩니다."
Semantics,Semantic Compatibility,1,F,F,"가장 어색한 것은 **F: 맥주가 주차를 했다.** 입니다.

‘주차하다’의 주체는 일반적으로 자동차나 운전자여야 하는데, ‘맥주’는 주차할 수 없으므로 의미상 부자연스럽습니다."
Semantics,Semantic Compatibility,1,G,G,"가장 어색한 것은 **G: 설계는 의자가 담당했다.** 입니다.

- **의자**는 설계를 담당할 수 있는 주체가 아니므로 의미상 부자연스럽습니다.
- 자연스럽게 고치면:
  - “설계는 **건축가가** 담당했다.”
  - “**의자의 설계는** 디자인팀이 담당했다.”"
Semantics,Semantic Compatibility,1,B,B,"가장 어색한 것은 **B: 급히 집을 들고 뛰었다.** 입니다.

- 일반적으로 **집을 들고 뛰는 것**은 현실적으로나 의미상 매우 부자연스럽습니다.
- 아마도 **“급히 짐을 들고 뛰었다.”**가 자연스러운 표현일 것입니다.

다른 문장들은 비유적 표현이거나 일반적인 결합으로 자연스럽습니다."
Pragmatics,Discourse Principles,1,H,H,"가장 적절한 것은 **H: “나는 네가 현명한 결정을 내릴 줄 아는 애라고 생각한단다.”** 입니다.

겉으로는 상대를 믿고 칭찬하는 말처럼 보이지만, 문맥상 **미술 전공 선택은 ‘현명한 결정’이 아닐 수 있다**는 뜻을 우회적으로 암시합니다. 따라서 직접 반대하지 않으면서도 모호하게 반대 의사를 드러낸 표현입니다."
Semantics,Conjunctions,1,B,B,"정답: **B: 다만**

완성 문장:  
“설명을 듣고 나니 제 궁금증이 많이 해결되었습니다. **다만** 답변 중 마지막에 언급하신 부분에는 선뜻 동의하기 어렵습니다.”

앞 문장에서 긍정적으로 평가한 뒤, 뒤에서 일부 유보하거나 반대하는 내용을 덧붙이므로 **역접·제한**의 의미인 “다만”이 가장 자연스럽습니다."
Syntax,Argument Structure & Valency,3,I,I,"정답: **I**

- **퇴보하다**는 주어만 요구하는 한 자리 서술어입니다.  
  - “회사의 매출이 퇴보했다.”
- 문장의 “경영진이 바뀌고”, “도리어”는 서술어가 필수적으로 요구하는 성분이 아니라 부가적인 부사어(수식 성분)입니다.

따라서 꺾쇠 안 서술어가 한 자리인 것은 **I의 ‘퇴보했다’**입니다."
Semantics,Conjunctions,1,A,A,"정답: **A. 그래서**

문맥상 바람 때문에 테이블이 쓰러졌고, 그 결과 테이블 위의 노트북이 떨어져 부서졌습니다.

> 바람이 불어서 테이블이 쓰러졌다. **그래서** 테이블 위에 두었던 노트북이 바닥에 떨어져 부서졌다.

“그래서”는 앞 문장의 결과를 이어 말할 때 쓰는 접속사입니다."
Semantics,Conjunctions,1,A,A,"정답: **A. 그런데**

완성 문장:  
“우리 집의 이번 주 청소 당번은 언니다. **그런데** 집에 가 보니 언니는 없고 동생만 남아서 방바닥을 닦고 있었다.”

언니가 청소 당번이어야 하는데 실제로는 동생이 청소하고 있다는 예상과 다른 상황을 나타내므로 **‘그런데’**가 가장 자연스럽습니다."
Semantics,Numeral Classifiers,1,E,E,"정답: **E: 한 돈 들어갑니다.**

순금 돌반지는 보통 금 **한 돈(3.75g)**으로 만드는 경우가 많습니다."
Semantics,Numeral Classifiers,2,B,B,"B: 1돈입니다.  
돌반지는 보통 순금 1돈(약 3.75g)짜리를 많이 합니다."
Semantics,Numeral Classifiers,2,B,C,"정답: **C**

“땅콩이나 완두콩을 스무 대 심을까 해요.”가 텃밭에 심을 작물과 수량을 자연스럽게 말한 표현입니다."
Phonetics/Phonology,Phonological Constraints,3,G,D,"엄밀히 말하면 **D(낚시)**와 **E(부엌)**가 해당합니다.

- 낚시 → [낙씨]: 종성 ㄱ은 한국어에서 가능한 종성([k̚])이므로 종성 제약에 의해 다른 소리로 중화될 필요가 없습니다.
- 부엌 → [부억]: 역시 종성 ㄱ이 허용되는 종성이므로 그대로 [k̚]로 실현됩니다.

반면 예를 들어  
- 히읗의 ㅎ, 옷장의 ㅅ, 꽃집의 ㅊ 등은 종성에서 그대로 실현되지 못하고 대표음 [ㄷ] 계열로 중화됩니다.
- 깎다의 ㄲ, 잎·옆의 ㅍ 등도 종성에서 각각 [ㄱ], [ㅂ] 계열로 실현됩니다.

따라서 **단일 정답을 요구하는 문제라면 D와 E가 모두 가능하여 문항이 모호합니다.**"
Pragmatics,Deixis & Reference,3,F,E,"정답은 **E**입니다.

을이 마지막에 제안한 옷은 **‘이건[2]’**이고, 갑이 이어서 언급한 **‘이게’** 및 “그것도 괜찮네”의 대상도 그 옷을 가리킵니다. 따라서 **‘이건[2]’과 ‘이게’는 같은 대상**입니다."
Pragmatics,Deixis & Reference,3,E,E,"정답: **E: (‘얘’, ‘저거’)**

- 을이 처음 말한 **“저거는 어떤 것 같아?”**의 ‘저거’는 을이 고른 옷을 가리킵니다.
- 이어서 을이 그 옷의 소재를 만져 보라고 한 뒤, 갑이 **“얘는 무거워서 별로야.”**라고 하므로 ‘얘’ 역시 바로 그 옷을 가리킵니다.

따라서 **‘얘’와 ‘저거’는 같은 대상**입니다.  
※ “이게 진짜”의 ‘이게’는 특정 옷을 가리키기보다 감탄·불평의 표현으로 쓰인 것이므로 ‘이건[2]’와 연결되지 않습니다."
Pragmatics,Deixis & Reference,3,H,H,"정답: **H**

- **‘본인’**: “갑자기 악역이라니 본인 이미지랑 다르긴 하다.”에서 악역을 맡은 **‘저 사람[2]’**를 가리킨다.
- **‘쟤’**: 새 드라마에서 ‘저 사람[1]’과 함께 공동 주연으로 나온 인물이다. 이후 “범인은 저쪽이고”, “저 사람[2] … 악역”이라고 한 것으로 보아 **‘쟤’와 ‘저 사람[2]’은 같은 인물**이다.

따라서 **‘본인’과 ‘쟤’는 같은 사람**을 가리킨다."
Pragmatics,Deixis & Reference,3,E,E,"정답: **E**

- ‘저 사람[1]’ = 새 드라마에서 **정의로운 형사** 역을 맡은 사람
- ‘쟤’ = 함께 나온 공동 주연이며 새 드라마에서 **범인(악역)** 역을 맡은 사람
- ‘그거[2]’ = ‘저 사람[2]’가 학교 선생님으로 나왔던 과거 드라마
- ‘그런 걸’ = ‘저 사람[2]’가 대학생으로 나온 작품
- ‘이런 걸’ = 현재 새로 하는 범죄 스릴러 드라마
- ‘여기’, ‘저기’ = 갑과 을이 현재 보고 있는 TV 프로그램

따라서 **‘쟤’는 ‘이런 걸’에서 악역을 맡았다**는 E만 참이고, 나머지는 거짓이다."
Pragmatics,Deixis & Reference,3,E,I,"정답은 **I**이다.

갑은 “여기(2)서 사 갈까?”라고 말할 뿐, 실제로 자신이 어디에 있는지는 명시하지 않는다. 따라서 갑이 다용도실에 있는지 여부는 알 수 없다."
Pragmatics,Deixis & Reference,3,C,C,"정답: **C (동부, 그거[2])**

을이 “동부는 부엌에 뒀다고 안 했어?”라고 동부의 위치를 묻자, 갑이 “**그거[2]** 네 엄마가 꺼내 쓰고 남은 것 다 베란다에 뒀어.”라고 답한다. 따라서 **‘그거[2]’는 ‘동부’**를 가리킨다."
Pragmatics,Deixis & Reference,3,J,E,"정답: **E**

- 을은 처음에 갑이 말한 **다용도실**에 있으므로, **여기(1)**은 다용도실이다.
- 쌀은 다용도실이 아니라 **창고**에 있고, 샬럿은 다용도실에 없으면 집에 없는 것으로 처리된다.
- 다용도실에 있는 것으로 확인되는 식재료는 을이 말한 **차조기**뿐이다. “짝으로 있어”는 차조기가 두 개라는 뜻일 뿐, 식재료의 **종류**는 1종류이다.

따라서 **여기(1)에 있는 식재료는 1종류이다.**"
Syntax,Argument Structure & Valency,1,I,I,"정답: **I**

- <보기>의 서술어 **‘맵다’**는 주어만 요구하는 **한 자리 서술어**입니다.  
  - 장아찌가 맵다.

- I의 **‘과잉되다’**도 주어만 요구하는 한 자리 서술어입니다.  
  - 재고가 과잉되었다.

‘이번 달 물품’은 ‘재고’를 꾸며 주는 말일 뿐, 서술어가 별도로 요구하는 성분은 아닙니다."
Syntax,Argument Structure & Valency,1,A,A,"정답: **A**

- `<걷혔다>`: ‘뭉게구름이 걷혔다’처럼 **주어만 요구하는 한 자리 서술어**이다.
- A의 `<헝클어졌다>`도 ‘가르마가 헝클어졌다’처럼 **주어만 요구하는 한 자리 서술어**이다.

따라서 같은 자릿수의 서술어는 **A**이다."
Syntax,Embedded Clauses,2,I,I,"정답: **I**

- **식품은 [농도가 높은] 식염수로 처리해야 한다.**
- 안긴 문장 **‘농도가 높은’**이 뒤의 명사 **‘식염수’**를 꾸며 주므로, 역할은 **관형어**입니다."
Syntax,Embedded Clauses,3,E,E,"정답은 **E**입니다.

- **E: 천왕성이 누워서 돈다는 가설**
  - 안긴 문장: **천왕성이 누워서 돈다**
  - 중심 서술어: **돌다**
  - 필수 성분: `천왕성이`(주어)  
  → **한 자리 서술어**입니다.  
  (`누워서`는 필수 성분이 아니라 부사절 성분입니다.)

참고로 G의 **서성인**은 겉보기에는 한 자리처럼 보일 수 있으나, 이 문장에서는  
`아들놈이 그곳을/그곳에서 서성이다`처럼 **‘곳’**이 서성이는 대상·장소로 복원되어 두 자리로 처리합니다."
Syntax,Embedded Clauses,3,C,C,"정답: **C**

- 안긴 문장: **수심이 낮은**
- 서술어: **낮다**
- ‘낮다’는 “수심이 낮다”처럼 주어만 필요한 **한 자리 서술어**이다.

따라서 서술어의 자릿수가 2개 또는 3개가 아닌 것은 **C**이다."
Syntax,Embedded Clauses,3,C,G,"정답: **G**

- **우리가 합의하지 않은** 판단  
  → 안긴 문장의 서술어는 **‘합의하다’**이고, 기본적으로 주어만 요구하는 **한 자리 서술어**로 본다.  
  → `우리가 합의하지 않았다.`

참고로 나머지는 목적어·보어·필수 부사어 등이 함께 요구되는 두 자리 이상 서술어로 분석된다. 예를 들어,

- `분노를 아끼다` : 아끼다(주어+목적어)
- `휴양지에 가다` : 가다(주어+필수 부사어)
- `턱을 닮다` : 닮다(주어+목적어)
- `등불을 피우다` : 피우다(주어+목적어)

따라서 **G**이다."
Syntax,Embedded Clauses,3,E,E,"정답: **E**

- **내가 갈 수 있는 호텔**  
  → 원래 안긴 문장: **내가 호텔에 갈 수 있다.**  
  → ‘호텔에’에서 **호텔**은 장소를 나타내며 서술어 ‘갈 수 있다’를 꾸미는 **부사어**이다.

다른 보기의 꺽쇠 안 명사는 주로 주어·목적어·관형어 등의 기능을 한다."
Pragmatics,Discourse Principles,2,A,A,"정답: **A**

“나는 밥도 좋고 면도 좋고 빵도 괜찮고… 아무거나 먹자.”는 여러 선택지를 길게 나열하면서도 자신의 선호를 분명히 밝히지 않는 발화입니다. 따라서 **불명확하고 장황한 방식으로 화자의 우유부단하거나 소극적인 태도**를 드러낸다고 볼 수 있습니다."
Pragmatics,Speech Acts,2,I,I,"정답: **I: 내달 중으로 보고드리겠습니다.**

‘내일도 늦으면 그때는 벌점을 주겠어.’는 미래의 행동을 하겠다고 말하는 **약속**의 의도에 해당합니다.  
I도 ‘내달 중으로 보고드리겠습니다’라고 미래에 보고하겠다는 약속을 나타냅니다."
Syntax,Argument Structure & Valency,2,G,G,"정답: **G**

- **달걀프라이가 단번에 뒤집혔다.**
- 서술어 **‘뒤집히다’**는 주어인 **‘달걀프라이가’**만 요구하는 **한 자리 서술어**이다.
- ‘어머니의 기술에’, ‘단번에’는 서술어가 반드시 요구하는 필수 성분이 아니라 부가적인 표현이다."
Pragmatics,Implicature,2,J,D,"정답: **D**

을의 “죄송합니다.”는 갑의 시간 질문에 답하지 못한다는 뜻이며, 일반적으로 **현재 시각을 알지 못한다는 의미**로 해석됩니다."
Pragmatics,Implicature,1,I,I,"정답: **I**

“내가 언제 밥때 거르는 것 봤니?”는 밥을 거른 적이 없다는 뜻의 반문이므로, 저녁을 **챙겨 먹었다는 긍정의 답**입니다.

반면 다른 선택지들은 직접적이거나 간접적으로 “아니다”, “하지 못했다”, “하지 않았다”는 부정적 의미를 전달합니다."
Syntax,Argument Structure & Valency,1,B,B,"정답: **B**

- **다운되다**: 주어만 요구하는 **한 자리 서술어**입니다.  
  - 메인 서버가 다운되었다.
  - ‘익명의 해커에 의해’, ‘완전히’는 필수 성분이 아닌 부사어입니다.

나머지는 목적어·보어·필수 부사어 등을 추가로 요구하는 두 자리 이상 서술어입니다."
Pragmatics,Implicature,1,A,A,"정답: **A**

갑이 “이번 대회에 나랑 팀으로 나가 볼래?”라고 제안하자, 을은 “상금은 다 내 거다.”라고 하여 **조건을 붙이기는 했지만 함께 대회에 나가겠다는 의사를 보이고 있으므로 승낙**에 해당합니다.

나머지는 거절, 보류 또는 거절의 이유를 제시한 경우입니다."
Syntax,Argument Structure & Valency,3,I,A,"정답은 **A**입니다.

- **질주하다**: “승용차들이 질주하다”처럼 **주어 한 자리만으로** 성립합니다.  
  - “도로로”는 질주하는 **방향·장소를 나타내는 부사어**일 뿐, 필수 성분은 아닙니다.

따라서 **한 자리 서술어는 ‘질주하다’**입니다."
Pragmatics,Implicature,1,A,A,"정답: **A**

을은 “엄마는 네 나이 때 하루에 3시간씩 자 가며 공부했어.”라고 말하며, 자녀가 자신만큼 열심히 공부하지 않았다고 생각하고 있음을 드러낸다. 따라서 자녀가 공부를 충분히 하지 않았다고 생각한다는 설명이 가장 적절하다."
Pragmatics,Discourse Principles,1,D,D,"정답: **D**

“다른 애들도 지각했는데 왜 저한테만 그러세요?”는 학생이 지각한 **이유**를 설명하지 않고, 처우의 공정성 문제로 화제를 돌리고 있습니다. 따라서 질문과의 관련성을 의도적으로 위반한 반응으로 가장 적절합니다."
Semantics,Conjunctions,1,B,B,"정답: **B: 반면**

앞에서는 한 원두의 특징으로 신맛과 과일 향을, 뒤에서는 다른 원두의 특징으로 쓴맛과 견과류 향을 대비하고 있으므로 **‘반면’**이 가장 적절합니다.

> 이 원두로 내린 커피에서는 신맛과 과일 향기가 난다. **반면** 저 원두로 커피를 내리면 쓴맛과 견과류 향이 나기도 한다."
Semantics,Conjunctions,2,A,A,"정답: **A. 그래서**

앞 문장에서 “대폭 수정해야 할 부분을 발견했다”는 원인이 제시되고, 뒤 문장에서 “조원들에게 연락하여 회의를 잡고 수정 방향을 결정했다”는 결과가 이어집니다.

> 조별과제 중간보고서 작성 중에 대폭 수정해야 할 부분을 발견했다. **그래서** 급하게 조원들에게 연락하여 회의를 잡고 수정 방향을 결정했다."
Semantics,Conjunctions,1,F,F,"정답: **F. 그런데**

문맥상 “푹 쉬고 있었지만, 예상과 달리 끝낸 일에 문제가 생겨 다시 바빠졌다”라는 **반전·대조**의 의미가 필요합니다.

> 어제부로 바쁜 일을 모두 마무리하고 푹 쉬고 있었다. **그런데** 끝낸 일에 문제가 생겨서 수습하느라 다시 바빠지고 말았다."
Semantics,Conjunctions,1,F,F,"정답: **F. 그러나**

앞문장에서는 국어와 영어 영역의 답이 대체로 같았다고 했지만, 뒷문장에서는 수학 영역에서 의견이 많이 갈렸다고 하므로 대조를 나타내는 **“그러나”**가 가장 적절합니다.

> 국어와 영어 영역은 대체로 답이 같았다. **그러나** 수학 영역에서는 서로 의견이 갈리는 문제가 전체의 반이 넘었다."
Semantics,Numeral Classifiers,3,E,C,"정답: **C**

**들깨 세 그루 심으려고요.**

식물을 셀 때는 보통 **‘그루’**를 사용하므로 가장 자연스럽습니다."
Semantics,Conjunctions,1,F,F,"정답: **F. 그런데**

문장 앞에서는 이번 주 청소당번이 언니라고 했지만, 집에 가 보니 언니는 없고 동생이 청소하고 있는 예상 밖의 상황이므로 **대조·전환**을 나타내는 **“그런데”**가 가장 자연스럽습니다.

> 우리집의 이번 주 청소당번은 언니다. **그런데** 집에 가보니 언니는 없고 동생만 남아서 방바닥을 닦고 있었다."
Semantics,Numeral Classifiers,1,C,C,C: 한 돈 들어갑니다.
Syntax,Agreement,2,A,A,"정답은 **A**입니다.

- **별로**는 일반적으로 부정 표현과 호응해야 합니다.  
  - 잘못: “별로 도리를 따라야 한다.”
  - 바른 예: “도리를 **별로 따르지 않는다**.”

다른 보기의 설명이 틀린 이유는 다음과 같습니다.

- **F**: ‘결코’는 문두에만 오는 말이 아니라, **부정 표현**과 호응해야 합니다.  
  → “결코 말하지 않을 것이다.”
- **H**: ‘여간’은 ‘어렵다’와 결합할 수 없는 것이 아니라, 보통 **부정 표현**과 함께 씁니다.  
  → “여간 어려운 일이 아니다.”
- **J**: ‘왜냐하면’은 뒤에 이유를 제시하고, 앞이나 뒤에 그에 대한 결론이 있어야 하므로 문장이 불완전합니다.
- **C, D, I**의 설명도 해당 부사의 실제 호응 조건을 잘못 설명했습니다.

따라서 올바른 설명은 **A**입니다."
Syntax,Agreement,3,D,B,"정답: **B**

> 나와 친한 친구가 있는데, 어제 저녁밥을 먹고 그 친구가 집으로 바래다주었다.

‘그 친구가’가 주어이고, ‘집으로 바래다주었다’의 목적어인 ‘나를’은 문맥상 생략된 것으로 자연스럽습니다.

다른 문장의 대표적 문제는 다음과 같습니다.

- A: ‘왜냐하면’은 앞절의 이유를 나타내므로 뒤에 결과가 와야 함.
- C: ‘여간’은 보통 부정 표현과 호응함.  
- D: ‘반드시’는 서술어 앞에 와야 자연스러움.
- E: ‘설령’은 ‘-더라도’, ‘-할지라도’ 등과 호응함.
- F: ‘비단’은 보통 ‘뿐만 아니라’ 등과 호응해야 함.
- G, H: ‘결코’는 부정 표현과 호응해야 함.
- I: ‘모름지기’는 일반적 당위·원칙을 나타내는 말과 어울림.
- J: ‘물을 주자’ 뒤에 대상인 ‘꽃에게’가 오는 어순이 부자연스러움."
Semantics,Ambiguity,3,G,I,"적절하지 않은 것은 **I**입니다.

- **“장편 소설을 좋아하다”**의 ‘장편’은 ‘긴 형식의 작품’이라는 뜻으로 쓰인 말이며, 여기서는 동음이의어 때문에 중의성이 생기지 않습니다.  
- 따라서 이 문장은 일반적으로 중의적인 문장으로 보지 않습니다."
Phonetics/Phonology,Phonological Alternation,3,F,F,"제시된 표기만으로는 **틀린 예시를 하나로 고를 수 없습니다.** 모두 표준 표기가 가능한 말입니다.

다만 **F ‘회수’**를 ‘어떤 일을 한 **횟수**’라는 뜻으로 쓴 것이라면 틀린 표기이며, **‘횟수’**가 맞습니다.

- **회수(回收)**: 물건을 거두어들임  
- **횟수**: 어떤 일이 이루어진 차례의 수  

따라서 출제 의도가 ‘몇 번 했는가’라는 뜻이라면 정답은 **F: 회수 → 횟수**입니다."
Phonetics/Phonology,Phonological Alternation,2,J,,"표기가 틀린 예시는 **없습니다. 모두 표준 표기입니다.**

특히 자주 틀리는 것은 다음과 같습니다.

- **개수**: ‘갯수’가 아니라 ‘개수’
- **소수점**: ‘소숫점’이 아니라 ‘소수점’
- **대가**: ‘댓가’가 아니라 ‘대가’

나머지인 **장맛비, 순댓국, 횟집, 빗물, 나뭇잎, 먹잇감, 햇님**은 사이시옷을 써서 적는 표기가 맞습니다."
Phonetics/Phonology,Phonological Alternation,2,E,C,"정답: **C 소주병**

올바른 표기는 **소줏병**입니다.

- 소주 + 병 → **소줏병**
- 합성어에서 사이시옷이 쓰이는 경우입니다."
Syntax,Ellipsis,3,D,D,"정답은 **D**입니다.

> 우리 스스로 **문(의) 앞(의) 마당(의) 눈길** 쓸자.

‘의’가 들어갈 수 있는 위치는 다음 세 곳입니다.

1. 문**의** 앞  
2. 앞**의** 마당  
3. 마당**의** 눈길  

따라서 ‘의’가 들어갈 수 있는 위치가 세 개인 문장은 **D**입니다."
Syntax,Argument Structure & Valency,2,G,G,"정답은 **G. 거절하다**가 가장 적절합니다.

- **쓰다, 바르다, 배다, 불다, 되다, 날리다, 삼다, 걸다, 달다** 등은 쓰임에 따라 요구하는 필수 성분의 수가 달라질 수 있습니다.  
  - 예: *바람이 분다* / *피리를 분다*  
  - 예: *학생이 되다* / *일이 문제가 되다* 등

- 반면 **거절하다**는 일반적으로 ‘누가 무엇을 거절하다’의 구조, 즉 주어와 목적어를 요구하는 **2자리 서술어**로 쓰입니다.  
  - 예: *그가 제안을 거절했다.*  
  → `그가` + `제안을` + `거절했다`

따라서 자릿수가 경우에 따라 달라지는 서술어에 해당하지 않는 것은 **G. 거절하다**입니다."
Semantics,Word Relationships,3,I,G,"정답: **G: 콘텐츠**

- **벼 → 쌀**: 원재료가 가공되어 얻어지는 산물
- **콘텐츠 → 매출**: 콘텐츠를 생산·판매하여 얻어지는 결과

따라서 지문의 **매출**과 가장 적합한 관계를 맺는 것은 **콘텐츠**입니다."
Semantics,Word Relationships,2,G,G,"정답: **G: 드래곤**

관계 정리:

- 강아지의 외할아버지(또는 외조부) 쪽 딸이 강아지의 어머니입니다.
- 그 어머니의 동생인 **유니콘**은 강아지의 **외삼촌**입니다.
- 고양이의 사돈어른인 **드래곤**은 강아지 아버지 쪽의 부모, 즉 **친할아버지**에 해당합니다.

따라서  
**외삼촌 : 친할아버지 = 유니콘 : 드래곤**  
이므로 **G**입니다."
Semantics,Word Relationships,2,B,B,"정답: **B. 감형**

‘배고픔 : 식사’는 **문제 상황 : 이를 해결하거나 완화하는 대응책**의 관계입니다.  
학교 폭력에 대한 대응으로는 정학, 사회봉사, 퇴학, 구속 등 처벌·제재 조치가 가능하지만, **감형**은 가해자에 대한 처벌을 줄이는 것이므로 학교 폭력의 대응책으로 가장 부적절합니다."
Semantics,Word Relationships,2,D,D,"정답: **D: 노르웨이의 숲**

- **식물 : 무궁화** = 상위 범주와 그에 속하는 구체적 종류의 관계
- **고양이 : 노르웨이의 숲** = 고양이의 구체적인 품종인 ‘노르웨이숲 고양이’ 관계

따라서 가장 적합한 단어는 **D**입니다."
Semantics,Word Relationships,1,H,H,"정답: **H: 흑자**

“뜨거움 : 차가움”은 서로 반대되는 의미 관계이며, “적자 : 흑자”도 반대 의미 관계입니다."
Semantics,Word Relationships,1,A,A,"정답: **A: 의향**

“심중”은 **마음속 생각이나 속마음, 의도**를 뜻합니다.  
따라서 “적 사령관이 항복을 권하는 속뜻을 이해할 수 없었다”라는 의미이므로 **의향**이 가장 가깝습니다."
Semantics,Word Relationships,3,C,H,"정답: **H: 사살하다**

“안치하였다”는 본래 시신 등을 일정한 장소에 모셔 두는 뜻입니다. 용의자를 “즉각 안치”하고 “사후 처리”한다는 문맥에서는 용의자가 사망한 상황을 암시하므로, 선택지 중 가장 가까운 것은 **사살하다**입니다."
Semantics,Word Relationships,3,I,B,"정답: **B: 살펴보다**

“통감했다”는 여기서 **전체 과정을 총괄하여 감독하고 관리했다**는 뜻입니다. 선택지 중에서는 전반적인 상황을 두루 살피고 관리한다는 의미의 **“살펴보다”**가 가장 가깝습니다."
Syntax,Argument Structure & Valency,2,D,D,"문항 그대로라면 정답이 하나로 정해지기 어렵습니다.

- **D: 사과가 내 머리 위로 떨어졌다.**  
  → ‘떨어지다’는 사과가 스스로 의도하여 행한 행동이라기보다, 사과에 일어난 변화·움직임을 나타내므로 조건에 가장 자연스럽게 맞습니다.

다만 다음도 주어가 의도적으로 행위한 것은 아니라는 뜻이 될 수 있습니다.

- **C: 배가 남고 있습니다.**
- **I: 시간이 이렇게 될 것이군요.**

따라서 출제 의도가 “주어가 직접 행동하지 않고 상태·변화를 겪는 동사”를 고르는 것이라면 **D**가 가장 적절합니다.

참고로 “피동사”를 엄밀히 묻는 문제라면 **G**는 ‘병이 깨져 있다’가 되어야 하며, 제시된 **‘깨질 있다’는 문법적으로 맞지 않습니다.**"
Syntax,Argument Structure & Valency,3,B,J,"정답: **J**

- **뽐내다**는 보통 ‘무엇을 뽐내다’처럼 뽐내는 대상이 필요한 동사입니다.
- 따라서 “농부가 축제의 자리에서 뽐내고 있다”에는 **무엇을 뽐내는지**가 추가되어야 자연스럽습니다.

예:  
- 농부가 축제의 자리에서 **자신의 농작물을** 뽐내고 있다.  
- 농부가 축제의 자리에서 **뛰어난 솜씨를** 뽐내고 있다."
Syntax,Argument Structure & Valency,3,H,H,"정답: **H**

**H: 온종일 여행사가 설치고 있다.**

여기서 ‘여행사’는 실제로는 여행사 직원들을 가리키며, 어떤 행동을 의도적으로 하는 **행위자(동작주)** 역할을 합니다. ‘설치다’는 주어가 스스로 부산스럽거나 지나치게 행동한다는 뜻의 자동사이기 때문입니다.

반면 나머지 문장들의 주어는 대체로 어떤 상태에 놓이거나 움직임·변화를 겪는 **대상**, 또는 자극을 받아 영향을 받는 **경험주**입니다.

- G의 ‘예술가’는 칭찬에 영향을 받는 **경험주**이지, 감화라는 행동의 행위자는 아닙니다.
- A의 주어는 ‘사람들’이 아니라 **공원**이며, 공원이 북적이는 상태를 나타냅니다.

따라서 의미역상 행위자 성격을 가진 주어는 **H**입니다."
Syntax,Argument Structure & Valency,2,C,C,"정답: **C**

- **C의 ‘우리 어머니’**는 ‘헛살았다’라는 행위를 하는 **행위자(Agent)** 역할이다.
- 나머지 문장들의 주어는 대체로 어떤 상태·변화·움직임을 겪거나 나타내는 **대상/경험자/주제(Theme, Experiencer)** 역할을 한다.

예를 들면  
- A ‘인생관’은 잊히는 대상  
- D ‘숨’은 가빠지는 대상  
- H ‘예산’은 동나는 대상  
- J ‘손발’은 떨리는 대상  

따라서 의미상 역할이 다른 것은 **C**이다."
Syntax,Argument Structure & Valency,2,C,C,"정답은 **C**입니다.

- **A, B, E, F, I, J**: 2자리 서술어  
- **D, G, H**: 1자리 서술어  
- **C**: 3자리 서술어  

C의 **‘예금하다’**는  
> (주체가) (자금을) (은행에) 예금하다  

처럼 주체·대상·처소(기관)를 요구하는 **3자리 서술어**입니다. 따라서 혼자 하나뿐인 군집은 **C**입니다."
Phonetics/Phonology,Phonological Alternation,3,B,B,"정답: **B 생산량**

- **생산량 → [생산냥]**
- 앞의 비음 **ㄴ**의 영향으로 뒤의 **ㄹ**이 비음 **ㄴ**으로 바뀌는 **비음화**가 일어납니다.

나머지는 주로 **유음화**(ㄴ, ㄹ이 만나 ㄹ로 발음됨)입니다.  
예: 신라[실라], 칼날[칼랄], 난로[날로]"
Syntax,Argument Structure & Valency,3,J,J,"정답: **J**

- <보기>의 **건지다**: “누가 무엇을 건지다” → **두 자리 용언**
  - (나는) 목숨을 건졌다.

- J의 **함께하다**: “누가 누구와 함께하다” → **두 자리 용언**
  - 행운이 그대와 함께하다.

따라서 <보기>와 같은 자릿수의 용언은 **J**입니다."
Pragmatics,Deixis & Reference,3,I,I,"정답: **I**

- ‘너’는 **을**이고,
- 영화관에 간 ‘동생’은 “언니 동생” 즉 **갑의 동생 지연**이다.

따라서 “너의 동생이 영화관에 갔다”는 I는 거짓이다.

나머지는 대화상 다음과 같이 해석된다.

- 언니 = 갑
- 애 / 지연 / 그 녀석 = 갑의 동생
- 여기 / 거기 = 을이 있는 곳(을의 집)
- 걔 / 그쪽 = 갑이 관계를 맺고 있는 상대
- 친구 = 지연과 영화관에 간 친구

그러므로 다른 선택지들은 참으로 볼 수 있다."
Phonetics/Phonology,Phonological Alternation,3,B,B,"정답: **B. 축하**

(ㄹ)은 **된소리되기**이다.

- 좋겠다 [조켇따] → ‘ㅆ’ 받침 뒤의 ‘ㄷ’이 ‘ㄸ’으로 발음됨
- 드넓다 [드널따] → 받침 뒤의 ‘ㄷ’이 ‘ㄸ’으로 발음됨

다른 선택지들은 모두 된소리되기가 나타난다.

- 적다 [적따]
- 갈등 [갈뜽]
- 닭장 [닥짱]
- 접시 [접씨]
- 갈증 [갈쯩]
- 젊다 [점따]
- 주먹밥 [주먹빱]
- 역도 [역또]
- 발전 [발쩐]

반면 **축하 [추카]**는 ‘ㄱ’과 ‘ㅎ’이 만나 **거센소리되기**가 일어난 경우이므로 된소리되기가 나타나지 않는다."
Phonetics/Phonology,Phonological Alternation,2,B,B,"정답: **B. 밖**

(ㄱ)은 **자음군 단순화**이다.

- 젊다[점따], 읊고[읍꼬], 여덟[여덜], 닭[닥] 등은 받침의 자음군이 하나의 자음으로 발음된다.
- **밖[박]**은 받침 ‘ㄲ’이 음절 끝에서 대표음 ‘ㄱ’으로 바뀌는 **음절의 끝소리 규칙**이 적용된 것이며, 자음군 단순화는 아니다."
Semantics,Word Relationships,1,H,H,"정답: **H: 빼먹어서**

“누락해서”는 들어가야 할 내용을 빠뜨렸다는 뜻이므로, 문맥상 “빼먹어서”와 가장 유사합니다."
Semantics,Word Relationships,2,J,J,"정답: **J: 적대적이고**

“부착하다 ↔ 탈착하다”처럼 반대 의미 관계이므로, “호의적이고”의 반대말인 **“적대적이고”**가 알맞습니다."
Semantics,Word Relationships,1,G,G,"정답: **G. 기념하는**

“기리는”은 어떤 사람의 훌륭한 업적이나 희생정신 등을 **기억하고 높이 받드는 것**을 뜻합니다. 문장에서는 목탑을 세워 그 사람의 희생정신을 기억하고 기념한다는 의미이므로 “기념하는”이 가장 유사합니다."
Semantics,Word Relationships,2,F,F,"정답: **F: 뜨거움**

얼음은 ‘차가움’의 성질을 지니며, 불은 ‘뜨거움’의 성질을 지닙니다."
Semantics,Word Relationships,2,G,G,"정답: **G. 홍시**

- **노란색 : 개나리** = 개나리는 대표적으로 노란색을 띠는 대상
- **빨간색 : 홍시** = 홍시는 대표적으로 빨간색을 띠는 대상

따라서 가장 적합한 것은 **홍시**입니다."
Semantics,Word Relationships,2,I,I,"정답: **I. 설탕**

콜라와 사이다는 모두 음료인 것처럼, 커피와 비교할 수 있는 대상도 음료여야 합니다. 설탕은 음료가 아니라 커피에 넣을 수 있는 재료이므로 가장 부합하지 않습니다."
Syntax,Argument Structure & Valency,3,D,D,"정답: **D**

- **퍼붓다**는 여기서 ‘세찬 비가 퍼붓다’처럼 쓰여 **주어만 필수적으로 요구하는 한 자리 서술어**입니다.
- ‘전국에’는 비가 내리는 장소를 나타내는 **부사어**이므로 필수 성분이 아닙니다.

따라서 **〈퍼부었다〉**가 요구하는 자릿수는 한 자리입니다."
Pragmatics,Implicature,2,J,J,"정답: **J: “그럼 손잡이나 꽉 잡으쇼.”**

이는 “더 빨리 가겠다”는 뜻을 유머러스하게 나타낸 **승낙**입니다.

나머지는 교통체증·안전·규정 등을 이유로 더 빨리 갈 수 없다는 **거절 또는 불가 의사**를 표현합니다."
Syntax,Argument Structure & Valency,3,G,G,"정답: **G**

**물리학자가 최종 \<수상자로\> 발탁되었다.**

‘발탁되다’는 대체로 **무엇으로/어떤 자격으로 발탁되었는지**를 나타내는 성분이 필요하므로, ‘수상자로’는 **필수적 부사어**에 해당합니다.

나머지의 시간, 장소, 원인, 비교 등의 부사어는 문장에서 생략해도 문장의 기본 뜻이 성립하는 **수의적 부사어**입니다."
Syntax,Argument Structure & Valency,2,B,B,"정답: **B**

- **심장병에 걸린**에서 ‘심장병에’는 서술어 **‘걸리다’**가 반드시 요구하는 대상입니다.  
  - “환자가 **심장병에 걸렸다**”처럼 병의 종류를 나타내는 말이 필요하므로 **필수적 부사어**입니다.

나머지의 장소·시간·방향·동반 등의 부사어는 대체로 생략해도 문장이 성립하므로 필수적 부사어가 아닙니다."
Syntax,Argument Structure & Valency,3,D,D,"정답: **D**

- **신입생의 공연이 <막바지에> 다다른다.**
- 서술어 **‘다다르다’**는 ‘어떤 곳이나 시점에 이르다’라는 뜻이므로, 도달하는 대상·지점을 나타내는 부사어가 필수적으로 요구됩니다.  
  → “공연이 다다른다”라고만 하면 무엇에 다다르는지 불완전합니다.

나머지 부사어들은 없어도 문장이 성립하는 선택적 부사어입니다."
Syntax,Argument Structure & Valency,2,H,A,"필수적 부사어는 **A, C, H**입니다.

- **A <냉장고에> 놔둔**: ‘놓다’는 무엇을 **어디에** 놓는지의 장소가 필요합니다.
- **C <세탁소에> … 갔다**: ‘가다’는 목적지를 나타내는 부사어가 필요합니다.
- **H <모범생으로> 통한다**: ‘통하다’가 ‘~으로 알려지다·여겨지다’의 뜻일 때, ‘~으로’가 필요합니다.

나머지는 없어도 문장의 기본 의미가 성립하는 선택적 부사어입니다."
Syntax,Argument Structure & Valency,2,H,H,"정답: **H**

- **너만** 오면 → ‘너만’은 동사 **오다**의 주체이므로 **주어**입니다.  
  즉, “너만이 오면”으로 바꿀 수 있습니다.

나머지는 모두 해당 서술어의 목적어입니다."
Syntax,Argument Structure & Valency,2,D,D,"정답: **D**

- **나만큼 비참한 <사람도> 세상에 있기는 할까?**
- 여기서 **사람도**는 ‘세상에 있기는 할까?’의 주체이므로 **주어**입니다.  
  ‘도’는 주격 조사 ‘이/가’를 대신할 수 있어, ‘사람도(=사람이 또)’는 목적어가 아닙니다.

나머지는 모두 뒤의 동작을 대상으로 하는 목적어입니다."
Syntax,Embedded Clauses,2,J,J,"정답: **J**

- **아까 [녹인] 밥을 꺼내오거라.**
- 안긴 문장인 **‘아까 녹인’**이 뒤의 명사 **‘밥’**을 꾸며 주므로 역할은 **관형어**이다."
Pragmatics,Discourse Principles,2,G,G,"정답은 **G: “난 오늘 떡국 먹는다.”**입니다.

떡국은 설날에 나이와 관계없이 누구나 먹을 수 있으므로, 떡국을 먹는다는 사실만으로는 그 사람의 나이를 알 수 없습니다.

반면 다른 답들은 관습적·상대적 기준을 통해 나이를 추정하거나 계산할 수 있습니다. 예를 들어 진갑은 60세, 불혹은 40세를 뜻합니다."
Syntax,Embedded Clauses,2,B,B,"정답: **B**

- **나는 [밤이 새도록] 삼나무를 응시했다.**
- 안긴 문장 **‘밤이 새도록’**이 ‘응시했다’를 꾸며 주므로, 문장 속에서 **부사어** 역할을 합니다."
Pragmatics,Implicature,2,D,D,"정답: **D**

- 갑: “우리도 대회 한 번 같이 나가 볼래?”
- 을: “그럼 나 빼고 나가려고 했어?”

을은 대회에 함께 나가는 것에 반대하거나 거절하는 것이 아니라, 자신도 당연히 함께 나갈 사람으로 생각했다는 뜻을 나타내고 있습니다. 즉, 제안을 받아들이는 태도입니다."
Syntax,Embedded Clauses,3,A,A,"정답: **A**

- A의 안긴 문장은 **“최고급 시트가 브랜드에 있다”**로 풀 수 있습니다.
  - `최고급 시트가`는 주어
  - `<브랜드>`는 ‘~에’에 해당하는 **부사어(장소·처소)**

따라서 `<브랜드>`는 안긴 문장에서 주어도 목적어도 아닙니다.

나머지는 대체로 안긴 문장에서 꺽쇠 속 명사가 주어 또는 목적어가 됩니다.  
예: `기획을 감당하다`(E: 목적어), `원주민을 해부하다`(I: 목적어), `세상이 혼잡하다`(J: 주어)."
Morphology,Verbal Conjugation,3,C,C,"정답: **C, D**

- **C 빨개(빨갛다)**: 어간의 ‘ㅎ’이 탈락하고, 어미 ‘-아’가 ‘-애’로 바뀜  
  - 빨갛- + -아 → 빨개
- **D 흘러(흐르다)**: 어간 ‘르’가 ‘ㄹ’로 바뀌고, 어미 ‘-어’가 ‘-러’로 바뀜  
  - 흐르- + -어 → 흘러

따라서 어간과 어미가 모두 바뀌는 경우는 **C, D**이다."
Morphology,Verbal Conjugation,3,C,C,"정답: **C. 이르러 (이르다)**

- **이르다 → 이르러**: 어간 **‘이르-’는 바뀌지 않고**, 어미 **‘-어’가 ‘-러’로 바뀐** 경우이다.  
  → ‘러 불규칙 활용’

나머지는 대체로 어간의 일부가 바뀌거나 탈락하는 불규칙 활용에 해당한다."
Syntax,Embedded Clauses,2,D,D,"정답: **D**

- **D: 막둥이는 도망치다시피 뛰어나갔다.**
  - ‘도망치다시피’는 ‘뛰어나갔다’를 꾸며 주므로 **부사어 역할을 하는 안긴문장(부사절)**이다.
  - 뜻: 도망치는 것처럼/도망치듯이 뛰어나갔다.

다른 보기들은 주로 관형어, 목적어, 주어 등의 역할을 한다."
Semantics,Semantic Compatibility,1,G,G,"가장 어색한 것은 **G: 하늘엔 주식이 밝게 빛나고 있었다.**입니다.

‘주식’은 보통 **회사 지분**이나 **주로 먹는 음식**을 뜻하므로 하늘에서 빛난다는 맥락과 맞지 않습니다.  
문맥상 **“별이 밝게 빛나고 있었다”** 등이 자연스럽습니다."
Syntax,Argument Structure & Valency,3,D,D,"정답은 **D**입니다.

- **수 년 간의**: 관형격  
- **그는**: 주격  
- **직원이**: 보격  

따라서 세 어절의 격이 각각 모두 다릅니다.

참고로 A의 **학교에서**는 ‘학교라는 기관이 공식 입장을 밝히다’라는 뜻이므로 장소를 뜻하는 부사격이 아니라 **주격**으로 볼 수 있습니다. 따라서 **너희들**과 격이 겹칩니다."
Syntax,Agreement,3,H,A,"올바른 것은 **A, H, I, J**입니다.  
(다만 C는 ‘은/는’을 단순 화제 표지로 넓게 인정하면 문법적으로 가능하다고 볼 여지는 있으나, 문장 성분의 연결을 엄격히 보면 부자연스럽습니다.)

- **A: 적절**  
  ‘빌딩 한 층이 비행기처럼 빠르게 가면’이라는 조건절 전체에 대해 ‘좋겠다’가 서술되는 구조이므로 연결이 가능합니다.

- **B: 부적절하다는 이유가 틀림**  
  ‘회복 중이다’의 주어는 **‘종이 한 장이’**입니다. 따라서 주어가 없다는 설명은 맞지 않습니다.

- **C: 엄격히 보면 부적절**  
  ‘싶어 한다’의 주어는 ‘철수’이고, ‘부모님 두 분은’은 그 서술어와 직접 연결되지 않습니다.  
  자연스럽게 하려면 예를 들어  
  → “부모님 두 분은 철수가 빨리 달리기를 바란다.”  
  → “부모님 두 분은 철수가 빨리 달리고 싶어 한다고 생각한다.”  
  등으로 고칠 수 있습니다.

- **D: 부적절하다는 이유가 틀림**  
  ‘그림 한 장이’는 ‘표현하지 못한’의 주어가 될 수 있습니다. 그림은 어떤 대상·내용을 표현할 수 있으므로 주어 자체가 부적절하다고 단정할 수 없습니다.

- **E: 부적절하다는 이유가 틀림**  
  ‘쉬고 싶어하-’의 주어는 **‘선생님 한 분’**입니다. 문제는 주어의 부재가 아니라 ‘주장이다’의 사용입니다.  
  → “주장한다” 또는 “주장한 것이다” 등이 자연스럽습니다.

- **F: 부적절하다는 이유가 틀림**  
  ‘먹고 싶은’의 주체는 ‘물고기 한 마리’로 해석될 수 있습니다. 오히려 문제는 떡밥에 높임 표현인 ‘계신다’를 쓴 점입니다.  
  → “먹고 싶은 떡밥이 있다.”

- **G: 부적절**  
  ‘가장 중요한 것은’ 뒤에는 보통 그것을 설명하는 서술 구조가 필요합니다.  
  → “가장 중요한 것은 한 곡이 나타내려는 음악이 **있다는 것이다**.”

- **H: 적절한 지적**  
  ‘학생 세 명이 열심히 공부하고 싶어지는지이다’에서 ‘-는지이다’에 연결될 주어가 없습니다.  
  → “문제는 학생 세 명이 열심히 공부하고 싶어지는지이다.”  
  → “학생 세 명이 열심히 공부하고 싶어지는지 궁금하다.”

- **I: 적절한 지적**  
  장소에서 쉬는 뜻이면 ‘학교를’이 아니라 **‘학교에서’**가 알맞습니다.  
  → “나무 한 그루는 학교에서 쉰다.”

- **J: 적절한 지적**  
  일반적인 의미에서 ‘좋아하다’는 의식·감정을 가진 주체를 요구하므로, 나무가 빗물을 ‘좋아한다’는 표현은 의인화가 아닌 한 부적절합니다.  
  → “나무 두 그루는 빗물을 잘 흡수한다.”"
Syntax,Agreement,3,B,J,"적절하게 연결되지 않은 것은 **J**입니다.

- **J: 노래 한 곡이 나타내려는 음악이 있다.**
  - ‘나타내려는’은 어떤 의도나 의지를 가진 대상에 쓰는 표현입니다.
  - 하지만 **노래 한 곡**은 의지를 가지고 무언가를 나타내려 할 수 없으므로 주어와 술어의 연결이 어색합니다.

예를 들어 다음과 같이 고칠 수 있습니다.

- **노래 한 곡이 나타내는 음악적 의미가 있다.**
- **가수가 나타내려는 음악이 있다.**"
Phonetics/Phonology,Phonological Alternation,3,G,G,"정답은 **G: 백로 - 칼날 - 국물**입니다.

- **백로** [뱅노]  
  - 받침 ㄱ은 뒤의 ㄹ 영향으로 ㅇ이 되고, ㄹ은 앞의 ㅇ 영향으로 ㄴ이 됨.  
  - → **상호 동화**

- **칼날** [칼랄]  
  - 앞의 ㄹ 영향으로 뒤의 ㄴ이 ㄹ로 바뀜.  
  - → **순행 동화**

- **국물** [궁물]  
  - 뒤의 ㅁ 영향으로 앞의 ㄱ이 ㅇ으로 바뀜.  
  - → **역행 동화**

따라서 순행·역행·상호 동화가 각각 하나씩 나타나는 것은 **G**입니다."
Syntax,Agreement,2,D,D,"정답은 **D**입니다.

- 잘못된 문장: **철수가 열심히 공부하고 싶어 하는지이다.**
  - ‘철수가 … 하는지이다’만으로는 문장의 주어가 분명하지 않아 주어와 술어가 자연스럽게 연결되지 않습니다.
- 바른 문장: **문제는 철수가 열심히 공부하고 싶어 하는지이다.**
  - ‘문제는’이 주어가 되고, ‘…인지이다’가 이에 대응하는 술어가 되어 자연스러운 문장이 됩니다."
Morphology,Word Formation,3,G,F,"정답은 **F**입니다.

- **밤낮**: ‘밤’과 ‘낮’이 대등하게 결합한 **대등 합성어**
- **뛰어다니다**: ‘뛰어’가 ‘다니다’를 수식하는 관계의 **종속 합성어**
- **쑥대밭**: ‘쑥대’와 ‘밭’의 본래 의미가 결합하여 ‘몹시 어지럽거나 황폐해진 상태’라는 새로운 뜻을 나타내는 **융합 합성어**

따라서 F의 합성어들은 **대등·종속·융합 합성어가 각각 하나씩**이므로, 분류가 모두 다릅니다."
Pragmatics,Discourse Principles,3,H,D,"정답은 **D**입니다.

- 갑의 **“엄마는 엄마도 아니야.”**는 문자 그대로는 사실이 아니거나 근거가 부족한 말이므로 **질의 격률(진실성)**을 어긴 발화입니다.  
- 그러나 이는 “엄마가 엄마답게 행동하지 않는다”라는 불만을 충분히 전달하므로, 필요한 정보량 자체가 부족하거나 과도하다고 보기는 어렵습니다.

따라서 D만 참이고, 나머지는 거짓으로 볼 수 있습니다.

주요 근거는 다음과 같습니다.

- 을의 “김밥 싸들고 소풍이나 갈까?”는 게임기를 사 주겠다는 질문에 직접 답하지 않고 화제를 돌려, 사실상 **게임기를 사 주지 않겠다는 뜻**을 함축합니다. 긍정의 의미를 전달한다는 G는 거짓입니다.
- “그때는 그때고 지금은 지금이지.”는 과거와 현재가 **다르다**는 뜻이므로 J는 거짓입니다.
- 갑의 “약속은 약속이잖아.”는 약속을 지켜야 한다는 요구이지, 근거 없거나 거짓인 정보를 제공한 것은 아니므로 E는 거짓입니다.
- “엄마는 엄마도 아니야.”는 앞선 상황에 대한 항의로 이해될 수 있어, 관련성을 깨고 화제를 전환한 것이라는 F도 거짓입니다."
Phonetics/Phonology,Suprasegmental Features,3,J,A,"정답: **A**

- **밤**(간식으로 먹는 밤, chestnut)은 **단음**으로 발음합니다: [밤]
- 반면 **늦은 밤**의 ‘밤’(night)은 장음입니다: [밤ː]

따라서 장음으로 발음되지 않는 것은 **A의 ‘밤’**입니다."
Pragmatics,Discourse Principles,1,I,I,"정답은 **I: “먹을 만큼 먹었지.”** 입니다.

나이를 묻는 질문에 대해 구체적인 나이, 출생연도, 연령대조차 제공하지 않고 있어 필요한 정보를 알 수 없습니다.  
다른 선택지는 직접적이거나 간접적으로 나이를 추정할 수 있습니다."
Syntax,Embedded Clauses,1,H,H,"정답: **H**

- **너구리가 겨울잠을 자기에** 이른데  
  → ‘겨울잠을 자기에’가 ‘이르다’를 꾸며 주는 **부사어 역할의 안긴문장(부사절)**입니다.

참고로 다른 보기들은 주로 서술절, 관형절, 명사절(주어·목적어 역할)입니다."
Syntax,Embedded Clauses,1,D,D,"정답: **D**

- **삼촌은 [숨이 차도록] 달렸다.**
  - ‘숨이 차도록’은 ‘달렸다’를 꾸며 주는 **부사절**로, 안긴 문장의 역할이 **부사어**이다.

따라서 정답은 **D**입니다."
Pragmatics,Implicature,1,E,E,"정답: **E. 너네 집 시계 고장났냐?**

밤늦게 전화를 한 을에게 갑이 “시간이 몇 시인데 전화하냐”는 뜻으로 따지는 상황입니다.  
을의 “급히 할 말이 있어서 그래.”도 이에 자연스럽게 이어집니다."
Syntax,Embedded Clauses,2,G,G,"정답: **G**

- **일본은 [자판기가 유명하다].**
- 안긴 문장 **‘자판기가 유명하다’**가 전체 문장에서 ‘일본은’에 대한 내용을 서술하는 **서술어 역할**을 합니다.
- 이런 문장을 **서술절을 안은 문장**이라고 합니다."
Syntax,Embedded Clauses,1,J,J,"정답: **J**

- **이 휘발유는 [구린내가 심하다].**
  - 안긴 문장 **‘구린내가 심하다’**가 주어인 **‘이 휘발유는’**을 서술하므로, 안긴 문장의 역할은 **서술어**이다.
  - 즉, **서술절을 안은 문장**이다.

다른 보기의 안긴 문장은 주어절, 목적어절, 관형절, 부사절 등의 역할을 한다."
Syntax,Embedded Clauses,2,A,A,"정답: **A**

- **이 통조림은 [뚜껑이 작다].**
  - ‘뚜껑이 작다’는 ‘이 통조림은’을 서술하는 **서술절**로, 안긴 문장의 역할이 **서술어**이다.

다른 보기들은 목적어·주어·관형어·부사어 등의 역할을 한다."
Semantics,Conjunctions,1,J,J,"정답: **J. 그렇지만**

앞 문장에서 영화가 기대 이하였다고 부정적으로 평가했지만, 뒤에서는 영상미는 훌륭했다고 긍정적인 예외를 말하고 있으므로 역접 접속사인 **‘그렇지만’**이 가장 적절합니다.

> 재미있다고 입소문이 자자한 공포영화를 드디어 보았는데 기대 이하였다. **그렇지만** 영상미만큼은 훌륭했다."
Semantics,Conjunctions,1,H,H,"정답: **H. 다만**

문맥상 앞의 두 답변에는 동의하지만, 마지막에 언급한 부분에는 동의하기 어렵다는 **부분적 반대·예외**를 나타내므로 “다만”이 가장 자연스럽습니다.

> 우선 첫 번째 답변과 두 번째 답변에 동의합니다. **다만** 답변 중 마지막에 언급하신 부분에는 선뜻 동의하기 어렵습니다."
Semantics,Conjunctions,1,A,A,"정답: **A: 그래서**

“바람이 불어서 테이블이 쓰러졌다. **그래서** 테이블 위에 두었던 노트북이 바닥에 떨어져 부서졌다.”

앞의 일이 뒤의 결과를 일으켰으므로, 원인과 결과를 연결하는 **‘그래서’**가 가장 적절합니다."
Pragmatics,Implicature,1,E,E,"정답: **E: 나는 곧 내리는데 넌 한참 가야 하잖아.**

을이 자신은 곧 내리므로 갑에게 자리를 양보하는 상황이고, 이에 갑이 “감사해요. 그럼 제가 앉을게요.”라고 답하는 것이 자연스럽습니다."
Syntax,Argument Structure & Valency,1,G,G,"정답: **G**

- **붉어지다**는 주어만 필요로 하는 **한 자리 서술어**입니다.  
  - *온 산이 붉어졌다.*  
  → ‘온 산이’만 필수 성분입니다.

나머지는 목적어·부사어 등을 요구하는 두 자리 이상 서술어입니다.  
예: *수학을 연구했다*, *급식을 신청했다*, *의견에 동의한다*, *책을 반납했다* 등."
Syntax,Agreement,3,J,F,"정답은 **F**입니다.

- **F: 해수욕을 하고 나니 입안에 모래가 씹혔다.**
  - 여기서 ‘씹히다’는 ‘누군가가 모래를 씹었다’라는 피동 의미라기보다, **씹을 때 모래의 감촉이 느껴진다**는 뜻으로 쓰였습니다.
  - 따라서 이를 능동형으로 바꾸어 “모래가 입안을 씹었다”라고 할 수는 없습니다.

반면 다른 문장들은 대체로 행위 주체를 세워 능동문으로 바꿀 수 있습니다. 예를 들어,

- A → 우리 편집장님이 이 단편소설집을 직접 엮었다.
- E → 방직기가 옷감을 조금씩 짰다.
- I → 부패한 정부가 노동자들을 빈곤으로 내몰았다."
Semantics,Ambiguity,3,F,G,"가장 적절하지 않은 것은 **G**입니다.

- **“모든 승객이 그 방송을 듣지 않았다.”**도  
  1) 모든 승객이 듣지 않았다(아무도 듣지 않음), 또는  
  2) 모든 승객이 들은 것은 아니다(일부는 듣지 않음)  
  로 해석될 여지가 있습니다.

즉 A·D에서 제시한 두 해석은 어순이 바뀐 G의 문장에도 원칙적으로 가능하므로, G의 “중의적이지 않아”라는 설명이 부적절합니다."
Semantics,Ambiguity,3,G,G,"가장 부적절한 것은 **G**입니다.

- **“나는 너보다 영화를 좋아한다.”**는 중의적입니다.  
  1. **나는 너보다 영화를 더 좋아한다.**  
     → 내가 너보다 영화를 더 좋아한다.
  2. **나는 너보다 영화를 더 좋아한다.**  
     → 나는 ‘너’보다 ‘영화’를 더 좋아한다.

즉, ‘너보다’가 **비교 대상의 주어**인지, 또는 **영화와 대비되는 대상**인지에 따라 뜻이 달라질 수 있으므로, “중의적이지 않다”는 설명은 부적절합니다."
Semantics,Word Relationships,2,D,D,"정답: **D**

문장 속의 다른 부분인 **고래**를 활용하면 빈칸에는 **고래고래**가 들어갈 수 있습니다.

- 고래들이 **고래고래** 노래를 불렀다.
- **고래고래**: 소리를 높여 크게 지르는 모양

제시된 **왁자지껄**도 시끄러운 모습을 뜻하지만, 문장 속 다른 부분에서 찾아 만든 단어가 아니므로 조건에 맞지 않습니다."
Syntax,Embedded Clauses,2,H,A,"문장 그대로라면 **정답이 하나가 아닙니다.**  
안긴 문장 안에 또 다른 안긴 문장이 들어 있어 그것을 꾸미는 구조가 **없는 것**은 적어도 다음과 같습니다.

- **A**: `미련 … 더하고 기억 … 덜어낸`이 ‘옛날’을 꾸밈 → 안긴 문장 1개
- **C**: `둥근 해가 … 떴다고`가 ‘말했는데’에 안김 → 내부에 또 다른 안긴 문장 없음
- **G**: `세상을 가르쳐 준`이 ‘삼촌’을 꾸밈 → 안긴 문장 1개
- **H**: `오늘 놓아 버린`이 ‘관계’를 꾸밈 → 안긴 문장 1개

반면 중첩 구조가 있는 대표적인 것은 다음과 같습니다.

- **B**: `[어제 먹었던] 고기 반찬이 맛있었다고`
- **D**: `[내 품 속에 있던] 네가 말해 준`
- **E**: `[내가 어제 먹은] 빵을 구워 준`
- **F**: `[풀칠하기도 어려운] 우리 집이 지긋지긋하다고`
- **I**: `[밝게 빛나는] 눈빛이 영원할 것이라고`
- **J**: `[그가 울면서 말했던] 것을 말한다고`

따라서 선택지가 하나여야 하는 문제라면 **문항 표현이나 선택지에 오류가 있을 가능성**이 큽니다."
Pragmatics,Discourse Principles,3,H,C,"정답: **C**

“동생이 공부는 잘해요?”라는 질문에 “애는 착해요.”라고 답한 것은 공부 실력에 관한 직접적인 정보를 주지 않고, 의도적으로 정보량이 적은 답을 통해 **공부는 잘하지 못한다는 부정적 평가를 직접 말하기 꺼리는 태도**를 드러낸 것이다."
Pragmatics,Discourse Principles,1,A,A,"정답: **A**

“규칙은 규칙입니다.”는 요청에 대해 직접적으로 “안 됩니다”라고 말하지는 않지만, 규칙상 예외를 둘 수 없다는 점을 암시하여 **기한 연장이 불가능함**을 전달합니다. 이는 요청자가 기대하는 직접적이고 충분한 답변을 주지 않는 방식, 즉 정보량의 격률을 의도적으로 충분히 충족하지 않는 방식으로 이해할 수 있습니다."
Pragmatics,Discourse Principles,1,C,C,"정답: **C**

“눈이 많이 오네요, 아버지”는 질문에 직접적으로 “가겠다/못 가겠다”라고 답하지 않고, 폭설 때문에 가기 어렵다는 뜻을 간접적으로 전달합니다. 따라서 표면적으로는 질문과의 **관련성 격률을 고의로 위반**하여 함축을 만들어 내는 반응으로 볼 수 있습니다."
Pragmatics,Speech Acts,3,I,A,"옳게 연결된 것은 **A, I**입니다.

- **A**: “손님, 뭘로 드릴까요?” → 손님의 선택을 유도하는 **청유**
- **I**: “언제 이렇게 컸대?” → 실제 시점을 묻기보다 놀라움과 감탄을 나타내는 **감정 표현**

참고로,
- “아니 이게 누구야?”는 실제 질문이라기보다 놀라움의 감정 표현이고,
- “아랫층에 살던 꼬마구나!”는 알아차린 사실을 말하는 진술에 가깝습니다."
Morphology,Verbal Conjugation,3,H,A,"<보기>의 세 분류에 따라 나누면 ‘종류가 다른 것’이 하나만 나오지 않습니다.

| 분류 | 해당 항목 |
|---|---|
| 어간만 바뀜 | A 고와(곱다), C 도와(돕다), D 지어(짓다), G 그어(긋다), I 물어(묻다), J 걸어(걷다) |
| 어간과 어미가 모두 바뀜 | B 흘러(흐르다), E 눌러(누르다), F 퍼(푸다), H 노래(노랗다) |
| 어미만 바뀜 | 없음 |

따라서 제시된 문제는 **정답이 하나가 되도록 구성되지 않았습니다.**  
특히 **F(푸다)**와 **H(노랗다)**만 따로 다른 유형인 것이 아니라, **B·E도 어간과 어미가 함께 바뀌는 활용**으로 볼 수 있습니다."
Morphology,Verbal Conjugation,3,H,B,"불규칙 활용 용언이 **아닌 것**은 다음입니다.

- **B: 공부하여 (공부하다)** — 규칙 활용  
- **H: 부수어 (부수다)** — 규칙 활용  

따라서 정답은 **B, H**입니다.

참고로 **G의 ‘흐르러’는 잘못된 활용**이며, ‘흐르다’는 르 불규칙 활용을 하므로 **‘흘러’**가 맞습니다."
Phonetics/Phonology,Phonological Constraints,3,H,D,"정답은 **D**입니다.

- **D**: 이중모음 **‘ㅢ’가 중성에 와도 종성 자음이 올 수 있습니다.**
  - 예: **흰**[ㅎ+ㅢ+ㄴ], **흴**[ㅎ+ㅢ+ㄹ]
- 따라서 “‘ㅢ’가 중성에 오면 종성에는 자음이 올 수 없다”는 설명은 한국어 음운론적 제약에 맞지 않습니다."
Phonetics/Phonology,Phonological Constraints,2,D,D,"정답: **D. 다쳐 [다처]**

‘다쳐’는 ‘다치어’에서 모음 ‘ㅣ’와 ‘ㅓ’가 결합하여 ‘ㅕ’로 줄어든 경우로, **모음과 모음 사이의 배열 제약**과 관련된다.  

반면 나머지는 모두 형태소 경계 등에서 자음과 자음이 만날 때 일어나는 경음화, 축약, ‘ㅎ’ 탈락 등의 현상과 관련된 예들이다."
Phonetics/Phonology,Phonological Constraints,3,C,C,"정답: **C (연구, 엽서)**

- **요리(料理)**: ‘료리’에서 두음법칙으로 ㄹ이 탈락 → 적용
- **연습(練習)**: ‘련습’에서 ㄹ → ㄴ → 적용
- **여행(旅行)**: ‘려행’에서 ㄹ 탈락 → 적용
- **유행(流行)**: ‘류행’에서 ㄹ 탈락 → 적용
- **연구(研究), 엽서(葉書)**: 원래 첫소리가 ㄹ 또는 ㄴ이 아니므로 두음법칙이 적용되지 않음."
Phonetics/Phonology,Suprasegmental Features,3,A,C,"정답: **C (돈, 무, 배, 감)**

- 공(놀이의 공): 단음  
- 간(음식의 간): 단음  
- 눈(눈을 뜨다): 단음  
- 돈(화폐): **[돈ː]**  
- 무(채소): **[무ː]**  
- 배(과일): **[배ː]**  
- 감(과일): **[감ː]**"
Semantics,Semantic Compatibility,3,F,F,"옳은 것은 **1개**입니다.

- **“신기”의 경험주역이다.** → 사또가 철갑상어 알을 보고 신기함을 느끼는 주체이므로 옳습니다.

나머지 역할들은 사또와 관계없습니다.

따라서 정답은 **F: 1**입니다."
Morphology,POS & Morphemes,3,J,,"정답은 **제시된 선택지 중에는 없습니다.**

작은따옴표 안의 형태소들은

- 들(들리다의 어근)
- 로(조사)
- 는(조사)
- 에게(조사)
- 었(어미)
- 짓(짓다의 어근)
- 을(조사)

로, 모두 **단독으로 쓰이기 어렵고 다른 형태소와 결합해야 하는 의존 형태소**입니다. 따라서 공통점은 **(ㄹ)**입니다.

하지만 (ㄹ)만 묶은 선택지는 없으므로 문제나 선택지에 오류가 있습니다.

또한 실질적 의미/문법적 의미는 섞여 있고, 음운 환경에 따른 형태 변화 여부도 모두 동일하지 않으므로 다른 항목들은 공통점이 될 수 없습니다."
Semantics,Semantic Compatibility,3,E,I,"알맞은 것은 없습니다.

- [해외]는 “떠나”의 **출발점**이 아니라 **도착점(목적지)**이다.
- [명절]은 [차례]를 지내는 **시간**이다.
- [고물가], [상술]은 효과가 없었던 이유에 해당한다.
- 나머지도 제시된 역할 관계와 맞지 않는다.

따라서 정답은 **I: 0**입니다."
Semantics,Semantic Compatibility,3,J,G,"옳은 것은 없습니다.

- 기준치역은 **[귀족]** 자체가 아니라 ‘귀족이나 식자층의 **[자녀]들**’이다.
- 무시의 출발점은 **[피렌체]**가 아니라 ‘피렌체의 인문주의 **[학자]들**’이다.
- [라틴어]는 ‘배우다’의 대상이며, 도움이 된 원인과 관련될 뿐 도움의 도착점·내용역은 아니다.
- 나머지도 제시된 역할 관계와 맞지 않는다.

따라서 **0개**, 정답은 **G**입니다."
Pragmatics,Discourse Principles,1,J,J,"정답은 **J**입니다.

- “세수도 겨우 했어.”는 ‘아침을 먹었는지’에 직접 답하지 않고, 너무 바빠서 세수조차 겨우 했다는 상황을 제시합니다.
- 따라서 질문과 직접 관련된 정보를 주지 않는 듯하여 **관련성의 격률을 표면적으로 위반**합니다.
- 하지만 그 함축은 “세수도 겨우 했는데 아침을 먹을 여유는 없었다”, 즉 **아침 식사를 하지 못했다**는 것입니다."
Syntax,Agreement,1,F,F,"정답: **F**

- **A: 먹고 있다** → **현재/진행**  
  현재 밥을 먹는 행위가 진행 중임.

- **B: 갔었다** → **과거/완료**  
  ‘어제’ 박물관에 가는 일이 과거에 이미 끝났음을 나타냄.

- **C: 사용해 왔다** → **현재/완료**  
  과거부터 지금까지 한글을 계속 사용해 온 경험·지속을 나타냄.  

따라서 **A-(현재/진행), B-(과거/완료), C-(현재/완료)**인 **F**가 적절합니다."
Pragmatics,Discourse Principles,3,D,F,"정답: **F**

- 갑은 민영이네 집의 **구체적인 위치**를 묻고 있습니다.
- 을의 “어딘가엔 있겠지.”는 위치를 알고 있다는 근거 없이 막연하게 말한 것으로, 사실성·근거성을 지켜야 하는 **질의 격률(진실성의 격률)**을 어긴 사례입니다."
Syntax,Agreement,2,J,J,"정답: **J. ㅁ[얘]**

“얘”는 부모님이 대화 상대인 ‘나’를 부르는 말이므로, ㄱ[나]와 동일한 대상을 가리킵니다."
Semantics,Inter-sentence Relations,3,H,H,"정답: **H. ㅂ**

ㅂ의 “우리 집에도 한 마리가 있는데, **그것도**”는 앞에서 서술한 개체와 **같은 종류이지만 다른 개체**를 가리킵니다.  
나머지 문장들은 앞서 언급된 동일한 동물 한 마리의 특징·습성 등을 이어서 설명하고 있습니다."
Syntax,Agreement,2,B,B,"정답: **B. ㄱ-ㄷ**

- ㄱ[나]: 서울대공원에 처음 온 ‘아이’, 즉 글의 화자
- ㄷ[얘]: 부모님이 “얘”라고 부르는 대상이므로 글의 화자인 아이

따라서 ㄱ과 ㄷ은 모두 같은 아이를 가리킵니다.  
참고로 ㅂ[애]는 기린을 가리키며, ㅁ[저어]는 머뭇거리는 말소리(감탄사)에 가깝습니다."
Syntax,Agreement,1,I,I,"정답: **I**

> 이 물건이 정말 네 것이라면, 그렇다는 증거를 보여봐라.

‘보여봐라’는 ‘보이다’가 아니라 **‘보여 주다’의 준말**로, 상대에게 증거를 제시하라는 능동 표현입니다.

나머지는 실려가다, 들리다, 쫓겨나다, 바뀌다, 먹히다, 닫히다, 베이다, 얽히다, 밀려나다 등 피동 표현이 포함되어 있습니다."
Semantics,Semantic Compatibility,1,E,E,"정답: **E: 주어가 의미적으로 서술어에 적절하지 않다.**

- 주어: **철수가 산 책 한 권**
- 서술어: **달렸다**

‘달리다’는 보통 사람이나 동물처럼 스스로 움직일 수 있는 대상이 주어가 되어야 합니다. 그런데 ‘책 한 권’은 스스로 달릴 수 없으므로 의미상 부자연스럽습니다."
Syntax,Agreement,3,G,G,"정답: **G**

<보기>의 “총장님은 … 드셨다”에는 주체인 ‘총장님’을 높이는 **주체 높임법**이 쓰였습니다.  
- ‘총장님’: ‘님’을 통한 높임
- ‘드셨다’: ‘드시다’, ‘-시-’를 통한 주체 높임

G의 “어린애가 따로 없으십니다”도 ‘-으시-’를 사용하여 상대방(주체)을 높이는 **주체 높임법**입니다.

다른 보기들은 객체 높임(‘모시다’), 상대 높임(‘합니다’, ‘하세요’) 또는 간접 높임 등에 해당합니다."
Syntax,Agreement,1,C,C,"<보기>에는 **주체 높임법**이 쓰였습니다.  
- 김승지라는 **분**  
- 잘하**셨다** → 주체인 김승지를 높임

따라서 같은 종류의 높임법이 쓰인 문장은 **C, F**입니다.

- **C**: 임금이 … 바라보**시**기만 했다. → ‘임금’을 주체로 높임  
- **F**: 얼른 들어 오**셔**. → 들어오는 사람(주체)을 높임  

다만 일반적인 객관식에서 하나만 고르도록 되어 있다면, 보통 **C**를 정답으로 의도했을 가능성이 큽니다. F의 ‘오셔’도 형태상 주체 높임 선어말 어미 ‘-시-’가 포함되어 있어 엄밀히는 같은 종류의 높임법입니다."
Syntax,Agreement,1,H,A,"<보기>의 **‘보이시더니, 되셨다’**는 주체인 ‘작은어머님’을 높이는 **주체 높임법**입니다.

그런데 제시된 보기 중 주체 높임법이 쓰인 문장은 하나만이 아닙니다.

- **A**: 만나**실** → (이산가족을 만나는 사람을 높임) 주체 높임
- **D**: 하**셨**잖아요 → ‘말한 사람’을 높임, 주체 높임
- **H**: 버드나무님이**셔** → ‘버드나무’를 높여 표현한 주체 높임

따라서 문항의 조건만으로는 **A, D, H가 모두 해당**하므로 단일 정답 문제로는 성립하기 어렵습니다.

참고로  
- **B, F**는 객체 높임(‘드리다’, ‘모시다’)이고,  
- **G**의 ‘나으세요’는 주어인 ‘어떤 것’을 높이는 꼴이 되어 일반적으로 어색합니다."
Semantics,Word Relationships,1,A,A,"정답: **A: 옭혔다**

“시계에 머리카락이 감겼다”는 머리카락이 시계에 **얽히거나 휘감겼다**는 뜻이므로, 문맥상 **옭혔다**가 가장 유사합니다."
Semantics,Word Relationships,3,F,F,"정답: **F. 소홀한**

“데면데면한”은 관심이나 정성이 부족하고 무심한 태도를 뜻합니다.  
지문에서는 “모든 일에 데면데면한”이라고 했으므로, 일을 **소홀히 하는** 성품이라는 의미가 가장 가깝습니다."
Semantics,Word Relationships,3,H,H,"정답: **H: 우애가**

“띠앗”은 주로 **형제자매 사이의 우애나 정**을 뜻합니다.  
따라서 “띠앗이 좋기로 유명했다”는 서로 사이가 매우 좋고 화목했다는 의미입니다."
Semantics,Word Relationships,2,E,E,"정답: **E: 수도**

지문의 “수양”은 산중에서 마음과 몸을 닦고 정신적·도덕적으로 자신을 갈고닦는다는 뜻입니다. 이와 가장 유사한 단어는 **수도(修道)**입니다."
Semantics,Word Relationships,2,C,C,"정답: **C: 보관**

문맥에서 “유물을 안전하게 수장하다”는 유물을 안전한 곳에 **보관하거나 보존한다**는 뜻입니다."
Syntax,Ellipsis,3,I,I,"올바르지 않은 것은 **I**이다.

일본어 외래어 표기에서는 일본어의 무성 파열음 계열(カ·キ·ク·ケ·コ 등)을 보통

- **어두에서는** ㄱ 계열: カ→가, キ→기
- **어중에서는** ㅋ 계열: カ→카, キ→키

로 적는다.

따라서 **기타큐슈**의 첫 음절 `기`는 어두의 キ를 적은 것이지만, 같은 キ가 어중에 오면 일반적으로 `키`로 적는다. 실제로 `기타큐슈`의 `큐`도 어중의 キュ를 적은 것이다."
Semantics,Conjunctions,2,F,F,"정답: **F**

빈칸에는 **“반면”**이 가장 자연스럽습니다.

> 이 원두로 내린 커피에서는 신맛과 과일 향기가 난다. **반면** 저 원두로 커피를 내리면 쓴맛과 견과류 향이 나기도 한다.

앞에서는 한 원두의 향미 특성을, 뒤에서는 다른 원두의 상반된 향미 특성을 제시하고 있으므로 **대조를 나타내는 ‘반면’**이 적절합니다. “그래도”는 앞내용을 인정하면서도 기대와 다른 결과를 말할 때 주로 쓰이므로 이 문맥에는 맞지 않습니다."
Semantics,Conjunctions,3,I,I,"정답: **I**

앞문장의 “모레까지 정해서 발표해야 한다”는 촉박한 기한 때문에, 뒤문장에서 지민이가 “급하게” 자료를 찾아 발표 준비를 시작한 것으로 이어집니다. 따라서 원인과 결과를 연결하는 **“그래서”**가 자연스럽습니다.

> 기말 보고서 작성 계획을 모레까지 정해서 발표해야 한다. **그래서** 지민이는 급하게 관심 있는 주제의 책을 몇 권 대출하고 해당 분야 논문을 훑어보며 발표 준비를 시작했다.

“반면”은 서로 대비되는 내용을 연결할 때 쓰므로 여기에는 적절하지 않습니다."
Semantics,Conjunctions,1,B,B,"정답: **B**

“어제부로 바쁜 일을 모두 마무리하고 푹 쉬고 있었다. **그런데** 끝낸 일에 문제가 생겨서 수습하느라 다시 바빠지고 말았다.”

앞문장의 ‘푹 쉬고 있었다’는 상황과 뒤문장의 ‘다시 바빠졌다’는 상황이 예상 밖으로 전환되므로, 화제를 전환하거나 뜻밖의 상황을 덧붙일 때 쓰는 **“그런데”**가 자연스럽습니다.

다른 선택지는 연결사의 의미 관계가 맞지 않습니다. 예를 들어 “그러므로”는 앞내용의 결과를, “왜냐하면”은 앞내용의 원인을 제시해야 하며, “다만”은 제한·예외를 나타내므로 제시된 문장들과 어울리지 않습니다."
Semantics,Conjunctions,2,H,H,"정답: **H**

앞 문장에서 “대폭 수정해야 할 부분을 발견”한 뒤, 뒤 문장에서 그에 이어 “급하게 조원들에게 연락하여 회의를 잡고” 있으므로 사건이 시간 순서대로 진행됩니다. 따라서 빈칸에는 **“곧바로”**를 넣어 자연스럽게 연결할 수 있습니다.

> 대폭 수정해야 할 부분을 발견했다. **곧바로** 급하게 조원들에게 연락하여 회의를 잡고 보완 방향을 결정했다."
Semantics,Conjunctions,2,F,F,"정답: **F**

- “휴대폰 배터리가 다 닳았다.” 뒤에 “충전 단자가 고장 나서 충전할 수 없다.”가 오면, 배터리가 방전된 상황에 더해 충전도 할 수 없는 난감한 상황이 이어집니다. 이때 예상과 다른 상황이나 불리한 상황을 덧붙이는 **“그런데”**가 자연스럽습니다.

> 휴대폰 배터리가 다 닳았다. **그런데** 충전 단자가 고장 나서 충전을 할 수 없다.

다른 선택지들은 대체로 원인·결과, 대조, 첨가 등의 연결 표현이 문맥에 맞지 않습니다."
Semantics,Conjunctions,2,G,G,"정답: **G**

자연스러운 배열은 다음과 같습니다.

> (2) 인공지능 기술이 빠르게 발전하고 있다.  
> **그러나** (3) 모든 사람이 발전 양상을 체감하지는 못하는 실정이다.  
> **예컨대(특히)** (1) 소외계층은 이러한 변화를 따라잡는 데 정보격차 등의 난관을 겪는다.

(2)는 기술 발전이라는 일반적 사실을 제시하고, (3)은 이에 대한 제한·대조 내용을 제시합니다. 이어서 (1)은 (3)의 “모든 사람이 체감하지는 못한다”는 내용을 소외계층의 사례를 통해 구체화합니다.

따라서 (1)을 (2) 바로 뒤에 두기보다는 **(3) 바로 뒤에 두는 것이 자연스럽다**는 G가 가장 적절합니다."
Syntax,Argument Structure & Valency,2,B,B,"정답은 **B**입니다.

- <보기>의 **차입하다**는  
  **차입 주체(국가)** + **차입처(중앙은행에서)** + **차입 대상(거액을)**  
  → 필수 성분이 **3개**입니다.

- B의 **가미하다**는  
  **행위 주체(생략됨)** + **가미되는 대상(마티니에)** + **가미하는 내용물(순금 조각을)**  
  → 역시 필수 성분이 **3개**입니다.

따라서 **B: 「마티니에 순금 조각을 잔뜩 가미했다.」**입니다."
Semantics,Word Relationships,1,B,B,"정답: **B: 실토**

“승복하였다”는 여기서 자신의 잘못이나 사실을 **인정하고 털어놓았다**는 뜻이므로, “실토”와 가장 가깝습니다."
Semantics,Word Relationships,2,E,E,"정답: **E. 줄곧**

여기서 **시종(始終)**은 “처음부터 끝까지, 내내”라는 뜻입니다.  
따라서 “시종 경계를 강화하였다”는 “줄곧 경계를 강화하였다”와 의미가 가장 유사합니다."
Syntax,Agreement,1,I,I,"정답: **I**

- <보기>의 “회장님께서 출산하셨다”는 주체인 ‘회장님’을 높이는 **주체 높임법**이다.  
  - ‘회장님’, ‘께서’, ‘-시-’가 사용됨.

- I의 “창의력이 **남다르신 청소년님**이 여기 있다”도 ‘청소년님’을 높이는 **주체 높임법**이다.  
  - ‘청소년님’, ‘남다르시다’의 ‘-시-’가 사용됨."
Syntax,Agreement,2,I,B,"<보기>의 **‘싫어하신다’**에 쓰인 **-시-**는 문장의 주체인 ‘외할머니’를 높이는 **주체 높임법**입니다.

같은 주체 높임법이 쓰인 문장은 다음과 같습니다.

- **B**: 배우**시면**, 하**실** → ‘프로그램을 배우는 사람’을 높임
- **I**: 싸우**시**더니, 드**시**면서, 화해하**셨**다 → ‘싸우고 카레를 먹은 사람’을 높임

따라서 **B와 I**가 해당합니다.

※ 만약 문제에서 답을 하나만 고르도록 했다면, **I**가 가장 명확하게 주체 높임법만 드러낸 문장입니다. B에는 주체 높임(–시–)과 함께 상대 높임(–어요)도 함께 쓰였습니다."
Syntax,Agreement,1,A,A,"정답은 **A: 여태 이런저런 우표들을 수집했다.**입니다.

- **수집했다**: 주어가 직접 우표를 모은 능동 표현입니다.

나머지는 모두 피동 표현이 포함됩니다.

- 실렸다, 갈렸다, 이끌렸다, 믿기지 않았다, 쓰였다, 치였다, 몰렸다, 담겨 있다, 뒤틀렸다  
  → 각각 피동사 또는 피동 표현입니다.  
  특히 J의 **뒤틀렸다**도 ‘뒤틀다’의 피동사 **뒤틀리다**가 쓰인 표현입니다."
Syntax,Agreement,1,E,E,"정답: **E**

**E: 어떤 관객이 내 소지품을 훔쳤다.**  
→ 주어인 ‘어떤 관객’이 직접 ‘훔치다’라는 행동을 한 **능동 표현**이다.

나머지는 모두 ‘찢기다, 파묻히다, 쫓기다, 휘말리다, 풀리다, 흔들리다, 차이다, 찍히다, 팔리다’처럼 피동의 의미를 포함한다."
Syntax,Agreement,3,H,H,"정답: **H**

**동료가 내 노력에 대해 과소평가하고 있다.**

여기서 **‘과소평가하고 있다’**는 동료가 내 노력에 대해 낮게 평가하는 **태도·판단의 상태가 지속됨**을 나타냅니다.  
다른 보기들은 대체로 동작이 진행되거나 반복되는 모습을 나타냅니다."
Syntax,Agreement,1,J,J,"정답: **J: 난 그게 거짓이라고 가정하고 있다.**

‘가정하다’는 어떤 내용을 전제로 **유지하는 상태**를 나타내므로, 여기서 ‘-고 있다’는 동작의 진행이 아니라 **상태의 지속**을 뜻합니다."
Morphology,Word Formation,3,A,A,"적절하지 않은 것은 **A**이다.

- **읽히다**는 ‘읽다’에 접사 ‘-히-’가 붙은 말로, 동사에서 동사로 품사는 변하지 않는다.
- 다만 피동이나 사동의 의미가 더해지면서 문장 구조(논항 구조)는 달라질 수 있으므로 **ㄷ**에 해당한다.

따라서 ‘읽히다’가 품사 변화와 문장 구조 변화가 모두 있는 **ㄹ**에 들어간다는 A의 설명은 적절하지 않다."
Morphology,Verbal Conjugation,3,D,F,"옳지 않은 것은 **F**입니다.

- **“매주”**는 ‘매번의 주(week)’라는 뜻이므로 “매주를 썩혀 장을 만들었다”는 말이 되지 않습니다.
- 장을 만들 때 쓰는 것은 **“메주”**이므로 다음과 같이 써야 합니다.

> **메주를 썩혀 장을 만들었다.**

따라서 F의 **‘매주’는 ‘메주’의 잘못된 표기**입니다."
Morphology,Verbal Conjugation,3,C,C,"정답은 **C**입니다.

- **걸맞다**는 형용사이므로 현재 관형사형은 **‘걸맞은’**입니다.
- 따라서 **“그 모임의 분위기에 걸맞는 옷”**이 아니라  
  **“그 모임의 분위기에 걸맞은 옷”**이라고 해야 합니다.

나머지는 모두 적절합니다.  
예: 푸르던, 맞는다, 가문, 부르던, 찬, 알맞은, 저린, 뜬, 빠른."
Morphology,Word Formation,2,I,B,"접사가 붙어 만들어진 **파생어**는 다음과 같습니다.

- **B 첫눈**: 접두사 ‘첫-’ + ‘눈’
- **G 군밤**: 접두사 ‘군-’ + ‘밤’
- **I 풋사과**: 접두사 ‘풋-’ + ‘사과’

나머지는 대체로 어근끼리 결합한 **합성어**입니다.

따라서 “단어 형성 방식이 다른 것”을 하나만 고르라는 문제라면 정답이 하나로 정해지지 않으며, **B·G·I가 같은 방식으로 다릅니다.**  
(‘산나물’은 보통 ‘산+나물’의 합성어로 봅니다.)"
Phonetics/Phonology,Suprasegmental Features,3,A,A,"정답: **A (ㄴ, ㄹ, ㅁ)**

- ㄱ. 밤(밤 시간): 단음  
- ㄴ. 밤(밤나무 열매): **장음**
- ㄷ. 눈(눈알): 단음  
- ㄹ. 눈(하늘에서 내리는 눈): **장음**
- ㅁ. 말(언어·이야기): **장음**
- ㅂ. 말(동물 말): 단음"
Phonetics/Phonology,Suprasegmental Features,3,D,A,"장음으로 발음되는 것은 다음과 같습니다.

- **A 성인(成人)**: [성ː인]  
- **B 병(甁)**: [병ː]  
- **D 눈(雪)**: [눈ː]  
- **E 밤(夜)**: [밤ː]  
- **I 벌(罰)**: [벌ː]  
- **J 말(馬)**: [말ː]  

따라서 정답은 **A, B, D, E, I, J**입니다.

참고로 뜻에 따라 장단음이 구별됩니다.

- 눈(雪) [눈ː] / 눈(眼) [눈]  
- 말(馬) [말ː] / 말(言) [말]  
- 굴(窟) [굴ː] / 굴(牡蠣) [굴]  
- 발(簾) [발ː] / 발(足) [발]"
Phonetics/Phonology,Phonological Alternation,2,J,J,"정답: **J. 써서**

- **써서**: ‘쓰- + -어서’에서 모음 **ㅡ가 탈락**한 경우이다.
- 나머지는 모두 자음이 탈락한 경우이다.
  - 부삽, 우짖다, 바느질, 소나무: **ㄹ 탈락**
  - 쌓이다, 낳은, 좋아서, 싫은, 점잖은: **ㅎ 탈락**"
Phonetics/Phonology,Phonological Alternation,3,H,H,"정답은 **H**입니다.

- **ㄱ**: 음절 끝소리 규칙(종성 중화)  
  - 빗 → [빋], 앞 → [압], 안팎 → [안팍]
- **ㄷ**: ‘ㅎ’과 앞뒤 자음이 만나 거센소리로 바뀌는 **축약(거센소리되기)**  
  - 놓지 → [노치], 맏형 → [마텽]

‘따뜻하다 → [따뜨타다]’에서는  
1. ‘뜻’의 종성 ㅅ이 [ㄷ]으로 실현되고(ㄱ),  
2. 그 [ㄷ]과 ‘ㅎ’이 결합하여 [ㅌ]이 되므로(ㄷ),  

ㄱ과 ㄷ의 변동이 모두 나타납니다.

따라서 **H**가 적절합니다."
Semantics,Ambiguity,3,F,F,"정답: **F**

**나는 노래하는 사람을 달리면서 보았다.**

여기서 ‘달리면서’의 주체는 문장의 주어인 ‘나’로만 해석됩니다.  
즉, **“나는 달리는 동안 노래하는 사람을 보았다”**라는 뜻입니다.

반면 J·H 등은 ‘달리면서’가 ‘나’를 꾸미는지, ‘노래하는 사람’을 꾸미는지에 따라 뜻이 달라질 수 있습니다."
Semantics,Ambiguity,2,D,D,"정답은 **D**입니다.

> **D: 두 사람이 각자 만 원과 천 원을 두 장씩 주웠다.**

- **각자**: 두 사람 각각이  
- **만 원과 천 원을 두 장씩**: 만 원짜리 두 장, 천 원짜리 두 장씩  

즉, 각 사람이 만 원짜리 2장과 천 원짜리 2장을 주웠다는 뜻으로 명확합니다.

나머지는 대체로 다음과 같은 중의성이 있습니다.

- **“만 원과 천 원 두 장”**:  
  만 원 1장 + 천 원 2장인지, 만 원과 천 원을 합쳐 2장인지 애매함.
- **“두 사람이 …”**:  
  두 사람이 함께 그만큼 했는지, 각자 그만큼 했는지 애매함.
- **“만 원 두 장”**, **“만 원 한 장”**도  
  두 사람이 공동으로 챙긴 것인지 각자 챙긴 것인지 애매할 수 있음.

따라서 중의적이지 않은 문장은 **D**입니다."
Semantics,Ambiguity,3,D,D,"정답: **D**

“달콤한 사과와 딸기가 들어간 잼”도 여전히 두 가지로 해석될 수 있습니다.

1. **달콤한 사과와 딸기**가 들어간 잼  
2. 사과와 딸기가 들어간 **달콤한 잼**

즉, ‘와’를 넣어도 ‘달콤한’이 사과를 꾸미는지, 잼을 꾸미는지는 완전히 확정되지 않으므로 중의성이 사라지지 않습니다.

반면 C의 “사과가 들어간 달콤한 잼”은 ‘달콤한’이 ‘잼’을 꾸민다는 뜻이 비교적 분명해집니다."
Syntax,Agreement,2,I,A,"정답: **A**

> 탁 트인 야경에 답답했던 가슴도 트였다.

여기서 **‘가슴이 트이다’**는 실제로 누군가가 가슴을 ‘트는’ 행위를 한 피동이라기보다, 답답함이 해소되는 **상태 변화**를 나타냅니다.  
따라서 이를 능동으로 바꾸어

- ❌ *탁 트인 야경이 답답했던 가슴을 텄다.*

라고 할 수 없습니다.

다만 “탁 트인 야경을 보고 가슴이 트였다”, “야경이 가슴을 트이게 했다”처럼 원인·사동의 뜻으로는 바꿀 수 있으나, 직접적인 능동문 전환은 아닙니다.

나머지는 모두 다음처럼 능동문으로 바꿀 수 있습니다.

- B 무당이 처녀귀신을 사로잡았다.
- C 들짐승이 농작물을 짓밟았다.
- D 직원 한 명이 서류들을 뒤섞었다.
- E 대중이 그녀를 일류 골프 선수로 손꼽는다.
- F 행인이 내 손목을 붙들었다.
- G 상대편이 우리 팀을 휘둘렀다.
- H 호랑이가 고라니를 잡아먹었다.
- I 무엇인가가 머리카락을 짓눌렀다.
- J 침입자들이 창고를 털었다."
Semantics,Ambiguity,3,J,A,"가장 부적절한 것은 **A**입니다.

- **“숲의 푸른 새들”**은 ‘푸른’이 **새들**을 수식하므로, 푸른 것이 새라는 뜻을 분명히 할 수 있습니다.
- 그러나 **“푸른, 숲의 새들”**은 쉼표를 넣는다고 해서 ‘푸른’의 수식 대상이 새들로 명확히 한정되지 않습니다. 오히려 어색한 표현이며, 원래의 중의성을 제대로 해소하지 못합니다.

따라서 새들이 푸른색임을 명확히 하려면 **“숲의 푸른 새들이 다 날아오르지 않았다”**처럼 고치는 것이 적절합니다."
Pragmatics,Implicature,1,G,G,"정답: **G. 난 내일 새벽 일찍 나가야 해서 일찍 자려고.**

을이 함께 영화를 보러 갈 수 없는 개인적인 사정을 말하자, 갑이 “어쩔 수 없죠. 저 혼자 보고 들어갈게요.”라고 답하는 흐름이 자연스럽습니다."
Syntax,Agreement,2,F,F,"정답은 **F: 이 지역에는 늘 관광객들이 몰린다.**입니다.

여기서 **‘몰리다’**는 ‘사람들이 한곳에 많이 모이다’라는 뜻의 **자동사**로 쓰였습니다. 겉으로는 ‘몰다→몰리다’처럼 보이지만, 이를 능동문으로 바꾸어

- ✕ 이 지역이 관광객들을 몰았다.

라고 할 수는 없습니다. 관광객이 스스로 모여드는 상황이지, 어떤 행위자가 관광객을 ‘몰아서’ 오게 한 것이 아니기 때문입니다.

다른 문장들은 대체로 다음처럼 능동 표현이 가능합니다.

- A 업어치기 한 번이 승부를 갈랐다.
- B 광부들이 그 화약을 널리 썼다.
- C 때 아닌 폭우가 차의 묵은 때를 씻었다.
- D 장인의 손길이 매듭을 이리저리 얽었다.
- E 세발자전거가 큰아버지를 쳤다.
- G 누군가 선생님께 회장 선거에 나가라고 등을 떠밀었다.
- H 작가가 이 디자인에 숨은 의도를 담았다.
- I 상대의 비난이 심사를 뒤틀어 버렸다.
- J 신문사가 내 인터뷰를 잡지에 실었다."
Syntax,Agreement,2,J,J,"능동 표현으로 바꾸기 어려운 것은 **J**입니다.

- **J: 새 옷에 주름이 잔뜩 잡혔다.**  
  → ‘주름이 잡히다’는 자연스럽게 어떤 행위자(주체)를 세워 능동문으로 바꾸기 어렵습니다.  
  (‘누가 새 옷에 주름을 잡았다’라고 하면 원래 뜻과 어색해집니다.)

다른 문장들은 대체로 다음처럼 능동문으로 바꿀 수 있습니다.

- 적의 군대가 정문을 뚫었다.
- 여동생이 내 소매를 붙잡았다.
- 사냥꾼이 토끼를 쫓고 있다.
- 거센 바람이 나무를 흔들었다.
- 모기가 내 팔을 여러 번 물었다.
- 멋진 그림이 내 마음을 빼앗았다.
- 누군가 어려운 문제를 풀었다.
- 낯선 사람이 내 발을 밟았다.
- 아주 많은 사람이 그 책을 읽었다."
Pragmatics,Deixis & Reference,3,D,D,"정답: **D (이거, 영화)**

- “이거 끝나고 나면”의 **이거**는 지금 보려는 **영화**를 가리킨다.
- 따라서 두 말은 같은 대상을 의미한다.

다른 선택지는 시간이나 대상이 서로 다르거나, 지시 대상이 일치하지 않는다."
Syntax,Scrambling,2,B,B,"정답: **B: 정답 없음**

‘그다지’는 보통 뒤에 부정 표현이 와야 자연스럽습니다.

- 자연스러운 예: 철수는 책을 **그다지 열심히 읽지 않았다.**
- 제시문은 “읽었다”라는 긍정 서술이므로 어느 위치에 넣어도 자연스럽지 않습니다."
Pragmatics,Deixis & Reference,3,G,G,"정답: **G**

‘곧’은 갑이 **5년 전에** 영화 크랭크 업 소식을 들었을 때 “곧 볼 수 있을 것”이라고 생각한 시점을 가리킨다. 반면 ‘5분 뒤’는 현재 대화 시점에서 5분 후이므로, **‘곧’이 가리키는 시점이 ‘5분 뒤’보다 앞선 시점**이다."
Pragmatics,Deixis & Reference,3,D,D,"옳지 않은 것은 **D**입니다.

- 거기(1): 창고  
- 거기(2): 마당  
- 거기(3): 창고  
- 거기(4): 다용도실  
- 거기(5): 창고  

따라서 ‘거기’가 가리키는 장소는 **창고, 마당, 다용도실의 3곳**입니다.  
그러므로 “총 4곳이다”라는 D는 옳지 않습니다."
Semantics,Inter-sentence Relations,3,D,D,"정답은 **D**입니다.

“요즘 무리해서 감기에 걸렸다. 그래서 ___ 나아졌다”의 빈칸에는 감기가 **호전된 원인이나 계기**가 들어가야 합니다.

- **“밤을 샜더니”**는 피로를 더 쌓이게 하므로 감기가 나아진 원인으로 보기 어렵습니다. 따라서 빈칸에 넣기 부적절하다는 D의 설명이 맞습니다.

반대로 “약을 먹었더니”, “푹 잤더니”, “오래 쉬었더니” 등은 감기가 나아진 이유가 될 수 있습니다."
Semantics,Inter-sentence Relations,3,F,F,"가장 자연스러운 배열은 다음과 같습니다.

**2 → 4 → 1 → 3**

저녁 파스타를 만들 재료가 없어 신선식품 코너가 잘 된 대형마트에 갔지만, 늦어서 문이 닫혀 있었고, 결국 편의점에서 인스턴트 파스타를 샀다는 흐름입니다.

내용에 근거한 가장 적절한 응답은 **F**입니다.

**F: 서술자는 대형마트에서 토마토와 샐러리를 같은 코너에서 판다고 생각한다.**

서술자가 “신선식품 코너가 가장 잘 되어 있는” 대형마트를 찾았다는 점에서, 필요한 토마토와 샐러리를 그 코너에서 구할 수 있을 것이라고 판단했음을 알 수 있습니다."
Semantics,Inter-sentence Relations,2,E,E,"가장 적절한 것은 **E**입니다.

- 앞부분에서 “운동을 전혀 안 했기 때문에 부담이 심할까 봐 걱정했다”라고 했으므로,
- “예상과 달리 **다음 날에도 걸어다닐 수 있었다**”는 운동 후에도 몸에 큰 무리가 없었다는 뜻이 되어 걱정과 대비됩니다.

따라서 자연스러운 문장은 다음과 같습니다.

> 예상과 달리 다음 날에도 걸어다닐 수 있었다."
Syntax,Embedded Clauses,3,I,C,"올바르지 않은 것은 **C와 D**입니다.

- **C의 ‘어린’**: 단순한 관형어(형용사 관형사형)일 뿐, 안긴 문장이 아닙니다.  
  - 예: *어린 나* → ‘어린’은 ‘나’를 꾸밈.

- **D의 ‘둥근’**: 역시 단순한 관형어이며 안긴 문장이 아닙니다.  
  - 예: *둥근 해* → ‘둥근’은 ‘해’를 꾸밈.

나머지는 모두 관형절 형태의 안긴 문장입니다.  
따라서 문제가 “하나”를 고르라고 했다면 문항에 오류가 있거나, C와 D 중 하나가 오기로 들어간 것으로 보입니다."
Syntax,Embedded Clauses,2,B,B,"정답: **B**

- **액체가 담긴 꽃병**  
  → 안긴 문장: **액체가 꽃병에 담겼다.**  
  → ‘꽃병’은 조사 ‘에’가 붙어 **부사어** 역할을 한다.

따라서 꺾쇠 안의 용어가 안긴 문장에서 부사어 기능을 하는 것은 **B의 ‘꽃병’**이다."
Syntax,Embedded Clauses,3,E,E,"정답: **E**

- **그가 고추장을 산 집**  
  → 안긴 문장을 원래 문장으로 풀면 **“그가 그 집에서 고추장을 샀다.”**가 됩니다.  
  여기서 `<집>`은 ‘그가 고추장을 산’ 행위가 일어난 **장소**를 나타내므로, 안긴 문장에서 **부사어** 기능을 합니다.

다른 선택지의 꺽쇠 말은 대체로 안긴 문장에서 주어 또는 목적어 역할을 합니다."
Pragmatics,Implicature,1,J,J,"정답: **J**

“내가 노트를 버렸으면 버렸지.”는 노트를 보여 주거나 빌려줄 생각이 전혀 없다는 강한 **거절**의 표현입니다.

나머지는 조건을 달거나, 장소·시간을 안내하거나, 불만을 표현하면서도 대체로 노트를 보여 주겠다는 **승낙**의 의미를 담고 있습니다."
Syntax,Embedded Clauses,2,C,C,"안긴 문장에서 꺾쇠 안 성분이 주어가 아닌 것은 **C, D, H**입니다.

- **C**: “오늘 먹은 감자탕 척추뼈”에서 ‘감자탕 척추뼈’는 ‘먹다’의 **목적어**입니다.  
- **D**: “독한 농약을 치러”에서 ‘농약’은 ‘치다’의 **목적어**입니다.  
- **H**: “골격이 앙상한 그”에서 안긴 문장의 주어는 ‘골격’이며, ‘그’는 주어가 아닙니다.

따라서 복수 정답이라면 **C, D, H**입니다."
Syntax,Embedded Clauses,2,J,J,"정답: **J**

- **장래에 우리가 만날 <또래>**  
  → 원래 문장: **우리가 장래에 또래를 만날 것이다.**  
  여기서 ‘또래’는 동사 ‘만나다’의 대상이므로 **목적어**이다.

다른 보기의 꺽쇠 속 말들은 대부분 안긴 문장에서 주어이거나 부사어 역할을 한다."
Syntax,Embedded Clauses,3,C,C,"정답: **C**

- **부풀린 풍선** → ‘(누군가) 풍선을 부풀리다’에서 **풍선**은 ‘부풀리다’의 **목적어**입니다.
- 따라서 꺽쇠 안의 말이 안긴 문장에서 목적어 기능을 하는 것은 **〈풍선〉**입니다.

참고로 D의 ‘말랑한 두부’는 ‘두부가 말랑하다’에서 **두부가 주어**입니다."
Syntax,Embedded Clauses,2,F,F,"정답: **F**

- **산부인과의는 비뇨기과에 불을 질렀음을 묵인했다.**
  - 안긴 문장: **비뇨기과에 불을 질렀음**
  - 서술어: **묵인했다**
  - ‘무엇을 묵인했다?’에 해당하므로 안긴 문장이 **목적어** 역할을 합니다."
Syntax,Embedded Clauses,3,A,A,"정답은 **A**입니다.

- **의약품이 필요한 <여중생>**
- 복원: **여중생이 의약품을 필요로 한다.**
- 이때 `<여중생>`은 안긴 문장 안에서 **주어** 역할을 합니다.

나머지는 대체로 목적어 또는 부사어 역할입니다. 예를 들어,

- `<장아찌>`를 유기농으로 만들다 → 목적어  
- `<판타지>`를 두근두근해하다 → 목적어  
- `<만주어 학원>`을 다니다 → 목적어  
- `<낚싯줄>`을 온천물에 넣다 → 목적어"
Syntax,Agreement,3,G,G,"정답: **G**

**그는 분명 나를 업신여기고 있다.**

‘업신여기다’는 어떤 대상을 낮추어 보는 **심리적·태도적 상태**를 나타내므로, 여기의 ‘-고 있다’는 동작이 진행되는 뜻보다는 그러한 **상태가 계속됨**을 뜻합니다."
Syntax,Agreement,1,G,G,"정답: **G. 내 잘못이 걸릴까봐 조마조마하고 있다.**

‘조마조마하다’는 마음의 상태를 나타내며, **‘조마조마하고 있다’**는 그러한 긴장·불안의 **상태가 계속됨**을 뜻합니다.

나머지는 대체로 갈아타기, 구출하기, 건네기, 검토하기 등 **동작이 진행 중임**을 나타냅니다."
Syntax,Agreement,1,E,E,"정답: **E. 수연이가 정훈이를 보고 즐거워하고 있다.**

‘즐거워하다’는 수연이의 **감정 상태가 계속됨**을 나타내므로, ‘-고 있다’가 **상태의 지속** 의미로 쓰였습니다.

나머지는 나사를 조이기, 춤추기, 청소하기 등 **동작이 진행 중임**을 나타냅니다."
Syntax,Agreement,2,F,F,"정답: **F**

**“아기가 곤히 잠들어 새근거리고 있다.”**에서 **‘새근거리-고 있다’**는 아기가 숨을 고르게 쉬는 동작이 현재 진행 중임을 나타냅니다.

나머지는 대체로 심리·태도·성질·상태의 지속이나 상태 변화 등을 나타냅니다. 예를 들어 ‘경멸하고 있다’, ‘갈망하고 있다’, ‘겸비하고 있다’ 등은 동작의 진행이라기보다 상태의 지속에 가깝습니다."
Syntax,Agreement,1,C,C,"정답: **C**

**“태풍이 도시를 강타하고 있다.”**에서 ‘강타하고 있다’는 태풍이 도시를 치는 **동작이 현재 진행 중임**을 나타냅니다.

나머지는 대체로 감정·심리·관계·성질 등의 **상태가 지속됨**을 나타냅니다."
Syntax,Agreement,1,C,C,"정답: **C: 햄스터가 내 발을 간지럽히고 있다.**

‘간지럽히다’는 실제 동작이 진행되는 과정에 있으므로, ‘-고 있-’이 **동작의 진행**을 나타냅니다.

나머지는 주로 감정·상태·성질·관계의 지속을 나타내는 표현입니다."
Syntax,Agreement,1,I,I,"엄밀히 말하면 하나만 고르기 어렵습니다.  

가장 전형적인 **‘동작의 진행’**은 **I: 아이가 마술을 보며 감탄하고 있다.** 또는 특히 **“종알거리고 있다”**처럼 실제 동작이 진행 중인 표현입니다.

다만 보기에는 **J: 그들은 중대한 시련을 극복하고 있다**도 ‘극복하는 과정이 진행 중’이라는 뜻이므로 동작의 진행으로 해석될 수 있습니다. 또한 C, F도 변화 과정의 진행을 나타낼 여지가 있습니다.

따라서 출제 의도가 “눈앞에서 이루어지는 반복적·구체적 동작”을 묻는 것이라면 정답은 **I**로 보는 것이 가장 자연스럽습니다."
Syntax,Agreement,1,H,H,"정답은 **H: 조련사가 호랑이를 쓰다듬고 있다.**입니다.

‘쓰다듬다’는 실제 동작이 시간의 흐름 속에서 진행되는 행동이므로, **‘-고 있다’가 동작의 진행**을 나타냅니다.

나머지는 주로 감정·심리 상태, 관계의 지속, 변화 상태 등을 나타냅니다."
Syntax,Argument Structure & Valency,2,G,G,"정답: **G**

- **습관은** 참으로 무서운 거야.  
  → ‘습관은’은 문장의 **주어(보조사 ‘은’이 붙은 주어)**이며, 목적어가 아닙니다.

나머지 꺾쇠 속 단어들은 모두 서술어의 대상이 되는 **목적어**입니다."
Syntax,Argument Structure & Valency,3,D,D,"정답: **D**

- **오늘 <수술은> 잘 마쳤니?**
  - ‘마치다’의 대상은 **수술**이므로, 본래는 **수술을 잘 마쳤니?**가 자연스럽습니다.
  - 여기서 ‘수술은’은 목적어에 보조사 ‘은’이 붙어 화제화된 것으로, 주어가 아닙니다.
  - 실제 주어는 생략된 ‘너(환자 또는 의사)’입니다.

나머지 꺽쇠 안의 말들은 모두 문장의 주어입니다."
Syntax,Argument Structure & Valency,3,C,C,"정답: **C**

- **내 춤 파트너가 되어줘**에서 `<파트너가>`는 ‘되다’ 앞에 오는 **보어**입니다.
- 이 문장의 주어는 생략된 **‘네가’**입니다.  
  → “(네가) 내 춤 파트너가 되어줘.”

나머지 꺽쇠 안의 말들은 모두 문장에서 주어 역할을 합니다."
Syntax,Agreement,2,A,A,"‘의지’ 또는 ‘가능’이 아닌, **추측·예측**의 의미로 쓰인 것은 다음과 같습니다.

- **A** 철도역이 이렇게 좁으니 사람으로 미어터지겠네.  
  → ‘-겠-’이 화자의 **추측**을 나타냄.

- **F** 지금 특급 전철이 우리 역을 경유해 지나갈 것입니다.  
  → ‘-을 것입니다’가 미래에 대한 **예측**을 나타냄.

따라서 **A, F**입니다.  
(문항이 단일 정답을 요구한다면 출제 의도를 더 확인해야 합니다. 둘 다 의지·가능 용법으로 보기 어렵습니다.)"
Syntax,Agreement,1,E,E,"정답은 **E**입니다.

- **E: “저것까지는 꼭 먹겠다.”**  
  → 화자가 ‘먹겠다’고 **의지를 나타내는** 표현입니다. 즉, 배가 불러도 먹겠다는 결심·의도입니다.

반면 나머지의 ‘-겠-’은 대체로 어떤 상황을 근거로 한 **추측, 예상, 가능성, 판단**의 의미를 나타냅니다.

예를 들어,
- “스트레스가 풀리겠다” → 풀릴 것이라는 예상
- “놓아 두었겠지” → 누군가 놓아 두었을 것이라는 추측
- “감이 가득가득 열리겠다” → 많이 열릴 것이라는 기대
- “다시 만들어야 하겠다” → 다시 만들어야 할 것이라는 판단·필요성

따라서 **의지의 의미를 나타내는 E가 나머지와 다릅니다.**"
Syntax,Argument Structure & Valency,2,H,H,"정답: **H**

- **화분에 손댄 건**: 주어  
- **내가**: 서술어 ‘아니다’의 **보어**

즉, “화분에 손댄 것은 내가 아니다”에서 꺾쇠 속 **내가**는 주어가 아니라 보어입니다."
Syntax,Argument Structure & Valency,3,J,J,"정답: **J**

- **귀신은 혹시 본 적이 있니?**
- ‘보다’의 대상이므로 원래는 **귀신을 본 적이 있니?**라고 할 수 있습니다.
- 따라서 **귀신은**은 주어가 아니라 목적어가 화제화된 것입니다."
Syntax,Agreement,3,F,D,"정답: **D**

> 호텔의 창문을 통해 바닷가가 내다보인다.

‘내다보이다’는 바닷가가 어떤 행위자에게 ‘보여지는’ 것이 아니라, **시야에 들어오는 상태·가능성**을 나타냅니다. 따라서 이를 대응하는 능동문으로 기계적으로 바꾸기 어렵습니다.

- △ 누군가가 호텔 창문을 통해 바닷가를 내다본다.

이 문장은 ‘누군가’가 실제로 바닷가를 바라보는 행위를 뜻하므로, 원래 문장과 의미가 달라집니다.

반면 나머지는 대체로 행위 주체를 세워 능동문으로 바꿀 수 있습니다. 예를 들어,

- 강풍이 머리카락을 얼굴에 휘감았다.
- 낚시꾼이 대어를 낚았다.
- 부패한 정부가 노동자들을 빈곤으로 내몰았다.
- 철거업체가 별장을 헐었다.

따라서 능동 표현으로 바꾸기 어려운 피동 표현은 **D**입니다."
Semantics,Ambiguity,3,H,J,"가장 적절하지 않은 것은 **J**입니다.

- **J: “나는 좋아하는 영화의 포스터를 너와 봤다.”**도 중의적일 수 있습니다.  
  - 내가 좋아하는 **영화의 포스터**를 보았다.
  - 내가 좋아하는 **영화 포스터**를 보았다.

즉, **‘좋아하는’이 ‘영화’를 꾸미는지, ‘영화의 포스터’를 꾸미는지**에 따라 뜻이 달라질 수 있으므로 “중의적이지 않다”는 판단은 적절하지 않습니다.

다만 엄밀히 말하면 **H**도 “나는 너보다 영화를 좋아한다”가  
- 내가 너보다 영화를 더 좋아한다  
- 나는 영화보다 너를 덜 좋아한다  
등으로 해석될 여지가 있어 중의성을 인정하는 문법 관점도 있습니다. 그러나 보기 구성상 의도된 답은 보통 **J**로 보입니다."
Semantics,Ambiguity,2,I,J,"정답: **J**

“새들이 다 날아오르지는 않았다”는 **모든 새가 날아오른 것은 아니다**라는 뜻입니다. 따라서 적어도 일부가 날아올랐을 가능성은 있지만, **반드시 날아오른 새가 있다고 단정할 수는 없습니다.** 실제로는 한 마리도 날아오르지 않았을 수도 있습니다.

반면 “하나도 날아오르지 않았다”, “전부 안 날았다” 등은 날아오른 새가 전혀 없음을 뜻합니다."
Semantics,Ambiguity,3,H,H,"정답: **H**

“나는 언니랑 막내를 만났다”의 **‘랑’도 ‘와’와 같은 접속 조사**이므로, 원문과 마찬가지로

- 내가 언니와 막내를 각각 만났다는 뜻
- 언니와 내가 함께 막내를 만났다는 뜻

등으로 해석될 여지가 있습니다. 따라서 세 사람이 모두 함께 만났다는 뜻을 확실히 나타내지 못하므로 부적절합니다.

세 사람이 함께 만났음을 분명히 하려면 예를 들어  
**“나는 언니와 함께 막내를 만났다.”**,  
**“언니와 나는 막내를 만났다.”**  
처럼 표현할 수 있습니다."
Semantics,Ambiguity,3,F,E,"가장 명확한 문장은 **E: 나는 그때 안경을 쓰고 있었다.** 입니다.  

‘안경을 쓰다’는 이 문맥에서 ‘안경을 착용하다’라는 의미로 자연스럽고, 누가 무엇을 하면서 보았는지와 같은 수식 관계의 혼동도 없습니다."
Semantics,Ambiguity,3,B,B,"적절하지 않은 것은 **B**입니다.

- **“깊은 수심이 드리운 얼굴”**은 ‘수심(愁心: 걱정·근심)’이 얼굴에 드러났다는 뜻으로 매우 자연스럽습니다.
- 반면 **“깊은 수심이 드리운 강”**은 ‘수심(水深: 물의 깊이)’과 ‘드리운’의 결합이 상대적으로 자연스럽지 않습니다.

따라서 “강을 수식하는 쪽이 얼굴보다 자연스럽다”는 B의 설명은 부적절합니다."
Pragmatics,Social Relationship Marking,1,G,G,"정답: **G**

- 갑과 을이 서로 반말을 사용하며 대등한 관계이다.
- “쉬는 시간인데 왜 시비야?”라는 을의 반응으로 보아, 교사에게 말하는 학생의 태도보다는 **같은 학생끼리 말다툼하는 상황**에 가깝다.

따라서 두 화자가 **학생-학생 관계**인 것은 **G**이다."
Semantics,Rhetorical Expressions,1,F,F,"정답: **F**

**담금질**은 어려움이나 훈련을 통해 사람의 정신력·능력 등이 단련되는 것을 뜻합니다. 그러나 그는 기차를 오래 탔어도 처음 탄 배에서 심한 멀미를 했으므로, “담금질이 충분히 되었다”는 설명은 상황과 맞지 않습니다.  

오히려 기차를 오래 탄 경험이 뱃멀미를 견디게 해 주지는 못했다는 점이 지문의 핵심입니다."
Semantics,Rhetorical Expressions,1,A,A,"A: 햇병아리

사회생활을 막 시작해 경험이 부족하고 서툰 사람을 “햇병아리”라고 비유합니다."
Syntax,Embedded Clauses,2,I,I,"정답: **I**

- **기마병은 [사태가 긴급함]을 단박에 느꼈다.**
- 안긴 문장 **‘사태가 긴급함’**이 서술어 **‘느꼈다’**의 목적어 역할을 하며, 목적격 조사 **‘을’**이 붙어 있습니다.

참고로  
- F의 ‘골동품을 훔쳤음이’는 주어,  
- H의 ‘석굴암이 어떻게 생기게 되었는지는’도 문장의 주제/주어 역할입니다."
Syntax,Embedded Clauses,2,E,E,"정답: **E**

- **고단한 삶에 고뇌하듯 뛰어가는 고라니**
  - 안긴 문장: **고라니가 고단한 삶에 고뇌하듯 뛰어간다.**
  - 꺾쇠 속 **‘고라니’**는 ‘뛰어가다’의 동작 주체이므로 안긴 문장에서 **주어** 기능을 한다.

나머지는 모두 안긴 문장에서 주로 목적어 기능을 합니다."
Semantics,Numeral Classifiers,1,B,B,"정답은 **B**입니다.

- **고양이**는 보통 **‘마리’**로 셉니다.  
  → *우리 집엔 고양이가 한 마리 있다.*

- **‘필’**은 주로 말처럼 큰 가축을 셀 때 쓰는 분류사입니다.  
  → *말 한 필*, *소 한 필* 등

따라서 **“고양이가 한 필 있다”**가 분류사 사용이 가장 어색합니다."
Syntax,Embedded Clauses,3,H,E,"정답은 **E, H**입니다.

- **E: 병사가 이번에 된 <계급>**  
  → ‘병사가 이번에 계급이 되었다’에서 `<계급>`은 **보어**이다.

- **H: 시멘트까지 빨아들이는 <진공청소기>**  
  → ‘진공청소기가 시멘트까지 빨아들인다’에서 `<진공청소기>`는 **주어**이다.

나머지는 안긴 문장에서 꺾쇠 속 말이 목적어 또는 부사어에 해당한다.

- A, B, C, G, I: 목적어  
- D, F: 부사어  
- J: ‘레슬링 교육이라고 하는 게’로 보면 `<게>`는 ‘하는’의 목적어로 볼 수 있다."
Semantics,Numeral Classifiers,1,J,J,"가장 어색한 문장은 **J**입니다.

> **J: 샐러드엔 오이 한 장이 들어간다.**

보통 오이는 통째로 셀 때 **한 개**, 썰어 넣은 경우에는 **한 조각** 또는 **한 쪽**이라고 하는 것이 자연스럽습니다.

- 자연스러운 표현: “샐러드에 오이 한 조각이 들어간다.”
- 얇게 썬 오이를 특별히 강조하는 조리법 문맥이라면 “오이 한 장”도 가능할 수는 있지만, 일반적인 문장으로는 다소 어색합니다."
Semantics,Numeral Classifiers,2,C,C,"정답: **C**

문장:
> 저녁 무렵 트럭 한 **대**가 도착했다.  
> 안에는 손질 전 생선 50 **마리**와, 이미 손질된 냉동 생선 20 **봉지**(5마리씩) 정도가 들어 있었다.  
> 그리고 흙마늘 5 **망**과 깐 마늘 500 **톨**이 함께 왔다.

- 트럭: **대**
- 생선: **마리**
- 포장된 냉동 생선: **봉지**
- 망에 담긴 흙마늘: **망**
- 낱개의 깐 마늘: **톨**"
Semantics,Numeral Classifiers,2,H,A,"정답: **H**

- 4인용 스탠딩 테이블 다섯 **개**
- 음료수 큰 페트 열 **병**
- 일회용 컵 스무 **개**
- 쓰레기봉투 세 **장**
- 포스터 두 **장**

따라서 가장 알맞은 조합은 **(A) 개, (B) 병, (C) 개, (D) 장, (E) 장**입니다."
Syntax,Embedded Clauses,1,F,F,"정답: **F**

- **팀장이 토론에 참석했음을** / 전해 들었다.
- 안긴 문장인 **‘팀장이 토론에 참석했음’**이 서술어 **‘전해 들었다’**의 목적어 역할을 합니다."
Semantics,Inter-sentence Relations,3,E,D,"정답: **D. 직접 만든 식사**

지양해야 할 항목은 **(ㄴ) 자신의 건강을 믿고 안심하는 태도**이다. 이를 제외한 나머지는 고지혈증 예방·관리를 위해 저자가 필요하거나 바람직하다고 권하는 행동·습관·요소들이다.

지문에서 “외식 중심의 식생활을 … **직접 만든 식사 중심으로 바꿔보는 것도 좋다**”라고 했으므로, **직접 만든 식사**가 남은 항목들과 가장 유사한 권장 대상이다."
Semantics,Inter-sentence Relations,2,A,B,"지문에서 맥락상 완전히 무관한 문장은 뚜렷하지 않습니다. (1)~(5)는 모두 수달의 생태 및 구조 상황과 연결됩니다.

다만 표시된 대상들의 지시 대상을 비교하면,

- B, C, D, E, F, G, H, I, J: 모두 수달 또는 수달의 새끼·어미·성체·개체를 가리킴
- **A ‘야생동물’**: 수달을 포함하는 더 넓은 범주의 동물을 가리킴

따라서 나머지와 가리키는 대상의 범위가 가장 상이한 것은 **A. 야생동물**입니다."
Semantics,Inter-sentence Relations,2,J,J,"정답: **J. 안전사고, 먼지가 많이 낀 멀티탭**

지문에서 먼지가 많이 낀 멀티탭을 방치하면 스파크와 화재가 발생할 수 있으며, 이는 가정 내 안전사고로 이어질 수 있습니다. 따라서 **‘먼지가 많이 낀 멀티탭’이 ‘안전사고’의 발생 원인**으로 제시되었습니다."
Syntax,Embedded Clauses,3,F,C,"정답은 **C**입니다.

- **C: [둥근 해가 이미 중천에 떴다고] 말했는데 …**
  - 안긴 문장: 「둥근 해가 이미 중천에 떴다」
  - 이 안긴 문장 안에는 다시 다른 안긴 문장이 들어가서 그것을 꾸미는 구조가 없습니다.

반면 다른 보기들은 안긴 문장 내부에 다시 관형절·부사절 등이 들어 있습니다. 예를 들어,

- **E**: 「[내가 [어제 먹은] 빵을 구워 준] 친구」
  - 「어제 먹은」이 「빵」을 꾸미고,
  - 그 전체가 「친구」를 꾸밉니다.

- **D**: 「[미련 한 스푼 더하고 어두운 기억 한 스푼 덜어낸] 우리의 옛날」
  - 「더하고」의 연결된 절이 「덜어낸」이 중심인 관형절 안에 포함됩니다.

따라서 **‘안긴 문장을 꾸미는 안긴 문장’이 없는 것은 C**입니다."
Semantics,Inter-sentence Relations,3,A,F,"제거할 문장: **“그래서 난 집에 서둘러 갈 수 있었다.”**  
- 회의가 일찍 끝나고 재택근무 허가를 받아 퇴근 시간이 앞당겨졌다는 흐름에서, ‘서둘러 집에 갔다’는 내용은 핵심 주제인 **앞당겨진 시간으로 업무를 처리함**과 비교적 관련이 약합니다.

빈칸: **F. 내일 하려고 했던 업무를 오늘 끝낼 수 있었다.**

완성 문장:  
“평소보다 퇴근 시각이 훨씬 앞당겨진 덕분에 **내일 하려고 했던 업무를 오늘 끝낼 수 있었다.**”"
Pragmatics,Speech Acts,2,J,J,"정답: **J**

J의 “자꾸 그렇게 뛰어다니면 아랫집 아저씨가 이놈 한다.”는 화자가 직접 어떤 행동을 하겠다고 약속하는 것이 아니라, **아랫집 아저씨가 꾸짖을 것이라는 사실·상황을 알리는 진술**입니다.

반면 A~I는 대체로 화자가 앞으로 하거나 하지 않을 행동을 밝히는 **약속(다짐·경고·보상 약속 포함)**의 의도를 나타냅니다.  
예를 들어 “탈고하겠습니다”, “압수하마”, “연락드리지요”, “발포하겠다” 등은 모두 화자 자신의 미래 행동에 대한 의지나 약속입니다."
Pragmatics,Speech Acts,3,G,G,"정답: **G**

- 갑: **“나는 무얼 하면 될까?”** → 상대에게 할 일을 묻는 **질문**
- 을: **“네가 뭐는 할 줄 아냐?”** → 실제 대답을 요구하기보다 “너는 할 줄 아는 것이 없다”는 뜻을 나타내는 **진술**(반문)

따라서 갑과 을의 발화 의도가 서로 같은 종류가 아닌 것은 **G**이다."
Pragmatics,Implicature,2,A,A,"정답: **A**

미영은 “아직 집 단장도 덜 됐잖아.”라고 말하며, 이번 주말에 친구를 초대하는 것에 부정적인 뜻을 나타내고 있다. 즉, 집 단장이 끝나지 않아 친구를 초대하고 싶지 않다는 의미이다."
Phonetics/Phonology,Phonological Alternation,3,E,E,"정답: **E. 홑이불**

<보기>의 현상은 받침 **ㄷ, ㅌ**이 ‘이, 히’ 앞에서 **ㅈ, ㅊ으로 바뀌는 구개음화**입니다.

- 굳이 [구지]
- 굳히다 [구치다]

다른 보기들은 대부분 이와 같이 발음됩니다.

- 곧이 [고지]
- 묻히다 [무치다]
- 맏이 [마지]
- 같이 [가치]
- 닫히다 [다치다]

그러나 **홑이불**은 [혼니불]로 발음되어 구개음화가 일어나지 않습니다."
Phonetics/Phonology,Phonological Alternation,3,G,G,"정답: **G**

- **‘밭이랑’(밭의 이랑, 논밭 사이의 둑)**은 합성어이므로 ㄴ 첨가가 일어나 **[반니랑]**으로 발음됩니다.  
  → **구개음화가 일어나지 않습니다.**

반면 H의 **‘밭이랑 논’**에서 *이랑*은 접속 조사이므로 **[바치랑]**으로 발음되어 구개음화가 일어납니다."
Syntax,Ellipsis,3,I,G,"정답은 **G**입니다.

- **G: “기어코 너 하루 몰래 간식을 먹었구나.” + ‘이/가’**
  - 주격 조사를 넣으면 “너가 하루 몰래 간식을 먹었구나.”가 됩니다.
  - 그러나 표준어에서는 **‘너+가’가 ‘네가’**로 실현되어야 하므로, 단순히 ‘이/가’를 삽입하는 방식으로는 올바르게 복원되지 않습니다.
  - 올바른 문장은 **“기어코 네가 하루 몰래 간식을 먹었구나.”**입니다.

다른 문장들은 예를 들어  
- 개인적 → **개인적인** 사정  
- 이번 여름**에**  
- 충전기**가**  
- 우리**가**  
- 동일**한** 장소  
등으로 자연스럽게 복원할 수 있습니다."
Syntax,Agreement,2,H,H,"정답은 **H**입니다.

> **반드시 사람이라면 이러한 상황에서 도리를 따라야 한다.**

- **반드시** ↔ **-아야 한다**가 자연스럽게 호응합니다.
- ‘사람이라면’이라는 조건절과 뒤의 서술어도 잘 연결됩니다.

다른 선택지의 주요 문제는 다음과 같습니다.

- A: **왜냐하면**은 뒤에 이유를 설명하고, 앞에 결과 문장이 있어야 자연스럽습니다.
- B: **결코**는 보통 부정 표현과 호응해야 합니다.
- C: ‘아이가 자라지 않는다’와 ‘노력을 기울여야 한다’의 주체가 어색합니다.
- D: **결코**는 ‘말하지 않을 것이다’처럼 부정 서술어와 호응해야 합니다.
- E: **설령**은 보통 ‘-더라도, -한다 해도’ 등과 호응합니다.
- F: **모름지기**는 일반적·당위적 내용을 말할 때 쓰는데 ‘어제 있었던 상황’과 어울리지 않습니다.
- G: ‘집으로 바래다 주었다’의 대상인 ‘나를’이 빠져 어색합니다.
- I: 수식 관계가 복잡하고, ‘비단’의 의미가 혼동됩니다.
- J: ‘애완 꽃에게 물을 주다’는 표현이 부자연스럽습니다. 보통 ‘화분에 물을 주다’라고 합니다."
Phonetics/Phonology,Phonological Alternation,3,J,I,"정답: **I. 꽂힌**

<보기>에서는 종성의 ㅅ·ㅈ 등은 종성에서 대표음 **[ㄷ]**으로 발음됨을 알 수 있습니다.

- 낮 → [낟] : 종성 ㅈ → [ㄷ]
- 옷 → [옫] : 종성 ㅅ → [ㄷ]

따라서 **꽂힌**도 먼저 종성 ㅈ이 [ㄷ]으로 발음되어

- 꽂힌 → /꼳힌/ → **[꼬친]**

이 됩니다. 뒤의 ㅎ과 결합하면서 ㄷㅎ이 ㅊ으로 바뀌는 과정도 함께 일어납니다."
Phonetics/Phonology,Phonological Alternation,3,D,D,"정답은 **D**입니다.

<보기>의 ‘밭[받]’, ‘꽃[꼳]’에서는 받침의 여러 자음이 음절 끝에서 대표음인 **[ㄱ, ㄴ, ㄷ, ㄹ, ㅁ, ㅂ, ㅇ]** 중 하나로 바뀌는 **음절의 끝소리 규칙**이 나타납니다.  
- 밭: ㅌ → [ㄷ]
- 꽃: ㅊ → [ㄷ]

- **D ‘읊고[읍꼬]’**: ‘읊’의 받침 ㄿ 가운데 ㅍ이 음절 끝에서 **[ㅂ]**으로 실현되어 [읍]이 되므로 음절의 끝소리 규칙이 나타납니다. 이후 ㄱ이 된소리로 나 [꼬]가 됩니다.

다른 선택지:
- A, C, E: ㅎ과 앞뒤 자음이 결합하여 거센소리가 되는 현상
- B, F: 각각 [비옫], [오뒤]로 발음되므로 음절의 끝소리 규칙이 **있음**
- G, H: 비음화·유음화
- I, J: 겹받침에서 한 자음이 탈락하는 자음군 단순화

따라서 **D**입니다."
Phonetics/Phonology,Phonological Alternation,2,B,B,"정답: **B, J**

- **B**: ‘감겨서[감겨서]’는 어간 ‘감-’ 뒤에 피·사동 접사 ‘-기-’가 결합한 경우이므로, ‘ㅁ’ 뒤의 ‘ㄱ’이 된소리로 바뀌지 않는다.
- **J**: ‘큰지[큰지]’의 ‘ㄴ’과 ‘ㅈ’은 어간과 어미가 직접 결합한 것이 아니라, 관형사형 어미 ‘-ㄴ’과 어미 ‘-지’가 결합한 경우이다. 어미끼리 결합한 경우에는 된소리되기가 일어나지 않는다."
Phonetics/Phonology,Phonological Alternation,3,G,A,"정답: **없음** — 제시된 모든 단어에서 ㄴ첨가가 나타납니다.

- A 담요 → **[담뇨]**
- B 막일 → **[망닐]**
- C 한여름 → **[한녀름]**
- D 늑막염 → **[능망념]**
- E 서른여섯 → **[서른녀섣]**
- F 물약 → **[물략]**  
  - ‘물냑’에서 ㄴ이 ㄹ과 만나 ㄹ로 바뀐 결과
- G 송별연 → **[송별련]**  
  - ‘송별년’에서 ㄴ이 ㄹ과 만나 ㄹ로 바뀐 결과
- H 색연필 → **[생년필]**
- I 꽃잎 → **[꼰닙]**
- J 식용유 → **[시굥뉴]**

특히 **물약, 송별연**은 표면상 ㄴ이 보이지 않지만, ㄴ첨가 뒤 유음화가 일어난 경우입니다."
Semantics,Semantic Compatibility,2,E,E,"옳은 것은 1개입니다.

- [태양]과 “해”는 각각 ‘sun’과 ‘year’의 뜻으로 쓰여 서로 다른 의미입니다.

따라서 정답은 **E: 1**입니다."
Semantics,Semantic Compatibility,3,B,B,"적절한 것은 **1개**입니다.

- **[인도]는 동반주역이다.** → ‘인도와 미국’에서 ‘와’는 동반의 의미를 나타내므로 적절합니다.

나머지는 각각 출발점, 도착점, 나열 대상 등에 해당하거나 제시된 의미역과 맞지 않습니다.

따라서 정답은 **B: 1**입니다."
Syntax,Agreement,2,E,E,"정답: **E**

- **악장이 그에게 튜바를 불렸다.**
  - ‘불리다’는 여기서 ‘불다’의 **사동 표현**으로, ‘악장이 그에게 튜바를 불게 했다’라는 뜻입니다.
  - 따라서 피동 표현이 아닙니다.

나머지는 모두 ‘찍히다, 차이다, 풀리다, 쫓기다, 팔리다, 휘말리다, 찢기다, 흔들리다, 파묻히다’ 등의 피동 표현이 포함되어 있습니다."
Semantics,Semantic Compatibility,3,H,E,"정답: **E: 정답 없음**

각 선택지가 지문의 의미역 관계와 맞지 않습니다.

- [식자층]·[귀족]은 비교 기준이 되는 것은 직접적으로 **그들의 자녀들**입니다.
- [라틴어]는 ‘배우다’의 대상이며, ‘도움’의 내용역이나 도착점역으로 보기 어렵습니다.
- [피렌체]가 아니라 **피렌체의 인문주의 학자들**이 ‘무시’의 출발점입니다.
- [자녀]와 [마흔] 사이에는 결과상태 관계가 없습니다."
Morphology,POS & Morphemes,3,C,C,"정답: **C**

- **C: 희원이의 생일은 ‘그저께’가 아니라 어제였다. - 부사**
  - 여기서 **‘그저께’**는 생일이 있었던 **날짜를 가리키는 명사**로 쓰였습니다.
  - 따라서 품사는 **명사**가 알맞습니다.

참고로,
- “첫눈이 그저께 내렸다.”의 ‘그저께’는 ‘내렸다’를 꾸며 주므로 **부사**입니다."
Syntax,Argument Structure & Valency,3,D,H,"각 문장의 서술어 자릿수는 다음과 같습니다.

1. **뺨이 시리다** → ‘시리다’는 주어 1개 필요: **1자리**
2. **(내가) 국자를 홍합탕에 빠뜨렸다** → 주어, 목적어, 부사어 필요: **3자리**
3. **부동산 가격이 천정부지로 치솟는다** → 주어와 부사어 필요: **2자리**

따라서 \(1+3+2=6\)입니다.

**정답: H. 6**"
Semantics,Semantic Compatibility,3,A,H,"정답: **H. 정답 없음**

- **인도, 미국, 태국**은 ‘한류 관련 보도가 가장 많은 국가’라는 **조사 결과의 내용**에 해당합니다. 동반주역·도착점역·기준치역 등이 아닙니다.
- **아시아 주요국부터 아프리카, 유럽까지**는 조사가 포괄한 **범위/대상**을 나타냅니다. 경험주역·결과상태역·내용역·영향주역으로 보기 어렵습니다.
- 특히 ‘아시아 주요국부터 … 유럽까지’에서 아시아 주요국은 범위의 시작, 유럽은 범위의 끝에 가깝지만, 제시된 선택지의 역할 설명과는 일치하지 않습니다."
Semantics,Semantic Compatibility,2,H,H,"정답: **H: 정답 없음**

[사또]는 “신기해 했다”의 **경험주역**(신기함을 느끼는 주체)입니다.  
선택지에는 “신기”의 경험주역이 없으므로 정답은 H입니다."
Syntax,Agreement,3,B,F,"정답은 **F**입니다.

- **F: 나는 내 방 창문으로 맞은편 철물점 내부가 건너다보인다.**
  - ‘건너다보이다’는 단순히 ‘누군가가 보았다’라는 행위의 피동이라기보다, 어떤 대상이 시야에 들어오는 **상태·가능**을 나타냅니다.
  - 따라서 이를 그대로 능동형으로 바꾸어 “내가 철물점 내부를 건너다본다”라고 하면, 화자가 의식적으로 바라보는 행위가 되어 원래 뜻과 달라집니다.

나머지는 대체로 ‘A가 B를 …했다’와 같은 능동 표현으로 바꾸거나, ‘…하게 했다’와 같은 사동 능동 표현으로 바꿀 수 있습니다."
Syntax,Agreement,3,A,C,"정답: **C**

**“탁 트인 야경에 답답했던 가슴도 트였다.”**의 **트였다**는 ‘가슴이 시원하고 후련해지다’라는 뜻의 자동사적·관용적 표현입니다. 따라서 이를 능동문으로 바꾸어 **“야경이 가슴을 텄다”**라고 하기는 자연스럽지 않습니다.

나머지는 대체로 행위 주체를 드러내 능동문으로 바꿀 수 있습니다.  
예: “상대편이 우리 팀을 휘둘렀다”, “들짐승이 농작물을 짓밟았다” 등."
Syntax,Agreement,3,B,B,"정답: **B**

**“관광객들이 몰린다”**의 *몰리다*는 ‘많이 모이다’라는 뜻의 자동사로 굳어져 있어, 자연스럽게 대응하는 능동 표현으로 바꾸기 어렵습니다.

- B: 이 지역에는 늘 관광객들이 **몰린다**.  
  → ‘누가 관광객들을 몬다’라고 하면 원래 뜻과 달라지거나 매우 부자연스럽습니다.

반면 다른 문장들은 대체로 다음처럼 능동형으로 바꿀 수 있습니다.

- A: 업어치기 한 번이 승부를 갈랐다.
- D: 광부들이 그 화약을 널리 썼다.
- G: 폭우가 차의 묵은 때를 씻었다.
- H: 신문사가 내 인터뷰를 잡지에 실었다."
Syntax,Agreement,2,I,I,"정답: **I**

- **새 옷에 주름이 잔뜩 잡혔다**의 ‘잡히다’는 누군가가 ‘잡다’라는 행동을 해서 생긴 피동이라기보다, **주름이 생긴 상태**를 나타내는 표현입니다.
- 따라서 자연스럽게 능동형으로 바꾸기 어렵습니다.

다른 문장들은 대체로 다음과 같이 능동형으로 바꿀 수 있습니다.

- A 적의 군대가 정문을 뚫었다.
- B 누군가 어려운 문제를 풀었다.
- C 아주 많은 사람이 그 책을 읽었다.
- D 사냥꾼이 토끼를 쫓고 있다.
- E 낯선 사람이 내 발을 밟았다.
- F 여동생이 내 소매를 붙잡았다.
- G 모기가 내 팔을 여러 번 물었다.
- H 멋진 그림이 내 마음을 빼앗았다.
- J 거센 바람이 나무를 흔들었다."
Syntax,Agreement,3,A,A,"정답은 **A**입니다.

- **A: “반성의 기미가 엿보이지 않았다.”**  
  ‘엿보다’의 피동사인 **‘엿보이다’**가 쓰인 피동 표현입니다.  
  → 능동으로 바꾸면: “가해자의 표정에서 반성의 기미를 엿볼 수 없었다.”

나머지는 피동사가 쓰인 표현으로 보기 어렵거나, 주어의 상태·행동을 직접 나타낸 표현입니다."
Syntax,Agreement,2,J,J,"정답: **J**

**“옛 정에 너무 그렇게 얽매이지 마라.”**의 **‘얽매이다’**는 ‘얽매다’의 피동 표현으로, ‘옛 정에 의해/때문에 매여 있다’는 뜻입니다. 따라서 **피동문**이므로 주동문이 아닙니다."
Syntax,Agreement,3,G,G,"정답: **G**

**그의 중거리 슛에 승패가 갈렸다.**에서 ‘갈리다’는 ‘가르다’의 피동사이므로 피동문입니다.

- 주동문: **그의 중거리 슛이 승패를 갈랐다.**
- 피동문: **그의 중거리 슛에 승패가 갈렸다.**

참고로 I의 “이 초소는 제일 나이 든 경비원이 관리한다”는 목적어인 ‘이 초소’를 화제로 내세운 문장일 뿐, ‘관리한다’가 주동사이므로 주동문입니다."
Syntax,Agreement,3,I,E,"정답: **E**

**“거리에 가로등이 가득하다.”**의 ‘가득하다’는 상태를 나타내는 형용사로, 주체가 어떤 행위를 하는 **주동 표현**이 아니다.

나머지는 주어가 직접 행동하거나 움직임을 하는 주동 표현이 포함되어 있다."
Phonetics/Phonology,Phonological Alternation,3,B,B,"(ㄷ)은 **음절의 끝소리 규칙**이다.

- 좋겠다[조켇따]: ‘겠’의 받침 ㅆ이 [ㄷ]으로 발음됨.
- 겉치레[걷치레]: ‘겉’의 받침 ㅌ이 [ㄷ]으로 발음됨.

따라서 음절 끝소리 규칙이 나타나지 않는 것은 **B. 닭장**이다.

- 닭장[닥짱]은 ‘ㄺ’에서 ㄹ이 탈락하는 **자음군 단순화**와, 뒤의 ㅈ이 ㅉ으로 바뀌는 **된소리되기**가 나타난다.  
- 남은 ㄱ은 원래 음절 끝소리로 가능한 자음이므로, 음절 끝소리 규칙에 따른 변화는 아니다."
Semantics,Semantic Compatibility,1,H,H,"가장 부적절한 선지는 **H: 민주가 명단을 결심했다.**입니다.

‘결심하다’는 어떤 행동이나 일을 하기로 마음먹는다는 뜻이므로, 목적어로 ‘명단’처럼 사물을 직접 받는 것은 자연스럽지 않습니다.  

- 자연스러운 표현: **민주가 명단을 작성했다.**
- 또는: **민주가 명단을 만들기로 결심했다.**"
Semantics,Semantic Compatibility,1,G,G,"가장 어색한 것은 **G: 여자아이가 여행을 매겼다.**입니다.

- **‘매기다’**는 점수·등수·값·이름 등을 정할 때 쓰는 말입니다.  
  - 예: 점수를 매기다, 값을 매기다, 등수를 매기다
- 따라서 ‘여행’을 목적어로 하여 **‘여행을 매겼다’**라고 하는 것은 자연스럽지 않습니다.

의도에 따라 다음처럼 고칠 수 있습니다.

- 여자아이가 **여행을 떠났다**.
- 여자아이가 **여행 계획을 세웠다**.
- 여자아이가 **여행 일정을 짰다**."
Semantics,Semantic Compatibility,2,I,E,"정답: **E**

- **이불을 걷다**: 이불을 개거나 치우다는 뜻으로 자연스럽습니다.
- **연무를 걷다**: 일반적으로 연무는 스스로 **걷히다**라고 하므로, ‘걷다’의 목적어로 쓰기 어렵습니다.  
  - 예: “연무가 걷혔다.”  

따라서 가장 적절한 것은 **E**입니다."
Semantics,Semantic Compatibility,1,H,H,"정답: **H: 목적어가 의미적으로 서술어에 적절하지 않다.**

- ‘씹었다’는 보통 음식물처럼 씹을 수 있는 대상을 목적어로 요구합니다.
- ‘엊그제’는 시간 표현이므로 ‘씹다’의 목적어로 의미상 어울리지 않습니다.
- 조사와 어순 등 문장 구조 자체는 크게 문제되지 않습니다."
Semantics,Word Relationships,1,C,C,"정답: **C: 까다롭지만**

“식물을 가꾸는 것은 어렵지만 재미있다”에서 “어렵지만”은 식물을 기르는 일이 쉽지 않고 손이 많이 가거나 신경 쓸 점이 많다는 뜻이므로 **“까다롭지만”**이 가장 유사합니다."
Semantics,Semantic Compatibility,1,G,G,"가장 어색한 것은 **G: 교사가 수도권을 출판했다.**입니다.

- **출판하다**의 대상은 보통 책, 잡지, 논문, 자료 등입니다.
- **수도권**은 지역을 뜻하므로 일반적으로 “출판하다”의 목적어가 될 수 없습니다.

자연스럽게 고치면 예를 들어:

- 교사가 **수도권에 관한 책을 출판했다.**
- 교사가 **『수도권』이라는 책을 출판했다.**"
Semantics,Semantic Compatibility,1,H,H,"가장 어색한 것은 **H: 여자아이가 여행을 매겼다.**입니다.

- **‘매기다’**는 점수·등수·값 등을 붙일 때 쓰는 말입니다.  
  - 예: *점수를 매기다*, *등수를 매기다*, *값을 매기다*
- 따라서 ‘여행’을 목적어로 하여 *여행을 매겼다*라고 하는 것은 자연스럽지 않습니다.

의도에 따라 다음처럼 고칠 수 있습니다.

- *여자아이가 여행 계획을 세웠다.*
- *여자아이가 여행에 점수를 매겼다.*
- *여자아이가 여행을 떠났다.*"
Semantics,Numeral Classifiers,1,B,B,"정답: **B: (권, 개, 잔)**

- 소설책 두 **권**
- 달걀샌드위치 한 **개**
- 커피 한 **잔**

따라서 문장은 다음과 같습니다.

> 아침에 서점에서 소설책 두 **권**을 사고, 카페에서 달걀샌드위치 한 **개**와 커피 한 **잔**을 주문했다."
Semantics,Numeral Classifiers,3,A,I,"가장 적절한 답변은 **I**입니다.

- 금의 전통적인 무게 단위로는 **‘돈’**을 자연스럽게 사용합니다.
- “잉여 현금의 일정 부분”이라는 조건에도 “두 돈 가량”은 전액 투자 제안이 아니므로 형식상 부합합니다.
- A는 단위 자체는 가능하지만 “매각 대금 전액”이라고 해 ‘일정 부분’이라는 조건에 어긋납니다.

따라서 **I: “그러시다면 두 돈 가량이 좋을 것 같습니다.”**가 가장 적절합니다."
Semantics,Numeral Classifiers,3,C,C,C: 한 축 주문해두겠습니다.
Semantics,Numeral Classifiers,1,G,G,"정답: **G: 다섯 단 정도 팔렸습니다.**

시금치는 보통 묶음 단위인 **‘단’**으로 세므로 가장 자연스럽습니다."
Semantics,Numeral Classifiers,1,H,H,"정답: **H: 세 벌 주문해.**

트레이닝복 상하의 세트는 옷 한 벌을 뜻하므로 단위는 **‘벌’**이 적절합니다."
Semantics,Rhetorical Expressions,3,J,J,"정답: **J. 좀벌레를 두 마리나 먹을 것**

“좀벌레를 두 마리나 먹을 것처럼”은 배고픔의 정도를 자연스럽게 비유하기 어렵습니다. 오히려 ‘두 마리나’라는 표현은 적지 않은 양을 먹는다는 느낌을 주어, 몹시 배고픈 상황과의 연결도 약합니다.

나머지는 굶주림, 많은 음식 섭취 가능성, 무엇이든 먹을 듯한 상태 등을 통해 배고픔을 비교적 자연스럽게 강조합니다."
Pragmatics,Implicature,2,E,E,"정답: **E**

을의 “쟤 배 볼록해진 건 안 보이세요?”는 밥그릇이 비어 있는 이유가 **고양이가 사료를 먹었기 때문**이라는 반박이다. 즉, 을은 사료를 챙겨 주었고 고양이가 이를 먹어 밥그릇이 비게 되었다는 의미를 전달한다."
Semantics,Rhetorical Expressions,1,H,H,"정답: **H: 거대한 산처럼**

“날아올랐다”는 가볍고 역동적이며 상승하는 움직임을 나타내므로, 무겁고 움직이지 않는 이미지를 주는 “거대한 산처럼”은 가장 어색합니다."
Semantics,Rhetorical Expressions,1,I,I,"정답: **I**

지문에서는 우물 바닥의 금괴 소문이 있었지만, 아무도 금괴를 찾으려 하지 않아 소문이 사라졌다고 했습니다.  
따라서 **우물을 파헤쳐 큰 이득(대어)을 얻으려는 사람이 없었다**는 I가 가장 잘 맞습니다."
Semantics,Word Relationships,1,F,F,"정답: **F: 트럭**

- **새 : 까치** = 상위어 : 하위어  
- **차 : 트럭** = 상위어 : 하위어  

까치는 새의 한 종류이고, 트럭은 차의 한 종류입니다."
Semantics,Ambiguity,2,C,C,"가장 어색한 것은 **C**입니다.

“예상보다 배가 빨리 말랐다”도 중의성이 완전히 사라지지는 않습니다.

- **배(과일)**가 말랐다: 배가 건조되었다.
- **배(복부)**가 말랐다: 배가 홀쭉해지거나 살이 빠졌다.

따라서 ‘건조되었다’를 ‘말랐다’로 바꾸어도 ‘배’와 ‘마르다’의 여러 의미 때문에 다른 중의성이 생길 수 있으므로, 중의성이 사라진다고 단정한 C가 가장 어색합니다."
Semantics,Ambiguity,1,C,C,"정답: **C**

“전원이 문제였다”의 **전원**은  
- 전체 사람(모든 구성원)  
- 전기(전력 공급)  

로 해석될 수 있으므로 중의적입니다. 따라서 “한 가지 뜻으로 해석된다”는 C가 가장 어색합니다."
Semantics,Ambiguity,2,B,B,"정답: **B**

- **“금을 그대로 두어라”**의 ‘금’은 황색 금속뿐 아니라 **선, 자국, 금이 간 흔적** 등의 뜻으로도 해석될 수 있다. 따라서 ‘자국’으로 해석할 수 있다는 B가 옳다.

다른 선택지:
- A: ‘접시에 금이 갔다’는 보통 접시가 **갈라졌다**는 뜻이다.
- C: ‘금을 녹여 반지를 만들었다’의 금은 금속을 뜻한다.
- D: ‘연탄재를 발로 찼다’는 **발로 걷어찼다**는 뜻이다.
- E, F, I: ‘물이 많이 찼다’의 ‘차다’는 물이 **차오르다** 또는 물이 **차갑다**의 의미와 관련해 해석 가능성이 있으므로 단정하기 어렵다.
- G, H: ‘금’과 문장은 한 가지 의미로만 한정되지 않는다.
- J: ‘대기실이 꽉 찼다’는 대기실에 사람이 가득하다는 뜻으로 일반적으로 해석된다."
Semantics,Ambiguity,1,C,C,"옳지 않은 것은 **C**입니다.

- **“방학 숙제는 두 도시의 거리를 조사하는 것이다.”**의 ‘거리’는  
  1. 두 도시 사이의 **공간적 간격(거리)**  
  2. 도시의 **길, 거리(街)**  
  를 뜻할 수 있으므로 중의적입니다.

따라서 “중의적이지 않다”라고 한 **C가 틀린 설명**입니다."
Syntax,Argument Structure & Valency,1,E,E,"정답: **E**

- **바닷물이 <반짝거린다>**  
  → ‘반짝거리다’는 주어인 **바닷물**만 요구하는 **한 자리 서술어**입니다.

나머지는 모두 목적어, 부사어 등 다른 성분을 함께 요구하는 두 자리 이상의 서술어입니다."
Syntax,Embedded Clauses,2,A,A,"정답은 **A**입니다.

- **출간된 회고록** → 안긴 문장은 **‘회고록이 출간되다’**입니다.
- 서술어 **‘출간되다’**는 주어인 **‘회고록이’**만을 필요로 하는 **한 자리 서술어**입니다.

반면 B의 **‘아이가 오물거리는 쪽쪽이’**는  
‘아이가 쪽쪽이를 오물거리다’에서 **‘쪽쪽이’**가 목적어 역할을 하므로, ‘오물거리다’는 두 자리 서술어로 보아야 합니다."
Semantics,Rhetorical Expressions,1,F,F,"정답: **F. 언제든 발을 빼려고 했던 것 역시**

문맥상 빈칸에는 이번 임무의 성공에 그가 크게 기여했음을 보여 주는 표현이 들어가야 합니다.

- “온몸을 내던진 것도”, “혼신의 힘을 다한 것 역시”, “모두를 데려온 건” 등은 그의 헌신·노력·기여를 나타내므로 자연스럽습니다.
- 반면 **“언제든 발을 빼려고 했던 것”**은 책임을 회피하거나 임무에서 빠져나가려 했다는 뜻이므로, “이번 임무의 성공이 그의 덕분”이라는 뒤 문장과 의미상 어울리지 않습니다."
Semantics,Rhetorical Expressions,1,D,D,"정답: **D**

비밀 계좌로 큰 이득을 본 것은 일시적인 상황일 뿐, 결국 회사에 돌이킬 수 없는 손실을 입히고 체포되었으므로 **“결과적으로 전화위복”**이라고 할 수 없습니다. 오히려 손실을 숨기려다 더 큰 파국을 초래한 경우입니다."
Semantics,Rhetorical Expressions,3,G,G,"적절하지 않은 의견은 **G**입니다.

- **‘소리에 놀라지 않는 사자’**는 사자의 용맹함과 흔들리지 않는 태도를 빗댄 표현입니다.
- 실제 의미와 반대로 말하여 강조하는 **반어법**이 아니라, 사자를 통해 이상적 인간의 모습을 드러낸 **비유(직유)**에 가깝습니다.

다만 엄밀히 말하면 **D**도 논란의 여지가 있습니다. “그물에 걸리지 않는 바람”은 바람의 자유로운 속성을 활용한 비유이지, 바람에 사람의 성격이나 행동을 부여한 의인법이라고 보기는 어렵습니다.  
따라서 출제 의도가 하나의 답을 요구한다면 가장 명백한 오답은 **G**입니다."
Semantics,Rhetorical Expressions,1,C,C,"적절하지 않은 것은 **C**입니다.

- 지문은 관리가 부족한 환경에서 무질서와 오염이 더 빠르게 확산된다는 **깨진 유리창 효과**를 설명합니다.
- **“미운 놈한테 떡 하나 더 준다”**는 싫어하는 사람에게 오히려 더 잘해 준다는 뜻으로, 지문의 상황과 관련이 없습니다."
Syntax,Embedded Clauses,1,C,C,"정답: **C**

- **사실 내가 토마토를 다 먹었음을 털어놓았다.**
  - 안긴 문장: **내가 토마토를 다 먹었음**
  - ‘털어놓았다’의 **무엇을?**에 해당하므로 목적어 역할을 합니다.
  - ‘-음’이 붙어 명사절이 되었고, 목적격 조사 ‘을’이 붙었습니다."
Semantics,Rhetorical Expressions,3,B,J,"**적절하지 않은 선지: J**

- **‘달리는 말에 채찍질하다’**는 일이 이미 잘 진행되고 있거나 기세가 좋을 때, 그 기세를 더욱 북돋우는 것을 뜻합니다.
- 그러나 지문에서는 소비자들이 명품 소비를 줄이고 있어 명품 시장의 분위기가 좋다고 보기 어렵습니다. 이런 상황에서 가격을 올리는 것은 ‘잘 달리는 말에 채찍질’하는 상황과 맞지 않습니다."
Syntax,Embedded Clauses,1,C,C,"정답: **C**

- **아네모네가 쌍떡잎식물인지가** 머릿속에서 불분명하다.
- ‘아네모네가 쌍떡잎식물인지가’라는 안긴 문장이 뒤의 서술어 **‘불분명하다’**의 주어 역할을 합니다."
Syntax,Embedded Clauses,2,F,F,"정답은 **F**입니다.

- **F: 밤사이 보조금을 신청하기가 빠듯해졌다.**
  - 안긴 문장: **보조금을 신청하기**
  - 문장 전체에서 조사 **‘가’**가 붙어 **‘빠듯해졌다’의 주어** 역할을 합니다.
  - 즉, 명사절 안긴문장이 주어로 쓰인 경우입니다.

다른 선택지의 안긴 문장은 주로 관형어, 부사어, 목적어 등의 역할을 합니다."
Pragmatics,Implicature,3,D,D,"정답: **D**

- 갑: 아침은 먹었어?
- 을: 입으로 들어가는지 코로 들어가는지 모르겠더라.

정신없이 먹어서 제대로 먹었는지 모를 정도였다는 뜻이므로, **아침을 먹었다는 긍정의 대답**에 해당합니다."
Pragmatics,Implicature,3,C,G,"정답: **G**

- **“아, 갑자기 목이 타네.”**는 ‘동생이 공부를 잘하는가’라는 질문과 직접적인 관련이 없어, 공부를 잘하는지 여부를 긍정하거나 부정한다고 판단하기 어렵습니다.
- 반면 F의 **“애는 착해요.”**처럼 다른 장점을 말하는 경우에는 보통 ‘공부는 잘하지 못한다’는 간접적 부정으로 해석될 수 있습니다."
Pragmatics,Deixis & Reference,3,C,C,"제시된 대화만으로는 **C와 H 모두 참/거짓을 알 수 없습니다.** 따라서 문제에서 답이 하나라고 전제했다면 문항이 불완전합니다.

- **C**: 화분이 마당에 있다는 사실만 알 수 있을 뿐, 그것을 **을이 마당에 두었는지**는 알 수 없습니다.
- **H**: 동생이 시금치를 다용도실에 두고 갔다는 추정은 가능하지만, 그 뒤에 **을이 다용도실에 왔는지**, 또는 을이 이미 այնտեղ 있었는지는 알 수 없습니다.

나머지는 대체로 다음과 같이 판단됩니다.

- A 거짓: 창고에는 가지 1종류가 있다.
- B 거짓: 옥수수가 부엌에 있어도 부엌 1종류·다용도실 1종류이고, 다용도실에 있으면 다용도실 쪽이 더 많다.
- D 참: 거기(1), 거기(3)은 창고를 가리킨다.
- E 거짓: 시금치는 마당 → 현관 → 다용도실의 흐름이다.
- F 참: 옥수수가 부엌에 있다면 각 장소의 식물 종류는 최대 1종류이다.
- G 거짓: 거기(2)는 마당, 거기(4)는 다용도실이다.
- I 참: 갑은 창고에 있는 것으로 해석된다.
- J 참: 거기(1)은 창고, 거기(5)는 텃밭이다."
Phonetics/Phonology,Phonological Alternation,3,C,C,"정답: **C 공권력**

- **공권력**은 표준 발음이 **[공꿘녁]**으로, ‘권력’의 ㄴ+ㄹ 환경에서 유음화([ㄹㄹ])가 아니라 **ㄹ이 ㄴ으로 바뀌는 비음화**가 일어납니다.
- 나머지는 모두 ㄴ과 ㄹ이 만나 **[ㄹㄹ]**로 발음되는 유음화가 일어납니다.  
  - 실눈 [실룬], 칼날 [칼랄], 권력 [궐력], 신라 [실라], 난로 [날로] 등"
Phonetics/Phonology,Phonological Alternation,2,A,A,"유음화가 일어나는 것은 **A, G, H**입니다.

- **A 달님** → [달림] : ㄹ + ㄴ → ㄹㄹ  
- **G 대관령** → [대괄령] : ㄴ + ㄹ → ㄹㄹ  
- **H 이원론** → [이월론] : ㄴ + ㄹ → ㄹㄹ  

따라서 정답은 **A, G, H**입니다."
Pragmatics,Implicature,3,B,B,"정답: **B**

갑의 **“네가 약속은 무슨 약속이야?”**는 실제로 약속의 내용을 묻기 위한 질문이라기보다, 을에게 약속이 있다는 사실이 의외라는 태도나 약간의 비꼼을 드러내는 발화이다.  

실제로 약속의 내용을 묻는 질문은 뒤이어 나온 **“무슨 약속인데?”**이다. 따라서 B가 가장 적절하지 않다."
Syntax,Ellipsis,2,B,B,"적절하지 않은 것은 **B**입니다.

- **개인적[인] 올해 특히 사정**은 자연스러운 문장 성분 구성이 아닙니다.  
- `개인적`에는 관형형 `-인`이 붙어 **개인적인 사정**처럼 바로 뒤의 명사 `사정`을 꾸며야 합니다.

자연스럽게 고치면 예를 들어 다음과 같습니다.

> **개인적인 사정에 의해 올해 특히 참여가 불가능함.**  
> 또는  
> **올해 특히 개인적인 사정에 의해 참여가 불가능함.**

참고로 A는 표기상 보통 **“네가”**로 쓰는 것이 원칙이지만, 조사 자체는 주격 조사 `가`에 해당합니다."
Syntax,Agreement,3,F,D,"올바른 것은 **D, E, F**입니다.

- **D**: “절대로”는 일반적으로 부정 표현과 호응해야 합니다.  
  - 원문: 사람이라면 이러한 상황에서 절대로 도리를 따라야 한다.  
  - 수정: 사람이라면 이러한 상황에서도 **절대로 도리를 저버려서는 안 된다.**

- **E**: 틀린 부분이 없습니다.  
  - “바래다주다”는 떠나는 사람을 배웅해 주다는 뜻이며, 목적어인 ‘나를’은 생략될 수 있습니다.

- **F**: “모름지기”는 ‘마땅히, 반드시’라는 뜻이므로 의무·당위 표현과 호응하는 것이 적절합니다.  
  - 원문: 모름지기 그는 제대로 된 식사를 한다.  
  - 수정: 모름지기 그는 제대로 된 식사를 **해야 한다.**

따라서 정답은 **D, E, F**입니다."
Syntax,Embedded Clauses,3,G,G,"정답: **G**

- **코카인이 밀수입된 항구**
- 안긴 문장을 복원하면 **“코카인이 항구로/항구에 밀수입되었다.”**
- 여기서 **항구**는 ‘밀수입된’의 장소·도착점을 나타내는 **부사어**이다.

따라서 꺾쇠 안의 용어가 안긴 문장에서 부사어인 것은 **G**이다."
Semantics,Rhetorical Expressions,1,E,E,"정답: **E**

“바늘방석에 앉은 느낌”은 매우 불편하고 긴장되는 상황을 뜻합니다. 지문의 선생님은 학생의 마음을 보살피고 진로를 찾도록 돕는 따뜻하고 헌신적인 인물이므로, 진로 상담을 받는 학생이 불편함을 느낀다는 설명은 적절하지 않습니다."
Semantics,Ambiguity,1,I,I,"적절하지 않은 것은 **I**입니다.

- **“방학 숙제는 두 도시의 거리를 조사하는 것이다.”**의 ‘거리’는  
  1) 길·도로(거리),  
  2) 두 장소 사이의 공간적 간격(거리)  
  등을 뜻할 수 있으므로 중의적입니다.

따라서 이 문장이 **중의적이지 않다**고 한 I는 옳지 않습니다."
Semantics,Ambiguity,2,A,A,"정답: **A**

“전원이 문제였다”는  
- **모든 사람이 문제였다**(전원=전체 인원)  
- **전기 공급에 문제가 있었다**(전원=전기)  

라는 두 의미로 해석될 수 있으므로, “한 가지 뜻으로 해석된다”는 A가 가장 적절하지 않습니다."
Semantics,Ambiguity,2,B,B,"적절한 것은 **B, J**입니다.

- **B**: “금을 그대로 두어라”의 ‘금’은 황금(金)뿐 아니라 선이나 자국, 금 간 흔적 등의 뜻으로도 해석될 수 있습니다.
- **J**: “대기실이 꽉 찼다”는 대기실 안에 사람 등이 가득 들어찬 상황을 뜻하며, ‘차다’의 다른 의미로 해석되기 어렵습니다.

나머지는 다음과 같은 이유로 적절하지 않습니다.

- **A, F**: ‘금’은 한 가지 뜻만 가진 말이 아닙니다.
- **C**: 연탄재를 “찼다”는 발로 걷어찼다는 뜻입니다.
- **D, G, H**: “물이 생각보다 많이 찼다”는 물이 공간에 차올랐다는 뜻 외에 물이 예상보다 차갑다는 뜻으로도 해석될 여지가 있습니다.
- **E**: “접시에 금이 갔다”의 ‘금이 가다’는 접시에 균열이 생겼다는 뜻으로 쓰입니다.
- **I**: “금을 녹여서 반지를 만들었다”의 금은 황금(금속)을 뜻하므로 중의적이지 않습니다."
Semantics,Ambiguity,2,J,A,"정답: **A, J**

- **A**: ‘시내’는 ‘도시의 안’뿐 아니라 ‘강보다 작은 물줄기’라는 뜻도 있어 중의적으로 해석될 수 있다.
- **J**: ‘은행이 열렸다’는 금융기관이 영업을 시작했다는 뜻으로 해석할 수 있다. 또한 ‘은행나무에 열매가 열렸다’는 뜻도 가능하므로 중의적이다."
Semantics,Rhetorical Expressions,1,B,B,"정답: **B: 뜬구름 잡는**

문맥상 계획이 너무 막연하고 실현 가능성이 낮다는 뜻이므로 **“뜬구름 잡는 소리”**가 가장 자연스럽습니다.

> 중요한 일인데 계획을 너무 막연하게 세운 거 아니야? 아무리 생각해도 **뜬구름 잡는 소리**로 들리는데."
Syntax,Agreement,3,H,H,"정답은 **H, J**입니다.

- **H: 방갈로를 치받은 <통신병>**
  - 안긴문장: “통신병이 방갈로를 치받다”
  - `<통신병>`은 ‘치받다’의 **주어**입니다.

- **J: 전재산을 기탁한 <협동조합>**
  - 안긴문장: “협동조합이 전재산을 기탁하다”
  - `<협동조합>`은 ‘기탁하다’의 **주어**입니다.

따라서 복수 정답을 허용한다면 **H와 J**입니다.  
문제가 단일 정답형이라면 출제 오류이거나, 추가 조건이 빠진 것으로 보입니다."
Semantics,Numeral Classifiers,2,D,D,"정답: **D**

- **독수리**는 보통 **“마리”**로 셉니다.  
  - 예: 독수리 한 **마리**
- 첫 문장인 “어제 가지나물을 먹었다.”에는 **마**, **리** 어느 음절도 포함되어 있지 않습니다.

다른 보기들은 해당 단위 분류사 음절이 첫 문장에 들어 있습니다.  
예: 메추리알–**알**(알맹이), 온도–**도**(도무지), 옷–**벌**(벌꿀), 책–**권**(권선징악)."
Semantics,Numeral Classifiers,3,G,J,"정답은 **J**입니다.

- **필**은 주로 **천의 단위**(예: 비단 한 필)나 **말의 단위**로 쓰입니다.
- 그런데 “요즘 애들이 식사를 잘 안 해서요”라는 대답은 **식사 횟수**, 즉 **끼**를 전제로 한 말입니다.

따라서 식사와 관련된 상황이라면  
- “**한 끼** 정도면 괜찮을 듯합니다.”  
처럼 표현해야 자연스럽습니다."
Pragmatics,Speech Acts,3,A,I,"정답: **I: 이리로 쭉 들어가시면 되겠습니다.**

‘철수는 학교에 갔어.’는 어떤 사실이나 판단을 전달하는 **진술**에 해당합니다.  
I도 상대방에게 길을 안내하며 “이리로 들어가면 된다”는 내용을 전달하는 **진술형 표현**입니다."
Pragmatics,Implicature,1,C,C,"정답: **C: 나는 친구에게 그 얘기를 앞으로도 하지 않을 것이다.**

서술자는 친구가 자동차 캐릭터를 닮았다는 말을 하면 친구가 싫어할 것 같아서 “마음속에만 묻어 뒀다”고 했습니다. 따라서 그 이야기를 친구에게 하지 않겠다는 생각이 가장 적절합니다."
Semantics,Inter-sentence Relations,3,H,G,"정답: **G**

- 앞문장: “어제 먹었던 **딸기 쿠키**가 맛이 없다.”
- 뒷문장: “어제 먹었던 **쿠키**가 맛이 없다.”

딸기 쿠키는 쿠키의 한 종류이므로, 어제 먹은 딸기 쿠키가 맛없다면 어제 먹은 쿠키가 맛없다고 말할 수 있습니다. 따라서 앞문장이 뒤문장을 의미적으로 포함합니다."
Semantics,Rhetorical Expressions,3,J,J,"정답: **J: 땅이 꺼지게**

“땅이 꺼지게”는 보통 **“땅이 꺼지게 한숨을 쉬다”**처럼 매우 깊게 한숨 쉬는 모습을 나타낼 때 쓰는 표현입니다. 따라서 “땅이 꺼지게 일을 하다”는 자연스러운 결합이 아닙니다.

자연스러운 문장:
- 많은 자영업자들이 실제로 **땀 흘려 / 허리가 휘어지게 / 기를 쓰고** 일을 하고 있다."
Semantics,Conjunctions,2,J,J,"정답: **J**

- “나는 오늘 학교에서 늦게 끝났다”가  
- “어제 숙제를 안 해 갔다”의 원인이 될 수는 없습니다.

원인은 결과보다 앞서 일어나야 하는데, 오늘 늦게 끝난 일이 어제 숙제를 하지 않은 일에 영향을 줄 수 없기 때문입니다."
Semantics,Word Relationships,3,E,D,"정답은 **D**입니다.

기준 관계인 **손가락 : 손**은 ‘부분 : 전체’ 관계입니다.

- B 가슴 : 몸  
- E 말문 : 입  
- G 손끝 : 손  
- I 애간장 : 몸  
- J 콧대 : 코  

등은 부분과 전체의 관계로 볼 수 있습니다. 또한 A, F, H 등은 앞말이 뒷말에 포함되는 하위 개념 관계입니다.

반면 **골수 : 허리**는 둘 다 신체의 일부일 뿐, 골수가 허리의 부분이거나 허리가 골수의 전체인 관계는 아닙니다. 따라서 기준과 같은 포함 관계가 아닌 것은 **D**입니다."
Phonetics/Phonology,Phonological Alternation,3,I,A,"정답은 **없습니다. 제시된 모든 단어에서 ㄴ 첨가가 일어납니다.**

- A 서른여섯 → [서른녀섣]
- B 막일 → [망닐]
- C 꽃잎 → [꼰닙]
- D 맨입 → [맨닙]
- E 색연필 → [생년필]
- F 한여름 → [한녀름]
- G 늑막염 → [능망념]
- H 식용유 → [시굥뉴]
- I 월요일 → [워료일]  
  - 월+요일 → 월뇨일 → ㄹ+ㄴ이 ㄹㄹ로 바뀌어 [워료일]
- J 물약 → [무략]  
  - 물+약 → 물냑 → ㄹ+ㄴ이 ㄹㄹ로 바뀌어 [무략]

따라서 문제의 선택지 중 **ㄴ 첨가가 생기지 않는 단어는 없습니다.**"
Phonetics/Phonology,Phonological Alternation,2,B,B,"정답: **B. 등용문**

‘등용문’은 형태소 경계가 **등용 + 문**이므로, 뒤 단어의 첫소리가 ‘ㅣ, ㅑ, ㅕ, ㅛ, ㅠ’가 아니라 **ㅁ**입니다. 따라서 ㄴ 첨가가 일어나지 않아 **[등용문]**으로 발음합니다.

나머지는 ㄴ 첨가가 적용됩니다.

- 할 일 → [할릴]
- 색연필 → [생년필]
- 꽃잎 → [꼰닙]
- 막일 → [망닐]
- 서른여섯 → [서른녀섣]
- 늑막염 → [능망념]
- 식용유 → [싱뇽뉴]
- 한여름 → [한녀름]
- 학여울 → [항녀울]"
Phonetics/Phonology,Phonological Alternation,3,J,J,"정답: **J. 뱃길**

<보기>의 **담요 [담뇨]**는 ‘담+요’에서 **ㄴ 첨가**가 일어난 사례입니다.

- 담요 → 담나요 → **담뇨**

A~I도 뒤말이 ‘이, 야, 여, 요, 유’ 계열로 시작하여 ㄴ 첨가가 일어납니다.

- 꽃잎 [꼰닙]
- 늑막염 [능망념]
- 서른여섯 [서른녀섣]
- 색연필 [생년필]
- 학여울 [항녀울]
- 한여름 [한녀름]
- 식용유 [싱뇽뉴]
- 막일 [망닐]
- 할 일 [할릴] ← ㄴ 첨가 뒤 ㄹ과 만나 유음화

반면 **뱃길 [배낄]**은 ㄴ 첨가가 아니라 뒤의 ‘ㄱ’이 된소리로 발음되는 현상(된소리되기)과 관련됩니다."
Phonetics/Phonology,Phonological Alternation,3,E,E,"정답: **E. 나룻배**

<보기>의 **솜이불[솜니불]**은 합성어에서 뒤 요소가 ‘이/야/여/요/유’ 등으로 시작할 때 **‘ㄴ’이 첨가되는 현상**입니다.

- 한여름 → [한녀름]
- 막일 → [망닐]
- 색연필 → [생년필]
- 꽃잎 → [꼰닙]
- 할 일 → [할릴] 등

반면 **나룻배**는 [나루빼]로 발음되며, ‘ㄴ’ 첨가가 아니라 **된소리되기**가 나타납니다."
Syntax,Argument Structure & Valency,1,G,G,"정답: **G**

- 피동문에서 **‘한옥 만들기 프로젝트’**는 ‘진행되다’의 피동 대상(주어)이 될 수 있습니다.
- 그러나 **‘동아리 선생님’**은 원래 프로젝트를 진행한 행위자이므로, 피동문에서는 보통  
  **‘동아리 선생님에 의해’**, **‘동아리 선생님과 함께’** 등으로 나타나야 합니다.
- G의 “**동아리 선생님과 한옥 만들기 프로젝트가 진행되고**”는 ‘동아리 선생님’과 ‘프로젝트’를 함께 주어로 묶어 버려, 행위자와 피동 대상의 논항 역할이 뒤섞입니다.

따라서 논항 구조상 적절하지 않은 것은 **G**입니다."
Syntax,Embedded Clauses,3,G,G,"정답은 **G**입니다.

- A, B, C, D, E, F, H, I, J의 안긴 문장은 대체로 **주어와 목적어(또는 보어)**를 요구하는 **두 자리 서술어**를 중심으로 합니다.  
  - 예: `시험을 통과하다`, `축구를 하다`, `어른이 아니다`, `사랑을 속삭이다`, `숙제를 제출하다`

- G의 안긴 문장 가운데 중심 서술은 **“비가 온다”**이며, `오다`는 주어만 필요한 **한 자리 서술어**입니다.  
  - `너를 그리워하면`은 조건을 나타내는 부사절이고, 중심 문장의 자릿수를 늘리지 않습니다.

따라서 한 자리 안긴 문장으로 홀로 군집을 이루는 것은 **G**입니다."
Syntax,Ellipsis,3,A,J,"엄밀히 말하면 **정답이 없습니다.** 제시된 모든 단어는 생략해도 문법적으로는 문장이 성립합니다.

특히 흔히 답으로 생각할 수 있는 **J. 불구하고**도 생략 가능합니다.

- “점심을 먹지 않아서 많이 배고팠음에도 오늘 민수는 … 주었다.”

여기서 **‘-았/었음에도’** 자체가 ‘그러한 사실에도’라는 양보의 뜻을 나타낼 수 있으므로 문법적입니다.

또한 **G. 함께**를 생략하면

- “민수는 … 과자와 빵을 초코 우유와 유나에게 주었다.”

가 되어 의미상 다소 어색할 수는 있지만, ‘초코 우유와 유나에게’는 형식적으로는 병렬 구조이므로 곧바로 비문이라고 하기는 어렵습니다.

따라서 문제의 기준이 정말로 **‘문법적으로 성립하지 않는가’**라면 답은 **없음**입니다.  
다만 출제자가 의미상의 자연스러움까지 비문으로 본다면 **G. 함께**를 의도했을 가능성은 있습니다."
Syntax,Embedded Clauses,2,F,A,"정답: **A**

- **말씀드리기**는 용언 *말씀드리다*에 명사형 전성 어미 **‘-기’**가 붙은 형태입니다.
- 따라서 **‘말씀드리기(가) 좀 그렇다’**에서 ‘말씀드리기’는 문장 속에서 주어 역할을 하는 **명사절**입니다.

다른 보기의 안긴문장은 주로 관형절, 부사절, 인용절입니다.

- D, E, G, J: 관형절  
- C, I: 부사절  
- F, H: 인용절"
Syntax,Embedded Clauses,1,G,G,"정답: **G**

- **마감 기한이 연장되는 것은** → 안긴 문장(명사절)
- **부당하다** → 서술어

즉, “마감 기한이 연장되는 것은”이 문장의 **주어** 역할을 합니다."
Syntax,Embedded Clauses,1,G,G,"정답: **G**

- **이 중학생이 테스트를 제시간에 마쳤는지가** → 안긴문장
- **의심스럽다** → 서술어

즉, “이 중학생이 테스트를 제시간에 마쳤는지가”가 ‘무엇이 의심스러운가?’에 답하므로 문장 전체에서 **주어 역할**을 합니다."
Syntax,Embedded Clauses,1,C,C,"정답: **C**

- **꽃을 잘 키우기란** 까다롭다.
  - ‘꽃을 잘 키우기’라는 안긴 문장이 전체 문장의 **주어** 역할을 합니다.
  - 서술어는 **까다롭다**입니다.

다른 문장들의 안긴 문장은 주로 관형어, 부사어, 목적어 역할을 합니다."
Pragmatics,Implicature,1,C,C,"정답: **C**

갑의 “우리는 저런 데 언제쯤 가 보나?”는 TV에 나온 장소에 실제로 가 보고 싶다는 바람을 나타낸다. 따라서 갑은 그 장소에 방문하고 싶어 한다고 볼 수 있다.

을의 말은 TV 화면을 통해 보이기 때문에 실제보다 더 예쁘게 느껴진다는 뜻이지, 장소가 가상이거나 을이 방문 경험·방문 의사를 가졌다는 뜻은 아니다."
Syntax,Embedded Clauses,2,J,J,"정답: **J**

- **야구공을 잘 던지시던 <할아버지>를 존경한다.**
  - 안긴 문장: **(할아버지께서) 야구공을 잘 던지시던**
  - ‘할아버지’는 ‘던지시다’의 주체이므로 안긴 문장에서 **주어** 역할을 합니다.

나머지의 꺾쇠 속 말은 대부분 안긴 문장에서 목적어, 부사어, 보어 등의 역할을 합니다."
Syntax,Argument Structure & Valency,2,H,H,"정답: **H**

- `<뒤집어져 있었다>`: ‘벤치가’만 필수 성분인 **한 자리 서술어**입니다.
- H의 `<전진한다>`도 ‘병사들이’만 필수 성분인 **한 자리 서술어**입니다.

따라서 같은 자릿수의 서술어는 **H**입니다."
Syntax,Argument Structure & Valency,3,I,C,"<보기>의 **쏟아지다**는 주어만 필수로 요구하는 **한 자리 서술어**입니다.

- 땀이 쏟아졌다.  
  → ‘비가 오듯이’는 생략 가능한 부사어

같은 한 자리 서술어는 다음과 같습니다.

- **C** 법이 바뀌다.
- **I** 그가 울다.

따라서 **C, I**입니다.  
문항이 하나만 고르도록 되어 있다면 복수 정답이므로 문제가 부정확합니다."
Syntax,Argument Structure & Valency,3,E,E,"정답: **E**

- **물리학자가 최종 <수상자로> 발탁되었다.**
- ‘발탁되다’는 보통 **무엇으로/어떤 자격으로 발탁되었는가**를 나타내는 성분을 필요로 하므로, **‘수상자로’는 필수적 부사어**이다.

나머지 밑줄 친 말들은 장소, 시간, 원인, 비교 등을 덧붙이는 **부가적 부사어**에 해당한다."
Syntax,Argument Structure & Valency,2,I,I,"정답: **I**

- <보기>의 **지지부진하다**:  
  → *그린벨트 재개발의 진척이 지지부진하다*  
  → 주어만 요구하는 **한 자리 서술어**입니다.

- I의 **으스러지다**:  
  → *범퍼가 으스러졌다*  
  → 역시 주어만 요구하는 **한 자리 서술어**입니다.

따라서 정답은 **I**입니다."
Syntax,Embedded Clauses,2,G,G,"정답: **G**

- **불화살이 [딸꾹질하던] 빈민에게 명중했다.**
- 안긴 문장 **‘딸꾹질하던’**은 뒤의 명사 **‘빈민’**을 꾸며 주므로, 역할은 **관형어**이다.  
  → ‘딸꾹질을 하던 빈민’

※ H의 ‘학식이 비범한가봐’는 ‘비범한가 보다’라는 문장 종결 표현이므로, ‘학도병’을 꾸미는 관형절로 보지 않는다."
Syntax,Embedded Clauses,2,G,G,"정답은 **G**입니다.

- **G: 개나리가 잔뜩 핀 언덕**
  - 안긴문장: *개나리가 (언덕에) 잔뜩 피다.*
  - 서술어 **‘피다’**는 주어만 필요한 **한 자리 서술어**입니다.
  - ‘언덕에’는 장소를 나타내는 부사어일 뿐, 서술어의 필수 자릿수로 보지 않습니다.

다른 선택지의 서술어들은 목적어·보어·필수 부사어 등을 더 필요로 하는 두 자리 이상 서술어입니다. 예를 들어,

- B ‘뚫다’ → 경쟁을 뚫다
- D ‘켜다’ → 방송을 켜다
- E ‘닮다’ → 참외를 닮다
- F, J ‘하다’ → 다짐/고백을 하다
- I ‘가리키다’ → 음식을 가리키다

따라서 **G**입니다."
Syntax,Embedded Clauses,2,D,D,"정답: **D**

- **옛이야기를 해주시던** 할머니가 그리워.
  - ‘옛이야기를 해주시던’은 뒤의 명사 **할머니**를 꾸며 주는 안긴 문장이다.
  - 따라서 역할은 **관형어**이다."
Syntax,Embedded Clauses,2,D,D,"정답: **D**

- **연금 불입액은 [해가 갈수록] 늘어났다.**
- ‘해가 갈수록’은 뒤의 ‘늘어났다’를 꾸며 주므로, **부사절(부사어 역할을 하는 안긴문장)**이다."
Morphology,Word Formation,2,I,I,"정답: **I. 헛웃음**

- **헛웃음**은 접두사 **‘헛-’**과 명사 **‘웃음’**이 결합한 말로, 각각의 원형을 밝혀 적은 경우이다.

나머지 말들은 어원이 분명하지 않거나 원형을 밝혀 적지 않아도 되는 예들에 해당한다. 예를 들어 **며칠**은 ‘몇 일’에서 왔지만 ‘몇일’로 적지 않고, **부리나케**도 ‘불이 나게’의 원형을 그대로 드러내어 적지 않는다."
Morphology,Word Formation,3,D,D,"정답: **D. 첫사랑**

- **첫사랑**은 관형사 **‘첫’** + 명사 **‘사랑’**으로 이루어져, 문장 속에서 쓰이는 일반적인 통사 구조와 같습니다.  
  → 예: *첫 사랑*, *첫 만남*

나머지는 어근 결합 방식이 일반적인 통사 구조와 다르거나, 접사가 붙은 파생어에 해당합니다.  
예를 들어 **덮밥, 늦더위, 부슬비, 높푸르다, 여닫다** 등은 비통사적 합성어의 예입니다."
Morphology,Word Formation,3,F,A,"통사적 합성어가 **아닌 것(비통사적 합성어)**은 다음과 같습니다.

- **A 날짐승**: ‘날다’가 명사를 꾸미려면 ‘나는 짐승’처럼 나타나야 하는데, ‘날+짐승’으로 결합함.
- **F 뛰놀다**: ‘뛰어 놀다’처럼 연결 어미가 필요하지만, ‘뛰+놀다’로 결합함.
- **H 힘들다**: ‘힘이 들다’ 또는 ‘힘을 들이다’처럼 조사 등이 필요하지만, ‘힘+들다’로 결합함.

따라서 정답은 **A, F, H**입니다."
Syntax,Argument Structure & Valency,1,H,H,"정답: **H**

**영희가 학교에서 집으로 천천히 걸었다.**

‘영희’가 스스로 **걷는 행위**를 직접 한 문장이므로, 주어가 행위를 직접 하는 것을 나타내는 동사가 쓰였습니다.

다른 문장들은 ‘얼다, 깨지다, 떨어지다, 있다, 나타나다, 빛나다, 남다, 죽다’ 등 주어가 어떤 상태가 되거나 변화·현상을 겪는 의미가 중심입니다."
Phonetics/Phonology,Phonological Constraints,3,E,E,"정답: **E. 오순도순**

<보기>의 의태어들은 한 어휘 안에서 양성 모음(ㅏ, ㅗ)끼리 또는 음성 모음(ㅓ, ㅜ)끼리 어울리는 **모음조화**를 보입니다.

- 아장아장, 홀짝홀짝: 양성 모음 계열
- 엉금엉금, 훌쩍훌쩍: 음성 모음 계열

그런데 **오순도순**은 양성 모음 **ㅗ**와 음성 모음 **ㅜ**가 함께 쓰여 모음조화를 어깁니다."
Phonetics/Phonology,Phonological Constraints,3,I,I,"정답: **I. 뚝딱뚝딱**

<보기>의 의태어들은 한 어절 안에서 대체로 모음조화를 따릅니다.

- 양성모음: ㅏ, ㅗ → 예: **홀짝**, **모락**, **깡총**
- 음성모음: ㅓ, ㅜ → 예: **훌쩍**, **무럭**, **버럭**
- ㅡ는 중성적 성격으로 음성모음 계열과 함께 나타날 수 있음 → **엉금**, **글썽**

그런데 **뚝딱**은 첫 음절의 **ㅜ**(음성모음)와 둘째 음절의 **ㅏ**(양성모음)가 함께 있어 모음조화에 맞지 않습니다."
Semantics,Semantic Compatibility,1,C,C,"정답은 **C**입니다.

> **주머니에서 동전 하나가 빠져나와 하수구로 쏙 들어가버렸다.**

동전이 주머니에서 빠져 하수구로 들어가는 상황은 자연스럽게 표현되었습니다.  
나머지는 돌·농구공·안마기·식탁·의자 등 무생물이 사람처럼 의도적으로 행동하거나 감정을 지닌 것처럼 묘사되어 어색합니다."
Syntax,Embedded Clauses,3,J,J,"정답: **J. 그는 더이상 판사가 아니다.**

J는 주어 **‘그는’**과 서술어 **‘판사가 아니다’**로 이루어진 **홑문장**이며, 문장 안에 다른 절이 안겨 있지 않습니다.

나머지는 관형절·부사절·서술절 등이 들어 있는 안은문장입니다. 예를 들면,

- A: **불이 나도록** → 부사절
- D: **야경이 멋진** 도시 → 관형절
- F: **눈이 맑은** 사람 → 관형절
- H: **어머니가 말씀하시는** 것 → 관형절
- I: **요리를 잘 할** 줄 → 관형절"
Semantics,Numeral Classifiers,3,D,D,"정답: **D: 장미 한 그루**

장미꽃을 셀 때는 보통 **“한 송이”**라고 합니다.  
따라서 **“장미 한 송이”**가 적절합니다.

※ 장미를 꽃이 아니라 땅에 심긴 장미나무(장미덩굴) 자체로 본다면 “한 그루”도 가능할 수 있으나, 일반적인 단위 표현에서는 “송이”를 씁니다."
Syntax,Scrambling,3,H,E,"정문은 **1, 2, 3, 8, 9번**으로 총 **5개**입니다.

- 한국어는 주어·목적어의 어순 이동이 비교적 자유롭습니다.
- 그러나 각 절의 서술어는 보통 해당 절의 끝에 와야 하며, 전체 문장의 마지막에는 주절 서술어인 **“말했어”**가 와야 합니다.

따라서 정답은 **E: 5개**입니다."
Syntax,Scrambling,2,B,B,"가장 자연스러운 위치는 **(5)**입니다.

> 철수는 어제 수업이 끝나고 **황량한 공원에서** 민수와 열심히 책을 읽었다.

따라서 선택지 중에서는 **B 또는 E**입니다.  
두 선택지가 모두 (5)로 같으므로, 문제에는 정답이 중복되어 있어 하나만 고를 수 없습니다."
Syntax,Argument Structure & Valency,2,D,D,"정답: **D**

**<심장병에> 걸린**에서 ‘심장병에’는 동사 **‘걸리다’**가 반드시 요구하는 대상(어떤 병에 걸렸는지)을 나타내므로 **필수적 부사어**입니다.

- “환자가 걸렸다”라고만 하면 의미가 불완전하거나 다른 뜻으로 해석될 수 있습니다.
- 따라서 “심장병에 걸리다”, “감기에 걸리다”처럼 병의 대상을 나타내는 ‘에’ 성분이 필요합니다.

나머지는 대체로 장소·시간·방향 등을 덧붙이는 **부가적 부사어**입니다."
Semantics,Rhetorical Expressions,3,F,E,"정답: **E**

**가심비**는 가격 대비 *심리적·정서적 만족감*을 중시하는 소비를 뜻합니다.  
지문에서는 명품 소비를 줄이고 **실리적인 구매**를 선호한다고 했으므로, 소비자들은 가심비보다는 **가성비(가격 대비 성능·효용)**를 따지기 시작했다고 보는 것이 적절합니다."
Semantics,Rhetorical Expressions,3,I,G,"정답은 **G**가 가장 적절하지 않습니다.

- **G: “겨울이 지나면 봄이 온다고, 달라질 수도 있어.”**  
  → 막연한 희망이나 변화 가능성을 말할 뿐, 시험 범위·난이도와 연구 성과 저하 사이의 문제 상황을 구체적으로 설명하거나 비판하지는 못합니다.

반면 A, B, C, D, F, I, J 등은 기관과 학생 간 목표 불일치, 학생 의견 미반영, 과도한 선발 전략, 근시안적 운영, 연구 성과 저하의 예견 가능성, 우선순위의 전도 등을 통해 제시문 상황을 해석할 수 있습니다."
Semantics,Rhetorical Expressions,2,J,J,"정답: **J. 못 본 걸 본 듯**

“못 본 걸 본 듯”은 이 문맥에서 ‘일어나는 모습이나 태도’를 자연스럽게 나타내지 못합니다. 보통 놀라거나 이상한 것을 본 듯한 상황에 쓰이며, 새벽에 일어나 하루를 시작하는 장면과도 어울리지 않습니다.

나머지 표현들은 힘겹게, 졸린 채로, 급하게, 활기차게 등 여러 방식으로 “일어나”를 수식할 수 있습니다."
Semantics,Rhetorical Expressions,2,E,E,"정답: **E. 죽음을 앞둔 불나방**

강연자를 소개하며 업적을 칭찬하는 문맥이므로, 변동성 높은 시장에서도 **두려움 없이·흔들림 없이·미래를 내다보며** 투자와 확장을 이어 왔다는 긍정적 의미가 어울립니다.

반면 **“죽음을 앞둔 불나방처럼”**은 위험을 무모하게 향해 가거나 파멸로 치닫는 부정적·자조적 뉘앙스가 강해 환영 인사말에 부적절합니다."
Semantics,Rhetorical Expressions,1,H,H,"정답: **H: 거대한 산처럼**

“그녀는 평균대에서 **거대한 산처럼** 날아올랐다”는 산이 날아오르는 모습과 연결되지 않아 비유적으로도 어색합니다.  
나머지는 가벼움, 빠른 움직임, 감정의 분출 등을 나타내며 문맥상 사용 가능합니다."
Semantics,Numeral Classifiers,1,B,B,"정답: **B: 세 벌 주문해.**

트레이닝복 상하의 **세트**는 옷의 단위인 **‘벌’**을 사용하는 것이 가장 자연스럽습니다."
Semantics,Numeral Classifiers,2,H,H,H: 다섯 단 정도 팔렸습니다.
Phonetics/Phonology,Phonological Constraints,3,A,A,"정답은 **없음**에 가깝습니다. 제시된 발음은 모두 한국어의 음소 배열 제약에 따른 음운 변동 또는 그 제약이 반영된 발음으로 볼 수 있습니다.

- A 부엌[부억] : 종성 자음 제약
- B, C, E, F : 된소리되기
- D 다쳐[다처] : 반모음 /j/ 탈락
- G, I, J : 거센소리되기
- H 달나라[달라라] : 유음화

따라서 “적용된 예시가 아닌 것”을 하나 고르라는 문제라면, **문항 자체에 오류가 있거나 추가 조건이 빠진 것**으로 보입니다."
Morphology,POS & Morphemes,2,E,E,"정답: **E**

**너희들**의 ‘들’은 여러 사람을 뜻하게 만드는 **접미사**로 쓰였습니다.  
반면 나머지 문장의 ‘들’은 주어가 복수임을 강조하거나 여러 사람에게 행동을 권하는 **보조사**입니다."
Semantics,Semantic Compatibility,1,E,E,"정답: **E: [동식이], [강아지]**

- **동식이와** 텐트를 쳤다
- 캠핑장 **강아지와** 뛰어놀았다

두 명사 모두 조사 **‘와’**를 통해 행동을 함께하는 **동반자(공동 행위자)** 역할을 합니다."
Morphology,Verbal Conjugation,2,J,J,"정답: **J**

- **음주는 삼가해 주십시오.** → **음주는 삼가 주십시오.**가 맞습니다.
- ‘삼가다’는 그 자체가 동사이므로 ‘삼가해’처럼 활용하지 않습니다.  
  - 예: 말을 **삼가다**, 음주를 **삼가 주십시오**."
Phonetics/Phonology,Phonological Alternation,3,G,G,"옳지 않은 것은 **G**입니다.

- **밝아**는 ‘밝- + -아’에서 **자음군 단순화가 일어나지 않습니다.**
- 발음은 **[발가]**로, ‘ㄺ’ 중 **ㄹ은 앞 음절 종성**, **ㄱ은 뒤 음절 초성**으로 나뉘어 발음됩니다.

즉, 자음군이 하나로 단순화되는 것이 아니라 두 자음이 각각 발음되므로 G가 틀린 설명입니다."
Morphology,Verbal Conjugation,3,H,H,"정답: **H. 벋다**

- **눋다 → 눌어**: 어미 앞에서 받침 **ㄷ이 ㄹ로 바뀌는 ㄷ 불규칙 활용**
- **벋다 → 벋어**: ㄷ이 ㄹ로 바뀌지 않는 **규칙 활용**

따라서 <보기>와 같은 ㄷ 불규칙 활용을 하지 않는 것은 **벋다**입니다."
Morphology,Word Formation,2,F,F,"정답: **F**

합성어는 **벋놓다, 실마리, 군밤, 강산**이다.

- 벋놓다: 벋다 + 놓다  
- 실마리: 실 + 마리  
- 군밤: 군(구운) + 밤  
- 강산: 강 + 산  

참고로 **사랑하다, 알부자, 군식구**는 접사에 의해 만들어진 파생어이다."
Morphology,Word Formation,3,B,,"제시된 분석은 대체로 모두 인정되는 분석입니다. 따라서 **보기만으로는 ‘적절하지 않은 것’이 하나로 정해지지 않습니다.**

형태소 경계를 표시하면 다음과 같습니다.

- 이파리: 잎- + -아리  
- 헛발질: 헛- + 발질  
- 비로소: 비롯- + -오  
- 개구리: 개굴- + -이  
- 마개: 막- + -애  
- 군것질: 군것 + -질  
- 주검: 죽- + -엄  
- 빚쟁이: 빚 + -쟁이  
- 올가미: 옭- + -아미  
- 빗금: 빗- + 금  

특히 흔히 의심할 수 있는 **마개**는 `막- + -개`가 아니라, 원형을 밝히면 **막- + -애**로 보는 분석이 맞습니다. 또한 **빗금**의 `빗-`도 접두사이므로 파생어 분석이 가능합니다.

따라서 원문 문제에 추가 조건이나 오탈자가 없다면 **정답 없음(문항 오류 가능성)**입니다."
Syntax,Ellipsis,3,E,H,"서술어 **‘나눠줬다’**를 제외하면 나머지 단어들은 문맥상 생략할 수 있습니다.

- 사랑스러운
- 동생은
- 어제
- 오랜만에
- 가족들에게
- 비싼
- 선물을
- 아주
- 정성껏

총 **9개**이므로 정답은 **H: 9개**입니다."
Syntax,Ellipsis,2,A,A,"엄밀히 보면 **A와 E 둘 다** 생략하면 어색합니다.

- **A: 책을** → “새로운”이 수식할 명사가 사라져  
  *“새로운 진지하게 읽었다”*처럼 되어 어색합니다.
- **E: 읽었다** → 문장의 서술어가 없어져 완전한 문장이 되지 않습니다.

따라서 단 하나만 고르라는 문제라면 문항이 다소 모호합니다.  
일반적으로 ‘문장을 성립시키는 핵심 성분’을 묻는 의도라면 **E: 읽었다**가 정답으로 가장 적절합니다."
Syntax,Agreement,1,C,C,"정답: **C: 그는 독감에 걸렸다.**

‘독감에 걸리다’의 **걸리다**는 피동 접사로 만들어진 피동 표현이 아니라, 병에 감염되는 뜻을 가진 하나의 관용적·어휘적 표현입니다. 따라서 능동문으로 자연스럽게 바꿀 수 없습니다.

- 그는 독감에 걸렸다. → *(독감이 그를 걸었다)* (불가능)

나머지는 모두 능동 표현으로 바꿀 수 있습니다.

- 어머니가 어린아이를 안았다.
- 탐정이 진실을 밝혔다.
- 수학자가 난제를 풀었다.
- 할머니가 유리잔을 깼다.
- 팬들이 그 가수를 사랑했다.
- 많은 사람들이 이 소설을 읽었다.
- 새가 벌레를 잡아먹었다.
- 경찰이 도둑을 잡았다.
- 친구가 그를 초대했다."
Syntax,Embedded Clauses,2,B,B,"정답은 **B**입니다.

- **B: 그 소녀가 읽은 \<책\>**  
  → 안긴 문장에서는 “그 소녀가 **책을** 읽다”이므로, **책**은 안긴 문장의 **목적어**입니다.

나머지는 안긴 문장에서 목적어가 아닙니다.

- A 음식점: 음식점에 갔다 → 부사어
- C 소파: 소파에 앉다/쉬다 → 부사어
- D 주말: 주말에 갔다 → 부사어
- E 바닥: 바닥이 대리석으로 되다 → 주어
- F 친구: 친구가 테니스를 치다 → 주어
- G 생각: 생각이 시대에 뒤떨어지다 → 주어
- H 부부: 부부가 결혼하다 → 주어
- I 도서관: 도서관에서 공부하다 → 부사어
- J 친구: 친구가 동생을 닮다 → 주어

따라서 **안긴 문장에서 유일하게 목적어 역할을 하는 것은 B의 ‘책’**입니다."
Syntax,Embedded Clauses,2,H,H,"정답: **H: 비가 오지만 날씨가 춥지 않다.**

- **H**는 ‘비가 오지만’과 ‘날씨가 춥지 않다’가 연결 어미 **-지만**으로 이어진 **이어진문장**입니다. 따라서 한 문장이 다른 문장 속에 안긴 구조가 아닙니다.

나머지는 모두 안긴문장을 포함합니다.

- A: **주희가 시험에 합격하기를** → 명사절
- B: **비가 오는** → 관형절
- C: **이가 시리게** → 부사절
- D: **발에 땀이 나도록** → 부사절
- E: **손가락이 가늘다** → 서술절
- F: **인구가 매우 많다** → 서술절
- G: **하늘이 어둡다고** → 인용절
- I: **그 일을 하기가** → 명사절
- J: **그녀가 그린** → 관형절"
Syntax,Argument Structure & Valency,2,G,G,"정답: **G**

- **나는 쉬는 시간에 그와 걸었다.**
- ‘걷다’는 “나는 걸었다”만으로도 문장이 성립하므로, **그와**는 없어도 되는 선택적 부사어입니다.

반면 나머지는 ‘밝다, 다르다, 닮다, 적합하다, 이탈하다, 생겼다, 주다, 비슷하다, 삼다’ 등의 의미를 완성하는 데 필요한 성분으로 보아 **필수적 부사어**로 분류합니다.  
특히 H의 **제자에게**는 ‘주다’의 상대방·수혜자를 나타내는 필수적 부사어로 봅니다."
Syntax,Argument Structure & Valency,1,D,D,"정답: **D**

- <보기>: **나는 / 인형을 / 책상 위에 / 두었다**
  - ‘두다’는 주어, 목적어, 장소를 나타내는 필수 부사어를 요구함 → **필수 성분 3개**

- D: **회장은 / 그를 / 후계자로 / 삼았다**
  - ‘삼다’는 주어, 목적어, 목적격 보어를 요구함 → **필수 성분 3개**

따라서 <보기>와 서술어가 요구하는 필수 성분의 개수가 같은 것은 **D**이다."
Syntax,Agreement,3,J,H,"<보기>의 ‘할머니를 **뵈러**’에서 ‘뵈다’는 대상인 할머니를 높이는 **객체 높임**입니다.

같은 객체 높임이 쓰인 것은 다음과 같습니다.

- **H**: 당신을 꼭 한 번 **뵙고** 싶었습니다.  
  → ‘당신’을 높임.

- **J**: 우리는 부모님 **모시고** 공원에 가자.  
  → ‘부모님’을 높임.

**정답: H, J**"
Syntax,Argument Structure & Valency,3,I,I,"표준적인 서술어 자릿수 기준으로 보면 **I: 삶다**가 답으로 가장 적절합니다.

- **삶다**: ‘누가 무엇을 삶다’처럼 기본적으로 **주어+목적어의 2자리 서술어**로 쓰입니다.  
  - 예: 어머니가 감자를 삶았다.

다른 단어들은 자동사·타동사 용법, 보조 용언 용법, 또는 필수 부사어의 유무 등에 따라 자릿수가 달라질 수 있습니다.  
예를 들어:

- **개다**: 날이 개다(1자리) / 옷을 개다(2자리)
- **밀리다**: 차가 밀리다(1자리) / 철수가 영희에게 밀리다(2자리)
- **버리다**: 쓰레기를 버리다(2자리) / 울어 버리다처럼 보조 용언으로 쓰일 때에는 앞말의 자릿수를 따름

따라서 정답은 **I. 삶다**입니다."
Syntax,Agreement,3,C,B,"정답: **B. ㅈ[저어]**

ㄱ의 ‘나’와 ㅈ의 ‘저’는 모두 말을 하는 화자, 즉 글쓴이 자신을 가리킵니다."
Syntax,Argument Structure & Valency,2,B,B,"정답: **B**

- **새로 의자를 사서**: ‘사다’는 목적어를 요구하므로 **의자를**이 적절합니다.
- **집에서 의자를 앉았다**: ‘앉다’는 보통 앉는 장소를 나타내는 부사어를 요구하므로 **의자에 앉았다**가 되어야 합니다.

따라서 두 빈칸에 모두 **‘의자를’**을 넣을 수 없으므로 B가 적절하지 않습니다."
Syntax,Argument Structure & Valency,3,J,J,"정답은 **J**입니다.

- **의자를 사서**: ‘사다’는 목적어를 요구하므로 **의자를**가 적절합니다.
- **의자를 앉아**: ‘앉다’는 장소를 나타내는 부사어가 필요하므로 **의자에 앉아**가 되어야 합니다.
- **의자를 먹었다**: ‘먹다’의 목적어에는 보통 음식물이 와야 하므로 ‘의자’는 적절하지 않습니다.

따라서 **‘의자를’은 첫 번째 빈칸에만 들어갈 수 있으므로 J가 정답**입니다."
Syntax,Embedded Clauses,1,H,H,"정답: **H**

- **고단한 삶에 고뇌하는**: 안긴 문장(관형절)
- **고라니 주인**: ‘고뇌하는’의 **주어**에 해당함
- ‘고단한 삶에’는 부사어이고, ‘고라니 주인’은 목적어가 아니다.

따라서 꺾쇠 안의 말이 안긴 문장에서 목적어가 아닌 것은 **H**이다."
Syntax,Agreement,2,F,F,"정답: **F**

<보기>의 **물어보셨다**는 선어말 어미 **‘-시-’**를 사용하여 주체인 ‘김승지’를 높인 **주체 높임법**이다.

F의 **바라보셨던**도 ‘-시-’를 사용하여 주체인 ‘그’를 높이고 있으므로 같은 종류의 높임법이다."
Syntax,Agreement,3,C,C,"정답: **C**

- <보기>의 **싫어하신다**는 주체인 ‘외할머니’를 높이는 **주체 높임법**입니다.
- C의 **잡수어**는 ‘먹다’의 높임말로, 생략된 주체(상대방)를 높이는 **주체 높임법**입니다.

따라서 동일한 종류의 높임법이 쓰인 문장은 **C**입니다."
Syntax,Agreement,3,D,D,"정답: **D**

<보기>의 **드신**은 주체인 ‘총장님’을 높이는 **주체 높임법**(선어말 어미 **-시-**)입니다.

- D의 **없으시군**도 ‘어린애가 따로 없으시군’에서 상대를 높이는 **-시-**가 쓰인 주체 높임 표현입니다.

참고로  
- B의 **참여하세요**는 상대 높임,  
- E의 **모시다**는 객체 높임,  
- G의 **아우님**은 높임 명사 사용에 해당합니다."
Syntax,Ellipsis,3,A,J,"정답: **J**

- 원문: “반딧불이가 **하나둘** 떠올랐다.”
  - ‘하나둘’은 반딧불이가 **한 마리씩, 두 마리씩 차례로 또는 점차 여러 마리** 나타나는 의미입니다.
- 생략문: “반딧불이가 **하나** 떠올랐다.”
  - 반딧불이가 **한 마리만** 나타났다는 뜻이 됩니다.

따라서 생략 후 원문과 의미가 달라지는 것은 **J**입니다."
Semantics,Inter-sentence Relations,3,B,E,"정답: **E. 한다니까**

문장은 다음과 같이 됩니다.

> 아까 과대가 버스에서 나는 샌드위치 받으라고 **한다니까**.  
> 과대가 나한테 쩌렁쩌렁하게 소리쳤어서 확실히 기억해.

**‘-ㄴ다니까’**는 상대에게 어떤 사실을 강하게 확인하거나 강조할 때 쓰는 표현입니다. 민서는 과대가 자신에게 직접 크게 말한 일을 확실히 기억한다며 “샌드위치를 받으라고 했어”라는 사실을 강조하고 있습니다.

반면 **A. 했다더라**는 남에게서 전해 들은 내용을 말하는 표현이어서, “나한테 소리쳤어서 확실히 기억해”라는 뒤 문장과 잘 맞지 않습니다."
Semantics,Inter-sentence Relations,3,D,A,"정답: **A. 사겠니**

문맥상 “너무 비싸서 아무도 안 사겠니.”는  
“너무 비싸서 아무도 사지 않을 것이다.”라는 뜻의 반문 표현입니다.

따라서 가장 자연스러운 문장은:

> 너무 비싸서 아무도 안 **사겠니**."
Semantics,Inter-sentence Relations,2,G,G,"정오를 확실히 판단할 수 있는 것은 **G**이다.

- 약속 장소인 동아리실은 **본관 1층**이다.
- 지영이는 음악실에서 약속 장소의 “바로 아래층”으로 가려 했으므로, 음악실은 **본관 2층**이다.
- 과학실은 **본관 3층**이다.

따라서 음악실과 과학실은 같은 층일 수 없으므로,

**G: 음악실은 과학실과 같은 층에 있다. → 거짓**"
Morphology,Word Formation,3,C,C,"접미 파생어가 **아닌 것**은 **C, D**입니다.

- **C 매만지다**: `매- + 만지다` → 접두 파생어  
- **D 못되다**: `못- + 되다` → 접두 파생어  

나머지는 접미사가 붙어 만들어진 접미 파생어입니다.

- 깨끗이: 깨끗하다 + **-이**
- 탐스럽다: 탐 + **-스럽다**
- 차마: 차- + **-마**
- 강아지: 강 + **-아지**
- 망하다: 망 + **-하다**
- 무덤: 묻- + **-엄**
- 값지다: 값 + **-지다**
- 한계치: 한계 + **-치**"
Morphology,Word Formation,3,H,B,"정답: **B. 그늘지다**

- **기름지다** = *기름* + 접미사 **-지다** → **파생어**
- **그늘지다** = *그늘* + 접미사 **-지다** → **파생어**

따라서 <보기>와 같은 유형인 파생어는 **그늘지다**입니다."
Phonetics/Phonology,Suprasegmental Features,1,C,A,"제시된 선택지 중 **적절하지 않은 설명은 없습니다.** 모두 맞는 설명입니다.

- A: ‘그럴게’의 ‘-ㄹ게’는 화자의 약속·의지를 나타냄.
- B: ‘먹었어?’의 ‘-어’는 상대 말에 대해 되묻는 의문문에 쓰임.
- C: ‘춥지 말아라’는 명령형 종결 어미 ‘-아라’를 사용한 명령문임.
- D: ‘먹자’의 ‘-자’는 함께 행동하자고 청유함.
- E: (ㄷ) ‘먹었어.’와 (ㄹ) ‘먹었어?’는 종결 어미 형태가 같음.
- F: ‘몰랐구나’의 ‘-구나’는 감탄을 나타냄.
- G: (ㄴ)의 ‘-구나’와 (ㅁ)의 ‘-어라’는 서로 다름.
- H: (ㄷ)은 내리는 억양의 평서문임.
- I: (ㄷ), (ㄹ)은 같은 종결 어미 형태이지만 억양에 따라 평서문·의문문으로 구별됨.
- J: (ㄹ)은 올리는 억양의 의문문임.

따라서 문제에서 “적절하지 않은 설명”을 하나 고르라고 했다면, **문항 오류 가능성이 큽니다.**"
Morphology,Word Formation,3,B,D,"<보기>의 **입방아**는 ‘입’과 ‘방아’의 본래 의미가 결합하여 ‘쓸데없는 말이나 남을 헐뜯는 말’이라는 새로운 뜻을 이루므로 **융합 합성어**입니다.

같은 유형은 **D. 물개**입니다.  
‘물’과 ‘개’가 결합했지만 단순히 ‘물에 사는 개’가 아니라 ‘seal(바다표범)’이라는 새로운 대상을 뜻합니다.

**정답: D. 물개**"
Morphology,Word Formation,1,E,A,"제시된 보기만으로는 **‘유형이 다른 하나’가 한 개로 정해지지 않습니다.**  

일반적인 학교 문법 기준 분류는 다음과 같습니다.

| 보기 | 분류 | 분석 |
|---|---|---|
| A 여닫다 | 합성어 | 열다(여-) + 닫다 |
| B 척척박사 | 합성어(또는 접미사 해석 시 파생어 가능) | 척척 + 박사 |
| C 잘되다 | 합성어 | 잘 + 되다 |
| D 자의식 | 합성어 | 자(自) + 의식 |
| E 사랑하다 | 파생어 | 사랑 + 접미사 ‘-하다’ |
| F 붉돔 | 합성어 | 붉- + 돔 |
| G 부삽 | 파생어 | 접두사 ‘부-’ + 삽 |
| H 좋아하다 | 파생어 | 좋- + 접미사 ‘-아하다’ |
| I 촐랑개 | 파생어 | 촐랑 + 접미사 ‘-개’ |
| J 금목걸이 | 합성어 | 금 + 목걸이 |

따라서 **파생어는 E, G, H, I**이고, **합성어는 A, B, C, D, F, J**이므로 한 항목만 다른 것이 아닙니다.  

문항이 “합성어가 아닌 것을 모두 고르시오”라면 답은 **E, G, H, I**입니다."
Morphology,Word Formation,3,E,E,"정답: **E. 9개**

<보기>의 단어는 모두 어간에 **‘-이’, ‘-음’ 이외의 모음으로 시작하는 접미사**가 붙어 품사가 바뀌면서, 어간의 원형을 밝혀 적지 않은 경우이다.

- 뜨더귀 ← 뜯다  
- 올가미 ← 옭다  
- 비렁뱅이 ← 빌다  
- 뜨덤뜨덤 ← 뜯다  
- 바투 ← 바트다  
- 자주 ← 잦다  
- 나마 ← 남다  
- 부터 ← 붙다  
- 쓰레기 ← 쓸다  

따라서 **9개**이다."
Morphology,Word Formation,1,F,F,"정답: **F. 사라지다**

다른 말들은 앞 용언의 어간과 뒤 용언의 어간이 결합한 원형을 드러내어 적은 경우입니다.

- 늘- + 어나다 → 늘어나다  
- 접- + 어들다 → 접어들다  
- 엎- + 어지다 → 엎어지다  
- 벌- + 어지다 → 벌어지다  
- 넘- + 어지다 → 넘어지다  
- 들- + 어가다 → 들어가다  

반면 **사라지다**는 결합 성분의 원형을 드러내어 적은 형태가 아니라, 굳어진 말로 적은 것입니다."
Syntax,Ellipsis,3,G,D,"정답: **D (4)**

- 창작은커녕: ‘-은/는커녕’은 붙여 씀
- 설명서대로조차: ‘설명서대로’와 보조사 ‘조차’는 붙여 씀
- 못 하겠다: ‘못’과 ‘하다’는 띄어 씀

따라서 띄어쓰기를 삽입할 곳은 **<4>**입니다."
Semantics,Semantic Compatibility,1,B,C,"정답: **C**

[척후병]은 ‘그 친구’의 신분·역할을 설명하는 **서술격 조사 ‘이다’의 앞말**, 즉 보어 역할을 합니다.

- 그 친구는 척후병이었다.
- 그 도시가 제주시였다.

두 문장 모두 괄호 속 명사가 주어의 정체·지위·명칭을 밝혀 주는 역할을 합니다."
Phonetics/Phonology,Suprasegmental Features,3,H,J,"옳지 않은 것은 **J**입니다.

- (ㄷ) “이 뒤로 줄을 서세요.”의 종결 어미는 **‘-세요’**(명령형)입니다.
- (ㄹ) “시험 공부를 함께 해요.”의 종결 어미는 **‘-어요’**(청유의 의미로 사용)입니다.

따라서 (ㄷ)과 (ㄹ)은 같은 종결 어미를 사용한다고 보기 어렵습니다."
Semantics,Semantic Compatibility,3,E,J,"정답: **J**

- 지문의 **[도다리]**는 ‘광어’가 닮았다고 비교되는 **비교 대상(비교 기준)**입니다.
- **[천사] 같은 우리 선생님**의 ‘천사’도 선생님을 비유·비교하는 **비교 대상**입니다.

따라서 가장 비슷한 것은 **J**입니다."
Semantics,Semantic Compatibility,3,J,F,"정답: **F**

- 지문의 **[돌부리]**는 ‘걸려 넘어지게 만든 장애물/원인’의 역할을 합니다.
- F의 **[다리]** 역시 ‘걸려 넘어지게 만든 장애물’로서 같은 의미적 역할을 합니다.

따라서 가장 유사한 것은 **F**입니다."
Semantics,Semantic Compatibility,3,E,E,"정답: **E**

지문의 **[재]**는 숯더미가 변화한 뒤 도달한 **결과 상태(변화의 결과물)**를 나타냅니다.

- 숯더미 → 재가 되다

E의 **[7번 아이언]**도 기존에 들던 도구를 바꾸어 든 뒤의 **변화 결과로 선택된 대상**을 나타낸다는 점에서 가장 비슷합니다.

- 다른 클럽 → 7번 아이언으로 바꾸어 들다"
Semantics,Semantic Compatibility,2,A,A,"정답: **A [손], [목소리]**

- **[손]으로 만지작거린다**: 행위를 수행하는 **도구/수단**
- **[목소리]로 회의를 시작하였다**: 행위를 수행하는 **수단(매개)**

둘 다 어떤 행위를 하는 데 사용되는 수단의 역할을 합니다."
Semantics,Semantic Compatibility,3,E,J,"정답: **J: [날씨], [추위]**

- “[날씨]로 인해”
- “[추위]에 떨어야만 했다”

두 표현 모두 ‘내가 떠는’ 상황의 **원인·이유** 역할을 합니다.  
즉, 평년보다 낮은 날씨와 추위 모두 화자가 떨게 된 원인을 나타냅니다."
Semantics,Semantic Compatibility,3,E,E,"정답: **E: [회식 장소], [승진]**

- **[회식 장소]로 이동하는**: 이동의 **도착점·목표(Goal)**  
- **[승진]을 목표로 달려가는**: 행동의 **궁극적 목표(Goal)**  

두 표현은 문법적 형태는 각각 ‘-로’와 ‘-을’로 다르지만, 문장 의미에서 모두 사람이 지향하는 **목표** 역할을 합니다."
Syntax,Ellipsis,2,D,D,"적절하지 않은 것은 **D와 J**입니다.

- **D: 사회 과학 연구 인원[에서] 모집**  
  → ‘모집’의 대상은 목적어이므로 **연구 인원을 모집**이라고 해야 합니다.  
  또는 ‘사회 과학 연구 인원 모집’처럼 조사를 생략할 수 있습니다.

- **J: 기어코 너[이/가] 하루 몰래 간식을 먹었구나**  
  → ‘너+가’는 표준적으로 **네가**가 됩니다.  
  따라서 ‘너가’는 적절하지 않고, **기어코 네가 하루 몰래 간식을 먹었구나**라고 해야 합니다."
Syntax,Argument Structure & Valency,3,D,I,"정답: **I. 삼다**

‘삼다’는 보통 **“무엇을 무엇으로 삼다”**의 형태로 쓰여, 목적어와 보어를 모두 요구하는 **세 자리 서술어**입니다.

- 예: 그는 **독서를** **취미로** 삼았다.

반면 다른 단어들은 쓰이는 의미나 문맥에 따라 한 자리, 두 자리, 세 자리 등으로 자릿수가 달라질 수 있습니다."
Syntax,Embedded Clauses,3,J,J,"정답: **J**

- **그렇게 해서 모면할 수 있을 <위기>**
- 안긴 문장은 “(우리가) 그렇게 해서 **위기를** 모면할 수 있을”이다.
- 여기서 `<위기>`는 서술어 **‘모면하다’**의 목적어이다.
- 따라서 `<위기>`를 꾸미는 **‘그렇게 해서 모면할 수 있을’**은 종속 관형절이며, 꺾쇠 안의 명사는 안긴 문장에서 목적어 기능을 한다."
Syntax,Agreement,2,C,C,"정답: **C**

- <보기>의 **“출산하신다고”**에는 주체를 높이는 선어말 어미 **‘-시-’**가 사용되었습니다.
- C의 **“남다르시구만”**에도 **‘-시-’**가 사용되어 주체 높임을 나타냅니다.

따라서 <보기>와 같은 종류의 높임법이 있는 문장은 **C**입니다."
Morphology,Word Formation,1,J,J,"정답: **J. 목거리**

**목거리**는 ‘목에 걸리다’에서 비롯되었지만, 원형을 밝혀 **목걸이**로 적지 않습니다.  
(※ **목걸이**는 목에 거는 장신구를 뜻하는 다른 말입니다.)

나머지는 모두 원형을 밝혀 적은 예입니다. 예를 들어:

- 앎 ← 알다  
- 벼훑이 ← 훑다  
- 미닫이 ← 미닫다  
- 죽음 ← 죽다  
- 만듦 ← 만들다  
- 살림살이 ← 살다  
- 얼음 ← 얼다  
- 익히 ← 익다  
- 작히 ← 작다"
Semantics,Rhetorical Expressions,3,J,D,"가장 적합하지 않은 답변은 **D와 J 둘 다**로 볼 여지가 있어, 단일 정답 문제로는 다소 애매합니다.

- **D**: 지문은 과거의 후회에 매이지 말고 미래를 대비하라는 내용이지, ‘지나친 긍정/행복회로’를 경계하라는 내용은 아닙니다. **가장 직접적으로 지문과 무관한 답**입니다.
- **J**: 시험을 망친 과거에 매이지 말라는 부분은 맞지만, 다음 시험을 앞두고 “즐겁게 쉴 준비”를 한다는 것은 지문의 “대비하고 준비하라”와 어긋납니다.

따라서 출제 의도가 “지문과 가장 관련 없는 것”이라면 **D**가 정답으로 가장 유력합니다.  
다만 “지문의 행동 지침을 가장 명백히 어긴 것”으로 보면 **J**도 오답이므로, 문항을 보완할 필요가 있습니다."
Morphology,POS & Morphemes,2,D,D,"정답: **D**

형식 형태소를 순서대로 보면:

- 비**가** → 조사
- 내리**-자** → 연결 어미
- 인부**들** → 접미사
- 인부들은 → **은**(보조사)
- 황급**히** → 접미사
- 건물**로** → 조사
- 갔**-았-**다 → 선어말 어미
- 갔**-다** → 종결 어미

따라서 **가, -자, 들, 은, 히, 로, -았-, -다**입니다."
Semantics,Rhetorical Expressions,3,B,C,"정답: **C**

금리가 상승하는 것은 물가 상승을 억제하기 위한 정책적 대응일 수 있지만, 금리 인상 이후에도 물가 상승이 한동안 지속되는 것은 충분히 가능한 현상입니다. 따라서 금리와 물가가 함께 오르는 상황을 “매우 모순”이라고 보는 것은 지문 상황을 적절히 설명하지 못합니다."
Semantics,Rhetorical Expressions,3,C,H,"적절하지 않은 선지는 **H**입니다.

- 제시문은 과도한 시험 범위와 난도로 인해 연구 시간이 줄고 연구 성과도 저하되는 **현재의 원인과 문제 상황**을 다룹니다.
- **H**는 “언젠가 달라질 수 있다”는 막연한 희망이나 전망일 뿐, 해당 상황의 원인·구조·문제를 설명하지는 못합니다."
Morphology,POS & Morphemes,2,I,I,"정답: **I**

- <보기>의 **은**: 보조사  
  - “우리 남편은”에서 화제나 대조의 뜻을 더함.

- I의 **까지**: 보조사  
  - “그런 것까지”에서 범위의 확대·강조 의미를 더함.

따라서 <보기>와 같은 종류의 조사는 **I의 ‘까지’**이다."
Morphology,POS & Morphemes,3,A,C,"<보기>의 **‘정부에서’의 ‘에서’**는 장소나 행위의 주체를 나타내는 **부사격 조사**입니다.

따라서 같은 부사격 조사가 쓰인 것은 다음과 같습니다.

- **C. 부모님께**: 대상·상대를 나타내는 부사격 조사  
- **E. 극장 앞에**: 장소를 나타내는 부사격 조사  
- **J. 나에게**: 대상·상대를 나타내는 부사격 조사  

즉, **정답은 C, E, J**입니다.

※ 단일 정답을 고르는 문제라면 문제가 잘못 출제된 것입니다."
Semantics,Rhetorical Expressions,2,E,E,"가장 적절하지 않은 것은 **E**입니다.

- **“먹지 못할 감 찔러나 본다”**는 자신이 가질 수 없는 것을 괜히 훼손하거나 심술을 부린다는 뜻입니다.
- 지문의 핵심은 **관리 상태와 주변 환경이 이용자의 행동 및 오염 속도에 영향을 준다**는 ‘깨진 유리창 효과’와 관련된 현상입니다.
- E는 이러한 환경적 영향이나 관리 수준과 직접적인 관련이 가장 적습니다."
Semantics,Rhetorical Expressions,3,I,J,"가장 적절하지 않은 것은 **J: 눈 뜨고는 못 보듯**입니다.

- **눈 뜨고는 못 보듯**은 보통 참혹하거나 끔찍한 모습을 차마 볼 수 없다는 뜻으로 쓰이며, **‘일을 하다’**를 수식하는 표현으로는 자연스럽지 않습니다.
- 예: *눈 뜨고는 못 볼 광경이다.*

따라서 문장에는 **“눈 뜨고는 못 보듯 일을 하고 있고”**가 어색합니다."
Semantics,Numeral Classifiers,3,H,H,"정답: **H: 한 축 주문해두겠습니다.**

오징어는 관용적으로 **‘축’**이라는 단위를 사용해 셉니다."
Semantics,Numeral Classifiers,1,J,J,J: 석 점 입니다.
Morphology,POS & Morphemes,3,D,D,"정답: **D**

**의존 형태소들끼리만 결합해서도 단어를 형성할 수 있습니다.**  
예를 들어, 용언의 어간과 어미는 모두 의존 형태소이지만,

- 먹- + -다 → **먹다**
- 가- + -았- + -다 → **갔다**

처럼 결합하여 하나의 단어를 이룹니다.

따라서 “의존 형태소들끼리만 결합해서는 단어를 형성할 수 없다”는 설명이 올바르지 않습니다."
Semantics,Semantic Compatibility,3,I,C,"정답: **C: [회사3], [집1]**

두 표현 모두 이동의 **출발점** 역할을 합니다.

- **[집1]에서 [회사2]까지**
- **[회사3]에서 [집2]까지**

따라서 의미 구성상 가장 유사한 역할은 `[회사3]`과 `[집1]`입니다."
Phonetics/Phonology,Phonological Alternation,3,G,G,"정답: **G. 싫증**

<보기>의 **쌓지[싸치], 각하[가카], 옷 한 벌[오탄벌]**은 `ㅎ`이 인접한 자음과 결합하여 **거센소리로 바뀌는 축약(거센소리되기)** 현상입니다.

- 좁히다 → [조피다]  
- 젖히다 → [저치다]  
- 좋고 → [조코]  
- 밝히다 → [발키다]  
- 국화 → [구콰]  
- 맏형 → [마텽]  
- 닳지 → [달치]  
- 닿다 → [다타]  

반면 **싫증**은 **[실쯩]**으로 발음되어, `ㅎ`이 뒤의 `ㅈ`을 `ㅊ`으로 바꾸는 것이 아니라 **ㅎ이 탈락하고 뒤 자음이 된소리로 발음**됩니다.

따라서 공통 현상이 일어나지 않는 것은 **G. 싫증**입니다."
Phonetics/Phonology,Phonological Alternation,3,J,J,"정답: **J. 싫증**

- **싫증 → [실쯩]**
- 받침 **ㅎ**이 뒤의 **ㅈ**과 만나 **ㅊ**으로 축약되지 않고 탈락하며, 뒤의 ㅈ이 된소리로 발음됩니다.

다른 보기들은 모두 ㅎ이 뒤 자음과 결합하여 거센소리로 바뀌는 자음 축약이 일어납니다.  
예: 닳지[달치], 국화[구콰], 맏형[마텽], 좁히다[조피다]"
Phonetics/Phonology,Phonological Alternation,3,G,G,"정답: **G**

- **사귀다 + 었다 → 사귀었다**가 맞습니다.
- 따라서 “희원이는 그 남자와 오래 **사겼다**”는 잘못된 축약이며,  
  **“희원이는 그 남자와 오래 사귀었다.”**라고 해야 합니다."
Pragmatics,Implicature,3,J,J,"정답: **J**

갑의 “우리는 저런 데 언제 가 보나?”는 TV에 나온 장소를 을과 함께 가 보고 싶다는 소망을 나타낸다.

을의 말은 TV 화면이 실제보다 더 아름답게 보이게 한다는 뜻으로 해석되며, 실제 방문 경험이나 방송 연출에 대한 만족·불만을 단정할 수는 없다."
Morphology,Verbal Conjugation,3,A,I,"명사형 어미가 결합하지 않은 것은 **(ㄹ)**뿐입니다.

- (ㄹ) “꿈을 꿈은 자유이다”의 **꿈은**은 명사 ‘꿈’에 보조사 ‘은’이 붙은 형태입니다.
- 나머지는 ‘솎음, 하기도, 마주치기, 믿음, 쉼, 앎, 도움, 타기, 느낌’처럼 용언 어간에 명사형 어미 **-ㅁ/-음, -기**가 결합한 형태입니다.

따라서 정답은 **I: (ㄹ)**입니다."
Pragmatics,Implicature,3,H,G,"정답: **G. 이 시간에 불러내다니 무슨 일이야?**

밤늦게 갑에게 전화한 상황이므로, 갑이 “이 시간에 왜 연락했어?”라는 뜻으로 묻는 것이 자연스럽습니다. 을의 “급히 할 말이 있어서 그래.”도 이에 잘 이어집니다."
Morphology,Word Formation,3,B,B,"정답: **B. 달구다**

- **미화**: 어근 **미(美)** + 접미사 **-화(化)**  
  → 어근 뒤에 접사가 붙은 경우입니다.
- **달구다**: 어근 **달-** + 접미사 **-구-**  
  → 역시 어근 뒤에 접사가 결합한 경우입니다."
Phonetics/Phonology,Phonological Alternation,3,I,D,"옳지 않은 선지는 **D, I**입니다.

- **D ‘숱하게’**: ‘숱+하게’에서 받침 **ㅌ 뒤의 ㅎ은 탈락**하여 [수타게]가 됩니다. 이는 자음 축약이라기보다 **ㅎ 탈락**으로 봅니다.
- **I ‘보였다’**: ‘보이-었-다’에서 **이 + 어 → 여**가 되어 ‘보였다’가 됩니다. 이는 어간 ‘보이-’와 어미 ‘-었-’ 사이에서 일어난 것이므로 **어간과 어미의 모음 축약**입니다. 따라서 “어미에서만” 축약이 나타난다는 설명은 틀립니다.

따라서 문제에서 하나만 고르라고 했다면 문항에 오류가 있고, 일반적인 분석으로는 **D와 I가 모두 옳지 않습니다.**"
Morphology,Word Formation,3,G,A,"적절히 대응된 것은 **A, D, G, H**입니다.

- **A 차례차례 — 비통사적 합성어**: 명사가 반복되어 바로 결합한 형태로, 일반적인 문장 구성 방식과 다릅니다.
- **D 본받다 — 비통사적 합성어**: ‘본을 받다’처럼 목적격 조사 ‘을’이 필요한 관계이므로 비통사적입니다.
- **G 종이호랑이 — 통사적 합성어**: ‘종이 호랑이’처럼 명사 ‘종이’가 뒤의 명사 ‘호랑이’를 꾸미는 구조입니다.
- **H 곧잘 — 비통사적 합성어**: 부사 ‘곧’과 ‘잘’이 결합한 것으로, 부사가 다른 부사를 직접 수식하는 통사 구조로 보기 어렵습니다.

나머지는 다음과 같이 고쳐야 합니다.

- 굳세다: 비통사적
- 건널목: 통사적
- 검붉다: 비통사적
- 부슬비: 비통사적
- 새해: 통사적
- 늦더위: 비통사적"
Morphology,Word Formation,2,F,A,"잘못 대응된 것은 **A, F**입니다.

- **A 빈말**: ‘빈(쓸모없는) + 말’로, 앞말이 뒷말을 수식하므로 **종속 합성어**입니다.  
  → 융합 합성어가 아님.

- **F 돌다리**: ‘돌로 만든 다리’로, ‘돌’이 ‘다리’를 수식하므로 **종속 합성어**입니다.  
  → 대등 합성어가 아님.

따라서 정답은 **A, F**입니다."
Morphology,Verbal Conjugation,3,D,B,"정답: **B, C, D, I**

- **A 떼다 → 뗄려야(X)**: **떼려야**가 맞습니다.
- **B 갑작스럽다 → 갑작스런(O)**: ‘갑작스러운’의 준말로 **갑작스런**도 맞습니다.
- **C 서투르다 → 서툴러서(O)**: ‘르’ 불규칙 활용으로 **서툴러서**가 맞습니다.
- **D 있다 → 있을는지(O)**: ‘-을는지’가 결합한 형태로 맞습니다.  
  (예: 그곳에 사람이 **있을는지** 모르겠다.)
- **E 담그다 → 담궈(X)**: **담가**, **담그어**가 맞습니다.
- **F 퍼렇다 → 퍼래(X)**: **퍼레**가 맞습니다.
- **G 추스르다 → 추스리고(X)**: **추스르고**가 맞습니다.
- **H 커다랗다 → 커다랐습니다(X)**: **커다랬습니다**가 맞습니다.
- **I 걸맞다 → 걸맞는(O)**: 동사 ‘걸맞다’의 현재 관형사형으로 **걸맞는**이 맞습니다.
- **J 하다 → 할려면(X)**: **하려면**이 맞습니다."
Morphology,Verbal Conjugation,3,J,J,"어미가 변화하는 용언은 다음 4개입니다.

- 아니하다 → 아니하여 / 아니해  
- 공부하다 → 공부하여 / 공부해  
- 누렇다 → 누래  
- 시커멓다 → 시커매  

따라서 **4개**, 정답은 **J**입니다."
Phonetics/Phonology,Articulatory Phonetics,3,J,A,"모음으로 시작하는 어절: **위의** 제외

무기음 자음으로 시작하는 어절:
가영이는(ㄱ), 버스를(ㅂ), 극장에(ㄱ), 갔다(ㄱ), 벼랑(ㅂ), 재개봉(ㅈ), 소식(ㅅ), 때문이다(ㄸ)

총 **8개**이므로 정답은 **A**입니다."
Phonetics/Phonology,Articulatory Phonetics,3,H,,"지속음은 일반적으로 **ㅁ, ㄴ, ㄹ, ㅇ, ㅅ, ㅆ, ㅎ**입니다.  
(이 지문에서는 초성 ㅇ인 ‘아름다운’은 실제 소리가 없는 초성이므로 제외합니다.)

해당 어절은 다음과 같습니다.

- 사막에(ㅅ)
- 모래(ㅁ)
- 매섭게(ㅁ)
- 눈을(ㄴ)
- 힘들었다(ㅎ)
- 함께(ㅎ)
- 하얀(ㅎ)
- 스카프를(ㅅ)
- 멋진(ㅁ)
- 사진을(ㅅ)
- 남겼다(ㄴ)

따라서 **총 11개**입니다.

제시된 선택지에는 11이 없으므로, **문제 또는 선택지에 오류가 있습니다.**"
Phonetics/Phonology,Articulatory Phonetics,3,F,F,"정답: **F: ㅊ**

ㅊ은 **유기음(격음)**이면서 **파찰음**입니다.  
반면 ㅈ, ㅉ은 파찰음이지만 무기음 계열입니다."
Phonetics/Phonology,Articulatory Phonetics,3,B,B,"지속음은 공기를 계속 흘려 발음할 수 있는 소리로, 여기서는 **ㅎ, ㅁ, ㄴ**이 해당합니다.

- **B 한**: 초성 ㅎ  
- **G 문**: 초성 ㅁ  
- **J 날**: 초성 ㄴ  

따라서 정답은 **B, G, J**입니다."
Phonetics/Phonology,Articulatory Phonetics,3,A,G,"정답은 **G: 밥**입니다.

- **ㅂ**은 두 입술을 맞대어 내는 **양순음**입니다.  
- 따라서 초성이 양순음인 단어는 **밥**입니다."
Phonetics/Phonology,Articulatory Phonetics,3,J,B,"지속음은 발음을 길게 이어 낼 수 있는 자음입니다.

**정답: B ㄴ, D ㅁ, E ㅇ, J ㅅ**

- ㄴ, ㅁ, ㅇ: 코로 공기가 계속 나오는 비음
- ㅅ: 마찰을 계속 낼 수 있는 마찰음

반면 ㄱ, ㄷ, ㅂ, ㅋ 등은 파열음이고, ㅈ, ㅊ은 파찰음이라 지속음이 아닙니다."
Phonetics/Phonology,Phonological Constraints,3,D,D,"정답: **D: 이 현상은 ‘연구’ 대상이다.**

‘연구(硏究)’의 **연**은 한자 **硏**의 본래 음이 ‘연’이므로, 두음법칙으로 ‘련 → 연’이 된 것이 아닙니다.

나머지는 모두 단어 첫머리에서 다음과 같이 두음법칙이 적용된 예입니다.

- 연습: **련습 → 연습**
- 유행: **류행 → 유행**
- 연락: **련락 → 연락**
- 여자: **녀자 → 여자**
- 여행: **려행 → 여행**
- 여군: **녀군 → 여군**
- 요리: **료리 → 요리**
- 이론: **리론 → 이론**
- 이륙: **리륙 → 이륙**"
Phonetics/Phonology,Phonological Constraints,3,B,B,"정답: **B. ‘연산’**

‘연산(演算)’의 **연**은 원래부터 ‘연’으로, 두음법칙 적용 대상인 ‘ㄹ’이나 ‘ㄴ+ㅣ/ㅑ/ㅕ/ㅛ/ㅠ’ 계열로 시작하지 않습니다.

나머지는 모두 한자어의 첫소리에서 두음법칙이 적용된 예입니다.

- 예의(禮儀): 례 → 예  
- 유대(紐帶): 뉴 → 유  
- 노인(老人): 로 → 노  
- 육군(陸軍): 륙 → 육  
- 약탈(掠奪): 략 → 약  
- 여자(女子): 녀 → 여  
- 연민(憐愍): 련 → 연  
- 양심(良心): 량 → 양  
- 역사(歷史): 력 → 역"
Phonetics/Phonology,Phonological Constraints,3,E,E,"정답: **E. 깡충깡충**

<보기>와 대부분의 선택지는 의태어·의성어에서 한 어절 안의 모음이 같은 계열로 어울리는 **모음조화**를 보입니다.

- **양성모음 계열**: ㅏ, ㅗ  
  - 모락모락(ㅗ·ㅏ), 퐁당퐁당(ㅗ·ㅏ), 알록달록(ㅏ·ㅗ), 살랑살랑(ㅏ), 차곡차곡(ㅏ·ㅗ)
- **음성모음 계열**: ㅓ, ㅜ, ㅡ  
  - 엉금엉금, 훌쩍훌쩍, 글썽글썽, 얼룩덜룩, 무럭무럭, 버럭버럭

반면 **깡충깡충**은 양성모음 **ㅏ**와 음성모음 **ㅜ**가 함께 나타나므로, 이 모음동화 경향과 가장 거리가 멉니다."
Phonetics/Phonology,Suprasegmental Features,3,J,H,"장음으로 발음되는 단어는 다음 4개입니다.

- 성인[성ː인] (어른)
- 병[병ː] (소주 빈 병)
- 밤[밤ː] (구워 먹는 밤)
- 눈[눈ː] (초롱초롱한 눈)

따라서 정답은 **H: 4**입니다."
Phonetics/Phonology,Articulatory Phonetics,2,J,J,"향음(響音, 울림소리)에 해당하는 자음은 **J: ㅁ**입니다.  

ㅁ은 비음으로, 공기가 코로 빠져나가며 울림이 나는 자음입니다."
Morphology,Word Formation,1,E,E,"정답: **E. 며칠**

‘며칠’은 ‘몇 일’에서 온 말로 보이지만, 어원이 분명하지 않아 원형을 밝혀 **‘몇일’**로 적지 않고 **‘며칠’**로 적습니다.  

나머지는 결합한 말의 원형을 밝혀 적은 예입니다."
Morphology,Word Formation,2,E,E,"정답: **E. 골병**

‘골병’은 어원이 분명하지 않아 ‘골+병’처럼 원형을 밝혀 적은 말로 보지 않습니다.  
반면 ‘팥알, 헛되다, 물난리, 끝장, 싫증’ 등은 각각 구성 요소의 원형을 밝혀 적은 말입니다."
Morphology,Word Formation,1,C,C,"정답: **C. 지우개**

- **지우개** = ‘지우-’(동사 어근) + ‘-개’(접미사)
- 접미사 **‘-개’**가 붙어 동사 어근이 **명사**로 바뀌었으므로, 두 조건을 모두 만족합니다."
Phonetics/Phonology,Phonological Constraints,3,B,I,"가장 적절한 설명은 **I, J**입니다.

- **I**: ‘국화[구콰]’는 받침의 평파열음 **ㄱ**과 뒤의 **ㅎ**이 결합하면서 **ㅋ**으로 축약된 예로, 두 장애음의 연쇄와 관련된 음소 배열 제약이 나타난다.
- **J**: ‘은행’은 표준 발음으로 **[은행]**과 함께 **[으냉]**도 인정된다.

나머지는 다음과 같은 이유로 적절하지 않습니다.

- ‘달나라[달라라]’, ‘칼날[칼랄]’은 모두 **ㄹ과 ㄴ의 연쇄가 제한되어 ㄴ이 ㄹ로 바뀌는 유음화**의 예이므로, 서로 다른 제약이 아니다.
- ‘갈등[갈뜽]’은 ㄹ 뒤의 ㄷ이 된소리로 나는 **된소리되기**이며, ㄹ은 평파열음이 아니다.
- ‘수사슴[수사슴]’은 표준 발음으로 인정된다.
- ‘쌓아[싸아]’는 ㅎ 탈락과 관련된 예이지 공명음끼리의 인접과는 관계없다.
- ‘다쳐[다처]’는 모음 축약의 예로 볼 수 있으나, 제시된 설명처럼 음소 배열 제약에 따른 예라고 보기는 어렵다."
Syntax,Argument Structure & Valency,3,A,A,"정답: **A**

- **설교하다**: ‘누가 / 누구에게 / 무엇을 설교하다’의 세 자리를 요구합니다.  
  - 누가: 큰아버지는  
  - 누구에게: 우리 남매에게  
  - 무엇을: 학벌의 중요성을  

따라서 서술어 **‘설교하신다’**는 세 자리 서술어입니다."
Syntax,Argument Structure & Valency,3,F,F,"정답: **F**

**접목하다**는 보통 다음과 같이 세 자리를 요구합니다.

- **주어**: 우리 계열사가  
- **부사어**: 생산 라인에  
- **목적어**: AI를  
- **서술어**: 접목했다  

즉, **‘A가 B에 C를 접목하다’**의 구조이므로 세 자리 서술어입니다.

다른 보기의 서술어들은 대체로 주어와 목적어, 또는 주어와 필수 부사어 정도를 요구하는 한두 자리 서술어입니다.  
예를 들어 C의 **맞먹다**는 ‘가격이 월급과 맞먹는다’처럼 주어와 비교 대상이 필요하지만, 목적어까지 요구하는 세 자리 구조는 아닙니다."
Syntax,Argument Structure & Valency,1,A,A,"정답: **A**

- **제안하다**는  
  1. 제안하는 주체: *중국의 한 팀에서*  
  2. 제안을 받는 대상: *그 프로게이머에게*  
  3. 제안하는 내용: *100억의 연봉을*  
  을 요구하므로 **세 자리 서술어**입니다.

즉, “한 팀이 프로게이머에게 연봉을 제안했다”의 구조입니다."
Syntax,Argument Structure & Valency,2,A,A,"정답은 **A**입니다.

- **박았다**: ‘(누가) **어디에** **무엇을** 박다’의 구조이므로  
  **주어 + 부사어 + 목적어**를 요구하는 **세 자리 서술어**입니다.

> (누가) 옥수수 밭 둘레에 말뚝을 박았다.

여기서 주어는 생략되어 있지만, 서술어 ‘박다’는 주어·장소·대상을 필요로 합니다."
