qid,subset,answer,pred,response
murder_mysteries-0,murder_mysteries,A,A,"현민은 강우에게 공개적으로 모욕을 당해 직접적인 살해 동기가 있고, 경기 종료 후에도 현장에 남아 있었으며, 고기 손질용 도끼를 포함한 주방 도구 수집가라는 점에서 범행 도구와 연관된다. 반면 재성은 정육점에서 일해 도끼 접근성과 군사 훈련이 있지만, 강우와의 직접적인 갈등이나 살해 동기가 제시되지 않았다. 따라서 가장 유력한 용의자는 현민이다.

### ANSWER
A"
murder_mysteries-1,murder_mysteries,B,A,"Hyunmin shows more suspicious circumstantial evidence: he recently bought kitchen tools, has a meat-handling hobby, was seen near the abandoned building, and behaves secretively at night. Jaesung has relevant skills but lacks direct suspicious actions tied to the crime. The detective’s attention increasingly focuses on Hyunmin’s hidden behavior.

### ANSWER
A"
murder_mysteries-2,murder_mysteries,B,B,"사건의 흉기는 ‘긴 바늘’이며, 도연은 바늘을 주제로 한 작품 활동을 해온 인물로 바늘 사용에 익숙하다. 또한 도연은 사건 발생 전 레스토랑을 사전 답사하는 등 철저한 준비성을 보였고, 이는 범행을 미리 계획했을 가능성을 시사한다. 반면 윤희는 해진을 추적하라는 임무를 맡은 경찰관으로, 살인 동기보다는 수사와 감시에 집중한 정황이 강하다. 따라서 살인자일 가능성이 가장 높은 사람은 도연이다.

### ANSWER
B"
murder_mysteries-3,murder_mysteries,A,A,"윤희는 경찰 훈련과 대규모 범죄 수사 경험이 있고, 사건 당일 잠복 근무 중이었으며 해진이 자신의 은밀한 작전과 내부 통신망 접근 사실을 알게 되면서 위협을 느낄 만한 상황이었다. 또한 최근 약물 남용으로 징계를 받고 업무 스트레스를 호소해 왔다는 점은 범행 동기와 심리적 불안정성을 시사한다. 반면 도연은 해진과 절친한 친구 사이로 보이며 특별한 범행 동기가 드러나지 않는다. 따라서 살인자일 가능성이 가장 높은 사람은 윤희이다.

### ANSWER
A"
murder_mysteries-4,murder_mysteries,B,A,"유진은 검술 대회 출전 경험과 도검 상점을 자주 드나들어 도검 사용에 능숙하고, 손잡이나 버튼을 소독제로 닦는 습관은 증거 인멸 흔적으로 보인다. 또한 매일 아침 공원에서 애완견과 산책하며 피해자의 동선과 겹칠 가능성이 높다. 재균도 도검 클럽 활동과 동선이 있지만, 직접적인 범행 능력이나 증거 인멸 정황은 유진만큼 두드러지지 않는다. 따라서 살인자일 가능성이 가장 높은 사람은 유진이다.

### ANSWER
A"
murder_mysteries-5,murder_mysteries,A,A,"유진은 투자 실패와 대출 상환 어려움, 사업 파트너의 계약 취소 등으로 큰 손실을 입었고, 이 사업을 은정이 매력적으로 소개했다는 점에서 살해 동기가 분명하게 드러난다. 또한 유진은 검술 장비를 챙겨 체육관에 가고 도검 수집과 동호회 활동을 하는 등 범행 수단인 도검을 다룰 능력과 기회를 갖추고 있다. 반면 재균은 도검 수집과 은밀한 행동 등 의심스러운 정황이 있지만 직접적인 살해 동기는 제시되지 않았다. 따라서 살인자일 가능성이 가장 높은 사람은 유진이다.

### ANSWER
A"
murder_mysteries-6,murder_mysteries,B,A,"현준은 책장을 해체해 널판지 부품을 모으고 있었고, 피해자와 같은 독서모임에 참여하며 일정을 조율한 정황이 드러난다. 또한 신중한 성격과 자기방어/무술 취미 등이 살인 용의자로서 더 유력한 연결고리를 보여준다. 자영은 목공 기술이 있지만 직접적인 범행 동기나 피해자와의 연관성은 약하다. 따라서 살인자일 가능성이 가장 높은 사람은 현준이다.

### ANSWER
A"
murder_mysteries-7,murder_mysteries,A,A,"### ANSWER
A"
object_placements-126,object_placements,D,D,"우진은 기록 카드가 원래 창고 선반에 있다는 사실을 알고 있었고, 유나가 서랍으로 옮긴 장면을 보지 못했으므로 가장 먼저 창고 선반을 확인할 것이다.

### ANSWER
D"
object_placements-127,object_placements,C,A,"우진은 처음에 보관 캐비닛 앞에서 화학 약품의 밀봉 상태를 점검했고, 세 사람 모두 약품이 보관 캐비닛에 있다는 사실을 알고 있었다. 이후 약품이 책상으로 옮겨졌다가 민재에 의해 다시 캐비닛에 보관되었으므로, 최종 위치는 보관 캐비닛이다. 따라서 우진이 약품을 찾기 위해 가장 먼저 확인할 곳은 보관 캐비닛이다. 다른 장소들은 기록 카드나 실험 도구와 관련된 위치이다.

### ANSWER
A"
object_placements-128,object_placements,B,B,"유나는 기록 카드를 손에 들고 있다가 실험실 서랍 안으로 옮겨 정리했기 때문에, 카드를 찾으러 갈 때 가장 먼저 확인할 곳은 실험실 서랍이다. 다른 장소들은 처음 보관 위치나 다른 사람이 작업한 곳이므로 유나가 가장 먼저 확인할 가능성은 낮다.

### ANSWER
B"
object_placements-129,object_placements,A,A,"유나는 처음부터 화학 약품이 보관 캐비닛에 있다는 사실을 알고 있었고, 이후 약품이 책상에서 캐비닛으로 다시 옮겨졌기 때문에 약품의 최종 위치도 보관 캐비닛이다. 따라서 유나가 화학 약품을 찾으러 갈 가장 먼저 확인할 곳은 보관 캐비닛이다.

### ANSWER
A"
object_placements-130,object_placements,A,A,"솔미는 바닥을 닦는 동안 원준이 책을 테이블로 옮긴 것을 보지 못했다. 이후 정리를 마치고 지훈을 바라보았고, 지훈이 레시피 책을 테이블에서 가방으로 옮기는 것을 보았다. 따라서 솔미는 책이 가방에 있음을 알게 되었으므로 가장 먼저 가방을 확인할 것이다.

### ANSWER
A"
object_placements-131,object_placements,A,A,"솔미는 양념통을 선반에서 꺼내 가방 안에 조심스럽게 옮겼다고 했으므로, 양념통의 현재 위치는 가방이다. 따라서 양념통을 찾으려면 가장 먼저 가방을 확인하는 것이 논리적이다. 주방 선반은 원래 위치였지만 이미 옮겨졌고, 주방 테이블이나 책장은 양념통과 관련된 언급이 없다. 지훈이 레시피 책을 가방으로 옮긴 것은 양념통과 무관하다. 그러므로 정답은 가방이다.

### ANSWER
A"
object_placements-132,object_placements,C,C,"원준은 레시피 책을 책장에서 꺼내 주방 테이블로 옮겼고, 이후 지훈이 그 책을 가방으로 옮기는 것을 보지 못했다. 따라서 원준이 알고 있는 마지막 위치는 주방 테이블이다. 그러므로 원준은 레시피 책을 찾기 위해 가장 먼저 주방 테이블을 확인할 것이다.

### ANSWER
C"
object_placements-133,object_placements,B,B,"원준은 양념통이 원래 주방 선반에 있다는 사실을 알고 있었고, 솔미가 가방으로 옮긴 장면을 보지 못했기 때문에 가장 먼저 주방 선반을 확인할 것이다.

### ANSWER
B"
murder_mysteries-94,murder_mysteries,A,B,"상현은 세희가 교직원 윤리 위원회에 참여한 사실에 긴장했고, 학교 부패 사건이 자신의 명성과 가족의 사회적 지위를 위협할 수 있다고 언급했다. 이는 세희가 윤리 위원회에서 상현과 관련된 부패를 알게 되었을 가능성을 시사하며 강력한 살해 동기가 된다. 반면 주아는 장도리를 사용하고 미로를 잘 알지만 세희와의 직접적인 갈등이나 동기가 제시되지 않았다. 따라서 살인자일 가능성이 가장 높은 사람은 상현이다.

### ANSWER
B"
murder_mysteries-95,murder_mysteries,B,B,"상현은 세희가 내부 감사 및 윤리 위원회 활동을 통해 자신의 부패 사실이 드러날 것을 두려워할 강한 동기가 있다. 또한 그는 학교 보안 시스템과 행사 일정을 관리해 범행 시간과 장소를 조율할 수 있었고, 건축 모형과 미로 설계에 대한 지식으로 미로 구조를 잘 알고 있었다. 목공을 취미로 해 살해 도구인 장도리를 사용하는 데에도 익숙했을 가능성이 높다. 반면 주아는 약초 채집과 기술 관심 등이 언급되지만 피해자와의 직접적인 연관성이나 결정적 동기가 부족하다. 따라서 상현이 가장 유력한 용의자이다.

### ANSWER
B"
murder_mysteries-96,murder_mysteries,B,B,"세미는 검도 동아리 활동과 일본도 수집이라는 살해 도구와 직접 연결된 배경을 가지고 있고, 수진의 유언장에 따라 유산을 받을 이해관계자로서 동기가 뚜렷하다. 또한 수진의 일정에 맞춰 동물원 방문을 조정했다는 점에서 범행 기회도 있었던 것으로 보인다. 반면 가은은 동물원 직원으로서 동물 복지와 위생 관리에 집중되어 있고, 살해 도구나 동기와 관련된 정황이 상대적으로 약하다. 따라서 살인자일 가능성이 가장 높은 사람은 세미이다.

### ANSWER
B"
murder_mysteries-97,murder_mysteries,A,B,"세미는 수진의 유산을 상속받을 예정이고, 회사 불황과 의료비로 경제적 어려움을 겪고 있어 살해 동기가 뚜렷하다. 또한 일본도에 능숙하고 컬렉션을 보유하는 등 범행 수단도 갖추고 있다. 가은은 동물원에서 일해 현장 접근성은 있으나 뚜렷한 동기가 드러나지 않는다. 따라서 살인자일 가능성이 가장 높은 사람은 세미이다.

### ANSWER
B"
murder_mysteries-98,murder_mysteries,B,B,"### ANSWER
B"
murder_mysteries-99,murder_mysteries,A,B,"은정은 민영에게 사건 정보 유출과 평판 훼손으로 피해를 입었다는 강한 동기가 있고, 한 달 전 손도끼를 구입해 차에 보관했다는 점, 격투기 실력, 차량 관련 서류를 숨기는 등 수상한 행적이 드러난다. 또한 사건 당일 민영과 싸운 목격자가 있다는 진술도 있어 살인자일 가능성이 가장 높다. 반면 다영은 손도끼를 목공용으로 사용했다고 설명하지만 살해 동기가 뚜렷하지 않다.

### ANSWER
B"
murder_mysteries-100,murder_mysteries,A,B,"우성은 어릴 때부터 돌멩이 던지기 클럽에서 뛰어난 실력을 보였고, 긴 옷으로 물건을 숨길 수 있다고 직접 언급했습니다. 또한 손목 부상과 붕대는 돌을 던진 흔적일 가능성이 있으며, 스케이트장에 자주 갔다는 진술도 그를 의심하게 합니다. 반면 현진은 돌멩이 자재를 운반하지만 직접적인 살인 기술이나 현장 관련 정황이 우성보다 약합니다. 따라서 살인자일 가능성이 가장 높은 사람은 우성입니다.

### ANSWER
B"
murder_mysteries-101,murder_mysteries,B,B,"돌멩이로 살해된 점에서 돌멩이 던지기 클럽에서 뛰어난 실력을 가진 우성이 가장 유력하다. 또한 우성은 채아와 약속을 잡고 그녀의 정치적 연루를 추적하는 등 동기가 있었다. 현진은 종교적 신념이 의심되지만 살인 도구와 직접 연결된 결정적 단서는 부족하다.

### ANSWER
B"
murder_mysteries-188,murder_mysteries,A,A,"민희는 쇠사슬을 이용한 고강도 운동을 하고, 대형 가방을 다루며, 천체투영관 행사에 시환과 함께 참석한 정황이 있어 살인 수단과 현장에 직접적으로 연결됩니다. 건영은 재정 문제와 알리바이 등 의심스러운 점이 있지만 쇠사슬이나 현장과의 직접적 연관성은 약합니다.

### ANSWER
A"
murder_mysteries-189,murder_mysteries,B,A,"민희는 쇠사슬을 이용한 운동과 대회 우승 경력으로 범행에 필요한 체력과 도구 사용에 대한 친숙함을 갖췄고, 대형 가방 등 증거 은닉 수단도 있다. 또한 시환의 새 직원과의 만남, 연락 지연 등으로 질투와 배신감 같은 동기가 생길 수 있었다. 건영은 사업적 갈등과 과거 조직 연루가 있지만 직접적인 물리적 증거나 범행 수단과 연결된 묘사는 약하다. 따라서 살인자일 가능성이 가장 높은 사람은 민희이다.

### ANSWER
A"
murder_mysteries-190,murder_mysteries,B,A,"순영은 역사 무기 재연 행사에서 학술적 조언자로 활동하며 단검 사용에 대한 지식을 갖추고 있었고, 사건 시간에 축구장에 있었던 것이 확인되었다. 또한 그녀가 제공한 사진의 배경은 오래전 폐쇄된 건물 내부에서만 발견되는 특징인데, 그녀는 이를 박물관 전시실이라고 거짓으로 설명했다. 이러한 거짓말과 범행 도구에 대한 전문성, 현장 동선이 겹치는 점은 순영을 강력한 용의자로 만든다. 반면 하경은 검도 실력과 모욕감이라는 동기가 있지만, 결정적인 거짓말이나 현장 관련 물증이 제시되지는 않았다.

### ANSWER
A"
murder_mysteries-191,murder_mysteries,A,A,"순영은 제욱이 자신의 과거 범죄 기록을 발견하고 폭로하겠다고 위협했다는 명확한 살해 동기가 있으며, 군사 역사와 무기에 대한 전문 지식을 가진 점에서 범행 수단도 갖추고 있다. 또한 사건 당일 축구장에 있었다는 점에서 기회도 충분하다. 하경은 제욱에게 공개적으로 무시당한 원한과 장비 관리자로서의 접근성이 있지만, 순영에 비해 직접적인 증거와 동기의 강도가 약하다. 따라서 살인자일 가능성이 가장 높은 사람은 순영이다.

### ANSWER
A"
murder_mysteries-192,murder_mysteries,A,A,"시욱은 아린과의 관계가 멀어졌다고 느꼈고, 무기 수집가로서 특히 창술에 관심을 보였습니다. 피해자가 죽창에 찔려 살해된 점을 고려하면, 시욱이 범행 도구를 가질 수 있는 인물입니다. 반면 정민은 도박과 불면증, 약물 사용 등이 언급되지만 살해 동기와 수단이 직접적으로 연결되지 않습니다. 따라서 살인자일 가능성이 가장 높은 사람은 시욱입니다.

### ANSWER
A"
murder_mysteries-193,murder_mysteries,B,A,"시욱은 죽창을 포함한 전통 무기를 수집하고 창술을 연습해 왔으며, 실제로 방에 죽창을 보관하고 있어 살해 도구와 직접적으로 연결됩니다. 또한 아린과의 관계가 끝났고 그녀가 새로운 사람들과 어울리는 모습에 대해 언급되는 등 범행 동기가 있습니다. 정민은 무술과 전통 무기에 관심이 있지만 죽창 사용에 대한 직접적인 단서는 약하고, 살해 동기도 뚜렷하지 않습니다. 따라서 살인자일 가능성이 가장 높은 사람은 시욱입니다.

### ANSWER
A"
murder_mysteries-194,murder_mysteries,A,B,"지온은 밧줄을 이용한 마술을 공연하며 손재주와 민첩함이 뛰어나고, 매일 밧줄 연습을 한다는 점이 결정적이다. 또한 현도가 지온의 정치적 스캔들 증거를 공개하겠다고 위협했다는 강력한 살해 동기가 있다. 반면 유연은 결혼 압박과 경제적 위협이라는 동기가 있지만, 밧줄 살해와 직접적으로 연결되는 기술적 단서는 상대적으로 약하다. 따라서 살인자일 가능성이 가장 높은 사람은 지온이다.

### ANSWER
B"
murder_mysteries-195,murder_mysteries,B,B,"현도는 밧줄에 의해 살해되었는데, 지온은 밧줄 마술을 전문으로 하며 매일 손재주를 연습하는 인물이다. 또한 현도가 지온과 관련된 정치적 스캔들의 증거를 확보하고 공개하겠다고 위협했다는 직접적인 동기가 있다. 유연도 결혼 압박과 경제적 지원 중단이라는 동기가 있지만, 살해 수단인 밧줄과의 연관성은 지온만큼 직접적이지 않다. 따라서 범행 도구와 동기 측면에서 지온이 가장 유력한 용의자이다.

### ANSWER
B"
object_placements-32,object_placements,C,C,"소영이는 대본을 분장실 테이블에서 무대 옆 선반으로 직접 옮겼기 때문에, 대본의 현재 위치를 정확히 알고 있다. 따라서 대본을 찾기 위해 가장 먼저 확인할 곳은 무대 옆 선반이다.

### ANSWER
C"
object_placements-33,object_placements,C,B,"소영이는 처음에 마이크가 대기실 보관함에 있다는 사실을 알고 있었으며, 유나가 마이크를 무대 옆 선반으로 옮기는 장면을 목격했다는 직접적인 언급이 없다. 따라서 소영이는 마이크를 찾기 위해 원래 위치였던 대기실 보관함을 가장 먼저 확인할 것이다.

### ANSWER
B"
object_placements-34,object_placements,A,A,"유나는 처음에 대본이 가방에 있다는 사실을 알고 있었다. 이후 지민이 대본을 분장실 테이블로 옮기고 소영이 다시 무대 옆 선반으로 옮겼지만, 유나는 그 순간 조명 모니터에 집중하느라 다른 사람의 움직임을 보지 못했다. 따라서 유나는 자신이 알고 있는 마지막 위치인 가방을 가장 먼저 확인할 것이다. 마이크의 이동은 대본 위치와 관련이 없다.

### ANSWER
A"
object_placements-35,object_placements,C,C,C
object_placements-36,object_placements,C,C,"지민은 처음에 대본을 분장실 테이블로 옮겼지만, 이후 소영이가 그 대본을 분장실 테이블에서 무대 옆 선반으로 옮겼다. 이야기에서 지민이는 주변 사람들의 동작을 꾸준히 관찰하고 분장실과 무대를 오갔다고 묘사되므로, 소영이가 대본을 옮기는 장면을 목격했을 가능성이 높다. 따라서 지민이는 대본을 찾기 위해 가장 먼저 무대 옆 선반을 확인할 것이다. 가방과 대기실 보관함은 대본의 최종 위치와 관련이 없다.

### ANSWER
C"
object_placements-37,object_placements,C,C,"지민은 처음에 마이크가 대기실 보관함에 있다는 것을 알고 있었지만, 이후 유나가 마이크를 무대 옆 선반으로 옮기는 상황을 지켜보았다. 지민은 공연 스케줄을 확인하면서도 주변 인물들의 동작에 꾸준히 관심을 기울였다고 했기 때문에 유나의 이동을 인지했을 것이다. 따라서 마이크를 찾기 위해 가장 먼저 확인할 곳은 현재 마이크가 있는 무대 옆 선반이다. 다른 장소들은 마이크의 최종 위치와 관련이 없다.

### ANSWER
C"
object_placements-38,object_placements,C,C,"Mirae initially knew the measuring cup was on the side shelf. Although Junho later moved it to the front counter, Mirae was distracted and did not see this change. Therefore, she would first check the side shelf, her last known location of the measuring cup. The other locations do not match her knowledge.

### ANSWER
C"
object_placements-39,object_placements,C,C,"미래는 노트를 옆 선반으로 직접 옮긴 뒤, 수연이 책장으로 옮기는 모습을 보지 못했다. 따라서 미래가 노트를 찾으러 갈 때 가장 먼저 확인할 곳은 자신이 마지막으로 두었던 옆 선반이다.

### ANSWER
C"
team_allocation-158,team_allocation,A,A,"### ANSWER
A"
team_allocation-159,team_allocation,B,B,"서진은 모델 관리 경험과 소통 능력이 뛰어나므로 모델 관리에 가장 적합합니다. 지훈은 무대 디자인 전공과 성공 경험이 있으므로 무대 디자인에 배치하는 것이 효율적입니다. 예빈은 행정 업무 강점이 있으나 모델 소통과 무대 디자인 경험이 부족하므로 보조 역할로 지훈과 함께 무대 디자인을 맡는 것이 낫습니다. 다른 선택지들은 모델 관리에 부적합한 인물을 배치하거나 무대 디자인 경험이 없는 조합이므로 적절하지 않습니다.

### ANSWER
B"
team_allocation-160,team_allocation,C,C,"수현은 시장 조사와 트렌드 파악, 창의적 문제 해결에 강점이 있어 상품 기획자 역할에 적합합니다. 지우는 고객 만족과 응대 경험이 풍부하고, 다민은 고객과의 의사소통 능력이 뛰어나므로 두 사람을 고객 상담원으로 배치하는 것이 효율적입니다. 다민을 상품 기획자로 두는 것은 계획 수립과 세부 관리에 약점이 있어 부적합합니다. 따라서 수현을 상품 기획자로, 다민과 지우를 고객 상담원으로 배정하는 것이 가장 균형 잡힌 선택입니다.

### ANSWER
C"
team_allocation-161,team_allocation,A,A,"수현은 기술적 문제 해결과 분석적 사고에 강점이 있으므로 기술 개발 팀에 배치하는 것이 적합합니다. 예린은 창의성과 고객 소통 능력이 뛰어나 마케팅 팀에서 최고의 성과를 낼 수 있습니다. 지훈은 기술적 세부 사항에 관심이 부족하고 예린과 갈등이 있지만, 마케팅 팀에 두는 것이 기술 개발 팀에 두는 것보다 덜 해롭습니다. 따라서 기술 개발 팀에 수현, 마케팅 팀에 예린과 지훈을 배치하는 것이 가장 효율적입니다.

### ANSWER
A"
team_allocation-162,team_allocation,B,B,"서진은 기술적 문제 해결에 강점이 있으므로 기술 개발에 배치하는 것이 적합하고, 나영은 고객 지원 능력이 뛰어나므로 고객 지원에 배치하는 것이 효율적입니다. 태현은 프로그래밍보다 사람과의 소통을 선호하므로 고객 지원에 배치하는 것이 낫습니다. 따라서 기술 개발에 서진, 고객 지원에 나영과 태현을 배정하는 것이 가장 균형 잡힌 선택입니다.

### ANSWER
B"
team_allocation-163,team_allocation,B,B,"### ANSWER
B"
team_allocation-164,team_allocation,C,C,"수현은 개발 능력이 뛰어나므로 기술 개발 팀에 배치하는 것이 적합하고, 미나와 진우는 고객 소통 능력과 긍정적인 협업 관계를 갖추고 있어 고객 지원 팀에서 시너지를 낼 수 있습니다. 또한 수현과 진우, 수현과 미나 사이의 갈등 가능성을 피하는 배치입니다.

### ANSWER
C"
team_allocation-165,team_allocation,C,C,"수현은 기술적 디테일과 문제 해결 능력이 뛰어나지만 고객 면담에 어려움이 있으므로 시스템 설계 팀에 배치하는 것이 적합합니다. 재혁과 미나는 모두 고객 요구를 이해하고 소통하는 능력이 뛰어나므로 고객 상담 팀에 배치하는 것이 효율적입니다. 또한 수현과 재혁의 갈등을 피하기 위해 둘을 분리하는 것이 바람직합니다.

### ANSWER
C"
team_allocation-64,team_allocation,A,A,"은지는 세부 사항에 주의를 기울이고 창의적인 아이디어를 제시한 경험이 있어 제품 개발 팀에 적합합니다. 태훈은 유통·판매 경험과 데이터 분석 능력이 뛰어나 유통 전략 팀에 적합합니다. 소민은 유통 경험과 데이터 해석에 약점이 있지만 태훈과 협업이 잘 되므로 유통 전략 팀에서 보완 역할을 할 수 있습니다. 또한 은지와 소민, 은지와 태훈은 갈등 이력이 있어 함께 배치하지 않는 것이 좋습니다. 따라서 은지를 제품 개발 팀에, 소민과 태훈을 유통 전략 팀에 배정하는 것이 가장 효율적입니다.

### ANSWER
A"
team_allocation-65,team_allocation,B,B,"세아는 캐릭터 디자이너로서 가장 강력한 전문성과 경력을 갖추고 있으므로 디자인 업무를 맡는 것이 적절하다. 지민은 음향 공학 전공과 녹음 엔지니어 경력이 있어 음성 녹음 업무에 가장 적합하다. 현우는 기본적인 음향 경험은 있지만 디자인과 음향 모두에서 전문성이 세아나 지민보다 부족하다. 세아와 지민 사이의 미묘한 관계는 있지만, 업무 효율성과 전문성을 고려할 때 B안이 최선의 선택이다.

### ANSWER
B"
team_allocation-66,team_allocation,C,B,"### ANSWER
B"
team_allocation-67,team_allocation,B,C,"Jihun is the only experienced scriptwriter, while Suhyeon struggles with scriptwriting and Damin lacks creative writing experience, so Jihun should handle the screenplay team. Suhyeon’s visual creativity and Damin’s technical interest make them the most reasonable fit for the filming team. Options A and B would leave the screenplay task to people who are not suited for it. Thus, the most balanced assignment is Jihun for screenplay and Damin with Suhyeon for filming.

### ANSWER
C"
team_allocation-68,team_allocation,B,B,"재민은 UX 디자인 경험이 풍부하고 사용자 피드백 개선 능력이 뛰어나므로 UX 디자이너로 적합하다. 수현은 창의적 표현 작업을 선호하고 기능성보다 시각적 요소보다는 콘텐츠 제작 성향에 가깝다. 다혜는 글쓰기에 부담을 느끼고 데이터 분석을 선호하므로 UX 디자인 과정에서 분석적 통찰을 제공할 수 있다. 따라서 콘텐츠 제작자는 수현, UX 디자이너는 다혜와 재민이 가장 효율적인 조합이다.

### ANSWER
B"
team_allocation-69,team_allocation,A,A,"소희는 글쓰기와 창작에 강점이 있어 콘텐츠 제작자로 적합하고, 혜린은 공학 과목에 강하고 기술적 업무를 선호하므로 기술 개발자로 적합합니다. 민수는 글쓰기와 기술 모두에 약점이 있지만, 주어진 선택지 중에서는 소희를 콘텐츠 제작자로, 혜린을 기술 개발자로 배정한 A가 가장 효율적입니다.

### ANSWER
A"
team_allocation-70,team_allocation,A,A,"Nayoung is clearly best suited for UX design due to her design skills and attention to detail. Dongmin, though weak in spotting visual errors, brings creativity and strong communication that benefit the UX team. Seojin lacks UX experience and tends to be confrontational, making him less suitable for UX work. His strategic drive and conviction are better used in content development and planning. Thus, assigning Seojin to content development and Nayoung with Dongmin to UX design is the most balanced choice.

### ANSWER
A"
team_allocation-71,team_allocation,A,A,"콘텐츠 제작은 창의적 글쓰기와 스토리텔링에 강점이 있는 수진이 가장 적합하다. 민지는 UI/UX 경험이 거의 없고 데이터 분석에 강하므로 사용자 경험 디자인보다는 콘텐츠 제작에 부적합하다. 영우는 백엔드 개발에 강점이 있어 UX 디자인보다는 기술적 업무에 적합하지만, 주어진 선택지 중에서는 수진을 콘텐츠 제작에 배정하는 A가 가장 효율적이다. 따라서 A가 정답이다.

### ANSWER
A"
object_placements-220,object_placements,D,C,"현우는 USB가 처음에 선반에 있었음을 알고 있었고, 서윤이 USB를 책상으로 옮기는 장면을 주의 깊게 보지 못했다. 따라서 현우가 가장 먼저 확인할 곳은 선반이다.

### ANSWER
C"
object_placements-221,object_placements,B,B,"현우는 폴더를 책상에서 사물함으로 직접 옮겼고, 이후 채영이 사물함에서 가방으로 옮기는 모습을 보지 못했다. 따라서 현우가 알고 있는 폴더의 마지막 위치는 사물함이다. 그러므로 현우는 폴더를 찾기 위해 가장 먼저 사물함을 확인할 것이다.

### ANSWER
B"
object_placements-222,object_placements,C,,수빈은 처음에 카메라가 책상에 있다는 사실을 알고 있었다. 태현이 카메라를 여행 가방으로 옮기는 장면은 수빈이 대화에 몰두해 있던 탓에 보지 못했다. 또한 지훈이 카메라를 트렁크로 옮길 때 수빈은 무언가를 옮기는 모습만 보고 그것이 카메라인지 알지 못했다. 따라서 수빈이 카메라
object_placements-223,object_placements,A,A,"지훈은 수빈이 지도 책자를 선반에서 책상으로 옮기는 모습을 보지 못했고, 처음에 모두 지도 책자가 선반에 있다고 알고 있었다. 따라서 지훈이 지도 책자를 찾기 위해 가장 먼저 확인할 곳은 선반이다.

### ANSWER
A"
object_placements-224,object_placements,A,A,"태현은 처음에 지도 책자가 선반에 있다는 사실을 알고 있었다. 이후 수빈이 지도 책자를 책상으로 옮겼지만, 태현은 그때 주변을 살피지 않아 이를 알아차리지 못했다. 따라서 태현이 가장 먼저 확인할 곳은 선반이다.

### ANSWER
A"
object_placements-225,object_placements,B,B,"Taehyun last placed the camera in his travel bag, and he was not paying attention when Jihun later moved it to the car trunk. Therefore, Taehyun would first check the travel bag.

### ANSWER
B"
object_placements-226,object_placements,D,D,D
object_placements-227,object_placements,B,B,"도연이는 처음에 케이크가 냉장고에 있다는 것을 알고 있었지만, 민석이 케이크를 주방 선반으로 옮기는 동안에는 현수막 정리에 집중하고 있어 그 이동을 보지 못했다. 그러나 이후 하늘이 케이크를 식탁으로 옮길 때 도연이는 바로 앞에서 하늘을 바라보고 있었으므로 그 장면을 목격했다. 따라서 도연이가 케이크를 찾으려 한다면 마지막으로 확인한 위치인 식탁을 가장 먼저 확인할 것이다. 냉장고나 주방 선반은 그녀가 알지 못하는 이전 위치이거나 목격하지 못한 이동이므로 우선순위가 아니다. 창가 테이블은 양초가 있는 곳이므로 케이크와 무관하다.

### ANSWER
B"
murder_mysteries-8,murder_mysteries,A,B,"지완은 사건 당시 지온과 마지막으로 함께 있었던 인물로 지목되며, 이는 범행 현장과의 직접적 연관성을 시사한다. 또한 지완의 서재에서 의식 관련 책과 물건이 발견되고 이웃들이 의식을 목격했다는 증언은 긴 바늘을 사용한 살인 방식과 연결될 가능성이 있다. 반면 도하는 흉기로 쓰일 수 있는 공구를 지니고 있었고 부부 관계에 문제가 있었지만, 사건 당시 지온과 함께 있었다는 직접적인 단서는 제시되지 않는다. 따라서 살인자일 가능성이 가장 높은 사람은 지완이다.

### ANSWER
B"
murder_mysteries-9,murder_mysteries,B,B,"지완은 침술에 대한 관심, 침술 관련 책과 세미나 참석, 희귀 도구 구매 기록, 의식 준비 목격 등이 모두 사건의 긴 바늘과 연결됩니다. 반면 도하는 도구와 정돈된 성격이 언급되지만 살해 수단인 침술이나 의식과 직접적인 관련이 없습니다. 따라서 살인자일 가능성이 가장 높은 사람은 지완입니다.

### ANSWER
B"
murder_mysteries-10,murder_mysteries,A,A,"성준은 급류 래프팅 장소와 관련된 행적, 사격 대회 참가 경력, 다영이 자신의 사생활을 알고 있었다는 진술, 녹음 메시지에 대한 긴장 반응, 사건 전날 현장 근처 호텔 체크인 기록 등 살인 용의자로서의 결정적 정황이 다수 겹친다. 반면 기민은 다영과의 금전적 분쟁이라는 동기는 있지만 현장 연관성이나 직접적인 범행 정황은 상대적으로 약하다. 따라서 살인자일 가능성이 가장 높은 사람은 성준이다.

### ANSWER
A"
murder_mysteries-11,murder_mysteries,B,A,"성준은 다영이 녹음 내용을 알게 되었다는 메시지를 받고, 녹음 장치를 발견한 뒤 신경질적인 행동을 보이는 등 직접적인 범행 동기와 관련된 정황이 두드러진다. 또한 평소 사람들을 관찰하고 기록하는 습관, 사격 클럽 활동, 법적 의무를 무시하는 성향 등이 살인자와 가깝게 묘사된다. 기민도 사격과 금전적 동기가 있지만, 성준에 비해 구체적인 범행 연관성이 약하다.

### ANSWER
A"
murder_mysteries-12,murder_mysteries,A,B,"### ANSWER
B"
murder_mysteries-13,murder_mysteries,B,B,"규민은 연아가 지역 사회 모임에서 자신의 사업 문제를 공개적으로 지적해 큰 파장을 일으켰다고 말하며 직접적인 원한을 드러냈다. 또한 그는 래프팅 장비의 안전 점검과 수리 훈련을 받아 사고를 조작할 기술적 능력도 갖추고 있다. 반면 희준은 낚시와 의학에 관심이 많지만 연아를 살해할 명확한 동기가 제시되지 않았다. 따라서 살인자일 가능성이 가장 높은 사람은 규민이다.

### ANSWER
B"
murder_mysteries-14,murder_mysteries,B,B,"지흔은 농기구 사용에 익숙하고, 나연이 자신의 비밀을 폭로할까 봐 걱정했다는 점에서 살인 동기와 범행 수단이 모두 부각된다. 반면 지온은 늦은 귀가와 야간 활동이 의심스럽지만 직접적인 동기나 증거는 약하다. 따라서 살인자일 가능성이 가장 높은 사람은 지흔이다.

### ANSWER
B"
murder_mysteries-15,murder_mysteries,A,B,"지흔은 나연이 자신의 비밀 활동을 목격했고, 그 비밀이 다른 사람들에게 알려질까 봐 불안해했다는 직접적인 동기가 제시된다. 또한 그녀는 이전에 농장에서 일한 경험이 있어 곡괭이 같은 농기구 사용에 익숙하다. 지온도 의심스러운 금전 거래와 전화가 언급되지만, 지흔에 비해 살해 동기와 도구 사용 가능성이 더 간접적이다. 따라서 살인자일 가능성이 가장 높은 사람은 지흔이다.

### ANSWER
B"
murder_mysteries-196,murder_mysteries,B,B,"시찬은 엽총 사냥 클럽 활동과 사격 연습, 장비 대여 경험이 있어 살해 무기인 수렵용 엽총을 사용할 능력이 있다. 또한 카트 트랙에서 매주 목요일 저녁 근무하며 보안 시스템에 접근할 수 있어 범행 장소와 시점에 대한 접근성도 확보했다. 반면 다빈은 피해자와 논쟁했다는 목격담이 있지만 직접적인 범행 수단이나 현장 접근 권한이 구체적으로 드러나지 않는다. 따라서 살인자일 가능성이 가장 높은 사람은 시찬이다.

### ANSWER
B"
murder_mysteries-197,murder_mysteries,A,A,"다빈은 시현과 논쟁이 목격되었고, 엽총 사용에 능숙하며 사격 연습을 정기적으로 해왔다. 또한 독립성을 중시하고 시현이 자신의 성공을 탐냈다는 점에서 살해 동기가 뚜렷하다. 반면 시찬은 현장에 있었지만 직접적인 갈등이나 동기가 드러나지 않는다. 따라서 다빈이 살인자일 가능성이 가장 높다.

### ANSWER
A"
murder_mysteries-198,murder_mysteries,A,A,"윤기는 서영이 자신의 재산 상당 부분을 요구해 법적 분쟁까지 겪었고, 캠프장에서 함께 시간을 보내던 사이였으며, 화학 교수로서 독성 물질에 대한 전문 지식과 실험실 접근 권한을 가지고 있다. 다빈도 동기와 화학 지식이 있지만, 캠프장이라는 범행 장소와의 직접적 연관성 및 재산 문제라는 강력한 동기는 윤기에게 더 두드러진다.

### ANSWER
A"
murder_mysteries-199,murder_mysteries,B,B,"다빈은 서영에게 약점을 이용당하고 비밀 폭로로 협박받았다는 명확한 살해 동기가 있으며, 화학 경시대회 경험과 독소 물질 안전 교육, 화학 물질 구매 능력 등 범행 수단도 갖추고 있다. 또한 소셜 미디어를 통해 캠핑 위치를 알고 실제로 캠프장에 갔다는 점에서 범행 기회도 확인된다. 반면 윤기는 서영과의 법적 분쟁과 실험실 접근 권한이 있지만 캠프장에 있었는지에 대한 직접적인 언급이 없다. 따라서 세 가지 요소를 모두 갖춘 다빈이 살인자일 가능성이 가장 높다.

### ANSWER
B"
murder_mysteries-200,murder_mysteries,B,B,"지호가 친구들의 사적인 정보를 가십으로 퍼뜨리는 성향이 있었다는 점에서, 연우는 지호와 비밀을 나누며 신뢰를 쌓았다고 말했지만 그 신뢰가 배신당했을 가능성이 크다. 또한 연우는 화학 실험실 조교로 일하며 화학 지식과 실험 경험을 갖추고 있어 독가스를 이용한 살인에 필요한 조건을 갖추고 있다. 미소 역시 독성 화학 물질을 다룰 수 있지만, 살해 동기가 구체적으로 드러나지 않는다. 따라서 살인자일 가능성이 가장 높은 사람은 연우이다.

### ANSWER
B"
murder_mysteries-201,murder_mysteries,A,A,"미소는 화학 전공자이며 독성 화학 물질 취급 자격증을 보유하고 있고, 캠핑 일정을 직접 계획하고 장비를 공유한 점 등 사건과 직접적으로 연결될 정황이 많다. 연우도 화학 실험 경험이 있지만, 미소에 비해 범행 수단과 현장 접근 가능성이 덜 구체적이다.

### ANSWER
A"
murder_mysteries-202,murder_mysteries,B,B,"예린은 세희의 캠프 일정을 SNS로 확인하고 위치를 추적했으며, 다트 대회 우승 경력이 있는 전문가로서 특수 다트핀을 사용할 수 있다. 또한 세희가 예린의 종교적 견해를 공개적으로 비판한 갈등이 직접적인 살해 동기가 될 수 있다. 우한도 다트와 관련이 있고 알리바이가 의심스럽지만, 캠프장과 세희의 일정에 대한 직접적인 연관성은 예린보다 약하다. 따라서 살인자일 가능성이 가장 높은 사람은 예린이다.

### ANSWER
B"
murder_mysteries-203,murder_mysteries,A,A,"우한은 다트핀 수집과 다트 연습을 즐겨 살인 도구인 다트핀을 능숙하게 다룰 수 있고, 캠프장에서 직원 제복을 입은 사진이 있어 현장 접근과 위장 가능성도 있다. 반면 예린은 종교적 갈등과 위치 인지 등 동기는 있으나 다트핀과 직접적으로 연결될 만한 단서는 부족하다. 따라서 살인자일 가능성이 가장 높은 사람은 우한이다.

### ANSWER
A"
murder_mysteries-102,murder_mysteries,B,B,"유연은 피해자 시찬에게 공개적으로 비판받고 조롱당하는 등 강한 원한을 가졌고, 사냥 클럽 회원으로 사격에 능숙하며 엽총 매장을 방문한 정황이 있다. 또한 여행 중 시찬과 같은 방을 쓰며 갈등이 있었고, 카메라와 공작 활동 등으로 사건 준비 가능성이 엿보인다. 태현도 재정 문제와 사격 실력이 있지만 직접적인 갈등 동기는 유연보다 약하다. 따라서 살인자일 가능성이 가장 높은 사람은 유연이다.

### ANSWER
B"
murder_mysteries-103,murder_mysteries,B,A,"나희는 사건 전날 두현에게 스쿠버다이빙을 직접 제안했고, 부메랑 대회 1위 수상자일 만큼 뛰어난 실력을 갖추고 있다. 또한 늦은 밤 통화 후 차고로 향하거나 수상한 짐을 싣고 다니는 등 정황 증거가 풍부하며, 작은 삽을 소지한 점도 계획적인 범행을 암시한다. 현철도 질투 동기가 있지만, 나희에 비해 직접적인 범행 실행 정황이 약하다. 따라서 살인자일 가능성이 가장 높은 사람은 나희이다.

### ANSWER
A"
murder_mysteries-104,murder_mysteries,A,A,"나희는 사건 현장인 스쿠버다이빙 장소에 있었고, 직접 다이빙을 제안했으며, 부메랑 던지기 대회 1위 경력에 매일 연습할 정도로 뛰어난 실력을 갖추고 있다. 또한 두현이 그녀의 다른 인간관계를 제한하고 예고 없이 나타나는 등 통제적인 태도를 보여 살해 동기도 충분하다. 반면 현철은 아내와 두현의 관계에 대한 질투심이 있지만 현장에 있었다는 직접적인 단서는 부족하다. 따라서 살인자일 가능성이 가장 높은 사람은 나희이다.

### ANSWER
A"
murder_mysteries-105,murder_mysteries,B,B,"예빈은 지경이 자신의 비밀을 동의 없이 누설해 SNS에 퍼뜨리고 친구들에게 배제당한 강한 복수 동기를 가지고 있다. 또한 그녀는 주방 보조와 요리 대회 우승 경력이 있어 끓는 기름을 이용한 살인 수법을 실행할 능력이 있다. 사건 현장인 스쿠버다이빙 장소에 자주 갔고 새로운 다이빙 장비도 구입해 현장 접근 가능성도 있다. 반면 동혁은 끓는 기름 실험 기록이 있지만 살해 동기가 뚜렷하게 제시되지 않았다. 형사가 마지막에 예빈의 요리 기름을 이용한 복수 가능성을 조사해야 한다고 생각한 점도 결정적이다.

### ANSWER
B"
murder_mysteries-106,murder_mysteries,A,B,"예빈은 지경이 자신의 비밀을 SNS에 폭로한 것에 대해 강한 원한을 품고 있었고, 과거 요리 기름을 이용한 복수를 꿈꿨다고 직접 언급했다. 또한 그녀는 주방에서 일하며 요리와 기름을 다루는 데 익숙하다. 동혁은 현장에 있었고 기름을 사용했지만, 살해 동기는 상대적으로 약하다. 따라서 살인자일 가능성이 가장 높은 사람은 예빈이다.

### ANSWER
B"
murder_mysteries-107,murder_mysteries,A,A,"수빈은 스쿠버다이빙 자격증을 보유하고, 사격 코치에게 엽총 사용법을 배웠으며, 경기용 엽총을 사용한 기록까지 있어 살해 수단과 직접적으로 연결됩니다. 또한 하성의 일정을 지속적으로 추적하고 비즈니스 관계에서 거절당할 가능성이 있었던 점이 강한 동기가 됩니다. 수혜는 아내로서 관계 균열과 CCTV 조작 정황이 있지만, 총기 사용 능력이나 범행 현장과의 구체적 연관성은 상대적으로 약합니다. 따라서 살인자일 가능성이 가장 높은 사람은 수빈입니다.

### ANSWER
A"
murder_mysteries-108,murder_mysteries,B,A,"수빈은 경기용 엽총을 사용한 사격 대회 참가 이력이 있고, 사건의 흉기가 경기용 엽총이라는 점에서 결정적 연결고리가 있다. 또한 수빈의 밤 활동, 커튼으로 가려진 집, 경쟁심 등이 수사적으로 의심스러운 정황을 만든다. 수혜는 도박 빚이라는 동기는 있지만 직접적인 흉기 사용 정황은 상대적으로 약하다. 따라서 살인자일 가능성이 가장 높은 사람은 수빈이다.

### ANSWER
A"
murder_mysteries-109,murder_mysteries,A,A,"한결은 얼음 조각 대회에 참가했고, 김 형사가 그의 손이 정밀한 작업에 능숙하다는 점을 주목한 것은 송곳과 같은 도구 사용과 연결됩니다. 또한 그는 사건 현장인 리조트에 머물렀으며 영호에 대해 다소 회피적인 태도를 보였습니다. 강민의 종교 활동이나 화학물질 관련 단서는 있지만 직접적인 살인 도구나 현장 연관성은 약합니다. 따라서 살인자일 가능성이 가장 높은 사람은 한결입니다.

### ANSWER
A"
object_placements-134,object_placements,A,A,"지훈은 이야기에서 레시피 책을 테이블 위에서 가방으로 직접 옮겼다. 따라서 레시피 책을 찾으려 할 때 가장 먼저 확인할 곳은 자신이 마지막에 둔 가방이다. 다른 장소들은 책이 이동하기 전의 위치이거나 현재 책이 있는 곳이 아니다.

### ANSWER
A"
object_placements-135,object_placements,A,B,"지훈은 양념통이 원래 주방 선반에 있다는 사실을 알고 있었다. 솔미가 양념통을 선반에서 꺼내 가방으로 옮기는 동안 지훈은 다른 일에 집중하고 있어 그 장면을 보지 못했다. 따라서 지훈은 양념통이 이동했다는 것을 알지 못하므로, 가장 먼저 원래 위치인 주방 선반을 확인할 것이다.

### ANSWER
B"
object_placements-136,object_placements,C,C,"민우는 소연이 계량컵을 주방 테이블로 옮기는 모습을 바로 옆에서 지켜보며 조언하고 있었으므로, 계량컵의 현재 위치를 알고 있다고 볼 수 있다. 따라서 민우가 계량컵을 찾으러 간다면 가장 먼저 주방 테이블을 확인할 것이다.

### ANSWER
C"
object_placements-137,object_placements,A,A,"민우는 처음에 조리법이 가방에 있다는 정보를 알고 있었다. 유진이 조리법을 주방 테이블로 옮겼지만, 민우는 그 상황을 보지 못했고 주변을 둘러볼 여유도 없었다. 따라서 민우가 조리법을 찾으려 할 때 가장 먼저 확인할 곳은 자신이 알고 있는 가방이다. 다른 장소들은 민우가 직접 알지 못하는 이동 경로와 관련되어 있다.

### ANSWER
A"
object_placements-138,object_placements,C,C,"소연이는 계량컵을 직접 주방 테이블로 옮겼기 때문에, 계량컵의 현재 위치를 가장 잘 알고 있다. 따라서 계량컵을 찾기 위해 가장 먼저 확인할 곳은 주방 테이블이다.

### ANSWER
C"
object_placements-139,object_placements,C,A,"소연은 처음에 조리법이 가방에 있다는 사실을 알고 있었다. 유진이 조리법을 주방 테이블로 옮겼지만, 소연은 재료에서 시선을 떼지 않고 대화에 집중하고 있었으므로 그 이동을 보지 못했다. 따라서 소연이 조리법을 찾을 때 자신이 마지막으로 알고 있는 위치인 가방을 가장 먼저 확인할 것이다.

### ANSWER
A"
object_placements-140,object_placements,D,D,"유진이는 민우가 계량컵을 찬장에 올려놓는 모습을 지켜보았지만, 이후 소연이 계량컵을 주방 테이블로 옮기는 상황은 알아차리지 못했다. 따라서 유진이가 가장 먼저 확인할 곳은 자신이 마지막으로 본 찬장이다.

### ANSWER
D"
object_placements-141,object_placements,C,C,"유진은 조리법을 가방에서 꺼내 주방 테이블로 옮겼기 때문에, 조리법을 찾으려면 가장 먼저 주방 테이블을 확인할 것이다. 가방은 이미 비운 장소이고, 선반이나 찬장은 조리법이 있던 곳이 아니다.

### ANSWER
C"
object_placements-228,object_placements,B,B,"Minseok initially knew the candles were on the dining table, and he was distracted counting the guest list when Doyeon moved them to the window table. Since he did not observe that change, he would still believe the candles were on the dining table. Therefore, he would first check the dining table.

### ANSWER
B"
object_placements-229,object_placements,B,B,"민석은 처음에 케이크가 냉장고에 있음을 알고 있었지만, 이후 자신이 케이크를 주방 선반으로 옮겼습니다. 마지막에는 하늘이 케이크를 식탁으로 옮겼고, 민석은 하늘이 있는 방향을 계속 주시하며 관심을 두고 있었습니다. 따라서 민석은 케이크의 현재 위치를 식탁으로 인지하고 있을 가능성이 높습니다. 그러므로 케이크를 찾기 위해 가장 먼저 확인할 곳은 식탁입니다.

### ANSWER
B"
object_placements-230,object_placements,B,B,"하늘이는 처음에 양초가 식탁 위에 있다는 사실을 알고 있었다. 이후 도연이 양초를 창가 테이블로 옮겼지만, 하늘이는 음악 장치와 행사 순서 확인에 집중하고 있어 그 이동을 보지 못했다. 따라서 하늘이가 양초를 찾으러 갈 때 가장 먼저 확인할 곳은 자신이 마지막으로 알고 있던 식탁이다.

### ANSWER
B"
object_placements-231,object_placements,B,B,"The cake was initially in the refrigerator, then moved to the kitchen shelf by Minsuk, and finally moved to the dining table by Haneul herself. Since Haneul was the one who placed it on the dining table, that is the most recent and reliable location she would remember. Therefore, she would first check the dining table when looking for the cake. The other options refer to earlier locations or unrelated items.

### ANSWER
B"
object_placements-232,object_placements,C,C,"Initially, the ribbon was known to be on the shelf, but Subin later moved it to the desk. Dongwook approached Subin after she moved it, and she tried to show him what she was handling. Therefore, he would be aware that the ribbon is now at the desk. The wallet and large bag are associated with gift cards, not the ribbon.

### ANSWER
C"
object_placements-233,object_placements,D,D,"동욱은 이야기에서 선물 카드를 직접 큰 가방으로 옮겼다고 명시되어 있습니다. 따라서 선물 카드를 찾을 때 가장 먼저 확인할 장소는 자신이 마지막으로 둔 큰 가방입니다. 다른 장소들은 이전 상태이거나 다른 인물과 관련된 위치입니다.

### ANSWER
D"
object_placements-234,object_placements,C,A,"이야기에서 리본이 선반 위에 놓여 있다고 명확히 언급되었기 때문에, 수빈이 리본을 찾으려 한다면 가장 먼저 선반을 확인할 것이다. 다른 장소들은 선물 카드나 이후 이동 상황과 관련되지만, 리본의 원래 위치는 선반이다.

### ANSWER
A"
object_placements-235,object_placements,C,B,"Subin was not paying attention when the gift card was moved to the desk or later to the large bag, so her knowledge remains that it is in the wallet. Therefore, she would first check the wallet.

### ANSWER
B"
object_placements-40,object_placements,C,C,"수연이는 계량컵이 처음에 옆 선반에 있다는 사실을 알고 있었다. 준호가 계량컵을 앞쪽 조리대로 옮겼을 때, 수연이는 다른 학생들과 대화하느라 몸을 돌리고 있어 그 이동을 보지 못했다. 따라서 수연이가 가장 먼저 확인할 곳은 그녀가 알고 있는 원래 위치인 옆 선반이다.

### ANSWER
C"
object_placements-41,object_placements,D,D,"수연이는 처음에 노트가 무선 마우스 패드 아래에 있음을 알고 있었지만, 이후 미래가 노트를 옆 선반으로 옮기는 것을 지켜보았다. 그리고 마지막에 수연이 자신이 직접 노트를 책장으로 옮겨 놓았다. 따라서 수연이가 노트를 찾으려 한다면 가장 먼저 책장을 확인할 것이다. 다른 장소들은 이미 노트가 이동한 후의 위치와 맞지 않다.

### ANSWER
D"
object_placements-42,object_placements,B,B,"준호는 계량컵을 직접 앞쪽 조리대 위로 옮겼기 때문에, 계량컵의 현재 위치를 가장 정확하게 알고 있다. 따라서 계량컵을 찾을 때 가장 먼저 확인하는 곳은 앞쪽 조리대 위이다. 다른 선택지들은 노트의 위치나 이전 상태와 관련된 것들이다.

### ANSWER
B"
object_placements-43,object_placements,A,A,A
object_placements-44,object_placements,D,D,"미래는 마지막에 USB를 손에 들고 책상 위에 내려놓았으므로, USB의 현재 위치를 책상으로 알고 있다. 따라서 USB를 찾을 때 가장 먼저 책상을 확인할 것이다.

### ANSWER
D"
object_placements-45,object_placements,C,C,"Mirae initially knew the notebook was on the shelf, as all three shared that location. While Tae-young later moved the notebook to the drawer, Mirae was focused on presentation documents and did not observe this change. There is no indication that Mirae was told about the notebook's new location. Therefore, based on her last known information, she would first check the shelf.

### ANSWER
C"
object_placements-46,object_placements,D,D,"은하가 USB를 사물함으로 옮겼지만, 이후 미래가 USB를 책상 위로 옮기는 과정을 은하가 곁에서 지켜보며 함께 확인했기 때문에, 은하는 USB가 책상에 있음을 알고 있다. 따라서 USB를 찾을 때 가장 먼저 책상을 확인할 것이다.

### ANSWER
D"
object_placements-47,object_placements,B,B,"수첩은 처음 선반에 있었지만 태영이 서랍으로 옮겼고, 태영은 그 행동을 마친 뒤 은하와 필요한 정보를 공유했다. 따라서 은하는 수첩이 서랍에 있음을 알고 있다. 수첩을 찾을 때 가장 먼저 확인할 곳은 현재 위치인 서랍이다.

### ANSWER
B"
murder_mysteries-16,murder_mysteries,B,A,"건영은 나영에게 금전적 압박을 받았고, 그가 숨기고 싶은 비밀이 있었다는 점이 직접적인 살해 동기로 제시됩니다. 또한 건영의 이사 계획이 주변에 알려지지 않았고, 친구와의 다툼 후 모임에서 멀어졌다는 정황도 의심을 강화합니다. 지현은 나영에 대한 질투와 DIY 기술이 언급되지만, 건영처럼 구체적인 갈등이나 압박 관계가 드러나지 않습니다. 따라서 사건의 단서들이 건영을 범인으로 가리키는 방향으로 집중되어 있습니다.

### ANSWER
A"
murder_mysteries-17,murder_mysteries,A,A,"The recorded conversation shows Na-young was blackmailing Geon-young over a secret, giving him a clear motive. He was familiar with the recording studio through his work, and his hesitant remarks about her financial help suggest hidden tension. Ji-hyun’s connection to Na-young appears musical and lacks a comparable motive. Thus, Geon-young is the most likely suspect.

### ANSWER
A"
murder_mysteries-18,murder_mysteries,B,B,"다온은 쇠사슬 구매, 물류 회사에서의 체인 사용 경험, 창고 임대, 늪 근처 하이킹, 나희의 전화기 접근 가능성 등 살인과 연결될 정황이 여러 개 있다. 반면 서인은 해산물 채취용 장비로 쇠사슬을 가졌을 뿐 늪이나 나희와의 직접적 연관성은 상대적으로 약하다. 따라서 살인자일 가능성이 가장 높은 사람은 다온이다.

### ANSWER
B"
murder_mysteries-19,murder_mysteries,A,B,B
murder_mysteries-20,murder_mysteries,B,A,"유하는 폭탄 제조 부품 구매 기록, 화학물질 현금 구매, 놀이공원 내 작업실과 기계음, 시즌패스 소지 등 직접적인 물증과 행동 증거가 많다. 반면 서율은 민도에게 비꼬임을 당한 동기는 있지만, 설계도와 전자 부품은 소설 창작을 위한 취미로 설명되며 폭탄 제조와 직접 연결된 증거는 부족하다. 따라서 살인자일 가능성이 가장 높은 사람은 유하이다.

### ANSWER
A"
murder_mysteries-21,murder_mysteries,A,B,"서율은 시한폭탄 관련 기사 구독, 전자제품 설계와 조립에 대한 관심, 다른 사람들의 일정을 자주 묻는 행동 등 폭탄 제작과 범행 준비에 부합하는 정황이 많다. 반면 유하는 화학물질 구매를 실험용이라고 설명했고, 신비주의 관심은 직접적인 범행 동기로 보기 어렵다. 따라서 살인자일 가능성이 가장 높은 사람은 서율이다.

### ANSWER
B"
murder_mysteries-22,murder_mysteries,B,B,"시현은 비밀 결사와 관련된 도서를 소지하고 있었고, 미영이 참석한 비밀 모임에서 그녀를 목격했습니다. 또한 미영의 몸에서 발견된 상징이 비밀 결사와 연관되어 있으며, 시현은 VIP 멤버십으로 놀이공원에 출입할 수 있는 권한도 있었습니다. 반면 시환은 야구 배트와 체력 등 정황이 있지만 직접적인 동기나 비밀 결사와의 연결고리는 약합니다. 따라서 살인자일 가능성이 가장 높은 사람은 시현입니다.

### ANSWER
B"
murder_mysteries-23,murder_mysteries,A,A,"시환은 미영과 보험서를 함께 작성했고, 그녀의 집 열쇠를 보유하며 서랍까지 살펴보는 등 개인적 접근 권한이 있었습니다. 또한 야구 배트를 직접 구매했고 어릴 때부터 야구를 해온 점에서 범행 도구를 사용할 능력과 기회가 있었습니다. 반면 시현은 의심스러운 정황이 있지만 미영과의 직접적인 연관성이나 명확한 동기가 드러나지 않습니다. 따라서 살인자일 가능성이 가장 높은 사람은 시환입니다.

### ANSWER
A"
team_allocation-166,team_allocation,C,C,"세진은 엔지니어 경험이 풍부하고 기술적 전문성이 강하므로 엔지니어 역할에 적합합니다. 민재와 하영은 모두 현장 관리자 경험과 소통 능력을 갖추고 있으며, 특히 두 사람은 협업 경험이 많아 현장 관리자로 배치하는 것이 효율적입니다. 세진을 현장 관리자로 두는 것은 경험 부족과 하영과의 갈등 가능성 때문에 적합하지 않습니다.

### ANSWER
C"
team_allocation-167,team_allocation,B,B,"민수와 하영은 현장 관리 경험과 적응력이 뛰어나고 서로 협력한 성공 사례가 있으므로 현장 관리 팀에 함께 배치하는 것이 효율적입니다. 세진은 현장 돌발 상황에 스트레스를 받고 혼란을 겪으므로 현장보다는 설계 팀에 두는 편이 낫습니다. 또한 민수와 세진은 갈등 관계이므로 분리하는 것이 바람직합니다. 따라서 설계 팀에 세진, 현장 관리 팀에 민수와 하영을 배정하는 것이 최선입니다.

### ANSWER
B"
team_allocation-168,team_allocation,C,C,"서준은 교육 콘텐츠 개발 경험과 체계적 정리 능력이 뛰어나므로 교육 콘텐츠 개발자 역할에 가장 적합하다. 반면 지민과 혜진은 사람들과의 소통과 설득, 홍보 능력이 뛰어나므로 홍보 전문가 역할에 적합하다. 따라서 서준을 교육 콘텐츠 개발자로, 지민과 혜진을 홍보 전문가로 배정하는 것이 효율적이다.

### ANSWER
C"
team_allocation-169,team_allocation,B,B,"소영은 데이터 분석과 조사에 강점이 있어 리서치 팀에 적합하고, 미나와 태현은 창의적 마케팅 능력과 협력 경험이 있어 마케팅 팀에 잘 어울린다. 또한 미나와 소영, 태현과 소영의 갈등 이력을 피하려면 소영을 리서치 팀에 단독 배치하는 것이 바람직하다. 미나와 태현은 과거 성공적인 협력 경험이 있어 한 팀에서 조화를 이룰 수 있다. 따라서 두 업무의 효율성과 팀 화합을 모두 고려할 때 B안이 가장 적절하다.

### ANSWER
B"
team_allocation-170,team_allocation,B,B,"지훈은 제품 소싱에 강점이 있고 고객 서비스에 약점이므로 제품 소싱 팀에 배치하는 것이 적합하다. 서윤은 고객 서비스에 강점이 있고 소싱에 약점이므로 고객 서비스 팀에 배치하는 것이 적합하다. 민재는 두 분야 모두 약점을 보이므로 핵심 역할보다는 보조 역할로 서윤과 함께 고객 서비스 팀에 두는 것이 낫다. 따라서 B가 가장 효율적인 배치이다.

### ANSWER
B"
team_allocation-171,team_allocation,A,A,"Taehoon has the strongest background for service planning with his economics degree and relevant project experience, while his discomfort with face-to-face interaction makes him a poor fit for customer support. Sujin and Minjae both show significant weaknesses in planning, so placing either of them in service planning would be inefficient. Although neither Sujin nor Minjae is ideal for customer support, keeping Taehoon in his area of strength is the most sensible allocation. The other options place clearly unqualified planners in the planning role, making them worse choices.

### ANSWER
A"
team_allocation-172,team_allocation,C,C,"### ANSWER
C"
team_allocation-173,team_allocation,C,B,"지민은 분석력과 기술적 집중력이 뛰어나므로 연구 개발에 가장 적합하다. 도윤은 사람들과의 교류와 설득에 능숙하고 마케팅 경력이 성공적이므로 마케팅에 적합하다. 수현은 전략적 사고와 큰 그림을 보는 강점이 있어 마케팅 전략 측면에서 보조 역할을 맡을 수 있다. 도윤을 연구 개발에 배치하는 것은 기술 프로젝트에서 아쉬운 결과를 낸 점과 맞지 않다.

### ANSWER
B"
team_allocation-72,team_allocation,B,B,"동찬은 마케팅 캠페인과 설득력 있는 프레젠테이션에 강점이 있으므로 마케팅 팀에 배치해야 합니다. 민지는 동찬과의 협업이 긍정적이었으므로 같은 마케팅 팀에 두는 것이 좋습니다. 수현은 분석력과 꼼꼼함이 강점이지만 마케팅 스트레스에 약하고 동찬과 갈등 이력이 있으므로 강의 제작 팀에 배치하는 것이 적합합니다. 따라서 B가 최적의 배치입니다.

### ANSWER
B"
team_allocation-73,team_allocation,A,A,"수진은 복잡한 계약 관리와 명확한 의사소통 능력이 있어 판매자 관리자 역할에 가장 적합하다. 반면 동혁은 고객 불만 해결과 스트레스 상황에서의 소통에 강점이 있어 고객 지원에 적합하다. 민지 역시 공감 능력과 고객 응대 능력이 뛰어나 고객 지원 담당자로 적합하다. 따라서 판매자 관리자에 수진, 고객 지원 담당자에 동혁과 민지를 배정하는 A가 가장 효율적이다.

### ANSWER
A"
team_allocation-74,team_allocation,A,A,"다은은 창의적인 요리 개발에 강점이 있지만 세부 편집에서 실수를 한 경험이 있으므로 레시피 개발자 역할이 적합합니다. 수현은 세부 사항에 주의를 기울이고 편집 경험이 뛰어나 편집자 역할에 적합합니다. 재호 역시 편집과 정확한 검토를 즐기고 수현과 협업이 원활하므로 편집자로 배치하는 것이 효율적입니다. 다은을 편집자로 두는 선택지는 적절하지 않습니다.

### ANSWER
A"
team_allocation-75,team_allocation,C,A,"다현은 요리 클래스를 성공적으로 이끈 경험과 요리에 대한 깊은 이해를 갖추고 있어 강사 팀에 가장 적합합니다. 유진은 홍보 프로젝트에서 탁월한 성과를 낸 경험과 뛰어난 소통 능력으로 홍보 팀에 적합합니다. 승훈은 대중 앞에서 요리 시연이나 질문 응대를 부담스러워하므로 강사보다는 홍보 팀에서 보조 역할을 맡는 것이 낫습니다. 따라서 강사 팀에 다현, 홍보 팀에 승훈과 유진을 배치하는 것이 가장 효율적입니다.

### ANSWER
A"
team_allocation-76,team_allocation,B,B,"수진은 레시피 개발에 강점이 있지만 사진 촬영에 약점이 있으므로 레시피 개발자로 배치하는 것이 적합하다. 민지는 사진과 요리 모두 능하지만 수진과의 갈등 이력이 있으므로, 수진과 직접 부딪히지 않으면서 영호와 협력할 수 있는 사진 촬영자로 배치하는 것이 좋다. 영호는 민지와의 협업 경험이 좋고 사진 실력이 뛰어나므로 사진 촬영자로 적합하다. 따라서 B안이 각자의 강점을 살리고 갈등 위험을 줄이는 최선의 배치이다.

### ANSWER
B"
team_allocation-77,team_allocation,B,B,"지훈은 문학 경연 대회 입상 경력이 있어 콘텐츠 제작에 가장 적합하다. 미영과 수진은 과거 협업에서 좋은 성과를 냈고 서로를 잘 보완하므로 웹 디자이너로 함께 배치하는 것이 효율적이다. 다른 선택지들은 콘텐츠 제작에 약점이 있는 인물을 배치하거나 갈등 관계를 초래할 가능성이 크다.

### ANSWER
B"
team_allocation-78,team_allocation,A,B,"지훈은 아티스트와의 협력 경험과 의견 조율 능력이 뛰어나 아티스트 관리 팀에 가장 적합합니다. 예림은 창의적인 마케팅 전략 제안 경험이 있어 마케팅 팀에 적합합니다. 서현은 갈등 상황에서 유연하지 못하고 감정 조절에 어려움이 있어 대인 중심 업무보다는 마케팅 팀에 배치하는 것이 낫습니다. 따라서 아티스트 관리 팀에 지훈, 마케팅 팀에 예림과 서현을 배치하는 것이 효율적입니다.

### ANSWER
B"
team_allocation-79,team_allocation,B,B,"수현은 멜로디 창작에 탁월한 강점이 있으므로 작곡 팀에 배치하는 것이 적절하다. 반면 영준과 다은은 과거 협업에서 성공적인 결과를 낸 전례가 있고 서로를 존중하는 관계이므로, 세부 관리와 조율이 필요한 프로듀서 팀에 함께 배치하는 것이 효율적이다. 다른 선택지들은 갈등 관계이거나 역할 적합성이 떨어진다.

### ANSWER
B"
murder_mysteries-204,murder_mysteries,A,A,"가현은 화학 재료 구매, 폭발물 제조법 검색, 전자 공학 지식과 타이머 부품 구매, 폭발물 안전 교육 이수, 과거 체포 전력 등 시한폭탄 제작과 직접 연결되는 구체적인 증거들이 다수 제시된다. 반면 태민은 공원 관리자로서 비정기적 관리와 비밀스러운 성향, 최근 지출 등이 언급되지만 폭발물과 연관된 결정적 단서는 없다. 따라서 두 용의자 중 살인자일 가능성이 가장 높은 사람은 가현이다.

### ANSWER
A"
murder_mysteries-205,murder_mysteries,B,B,"Taemin has direct involvement in designing and maintaining the rapids course, as well as access to the security system, making it easier for him to plant a bomb. His history of animal cruelty, controlling behavior, and enjoyment of others’ pain strongly aligns with the profile of a murderer. Gahyun’s suspicious actions are more circumstantial and do not connect as directly to the bombing mechanism. Thus, Taemin is the most likely suspect.

### ANSWER
B"
murder_mysteries-206,murder_mysteries,A,A,"태희는 의료 공급실 열쇠를 소지하고 주사기 사용 경험이 있어 범행 도구를 확보할 수 있었고, 담희가 자신의 컴퓨터를 사용한 일과 비밀 서랍 등 개인적 공간에 대한 단서가 언급됩니다. 또한 담희가 패러글라이딩을 즐긴다는 사실을 알고 있어 범행 장소를 예측할 수 있었습니다. 반면 호준은 상담사로서 약물 자료와 암호 기호를 보여주지만 직접적인 살인 도구나 동기는 불분명합니다. 따라서 살인자일 가능성이 가장 높은 사람은 태희입니다.

### ANSWER
A"
murder_mysteries-207,murder_mysteries,B,B,"### ANSWER
B"
murder_mysteries-208,murder_mysteries,A,B,"민규는 해솔에게 낮게 평가받았다고 느꼈고, 최근 해솔이 경쟁업체와 계약을 추진하는 등 갈등 요인이 있었으며, 사건 당일 컨디션 문제와 밤중 활동 등 정황상 범행 동기와 행동이 부각된다. 반면 시연은 장비 수리와 네트워크 언급 외에 직접적인 살인 동기가 드러나지 않는다. 따라서 살인자일 가능성이 가장 높은 사람은 민규이다.

### ANSWER
B"
murder_mysteries-209,murder_mysteries,B,B,"Mingyu has a clear motive: he felt resentment toward Haesol after his proposal was rejected and his work was harshly evaluated. He also has the means, given his experience as a driving instructor and former auto repair worker, which connects to the driver-related murder. Siyeon behaves suspiciously and gathers information, but no direct motive or method linking her to the killing is presented. Thus, Mingyu is the most likely suspect.

### ANSWER
B"
murder_mysteries-210,murder_mysteries,A,A,"희준은 기계공학 전공으로 절단기 사용법을 훈련받았고, 패러글라이딩 연구 프로젝트에서 절단기를 직접 활용한 경험이 있습니다. 또한 성렬과 같은 코스를 등록하고 대회에도 함께 출전하는 등 사건 현장과 피해자에 대한 접근성이 높았습니다. 반면 예성은 성렬과 재산 갈등이 있었지만 절단기 사용과 직접적으로 연결될 만한 기술적 단서가 제시되지 않았습니다. 따라서 절단기 살해 사건의 용의자로 가장 유력한 사람은 희준입니다.

### ANSWER
A"
murder_mysteries-211,murder_mysteries,B,B,"예성은 피해자와 이혼 후 재산 분할 다툼이 있었고, 피해자가 예성의 주식을 숨기려 했다는 법적 분쟁이 있어 명확한 살해 동기가 있다. 또한 예성은 패러글라이딩 장비 점검을 맡아 사건 현장과 장비에 접근할 수 있었다. 반면 희준은 절단기와 기계에 대한 지식은 있지만 제시된 동기가 없다. 따라서 살인자일 가능성이 가장 높은 사람은 예성이다.

### ANSWER
B"
object_placements-142,object_placements,D,D,"수현은 처음에 노트북이 책상 위에 있다는 사실을 알고 있었고, 이후 승우나 유진이 노트북을 옮기는 장면을 의식하지 못했다. 그녀는 자료 정리에 집중하며 주변 움직임을 살피지 않았기 때문에, 노트북의 마지막으로 아는 위치인 책상을 가장 먼저 확인할 것이다.

### ANSWER
D"
object_placements-143,object_placements,A,A,A
object_placements-144,object_placements,B,B,"승우는 노트북을 거실 선반으로 직접 옮겼고, 이후 유진이 책상으로 옮기는 모습을 보지 못했기 때문에 자신이 마지막으로 둔 장소를 먼저 확인할 것이다.

### ANSWER
B"
object_placements-145,object_placements,C,C,"### ANSWER
C"
object_placements-146,object_placements,D,D,"유진은 마지막에 노트북을 직접 책상으로 옮겨 놓았으므로, 자신이 둔 위치를 가장 먼저 확인할 것이다. 따라서 노트북을 찾기 위해 책상을 먼저 살펴보는 것이 자연스럽다.

### ANSWER
D"
object_placements-147,object_placements,A,A,"Initially all three knew the pen was in the drawer, but Suhyeon later moved it into her bag. Eugene was aware of Suhyeon’s nearby actions while checking preparation together, so he would know the pen is now in the bag. Thus, he would first check the bag.

### ANSWER
A"
object_placements-148,object_placements,D,D,"민아는 처음에 선물 상자가 탁자 위에 있다는 것만 알고 있었다. 성호가 상자를 옷장으로 옮길 때나 유진이 서랍으로 옮길 때 민아는 이를 보지 못했다. 따라서 민아가 마지막으로 인지한 위치는 탁자이므로, 가장 먼저 탁자를 확인할 것이다.

### ANSWER
D"
object_placements-149,object_placements,D,D,"Minah herself moved the card to the center of the table, so she knows exactly where it is. The story states that she placed it there, making the table the most logical first place to check. The other locations were not where she put the card. Therefore, the correct answer is D.

### ANSWER
D"
murder_mysteries-110,murder_mysteries,B,B,"강민은 식당 주방의 모든 도구를 관리한다고 했고, 식당에 얼음이 풍부하다고 했다. 피해자가 송곳에 찔렸다는 점에서 주방 도구나 얼음송곳을 쉽게 확보할 수 있는 강민이 범행 도구와 관련해 유력하다. 또한 강민은 사이비 종교 집회에 참석해 왔고, 영호가 남긴 문제 제기와 연결될 가능성이 있다. 한결은 질투심과 깨진 창문 등 의심스러운 정황이 있지만 직접적인 살인 도구나 현장 연관성은 약하다. 따라서 살인자일 가능성이 가장 높은 사람은 강민이다.

### ANSWER
B"
murder_mysteries-111,murder_mysteries,A,A,"제욱은 무술과 무기 사용에 능숙하고 무기 관리 책임자였으며, 원혁이 새로운 친구들과 가까워지는 것에 대해 우려와 불만을 가졌다. 또한 렌터카를 이용해 직접 리조트에 오는 등 사전 준비를 한 정황이 있다. 반면 병규는 원혁과 가까운 사이였지만 구체적인 살해 동기나 범행 수단이 제시되지 않았다. 따라서 제욱이 살인자일 가능성이 가장 높다.

### ANSWER
A"
murder_mysteries-112,murder_mysteries,B,B,"### ANSWER
B"
murder_mysteries-113,murder_mysteries,B,B,"시욱은 금속 조각가로서 철조망과 같은 금속 재료를 다루는 기술과 재료 구매 이력이 있고, 감정 기복이 심하고 충동적이며 예측 불가능한 성향이 드러난다. 반면 민준은 질투 동기는 있으나 직접적인 범행 도구나 기술과 연결된 증거가 약하다. 따라서 살인자일 가능성이 가장 높은 사람은 시욱이다.

### ANSWER
B"
murder_mysteries-114,murder_mysteries,A,A,"민준은 철조망 설치 교육을 받았고 농장과 리조트에서 철조망을 다룬 경험이 있으며, 예은에 대한 소문으로 인해 동기도 있을 수 있다. 반면 시욱은 금속 공예가이지만 철조망과 직접적인 연관성이나 뚜렷한 동기가 드러나지 않는다. 따라서 살인자일 가능성이 가장 높은 사람은 민준이다.

### ANSWER
A"
murder_mysteries-115,murder_mysteries,B,A,"기주는 다트 게임 클럽 활동과 지역 대회 우승 경력으로 다트에 능숙하며, 조울증으로 인한 충동 조절 문제와 물건을 부수거나 의자를 창밖으로 던진 폭력적 이력이 있어 살인 가능성이 높다. 반면 동훈은 유치원에서 다트를 보관할 수 있지만 살인 동기나 충동성 단서가 상대적으로 약하다. 따라서 살인자일 가능성이 가장 높은 사람은 기주이다.

### ANSWER
A"
murder_mysteries-116,murder_mysteries,A,A,"김철수 형사가 수집한 단서를 보면, 기주는 다트 대회 우승 경력이 있고 시나의 야간 근무 스케줄을 알고 있었으며, 최근 조울증 증상이 악화되어 충동 조절에 어려움을 겪고 있었습니다. 반면 동훈은 시나에 대한 호감과 유치원에서 다트를 사용한 정황이 있지만, 살인 동기나 범행 기회가 구체적으로 드러나지 않았습니다. 따라서 살인자일 가능성이 가장 높은 사람은 기주입니다.

### ANSWER
A"
murder_mysteries-117,murder_mysteries,A,B,"원찬은 낫에 대한 깊은 연구와 직접 제작 경험이 있어 범행 도구를 확보할 수 있었고, 시라가 친구의 비밀을 폭로하겠다고 했다는 동기가 있었다. 또한 숨겨진 지하실을 잠그고 아무도 들여보내지 않았다는 점은 혐의를 강화한다. 재하는 특별한 유대감을 가졌다고 했지만 명확한 동기나 범행 도구와의 연관성이 드러나지 않았다. 따라서 살인자일 가능성이 가장 높은 사람은 원찬이다.

### ANSWER
B"
team_allocation-80,team_allocation,B,B,"수지는 작곡 경험과 음악적 감각이 뛰어나므로 작곡 팀에 배치하는 것이 적합하다. 영민은 소통 능력과 프로모션 성공 경험이 있으므로 프로모션 팀에 적합하다. 다희는 아이디어는 많지만 실행력과 소통에 약점이 있으므로, 영민과 함께 프로모션 팀에서 조율받는 것이 효율적이다. 따라서 작곡 팀에 수지, 프로모션 팀에 다희와 영민을 배치하는 것이 가장 균형 잡힌 선택이다.

### ANSWER
B"
team_allocation-81,team_allocation,C,C,"수현은 작곡 능력이 가장 뛰어나므로 작곡 팀에 배치하는 것이 효율적이고, 영민은 프로듀싱 경험이 가장 풍부하므로 프로듀서 팀에 배치하는 것이 적절하다. 지호는 프로듀싱 경험이 있고 영민과의 협업이 좋았으므로 프로듀서 팀에 합류시키는 것이 좋다. 또한 수현과 지호의 갈등을 고려해 둘을 분리하는 것이 바람직하다. 따라서 작곡 팀에 수현, 프로듀서 팀에 영민과 지호를 배치하는 C가 가장 적합하다.

### ANSWER
C"
team_allocation-82,team_allocation,B,B,"### ANSWER
B"
team_allocation-83,team_allocation,C,C,"Mihye is strongest in data analysis and market research, making her the best fit for the market research team. Sujin excels at repetitive, detailed hands-on tasks, which are essential for production, while Dongwook has production management experience. Although Sujin has conflicts with both Mihye and Dongwook, placing her with Dongwook in production leverages their complementary strengths and avoids putting her in customer-facing research where she is weak. Option C assigns Mihye to market research and Dongwook/Sujin to production, aligning with each person's strengths.

### ANSWER
C"
team_allocation-84,team_allocation,B,B,"수민은 기획 경험과 창의적 문제 해결 능력이 뛰어나므로 기획 팀에 적합하고, 다영과 현우는 자원봉사 관리 경험과 협업 능력이 좋으며 서로 잘 맞으므로 자원봉사 관리 팀에 배치하는 것이 효율적이다.

### ANSWER
B"
team_allocation-85,team_allocation,B,B,"민호는 브랜드 마케팅 경험과 전략적 사고로 마케팅 팀에 적합하고, 은지는 화학 전문성과 디테일 집중력으로 제품 개발에 가장 적합합니다. 태수는 소비자 인사이트 분석 능력으로 마케팅 팀에서 기여할 수 있으며, 은지와의 충돌 가능성도 피할 수 있습니다. 따라서 제품 개발 팀에 은지, 브랜드 마케팅 팀에 민호와 태수를 배치하는 것이 가장 효율적입니다.

### ANSWER
B"
team_allocation-86,team_allocation,B,B,"민수는 웹 개발 경험과 전공이 있어 웹 개발자로 가장 적합하고, 서진은 과거 콘텐츠 제작 경험이 있어 콘텐츠 작성에 가장 적합하다. 다영은 코딩 경험이 부족하지만 민수와 협업이 좋아 웹 개발 보조로 포함될 수 있다. 따라서 서진을 콘텐츠 작성자로, 민수와 다영을 웹 개발자로 배정하는 것이 효율적이다.

### ANSWER
B"
team_allocation-87,team_allocation,A,A,"Somin is the strongest developer, so he should lead the development team. JaeHoon is the experienced test expert, and DaYe has creative UX strengths, making them the best fit for the user test team. This arrangement also separates Somin from JaeHoon, avoiding their known conflicts, and keeps Somin away from DaYe’s communication concerns. The other options place people in roles that waste their strengths or create worse collaboration problems. Therefore, the most efficient assignment is option A.

### ANSWER
A"
object_placements-236,object_placements,C,C,"Haneul initially knew the ribbon was on the shelf, but Subin moved it to the desk while Haneul was nearby and closely observing her actions. Therefore, Haneul would have seen the ribbon being moved and would look at the desk first.

### ANSWER
C"
object_placements-237,object_placements,C,C,"하늘은 선물 카드를 자신이 책상으로 옮긴 뒤, 동욱이 큰 가방으로 옮기는 것을 보지 못했다. 따라서 하늘이 가장 먼저 확인할 곳은 자신이 마지막으로 둔 책상이다.

### ANSWER
C"
object_placements-238,object_placements,C,C,"보람이는 처음에 귀걸이가 거실 탁자에 있다는 사실을 알고 있었지만, 이후 직접 귀걸기를 들어 현관 선반 위로 옮겼습니다. 따라서 현재 귀걸이의 위치를 가장 정확히 아는 사람은 보람이며, 그녀가 귀걸이를 찾으려 한다면 자신이 마지막에 둔 현관 선반을 가장 먼저 확인할 것입니다. 다른 장소들은 목걸이의 위치이거나 이동 전의 과거 위치에 해당합니다.

### ANSWER
C"
object_placements-239,object_placements,B,B,"보람은 처음에 목걸이가 침실 옷장에 있다는 정보를 알고 있었다. 혜진이 목걸이를 화장대 서랍으로 옮기는 장면을 보지 못했고, 정우가 거실 탁자로 옮기는 것도 인지하지 못했다. 따라서 보람이 가장 먼저 확인할 곳은 자신이 마지막으로 알고 있던 침실 옷장이다.

### ANSWER
B"
object_placements-240,object_placements,A,A,"정우는 귀걸이가 원래 거실 탁자에 있었다는 사실을 알고 있었고, 보람이 현관 선반으로 옮긴 장면을 보지 못했기 때문에 가장 먼저 거실 탁자를 확인할 것이다.

### ANSWER
A"
object_placements-241,object_placements,A,A,"정우는 마지막에 목걸이를 거실 탁자로 직접 옮겼으므로, 목걸이를 찾기 위해 가장 먼저 거실 탁자를 확인할 것이다.

### ANSWER
A"
object_placements-242,object_placements,A,A,"혜진은 처음에 귀걸이가 거실 탁자에 있다는 사실을 알고 있었다. 보람이 귀걸이를 현관 선반으로 옮겼지만, 혜진은 그 움직임을 보지 못했고 현관 쪽을 살펴볼 겨를도 없었다. 따라서 혜진의 기억 속 귀걸이 위치는 여전히 거실 탁자이다. 그러므로 혜진은 귀걸이를 찾기 위해 가장 먼저 거실 탁자를 확인할 것이다.

### ANSWER
A"
object_placements-243,object_placements,A,D,"### ANSWER
D"
team_allocation-174,team_allocation,C,C,"수진은 연구 개발 팀에서 어려움을 겪었으므로 데이터 분석에 더 적합하다. 민영과 수진은 좋은 시너지를 내는 관계이므로 함께 데이터 분석 팀에 배치하는 것이 효율적이다. 지훈은 기술 혁신 경험과 창의적 문제 해결 능력이 있어 연구 개발 팀에 적합하다. 또한 지훈은 민영 및 수진과 갈등 이력이 있어 분리 배치하는 것이 바람직하다. 따라서 연구 개발 팀에 지훈, 데이터 분석 팀에 민영과 수진을 배치하는 것이 가장 좋다.

### ANSWER
C"
team_allocation-175,team_allocation,A,B,"민지는 창의적 문제 해결과 연구 경험이 풍부하여 연구 개발 팀에 가장 적합합니다. 현우는 데이터 처리와 통계 분석에 능숙하므로 데이터 분석 팀의 핵심 역할을 맡아야 합니다. 지수는 전략 수립에 강점이 있지만 세부 데이터 기술이 부족하므로, 현우와 함께 데이터 분석 팀에서 전략적 방향을 보완하는 것이 효율적입니다. 따라서 연구 개발 팀원은 민지, 데이터 분석 팀원은 지수와 현우로 배정하는 것이 최선입니다.

### ANSWER
B"
team_allocation-176,team_allocation,A,A,"Sumin is best suited for content creation due to his creative strengths, while his technical weakness and conflicts make him less ideal for tech support. Jihun and Yerin both have strong technical abilities and a proven positive working relationship, making them the best tech support pair. Option B misplaces Yerin in content despite her weakness there, and Option C creates a conflicting and technically weak tech team. Thus Option A best balances strengths and teamwork.

### ANSWER
A"
team_allocation-177,team_allocation,C,C,"예은과 태호는 각각 광고·마케팅 활동과 마케팅 캠페인에서 성공 경험이 있으므로 마케터 역할에 적합합니다. 반면 지수는 소셜 미디어 전략에서 실패한 경험이 있어 마케터보다는 데이터 과학자 역할에 배치하는 것이 낫습니다. 비록 지수의 데이터 분석 경험은 부족하지만, 다른 두 사람의 마케팅 강점을 살리는 것이 전체 업무 효율에 가장 유리합니다. 따라서 데이터 과학자에 지수, 마케터에 예은과 태호를 배정하는 것이 최선입니다.

### ANSWER
C"
team_allocation-178,team_allocation,C,C,"Donghyuk and Yuri both have marketing, branding, and creative campaign experience, and they have a successful collaboration history, making them ideal for the sales strategy team. Seojin, while lacking R&D experience, has management strengths and intuition/insight that could contribute to R&D, and placing him alone avoids his conflicts with both Yuri and Donghyuk. Assigning Donghyuk or Yuri to R&D would misuse their marketing strengths and create conflict in the sales team. This arrangement ensures the sales team leverages the strongest marketing talents while the R&D team benefits from Seojin's managerial perspective without interpersonal friction.

### ANSWER
C"
team_allocation-179,team_allocation,B,B,"서윤은 운동 프로그램 개발에 강점이 있고 대인관계 갈등이 많아 개발 팀에 단독 배치하는 것이 적절하다. 지훈과 나영은 서로 협력한 경험이 좋아 함께 시설 관리 팀에 두는 것이 팀워크 측면에서 낫다. 나영은 운동 지식이 부족하므로 개발 팀에 배치하는 것은 부적절하다. 따라서 B가 가장 효율적인 배치이다.

### ANSWER
B"
team_allocation-180,team_allocation,B,B,"수민은 기획 경험이 풍부하지만 다른 사람과 갈등이 잦으므로 단독으로 여행 기획자를 맡는 것이 적절하다. 예린과 지호는 협업 시너지가 좋으므로 함께 고객 상담원으로 배치하는 것이 효율적이다. 예린의 상담 약점은 지호의 침착함과 공감 능력이 보완할 수 있다. 따라서 여행 기획자에 수민, 고객 상담원에 예린과 지호를 배치하는 것이 가장 합리적이다.

### ANSWER
B"
team_allocation-181,team_allocation,B,B,"Sejin is strongest in development and clearly weak in data analysis, so he should be assigned to the development team. Dayoung and Minjae both have excellent data analysis skills and a proven collaborative relationship, making them the best fit for the data analysis team. The other options place Sejin in data analysis or split the strong data pair, which would reduce efficiency and increase conflict. Therefore, Option B best balances strengths and teamwork.

### ANSWER
B"
object_placements-48,object_placements,D,D,"태영이는 처음에 USB가 책상에 있다는 것을 알고 있었고, 은하가 USB를 사물함으로 옮기는 장면은 보지 못했다. 이후 미래가 USB를 책상 위에 내려놓는 것을 태영이 직접 살펴보았으므로, 태영이 USB를 찾을 때 가장 먼저 확인할 곳은 책상이다.

### ANSWER
D"
object_placements-49,object_placements,B,B,"태영은 수첩을 선반에서 서랍으로 직접 옮겼기 때문에, 수첩의 현재 위치를 가장 정확히 알고 있다. 따라서 수첩을 찾기 위해 가장 먼저 확인할 곳은 서랍이다.

### ANSWER
B"
object_placements-50,object_placements,B,B,"미래는 처음에 발표 자료가 선반 위에 있다는 사실을 알고 있었다. 민재가 자료를 선반에서 책상으로 옮기는 동안 미래는 다른 친구와 이야기 중이라 그 장면을 보지 못했다. 따라서 미래가 마지막으로 인지한 발표 자료의 위치는 선반이다. 그러므로 미래는 발표 자료를 찾기 위해 가장 먼저 선반을 확인할 것이다.

### ANSWER
B"
object_placements-51,object_placements,C,D,"### ANSWER
D"
object_placements-52,object_placements,D,D,"민재는 발표 자료를 선반에서 책상으로 옮겼으며, 이후 자료의 위치를 바꾸었다는 언급이 없다. 따라서 민재가 발표 자료를 찾으려 할 때 가장 먼저 확인할 곳은 마지막으로 두었던 책상이다.

### ANSWER
D"
object_placements-53,object_placements,A,D,"민재는 처음에 스마트폰이 책상 위에 있다는 사실을 알고 있었다. 지우가 가방으로 옮기는 장면이나 미래가 주머니로 옮기는 장면을 민재가 목격했다는 직접적인 언급은 없다. 따라서 민재가 마지막으로 인지한 스마트폰의 위치는 책상이다. 그러므로 민재는 스마트폰을 찾기 위해 가장 먼저 책상을 확인할 것이다.

### ANSWER
D"
object_placements-54,object_placements,D,D,"지우는 민재가 발표 자료를 선반에서 책상으로 옮기는 모습을 지켜보았고, 민재가 무언가를 움직일 때마다 그것이 어디에 놓이는지 유심히 살폈다. 따라서 지우는 발표 자료가 책상 위에 있음을 알고 있으므로 가장 먼저 책상을 확인할 것이다. 가방이나 주머니는 스마트폰과 관련된 이동이고, 선반은 원래 위치였지만 이미 옮겨졌다. 그러므로 정답은 D이다.

### ANSWER
D"
object_placements-55,object_placements,C,C,"지우는 미래가 스마트폰을 주머니로 옮기는 모습을 마주 보며 목격했으므로, 스마트폰이 주머니에 있음을 알고 있다. 따라서 지우가 가장 먼저 확인할 곳은 주머니이다.

### ANSWER
C"
murder_mysteries-212,murder_mysteries,A,A,"지향은 피해자와 함께 비행 준비를 하며 현장에 있었고, 사업 손실로 인한 동기가 있으며, 공사 현장을 자주 방문해 쇠파이프를 구할 수 있는 조건을 갖췄다. 연주는 협박 동기와 체력이 있지만 현장 연관성은 상대적으로 약하다. 따라서 살인자일 가능성이 가장 높은 사람은 지향이다.

### ANSWER
A"
murder_mysteries-213,murder_mysteries,B,B,"연주는 물류 창고의 열쇠를 자주 소지해 쇠파이프를 구할 수 있고, 개인 트레이너로서 범행에 필요한 체력도 갖추고 있다. 지향은 알리바이 조작 가능성과 동기가 있지만, 창고 접근과 같은 구체적인 물리적 단서는 연주에게 더 강하게 연결된다. 따라서 살인자일 가능성이 가장 높은 사람은 연주이다.

### ANSWER
B"
murder_mysteries-214,murder_mysteries,A,B,"### ANSWER
B"
murder_mysteries-215,murder_mysteries,B,B,"Dahee has a clear motive: she was threatened by a scandal that Haekyung could expose, and Haekyung was known for not keeping secrets. Doyoung has the means—a legally purchased gun and shooting skills—but no apparent motive, and the suspicious car and anonymous calls suggest he may be being watched or framed. Dahee also has access to shooting and paragliding, matching the crime scene. Therefore, Dahee is the most likely murderer.

### ANSWER
B"
murder_mysteries-216,murder_mysteries,B,A,"### ANSWER
A"
murder_mysteries-217,murder_mysteries,A,A,"한결은 웨딩 플래너로서 스카프를 브랜드 이미지로 사용할 만큼 친숙하며, 하경이 엿들은 대화와 관련된 비밀이 새어나가는 것을 경계하는 모습을 보인다. 반면 지유는 스카프와 직접적인 연관성이 드러나지 않는다. 따라서 스카프를 이용한 범행에 가장 근접한 인물은 한결이다.

### ANSWER
A"
murder_mysteries-218,murder_mysteries,B,A,"해경은 폭발물 관련 서적, 화학 전공, 폭발물 제작 온라인 강의 수강, 관련 토론 참여 등 범행 수단과 직접 연결되는 정황이 풍부하다. 또한 CCTV 설치 위치를 반복적으로 묻고, 야간에 모니터 앞에서 다른 직원들을 관찰하는 등 사전 정찰 행위로 의심되는 행동을 보였다. 반면 민지는 특허 분쟁이라는 동기는 있으나 직접적인 폭발물 제작 정황이나 사전 준비 행동은 상대적으로 약하게 제시된다. 따라서 살인자일 가능성이 가장 높은 사람은 해경이다.

### ANSWER
A"
murder_mysteries-219,murder_mysteries,A,B,"민지는 화학 공학 전공과 화학 실험실 연구 보조 경험, 군사 훈련 이력 등 폭발물 제작에 필요한 지식과 기술을 갖추고 있습니다. 또한 질문에 시선을 피하고 목소리를 떨며 손톱을 물어뜯는 등 불안한 행동을 보여 범인일 가능성이 높습니다. 해경도 화학 관련 책을 구입한 점이 있지만, 민지에 비해 직접적인 폭발물 제작 역량과 군사 훈련 경험이 부족합니다. 따라서 살인자일 가능성이 가장 높은 사람은 민지입니다.

### ANSWER
B"
murder_mysteries-24,murder_mysteries,B,B,B
murder_mysteries-25,murder_mysteries,A,A,"수아는 농장에서 에어건을 사용한 경험이 있고, 도구를 다루는 데 능숙하며, 경제적 어려움과 돈에 대한 동기가 뚜렷하게 제시된다. 반면 형우는 현정에게 무시당한 불만이 있지만 살인 도구인 에어건과의 직접적 연관성은 약하다. 따라서 살인자일 가능성이 가장 높은 사람은 수아이다.

### ANSWER
A"
murder_mysteries-26,murder_mysteries,A,A,"살인 도구가 드라이버라는 점에서, 물속 작업에서 드라이버 같은 도구를 일상적으로 사용하는 세연이 결정적 단서와 연결된다. 또한 빛나가 세연의 사생활을 폭로해 세연에게 원한을 샀다는 동기가 뚜렷하다. 동욱은 빛나에 대한 집착과 수상한 행동이 있지만 직접적인 살인 도구와의 연관성은 제시되지 않았다. 따라서 살인자일 가능성이 가장 높은 사람은 세연이다.

### ANSWER
A"
murder_mysteries-27,murder_mysteries,B,B,"### ANSWER
B"
murder_mysteries-28,murder_mysteries,B,A,"민영은 동현과 같은 요가 수업을 듣고, 늪에서 조깅하며 SNS에 위치를 공유하는 등 피해자의 동선과 겹치는 정황이 많습니다. 또한 카메라 장비를 자주 구입하고, 목공예 수업을 들어 원형 톱 사용에 익숙하며, 친구에게 공구를 빌렸다는 진술은 살인 도구와 직접적으로 연결됩니다. 밤에 사람이 적을 때 산책을 즐긴다는 점도 범행 실행 가능성을 높입니다. 민정은 늪과 목공에 익숙하고 금전적 어려움이 있지만, 피해자와의 직접적인 범행 연관성은 민영보다 약합니다.

### ANSWER
A"
murder_mysteries-29,murder_mysteries,A,A,"민영은 범행 현장인 늪에서 조깅한 SNS 기록이 있고, 목공·건설 경험과 공구를 빌린 정황이 있어 원형 톱을 이용한 살인에 접근성이 높다. 또한 동현과 같은 요가 수업과 동아리 활동을 하며 가까운 관계였던 점도 유력한 근거다. 민정은 경제적 동기가 있지만 현장 및 도구 사용 정황이 상대적으로 약하다.

### ANSWER
A"
murder_mysteries-30,murder_mysteries,B,B,"도은은 도환에게 집착하고 거부당한 정황이 뚜렷하며, 병원 의료 용품 관리 체계를 파악하고 주사기 사용에 관심을 보이는 등 범행 동기와 수단을 모두 갖추고 있다. 반면 시윤은 주사기 사용 능력은 있으나 살해 동기가 분명하지 않다. 따라서 살인자일 가능성이 가장 높은 사람은 도은이다.

### ANSWER
B"
murder_mysteries-31,murder_mysteries,A,A,"시윤은 주사기 관련 물품과 의학적 지식, 약국 영수증을 갖고 있고 늪에서 10분 거리에 살며 도환과의 갈등 관계도 있어 살인에 필요한 수단과 동기를 모두 갖췄다. 반면 도은은 늪 근처 거주와 도환에 대한 집착이 드러나지만 직접적인 범행 도구나 의학적 능력은 제시되지 않았다. 따라서 시윤이 살인자일 가능성이 가장 높다.

### ANSWER
A"
object_placements-150,object_placements,C,C,"성호는 선물 상자를 처음에 옷장으로 옮겼으며, 이후 유진이 상자를 서랍으로 옮기는 장면을 성호가 보지 못했다. 따라서 성호가 기억하는 선물 상자의 마지막 위치는 옷장이다. 그러므로 성호는 선물 상자를 찾기 위해 가장 먼저 옷장을 확인할 것이다.

### ANSWER
C"
object_placements-151,object_placements,A,A,"### ANSWER
A"
object_placements-152,object_placements,B,B,"### ANSWER
B"
object_placements-153,object_placements,A,A,"유진이는 민아가 카드를 탁자로 옮기는 모습을 보지 못했기 때문에, 카드가 여전히 가방 안에 있다고 생각할 것이다. 따라서 카드를 찾기 위해 가장 먼저 가방을 확인할 가능성이 높다.

### ANSWER
A"
object_placements-154,object_placements,C,C,"세나는 처음에 마스크가 침대 옆 테이블에 있다는 정보를 알고 있었고, 현수가 마스크를 배낭으로 옮긴 것을 보지 못했다. 이후에도 세나는 봉사자 문의와 자료 확인에 집중해 위치 변화를 알지 못했다. 따라서 세나가 마스크를 찾기 위해 가장 먼저 확인할 곳은 침대 옆 테이블이다.

### ANSWER
C"
object_placements-155,object_placements,D,D,"Sena initially knew the volunteer certificate was in the desk drawer, but she herself later moved it to the front hallway shelf. After that, Eunji moved it into the backpack, yet Sena was busy answering inquiries and looking down, so she did not see this change. Therefore, Sena would first check the front hallway shelf where she last placed the certificate.

### ANSWER
D"
object_placements-156,object_placements,A,A,"은지가 마지막에 배낭 안에 마스크가 들어 있음을 직접 확인했기 때문에, 마스크를 찾으러 갈 때 가장 먼저 배낭을 확인할 것이다. 다른 장소들은 처음 위치나 봉사증과 관련된 위치일 뿐이다.

### ANSWER
A"
object_placements-157,object_placements,A,B,"### ANSWER
B"
murder_mysteries-118,murder_mysteries,B,B,"원찬은 시라가 친한 친구를 위협하자 그를 보호하려는 강한 동기를 가지고 있으며, 연극 소품으로 낫을 사용하고 직접 제작할 정도로 낫에 능숙하다. 반면 재하는 시라와의 관계에서 섭섭함을 느끼지만 살해 도구인 낫과의 직접적 연관성은 드러나지 않는다. 따라서 살인자일 가능성이 가장 높은 사람은 원찬이다.

### ANSWER
B"
murder_mysteries-119,murder_mysteries,A,A,"태현은 사격 교관 출신에 대회 우승 경력이 있고, 민수의 엽총을 공유받을 수 있는 관계이며, 경제적 어려움과 유산 관련 정보 등 명확한 동기가 있다. 유연도 사격 취미와 엽총 구매 정황이 있지만 살해 동기는 상대적으로 약하다. 따라서 가장 유력한 용의자는 태현이다.

### ANSWER
A"
murder_mysteries-120,murder_mysteries,A,A,"지완은 아현과의 이혼 후 재산 분쟁과 법적 협박, 사업 실패로 인한 재정 문제 등 강력한 살해 동기를 가졌고, 창 던지기 대회 우승 경력으로 살해 도구인 창을 능숙하게 다룰 수 있다. 채아는 아현의 비판으로 인한 불만이 있지만 직접적인 범행 동기나 무기 사용 능력이 지완만큼 부각되지 않는다. 따라서 살인자일 가능성이 가장 높은 사람은 지완이다.

### ANSWER
A"
murder_mysteries-121,murder_mysteries,B,A,"지완은 창 던지기 대회 우승 경험으로 창 사용에 능숙하고, 건설 현장에서 도구를 변형하는 기술도 갖추고 있어 범행 수단과 연결된다. 또한 아현과의 재산 분쟁 및 법적 갈등이라는 뚜렷한 살해 동기가 있으며, 평소 작업복을 세탁하지 않는다는 점은 범행 후 혈흔을 숨기려 했을 가능성을 시사한다. 반면 채아는 가족의 전통과 무기 컬렉션 등 정황은 있으나 직접적인 창 사용 능력이나 구체적 범행 정황은 제시되지 않았다. 따라서 지완이 살인자일 가능성이 가장 높다.

### ANSWER
A"
murder_mysteries-122,murder_mysteries,B,B,"윤욱은 피해자가 자신의 과거를 폭로하겠다고 했다는 동기가 있지만, 수류탄을 사용할 만한 군사적 전문성이나 사전 답사 정황은 제시되지 않았다. 반면 현수는 특수부대 경험과 군사 서적 탐독, 리조트 내부 구조 파악, 주변 탐색 등 수류탄을 이용한 범행에 필요한 수단과 준비 과정을 갖췄다. 또한 가족의 희귀병 치료비 마련을 위해 고액 의뢰를 받았을 가능성도 있다. 따라서 살인자일 가능성이 가장 높은 사람은 현수다.

### ANSWER
B"
murder_mysteries-123,murder_mysteries,A,A,"윤욱은 군사 아카데미 졸업자로서 군사 용어와 전략에 능통하고, 형이 군수 물자를 다루는 일을 하는 등 폭발물에 접근할 수 있는 배경을 가지고 있다. 또한 피해자 영규가 윤욱의 과거를 협박했다는 진술이 있어 살해 동기가 분명하다. 반면 현수는 재정적 어려움과 가족 병환 등이 언급되지만 살인과 직접 연결될 만한 군사적 배경이나 명확한 동기는 부족하다. 따라서 살인자일 가능성이 가장 높은 사람은 윤욱이다.

### ANSWER
A"
murder_mysteries-124,murder_mysteries,B,B,"Both suspects have motives and access to crossbows, but Byeongjun had a direct opportunity: he regularly met Yeonggyu at a cooking class, and the murder occurred in a kitchen. He also recently purchased a crossbow online and practiced archery, giving him both means and skill. Dayeon had a crossbow and motive, but no specific connection to the kitchen or the victim at the time of the murder. Therefore, Byeongjun is the most likely suspect.

### ANSWER
B"
murder_mysteries-125,murder_mysteries,A,A,"다연은 살해된 영규와 주방에서 함께 있었고, 영규가 자신의 개인 이메일을 해킹했다는 동기가 있었다. 또한 갬블 이벤트에서 받은 석궁을 아무도 모르게 가져갔다고 직접 시인했으며, 이는 범행 도구와 기회를 모두 가졌음을 보여준다. 병준은 석궁 구매와 사격 실력 등 의심스러운 점이 있지만, 명확한 살해 동기가 드러나지 않는다. 따라서 살인자일 가능성이 가장 높은 사람은 다연이다.

### ANSWER
A"
murder_mysteries-32,murder_mysteries,A,B,"하윤은 다빈이 동생을 불법 활동에 연루시키겠다고 위협했다는 소문이 있었고, 동생을 보호하려는 강한 동기가 있었다. 또한 사건 당일 카메라 위치를 유난히 신경 쓰고 주위를 살피는 등 범행 후 증거 인멸을 위한 행동으로 보이는 정황이 포착된다. 반면 세원은 무거운 방망이를 실험 도구로 보유하고 있지만 직접적인 살해 동기나 사건 현장과의 연관성은 상대적으로 약하다. 따라서 살인자일 가능성이 가장 높은 사람은 하윤이다.

### ANSWER
B"
murder_mysteries-33,murder_mysteries,B,A,"세원은 살인 도구인 무거운 방망이를 연구실에 보유하고 있었고, 이를 다룰 훈련을 받았다고 직접 언급했다. 또한 그는 실험 중 감정에 휘둘려 경계선을 넘은 적이 있다고 인정하며 충동적이고 위험한 면모를 드러냈다. 하윤은 도박 빚과 가족 관련 동기가 있지만, 구체적으로 살인 도구와 직접 연결되는 증거는 약하다. 따라서 물리적 증거와 행동 패턴을 고려할 때 세원이 살인자일 가능성이 가장 높다.

### ANSWER
A"
murder_mysteries-34,murder_mysteries,B,A,"### ANSWER
A"
murder_mysteries-35,murder_mysteries,A,A,"다희는 사격장 훈련, 총기 동호회 활동, 공군 조종사로서의 무기 사용 훈련 등 소총 살인에 필요한 직접적인 능력을 갖추고 있습니다. 또한 다현의 일정을 관리할 정도로 깊은 개인 정보 접근 권한을 가졌고, 대화에서 주도권을 잡으려는 통제적인 성향도 드러났습니다. 반면 윤욱은 재정적 불만과 같은 동기는 있지만 총기 사용 능력이나 범행 수단과 직접 연결된 정황은 상대적으로 약합니다. 따라서 소총 범행에 가장 부합하는 인물은 다희입니다.

### ANSWER
A"
murder_mysteries-36,murder_mysteries,A,A,"도하는 공연 준비에서 삼절곤을 직접 다루었고, 시현이 자신의 과거 실수를 동료들에게 알렸다는 사실에 대해 평판이 손상될까 봐 두려워했다는 진술이 결정적이다. 이는 살해 동기와 범행 도구 사용 가능성을 모두 설명한다. 반면 재형은 무술 수련과 블로그 습관 등이 언급되지만 직접적인 동기는 드러나지 않는다. 따라서 살인자일 가능성이 가장 높은 사람은 도하이다.

### ANSWER
A"
murder_mysteries-37,murder_mysteries,B,B,"시현은 재형의 일기를 발견했고, 그 일기에는 재형의 사회적 평판을 무너뜨릴 중대한 비밀이 있었습니다. 또한 재형은 전통 무술에 능한 스님이며 삼절곤을 다룰 수 있는 인물입니다. 반면 도하는 삼절곤 사용에 능숙하지만 시현과 직접적인 갈등이나 살해 동기가 제시되지 않았습니다. 따라서 살인자일 가능성이 가장 높은 사람은 재형입니다.

### ANSWER
B"
murder_mysteries-38,murder_mysteries,B,B,"진호는 조리용 토치를 일상적으로 다루는 파티시에로서 범행 도구 사용에 익숙하고, 도준의 일정과 비밀번호 교체 작업에 관여해 접근 기회도 있었다. 또한 도준의 폭력적이고 압박적인 성향으로 인해 강한 스트레스와 동기를 가졌을 것으로 보인다. 솔비는 불안한 행동을 보이지만 직접적인 범행 동기나 도구 사용 능력이 상대적으로 약하다. 따라서 살인자일 가능성이 가장 높은 사람은 진호이다.

### ANSWER
B"
murder_mysteries-39,murder_mysteries,A,A,"솔비는 요리 전문가로서 조리용 토치에 접근할 수 있고, 지하 벙커의 멤버로서 도준과 그곳에서 개인적인 모임을 가졌다는 점이 결정적 단서입니다. 진호는 도준의 일정을 알았지만 벙커 접근성이나 조리 도구 사용과 직접적인 연관성이 약합니다. 따라서 살인자일 가능성이 가장 높은 사람은 솔비입니다.

### ANSWER
A"
team_allocation-88,team_allocation,B,C,"나연은 트레이너로서 가장 뛰어난 자격과 전공을 갖추었고, 재호는 마케팅 경험과 커뮤니케이션 능력이 뛰어나 마케터로 적합하다. 수현은 마케팅에 대한 두려움이 있으므로 마케터보다는 보조적인 역할이 적절하지만, 선택지 중에서는 C가 핵심 인물들의 강점을 가장 잘 살린다. A와 B는 약점이 있는 인물을 주요 업무에 배치하여 효율성이 떨어진다. 따라서 C가 가장 합리적인 배정이다.

### ANSWER
C"
team_allocation-89,team_allocation,A,A,"수민은 의료 학위와 병원 근무 경험이 있어 의료 전문가 역할에 가장 적합합니다. 하영은 마케팅 학위와 성공적인 캠페인 경험을 갖추고 있어 마케팅 전문가로 적합합니다. 도현은 의료와 마케팅 모두 전문성이 부족하지만, 마케팅 팀에 하영이 있으므로 전체 효율성을 고려할 때 A안이 가장 합리적입니다.

### ANSWER
A"
team_allocation-90,team_allocation,A,A,"지영은 고객과의 직접 대면에 불편함을 느끼므로 고객 서비스 담당자보다는 운동 프로그램 개발자 역할이 적합하다. 반면 다연과 승현은 모두 뛰어난 대인 관계 기술과 고객 응대 경험을 갖추고 있어 고객 서비스 담당자로 적합하다. 따라서 지영을 개발자로, 다연과 승현을 고객 서비스에 배치하는 것이 두 업무를 효율적으로 수행할 수 있는 최선의 조합이다.

### ANSWER
A"
team_allocation-91,team_allocation,A,A,"세진은 고객 응대에 강점이 있고 시설 관리에 약하므로 고객 서비스 팀에 적합하다. 아름은 기계 문제 해결 능력이 뛰어나지만 대인 소통에 약하므로 시설 관리 팀에 적합하다. 민수는 두 분야 모두 약점이 많지만, 고객 서비스보다는 시설 관리 쪽에서 아름의 보조 역할을 하는 것이 낫다. 따라서 A안이 각자의 강점을 살리고 약점을 최소화하는 최적의 배치이다.

### ANSWER
A"
team_allocation-92,team_allocation,A,A,"서진은 환경 정책 전문 지식과 분석 경험이 있어 정책 연구에 가장 적합합니다. 나영과 민수는 창의적 콘텐츠 제작과 소셜 미디어 캠페인 경험이 있어 커뮤니케이션 팀에 적합하며, 두 사람은 협업 경험도 좋습니다. 따라서 정책 연구는 서진이, 커뮤니케이션은 나영과 민수가 맡는 것이 효율적입니다.

### ANSWER
A"
team_allocation-93,team_allocation,A,A,"다영과 진우는 과거 협업에서 긍정적인 성과를 냈고 서로의 아이디어를 존중하는 관계이므로 함께 배치하는 것이 효율적입니다. 반면 서현은 다영과 자주 충돌하고 진우도 서현의 직설적 피드백을 잘 받아들이지 못하므로 서현과 다른 두 사람을 같은 역할로 묶는 것은 피해야 합니다. 따라서 다영과 진우를 UX 디자이너로 함께 배치하고, 서현을 콘텐츠 제작자로 배정하는 것이 관계적 측면에서 가장 적절합니다.

### ANSWER
A"
team_allocation-94,team_allocation,B,A,"### ANSWER
A"
team_allocation-95,team_allocation,A,A,"지안은 사용자 피드백 분석과 디자인 감각이 뛰어나 사용자 피드백 팀에 적합하다. 도영과 수민은 모두 뛰어난 개발 능력을 갖추고 있으며, 특히 두 사람은 이전에 좋은 팀워크를 보였으므로 개발 팀에 함께 배치하는 것이 효율적이다. 또한 지안과 도영은 업무 스타일 차이로 갈등이 잦았기 때문에 분리하는 것이 바람직하다. 수민은 사용자 소통보다 기술적 능력에 강점이 있으므로 개발 팀이 맞다. 따라서 사용자 피드백 팀에 지안, 개발 팀에 도영과 수민을 배치하는 것이 가장 적절하다.

### ANSWER
A"
object_placements-244,object_placements,D,D,"정훈이는 처음에 펜이 책장에 있었지만 이후에 직접 펜을 탁자로 옮겼다. 따라서 펜을 찾으려면 자신이 옮긴 최종 위치인 탁자를 가장 먼저 확인하는 것이 자연스럽다. 다른 장소들은 펜의 현재 위치와 관련이 없다.

### ANSWER
D"
object_placements-245,object_placements,D,D,"### ANSWER
D"
object_placements-246,object_placements,C,C,"Jimin initially knew the pen was on the bookshelf. While Jung-hoon moved it to the table, Jimin was startled by a noise and looking elsewhere, so she did not see the move. Jung-hoon also moved silently, giving no auditory cue. Therefore, Jimin’s last known location for the pen is the bookshelf. The letter’s movements do not affect where the pen is. So she would first check the bookshelf.

### ANSWER
C"
object_placements-247,object_placements,A,A,"지민이는 이야기에서 편지를 가방으로 옮겼다고 명시되어 있다. 따라서 편지를 찾으려면 가장 먼저 가방을 확인하는 것이 논리적이다. 다른 장소들은 편지의 최종 위치가 아니다. 그러므로 정답은 A이다.

### ANSWER
A"
object_placements-248,object_placements,C,C,"혜진은 처음에 펜이 책장 위에 있다는 사실을 알고 있었다. 그 후 정훈이 펜을 탁자로 옮겼지만, 혜진은 글 내용을 정리하느라 주변을 살피지 못했다. 따라서 혜진이 펜을 찾으러 갈 때 가장 먼저 확인할 곳은 원래 위치였던 책장이다.

### ANSWER
C"
object_placements-249,object_placements,B,B,"혜진은 처음에 편지를 탁자에서 서랍으로 옮겼고, 이후 지민이 편지를 가방으로 옮기는 동안 혜진은 글 내용 정리에 집중하고 있었다. 따라서 혜진은 지민의 행동을 인지하지 못했을 가능성이 크다. 그러므로 혜진이 편지를 찾기 위해 가장 먼저 확인할 곳은 자신이 마지막으로 둔 서랍이다.

### ANSWER
B"
murder_mysteries-220,murder_mysteries,B,B,"Chanyoung had a clear motive—the victim publicly humiliated his drumming—and he had direct access to the murder weapon through weekly nunchaku training. His racing heartbeat when the detective arrived also suggests nervousness or guilt. Sohye’s self-defense classes and evasiveness are suspicious but less specifically tied to the victim or the weapon. Thus, Chanyoung is the more likely suspect.

### ANSWER
B"
murder_mysteries-221,murder_mysteries,A,B,"Chanyoung is the most likely suspect because he has direct access to the murder weapon through his weekly nunchucks martial arts training, and he had a clear motive: Yeonju publicly mocked and devalued his drumming skills in front of friends. Sohye also had a motive due to the business conflict, but there is no evidence she could use nunchucks. Chanyoung’s resentment and specific weapon training align more closely with the crime.

### ANSWER
B"
murder_mysteries-222,murder_mysteries,B,B,"Siu has formal chemical handling training, quick access to chemicals through the prop shop, and shows a callous lack of empathy by laughing at a colleague’s serious injury. These factors make him the most likely suspect.

### ANSWER
B"
murder_mysteries-223,murder_mysteries,A,A,"소민은 준우가 당국에 신고할 것이라고 말했다는 직접적인 언급이 있었고, 이는 살해 동기로 이어질 수 있습니다. 또한 그녀는 화학에 대한 깊은 열정과 와인 전문가들과의 교류를 통해 염산을 구할 수 있는 경로를 가지고 있습니다. 시우는 화학 물질 취급 교육과 소품 가게를 통한 접근 가능성이 있지만, 준우를 제거해야 할 명확한 동기가 제시되지 않았습니다. 따라서 살인자일 가능성이 가장 높은 사람은 소민입니다.

### ANSWER
A"
murder_mysteries-224,murder_mysteries,A,B,"봉준은 피해자에게 공개적으로 조롱당한 직접적인 감정적 동기가 있고, 파충류 보호센터 근무와 뱀에 대한 전문 지식으로 독극물을 이용할 수단도 갖추고 있다. 예원도 뱀에 관심이 있지만 동기는 예술적 의견 차이에 그쳐 상대적으로 약하다. 따라서 살인자일 가능성이 가장 높은 사람은 봉준이다.

### ANSWER
B"
murder_mysteries-225,murder_mysteries,B,B,"봉준은 피해자 채린이 자신의 연주를 비판하고 조롱했다는 직접적인 갈등 관계가 있었고, 뱀 독과 파충류에 대한 전문 지식과 경험을 갖추고 있어 범행 수단을 가질 수 있었다. 예원도 독성 물질에 관심이 있지만 피해자와의 직접적인 동기는 드러나지 않는다. 따라서 살인자일 가능성이 가장 높은 사람은 봉준이다.

### ANSWER
B"
murder_mysteries-226,murder_mysteries,A,A,"보미는 재윤에게 도박 빚을 갚아야 했던 경제적 동기가 있고, 어릴 때부터 부메랑을 연습해 대회에서 상을 받을 정도로 뛰어난 실력을 갖추고 있다. 또한 피트니스 센터의 일정을 자주 확인하며 요가 수업에 참석해 사건 현장과 시간대에 대한 접근성을 가진 것으로 보인다. 반면 주연은 부메랑 실력은 있지만 살해 동기가 뚜렷하지 않고, 손에 흉터가 있어 이를 숨기려는 행동만이 부각된다. 따라서 여러 정황상 보미가 살인자일 가능성이 가장 높다.

### ANSWER
A"
murder_mysteries-227,murder_mysteries,B,B,"### ANSWER
B"
object_placements-56,object_placements,C,C,"### ANSWER
C"
object_placements-57,object_placements,B,B,"민재는 카메라를 탁자로 옮겼다가, 지영이 그 카메라를 서랍에 넣는 것을 목격했다. 당시 민재는 주변 상황에 신경을 쓰고 있었으므로 카메라의 위치를 알고 있다. 따라서 카메라를 찾기 위해 가장 먼저 확인할 곳은 서랍이다.

### ANSWER
B"
object_placements-58,object_placements,A,A,A
object_placements-59,object_placements,B,B,"준호는 처음에 카메라가 가방에 있음을 알고 있었지만, 이후 민재가 카메라를 탁자로 옮겼고 지영이 그 카메라를 서랍에 넣었다. 이야기에서 준호는 지영의 움직임에 집중하며 가까이 있었다고 하므로, 그가 카메라의 위치 변화를 인지했을 가능성이 높다. 따라서 카메라를 찾을 때 가장 먼저 서랍을 확인할 것이다.

### ANSWER
B"
object_placements-60,object_placements,C,C,"지영이는 처음에 수첩이 책장에 있다는 것을 알고 있었다. 이후 준호가 수첩을 책장에서 가방으로 옮겼지만, 지영이는 일정 확인에 몰두해 주변을 살피지 않았다. 따라서 지영이는 수첩이 여전히 책장에 있을 것이라고 생각할 것이다. 그러므로 지영이가 가장 먼저 확인할 곳은 책장이다.

### ANSWER
C"
object_placements-61,object_placements,B,B,"The camera was initially in the bag, then moved to the table, and finally placed in the drawer by Jiyeong herself. Since Jiyeong is the one who put the camera in the drawer, she would remember this action and check there first. The other locations are no longer relevant because she directly handled the camera's final placement. Therefore, the most logical first place for Jiyeong to look is the drawer.

### ANSWER
B"
object_placements-62,object_placements,D,D,"민철은 마지막에 선반 위에 있던 USB를 집어 콘솔 본체 쪽으로 옮겼다. 따라서 USB의 마지막 위치는 콘솔 본체 근처이다. 다른 장소들은 USB가 있던 곳이 아니거나 게임 패드와 관련된 곳이다. 민철이 USB를 찾으려면 가장 먼저 콘솔 본체를 확인하는 것이 자연스럽다.

### ANSWER
D"
object_placements-63,object_placements,C,C,"민철은 게임 패드가 원래 방 안 서랍에 있다는 정보를 알고 있었으며, 현수가 그것을 거실 탁자로 옮기는 장면을 직접 보지 못했다. 따라서 게임 패드를 찾기 위해 가장 먼저 확인할 곳은 자신이 알고 있는 원래 위치인 방 안 서랍이다.

### ANSWER
C"
team_allocation-182,team_allocation,C,C,"은수는 프론트엔드에서 검증된 강점을 가졌으므로 프론트엔드 개발을 맡기는 것이 효율적이다. 서연은 UI 구현 실패 경험이 있어 프론트엔드보다는 협업이 중요한 역할에 적합하다. 지훈과 서연은 성공적인 협업 이력이 있으므로 함께 SEO 전략을 맡기는 것이 갈등을 줄이고 팀워크를 활용할 수 있다. 따라서 각자의 강점을 살리고 약점을 보완하는 배치는 C이다.

### ANSWER
C"
team_allocation-183,team_allocation,C,B,"Seoyoung is best suited for product development because of her technical expertise and preference for detailed, independent work. Minjae is best suited for customer support because of his strong communication skills and experience resolving customer complaints. Jihoon, while technically capable, struggles with communication, so placing him in support is less ideal but necessary in the given options. Option B places the two strongest people in their optimal roles, making it the most efficient assignment.

### ANSWER
B"
team_allocation-184,team_allocation,A,A,"Juhyun prefers independent work and has strong analytical skills, making her best suited for the research team. Subin excels at leading clinical trials, teamwork, and collaboration, so she belongs in the clinical trial team. Kyungmin has deep understanding of clinical trial processes and regulations and enjoys collaboration, making him a strong fit alongside Subin. Option A places Juhyun in research and both Subin and Kyungmin in clinical trials, aligning strengths with task demands. Options B and C misplace Juhyun in clinical trials despite her difficulty with teamwork, reducing efficiency.

### ANSWER
A"
team_allocation-185,team_allocation,C,C,"수민은 교육학 전공과 교육 콘텐츠 개발 경험이 있어 콘텐츠 개발자로 가장 적합하다. 반면 지현은 창의적 아이디어에 부족함이 있고, 동우는 콘텐츠 개발 일정 준수에 어려움을 겪었으므로 개발자로는 부적합하다. 평가 업무는 숫자와 통계를 다루는 일인데 수민은 이를 싫어하고 스트레스를 받았으므로 평가 담당으로 적합하지 않다. 따라서 수민을 교육 콘텐츠 개발자로, 동우와 지현을 평가 담당자로 배치하는 것이 가장 효율적이다.

### ANSWER
C"
team_allocation-186,team_allocation,A,A,"세현은 자원봉사자들과의 신뢰와 협력 경험이 뛰어나고 규칙적인 업무를 선호하므로 자원봉사자 관리에 적합합니다. 반면 다영과 민지는 창의적 문제 해결과 기획 프로젝트 성공 경험이 풍부하여 프로그램 기획 팀에 배치하는 것이 효율적입니다. 세현을 기획 팀에 두면 혼란을 겪을 수 있고, 다영이나 민지를 관리 팀에 두면 그들의 기획 역량이 낭비될 수 있습니다. 따라서 두 업무가 모두 효율적으로 수행되려면 세현을 관리 팀에, 다영과 민지를 기획 팀에 배정하는 것이 최선입니다.

### ANSWER
A"
team_allocation-187,team_allocation,B,B,"수미는 프론트엔드 개발 능력이 가장 뛰어나므로 프론트엔드 개발자로 배치하는 것이 적절하다. 민아는 QA 업무에서 뛰어난 성과를 보였으므로 QA 엔지니어로 배치하는 것이 효율적이다. 경준은 QA를 지루해하고 세부적인 오류 발견에 약하지만, 민아와 협업 경험이 좋고 의견이 잘 맞으므로 QA 팀에 포함시키는 것이 낫다. 반면 A안은 수미를 QA로 두어 실수 가능성이 크고, C안은 민아를 프론트엔드에 두어 개발 오류 위험이 크다. 따라서 B안이 두 업무를 모두 고려한 최선의 선택이다.

### ANSWER
B"
team_allocation-188,team_allocation,C,C,"수진은 심리학 전공과 사용자 인터뷰 경험으로 사용자 연구에 가장 적합하며, 기술 개발에는 프로그래밍 능력이 뛰어난 명호와 다영이 적합합니다. 명호와 다영의 갈등 우려가 있지만, 다른 선택지들은 수진을 기술 개발에 배치하여 핵심 강점을 활용하지 못합니다. 따라서 각자의 전문성을 최대한 살리는 C안이 가장 효율적입니다.

### ANSWER
C"
team_allocation-189,team_allocation,A,A,"서진은 UI 설계 공모전 수상과 사용자 행동 분석 경험으로 UX 디자이너에 적합하며, 가영과 민수는 협업 경험이 좋고 백엔드 역량을 갖추고 있어 함께 배치하는 것이 효율적입니다. 민수는 시각 디자인과 사용자 피드백 반영에 약점이 있어 UX보다는 백엔드가 적합합니다. 또한 서진과 가영의 갈등 가능성을 고려할 때 A안이 가장 균형 잡힌 선택입니다.

### ANSWER
A"
murder_mysteries-40,murder_mysteries,A,B,"윤성은 피해자가 자신의 클럽에 대해 부정적인 평가를 했다는 사실에 불만을 가졌고, 이는 평판과 매출을 중시하는 그에게 강한 살해 동기가 된다. 또한 사건 당일 동물원에 있었다는 목격담이 있으며, 대화 중 잠시 멈칫하는 등 의심스러운 반응을 보였다. 영규는 석궁 제작 재료를 가질 수 있지만 직접적인 살해 동기는 약하다. 따라서 살인자일 가능성이 가장 높은 사람은 윤성이다.

### ANSWER
B"
murder_mysteries-41,murder_mysteries,B,B,"윤성은 석궁과 양궁을 오래 해왔고 지역 석궁 클럽 회원이며 클럽 이벤트 장비 조달을 담당하는 등 석궁 사용에 직접적인 관련이 있습니다. 또한 피해자가 자신의 클럽 평판에 나쁜 영향을 줄 수 있는 말을 했다는 소문이 있어 살해 동기도 분명합니다. 영규는 경제적 어려움과 동물원 관련성이 있지만 석궁 범행과 직접적으로 연결될 만한 단서가 부족합니다. 따라서 살인자일 가능성이 가장 높은 사람은 윤성입니다.

### ANSWER
B"
murder_mysteries-42,murder_mysteries,A,A,"### ANSWER
A"
murder_mysteries-43,murder_mysteries,B,B,"은진은 폭죽을 여러 번 구매했고 폭죽 사고 다큐멘터리에 관심을 보였으며, 지안이 그녀의 불법 거래를 목격했다는 정황이 제시된다. 반면 서아는 동기나 불만은 있을 수 있지만 폭죽과 직접 연결되는 결정적 단서가 부족하다. 따라서 살인자일 가능성이 가장 높은 사람은 은진이다.

### ANSWER
B"
murder_mysteries-44,murder_mysteries,A,A,"아연은 뱀에 대한 깊은 관심과 연구 경험, 독성 물질 관련 수강 이력, 뱀 연구소 실험 보조 경력 등 살인 수단인 뱀독을 활용할 수 있는 전문성을 갖추고 있습니다. 또한 사건 전날 밤 동원의 집 근처에 차량이 포착되었고 파티 후에도 남아 있었던 점 등 행동적 정황이 일치합니다. 채아는 보안 시스템과 관련된 정황이 있지만 뱀독 살인과 직접 연결될 만한 결정적 단서는 부족합니다. 따라서 살인자일 가능성이 가장 높은 사람은 아연입니다.

### ANSWER
A"
murder_mysteries-45,murder_mysteries,B,B,"채아는 접근이 제한된 지하 벙커에 출입할 수 있는 소수 인물이며, 생물학 지식과 동물 행동 연구 경험, 동물을 다루는 능력을 갖추고 있다. 또한 피해자 동원이 채아가 속한 종교 모임을 공개적으로 비판하고 조롱했다는 점에서 명확한 범행 동기가 있다. 반면 아연은 뱀과 독성에 대한 지식이 있지만 벙커 접근 권한이나 피해자와의 직접적인 갈등이 뚜렷하지 않다. 따라서 살인자일 가능성이 가장 높은 사람은 채아이다.

### ANSWER
B"
murder_mysteries-46,murder_mysteries,B,A,"병규는 망치를 사용하는 벌목공으로, 살인 도구인 망치와 직접적으로 연관되어 있습니다. 또한 그는 얼굴을 가리는 모자를 쓰고 개인 정보를 철저히 숨기며 변장을 선호하는 등 매우 은밀한 행동을 보입니다. 동찬이 국제 스파이 활동을 폭로하려 했다는 점과 병규가 해외 단체와 비밀 회담에 참석했다는 소문은 그에게 강한 동기를 부여합니다. 반면 소혜는 공구 대여점과 건축 프로젝트 관련 의혹이 있지만 직접적인 살인 정황은 병규보다 약합니다. 따라서 살인자일 가능성이 가장 높은 사람은 병규입니다.

### ANSWER
A"
murder_mysteries-47,murder_mysteries,A,A,"병규는 갯벌에서 망치를 사용하며 자원을 수집해 왔고, 갯벌 지형에 밝아 범행 현장에 접근하기 쉬웠다. 또한 동찬이 조사하던 국제 스파이 활동과 관련된 비밀 회담에 참석한 정황이 있어 살해 동기가 뚜렷하다. 반면 소혜는 공구 대여점과 체력이 단서로 제시되지만, 직접적인 범행 동기나 현장 연관성은 상대적으로 약하다. 따라서 살인자일 가능성이 가장 높은 사람은 병규이다.

### ANSWER
A"
murder_mysteries-126,murder_mysteries,A,A,A
murder_mysteries-127,murder_mysteries,B,A,"예성은 작업장에 고기 손질용 도끼를 보유하고 있어 범행 도구와 직접적으로 연결되며, 사건에 대해 이야기할 때마다 일관되지 않고 새로운 인물과 배경을 추가하는 모습은 거짓말을 시사한다. 반면 예슬은 며느리와 배우자의 관계를 목격했다는 동기적 정황이 있지만, 살인 도구를 보유했다는 직접적 증거는 제시되지 않았다. 또한 예성은 영은과 가까워졌다고 말하며 관계를 과장하거나 숨기는 듯한 인상을 준다. 따라서 종합적으로 볼 때 예성이 살인자일 가능성이 가장 높다.

### ANSWER
A"
murder_mysteries-128,murder_mysteries,B,B,"예린은 전통 도구에 관심이 많아 박람회에서 다양한 전통 도구를 구매했고, 이는 범행 도구인 버들낫과 연결됩니다. 또한 지민이 예린에게 반복적으로 불안과 두려움을 조장하고 협박 편지를 보내는 등 정서적 고통을 준 점이 강한 살해 동기가 됩니다. 윤태는 서바이벌 훈련을 받았지만 전통 도구와의 관련성이 약하고 명확한 동기가 드러나지 않습니다. 따라서 살인자일 가능성이 가장 높은 사람은 예린입니다.

### ANSWER
B"
murder_mysteries-129,murder_mysteries,A,B,"윤태는 영화관에 자주 드나들었고 장비와 서바이벌 훈련 같은 정황이 있지만 직접적인 동기는 드러나지 않는다. 반면 예린은 지민에게 반복적인 협박과 강압적 행동을 당해 감정적으로 불안정해졌고, 사건 당일 지민과 영화관에 함께 있었다. 또한 그녀는 범죄와 미스터리에 대한 관심도 보였다. 이러한 동기와 기회, 정서적 상태를 고려할 때 예린이 살인자일 가능성이 가장 높다.

### ANSWER
B"
murder_mysteries-130,murder_mysteries,B,B,"예지는 승마장에서 정원 도구를 관리하며 호미를 포함한 도구에 접근할 수 있었고, 희영과도 승마와 영화관에서 아는 사이였다. 반면 채아는 영화 동호회 활동과 대화 엿듣기 등 의심스러운 면이 있지만 살인 도구인 호미와 직접적 연관성이 약하다. 따라서 살인 도구 사용 가능성과 피해자와의 접촉을 고려할 때 예지가 가장 유력한 용의자이다.

### ANSWER
B"
murder_mysteries-131,murder_mysteries,A,B,"예지는 희영과의 갈등, 마구간에서 발견된 희영의 흔적, 그리고 화학물질을 숨기려는 듯한 행동 등 직접적인 증거와 수상한 정황이 더 많이 드러난다. 채아는 정치인 변호 동기가 있지만 호미 사용이 정원 일로 설명되고 협조적인 태도를 보인다. 따라서 살인자일 가능성이 가장 높은 사람은 예지다.

### ANSWER
B"
murder_mysteries-132,murder_mysteries,B,B,"민성은 메카트로닉스 전문가로서 레이저 절단기를 다룰 기술적 능력이 있고, 안전 장비 규정 연수를 받아 살인 도구에 대한 지식도 있다. 또한 예소가 그의 조언을 무시하고 조롱하며 권위를 훼손한 데 대한 강한 동기가 있다. 반면 하성은 예소와 친분이 깊고 감정적으로 얽혀 있었지만, 레이저 절단기를 사용할 기술적 배경이나 직접적인 갈등 단서가 제시되지 않았다. 따라서 살인자일 가능성이 가장 높은 사람은 민성이다.

### ANSWER
B"
murder_mysteries-133,murder_mysteries,A,A,"하성은 예소와 오랜 친구 사이로 감정적으로 의지했으며, 예소가 다른 사람들과 어울린다는 사실을 알고 있어 질투 동기가 있다. 또한 레이저 절단기 프로젝트에 참여해 그 기계를 다룬 경험이 있어 살인 도구 사용이 가능하고, 카지노를 자주 방문해 현장 접근성도 있다. 반면 민성은 기계 기술과 카지노 연줄은 있지만 예소와의 직접적인 연관성이나 명확한 동기가 제시되지 않았다. 따라서 살인자일 가능성이 가장 높은 사람은 하성이다.

### ANSWER
A"
object_placements-158,object_placements,A,A,"현수는 처음에 마스크가 침대 옆 테이블에 있다고 말했지만, 이후 자신이 직접 마스크를 배낭으로 옮겼습니다. 따라서 현수는 마스크의 현재 위치를 정확히 알고 있으며, 마스크를 찾으러 갈 때 가장 먼저 배낭을 확인할 것입니다. 다른 장소들은 마스크가 있던 과거 위치이거나 봉사증과 관련된 위치입니다.

### ANSWER
A"
object_placements-159,object_placements,B,B,"Hyunsoo initially knew the volunteer certificate was in the desk drawer. He did not see Sena move it to the front hall shelf, nor did he see Eunji put it in the backpack, because he was focused on other tasks. Therefore, his belief about the certificate’s location remains the desk drawer, so he would check there first.

### ANSWER
B"
object_placements-160,object_placements,B,B,"### ANSWER
B"
object_placements-161,object_placements,C,C,"Seungwon was preoccupied with his own thoughts when Jaehyung moved the photo from the shelf to the desk, and the story notes he often misses small changes around him. He was also focused on handling the USB rather than observing the photo. Therefore, his last known belief is that the photo remains on the shelf. He would first check the shelf.

### ANSWER
C"
object_placements-162,object_placements,D,D,"Jaehyung initially knew the USB was on the desk. He was distracted when Jiyeong moved it to the bag and when Seungwon moved it to the drawer, so he did not observe either relocation. His mental model of the USB’s location would therefore still be the desk. Thus, he would first check the desk.

### ANSWER
D"
object_placements-163,object_placements,D,D,"재형은 사진을 선반에서 꺼내 책상으로 옮겼다고 했으므로, 사진을 찾을 때 가장 먼저 확인할 곳은 마지막으로 둔 책상이다. 가방과 서랍은 USB와 관련된 이동이고, 선반은 원래 위치였지만 이미 옮긴 뒤이다. 따라서 정답은 D이다.

### ANSWER
D"
object_placements-164,object_placements,A,A,"지영은 USB를 가방에 넣은 뒤, 승원이 서랍으로 옮기는 것을 보지 못했다. 따라서 지영이 USB를 찾을 때 자신이 마지막으로 둔 가방을 가장 먼저 확인할 것이다.

### ANSWER
A"
object_placements-165,object_placements,C,C,"지영은 사진이 원래 선반에 있었다는 사실을 알고 있었지만, 재형이 사진을 책상으로 옮기는 동안 주변을 살피지 못해 그 이동을 보지 못했다. 따라서 사진을 찾을 때 자신이 마지막으로 알고 있던 위치인 선반을 가장 먼저 확인할 것이다. USB의 이동이나 서랍은 사진 찾기와 직접 관련이 없다.

### ANSWER
C"
team_allocation-96,team_allocation,A,A,"지훈은 UI/UX 디자인에 가장 뛰어난 역량을 갖추고 있어 웹 디자인 팀에 배치하는 것이 적절하다. 다영은 물류 관리 프로젝트에서 성공 경험이 있고, 수민은 효율적인 작업 관리 능력이 있어 물류 관리 팀에 함께 배치하는 것이 업무 효율성을 높일 수 있다. 다른 선택지들은 웹 디자인에 부적합한 인물을 배치하므로 최선의 선택이 아니다.

### ANSWER
A"
team_allocation-97,team_allocation,A,A,"민수는 백엔드 역량이 가장 뛰어나므로 백엔드에 배치하는 것이 적합하다. 예린은 민수와 협업 경험이 좋고 코딩에 관심이 있으므로 백엔드에서 민수와 함께하는 것이 효율적이다. 서진은 UI 설계 경험이 있으므로 UX/UI를 맡는 것이 낫고, 갈등 관계인 민수·예린과 분리된다. 따라서 A안이 가장 적절하다.

### ANSWER
A"
team_allocation-98,team_allocation,C,C,"서진은 창의적 접근이 필요한 이벤트 기획에 적합하고, 예은은 미디어 관계와 언론 경험이 뛰어나므로 미디어 커버리지에 적합합니다. 태호는 체계적이고 구조화된 업무 스타일이므로 미디어 커버리지 팀에서 보완 역할을 할 수 있습니다. 따라서 각자의 강점을 살리는 배치는 C입니다.

### ANSWER
C"
team_allocation-99,team_allocation,B,C,"상민은 창의적 아이디어와 시각적 스토리텔링에 강점이 있어 스토리보드 팀에 가장 적합합니다. 도영은 소프트웨어 사용과 기술적 문제 해결에 능숙하므로 애니메이션 팀에 적합합니다. 지혜는 창의성과 기술적 측면 모두 약하지만 소통 능력이 있으므로 애니메이션 팀에서 보조 역할을 맡는 것이 효율적입니다. 따라서 상민을 스토리보드 팀에, 도영과 지혜를 애니메이션 팀에 배치하는 것이 최선입니다.

### ANSWER
C"
team_allocation-100,team_allocation,B,C,"### ANSWER
C"
team_allocation-101,team_allocation,A,A,"은지는 축구 코치 경험과 학생 소통 능력, 열정이 있어 코치 역할에 가장 적합하다. 서윤은 행정 업무 경험과 문서 작업 선호로 운영 지원에 적합하며, 태우도 계획적이고 자원 관리에 능숙해 운영 지원에 어울린다. 따라서 코치에 은지, 운영 지원에 서윤과 태우를 배정하는 것이 효율적이다.

### ANSWER
A"
team_allocation-102,team_allocation,A,A,"서진은 세부 사항 파악과 프로젝트 관리에 강점이 있지만 고객 대면 업무에 부담을 느끼므로 여행 패키지 개발 팀에 적합합니다. 미나는 고객과의 소통 능력이 뛰어나고 고객 상호작용에서 성과를 보였으므로 고객 서비스 팀에 적합합니다. 현우는 고객 대화에서 실수가 있었고 스트레스 상황에서 결정에 어려움을 겪지만, 미나와 함께 고객 서비스 팀에서 보완될 수 있습니다. 따라서 여행 패키지 개발 팀에는 서진, 고객 서비스 팀에는 미나와 현우를 배치하는 것이 가장 효율적입니다.

### ANSWER
A"
team_allocation-103,team_allocation,C,C,"지현은 창의적 아이디어 구상에 강점이 있고 조용한 환경에서 혼자 일할 때 집중하므로 강의 개발 팀에 적합하다. 동욱은 침착한 소통 능력과 꼼꼼함을 갖추고 있어 학생 관리 팀에 잘 맞는다. 수민은 체계적인 계획과 세부 집중 능력이 있어 관리 업무에 도움이 되며, 동욱이 소통을 보완할 수 있다. 반면 B안은 지현을 학생 관리에 배치해 소통 문제로 비효율적이고, A안은 관리 팀에 소통 능력이 부족하다. 따라서 C안이 두 업무를 균형 있게 수행할 수 있는 최선의 배치이다.

### ANSWER
C"
murder_mysteries-228,murder_mysteries,A,A,"성혁은 중세 무기 전문가로서 철퇴를 다룰 수 있는 지식과 접근성을 갖추고 있고, 충동 조절 문제와 부적절한 행동으로 인한 경고 이력이 있어 범행 가능성이 높다. 반면 시아는 과거 비밀이 드러날 동기는 있지만 살인 도구인 철퇴와 직접적으로 연결될 만한 정황은 약하다. 따라서 살인자일 가능성이 가장 높은 사람은 성혁이다.

### ANSWER
A"
murder_mysteries-229,murder_mysteries,B,B,"### ANSWER
B"
murder_mysteries-230,murder_mysteries,B,B,"윤성은 해양 연구 시설에서 무거운 암석 샘플을 깨부수는 등 강한 힘이 필요한 작업을 한다고 했고, 이는 쇠망치와 같은 범행 도구를 사용할 수 있는 환경을 시사한다. 또한 그는 해수욕장에서 야외 실험을 자주 했고, 피해자가 발견된 장소와 관련이 깊다. 병규는 치과의사로 전동 공구를 쓰고 철물점을 이용하지만, 쇠망치를 직접 사용할 구체적인 단서는 제시되지 않았다. 따라서 살인자일 가능성이 가장 높은 사람은 윤성이다.

### ANSWER
B"
murder_mysteries-231,murder_mysteries,A,A,"병규는 승준과 승진 경쟁 관계에 있었고, 해변 행사에서 승준과 함께 시간을 보낸 기회가 있었으며, 공구 사용에 익숙하다는 점이 살인 용의자로서 가장 유력한 근거가 된다. 윤성은 쇠망치를 보유하고 있지만 승준과의 직접적인 연관이나 동기가 드러나지 않는다.

### ANSWER
A"
murder_mysteries-232,murder_mysteries,B,B,"현철은 윤태에게 공개적으로 모욕당한 동기가 있고, 독극물 연구 커뮤니티에서 알려져 있으며 독침이 달린 펜 같은 특수 필기구를 수집하는 등 범행 수단과 지식을 갖추고 있다. 또한 해수욕장 근처에서 조깅하며 범행 장소에 접근할 기회도 있었다. 반면 재민은 화학 지식과 마술 도구를 가졌지만 윤태와의 직접적인 갈등 동기가 제시되지 않았다. 따라서 살인자일 가능성이 가장 높은 사람은 현철이다.

### ANSWER
B"
murder_mysteries-233,murder_mysteries,A,B,"현철은 독극물 연구 커뮤니티에서 활동하고 독극물 관련 논문 발표 및 안전 교육 이수 등 독극물에 대한 전문 지식을 갖추고 있습니다. 또한 특별한 필기구를 수집하고 해수욕장 근처에서 조깅하는 등 범행 도구인 독침 펜과 현장 인근에서의 연관성이 드러납니다. 반면 재민은 화학 전공이지만 독극물 전문성이나 펜 관련 단서가 부족합니다. 따라서 살인자일 가능성이 가장 높은 사람은 현철입니다.

### ANSWER
B"
murder_mysteries-234,murder_mysteries,B,B,"가희는 소방 도구 관리자로 일하며 소방도끼를 능숙하게 다룰 수 있었고, 희영이 가희에게 불리한 서류를 입수해 책임을 묻던 상황이었다. 반면 성영은 작업실과 관련된 의심스러운 정황이 있으나 살해 도구인 소방도끼와 직접 연결되지는 않는다. 따라서 살인자일 가능성이 가장 높은 사람은 가희이다.

### ANSWER
B"
murder_mysteries-235,murder_mysteries,A,A,"성영은 여름 캠프에서 소방 대원으로 활동하며 소방 도끼를 다루는 훈련을 받았고, 이는 범행 도구인 소방도끼와 직접적으로 연결됩니다. 가희는 금전적 동기가 있지만 살해 도구와 관련된 결정적 단서는 성영에게 더 강하게 드러납니다. 따라서 살인자일 가능성이 가장 높은 사람은 성영입니다.

### ANSWER
A"
object_placements-64,object_placements,A,A,"Jiu moved the USB to the TV shelf and did not see Mincheol take it from there, since she was looking away at the time. Her last known location for the USB is therefore the TV shelf. She would check there first before considering other places.

### ANSWER
A"
object_placements-65,object_placements,B,B,"지우는 현수가 게임 패드를 방 안 서랍에서 꺼내 거실 탁자 위로 옮기는 모습을 주의 깊게 살폈으므로, 게임 패드를 찾을 때 가장 먼저 거실 탁자를 확인할 것이다.

### ANSWER
B"
object_placements-66,object_placements,A,A,"현수는 지우가 USB를 콘솔 본체에서 TV 근처 선반으로 옮기는 모습을 선반 주위를 살피며 보았기 때문에, USB가 선반에 있다고 인지하고 있다. 이후 민철이 선반에서 USB를 집어 콘솔 쪽으로 옮길 때, 현수는 콘솔과 반대 방향을 보며 선 정리를 하고 있어 그 움직임을 보지 못했다. 따라서 현수가 USB를 찾기 위해 가장 먼저 확인할 곳은 마지막으로 목격한 TV 근처 선반이다.

### ANSWER
A"
object_placements-67,object_placements,B,B,"현수는 게임 패드를 방 안 서랍에서 꺼내 거실 탁자 위로 옮겼기 때문에, 게임 패드가 현재 놓인 곳은 거실 탁자입니다. 따라서 게임 패드를 찾기 위해 가장 먼저 확인할 곳은 거실 탁자입니다.

### ANSWER
B"
object_placements-68,object_placements,A,A,"### ANSWER
A"
object_placements-69,object_placements,A,C,"민규는 축하카드가 원래 선반에 있었고, 지영이 가방으로 옮기는 모습을 보지 못했기 때문에 여전히 선반에 있다고 생각한다. 따라서 축하카드를 찾기 위해 가장 먼저 선반을 확인할 것이다.

### ANSWER
C"
object_placements-70,object_placements,B,B,"보람은 졸업증서를 책상에서 서랍으로 직접 옮겼기 때문에, 자신이 마지막으로 둔 장소인 서랍을 가장 먼저 확인할 가능성이 높다. 이후 민규가 졸업증서를 가방으로 옮겼지만, 보람은 그 사실을 알지 못한다. 따라서 보람의 입장에서는 서랍이 가장 자연스러운 첫 확인 장소이다.

### ANSWER
B"
object_placements-71,object_placements,A,A,"보람은 지영이 축하카드를 가방 안으로 옮기는 모습을 계속 지켜보았다. 이후 민규가 카드를 가방 안에서 살짝 옮기기는 했지만, 카드는 여전히 가방 안에 있었다. 따라서 보람이 축하카드를 찾으려 할 때 가장 먼저 확인할 곳은 가방이다.

### ANSWER
A"
team_allocation-0,team_allocation,A,A,"도현은 사람과의 상호작용을 즐기고 긍정적인 피드백을 얻는 데 강점이 있으므로 사용자 테스트 팀에 적합합니다. 또한 민지는 도현과 협업 경험이 좋고 도현을 존경하므로 함께 배치하는 것이 효율적입니다. 서현은 사람과의 직접적인 상호작용을 불편해하지만 세부 사항에 집중하는 강점이 있어 기능 개발 팀에 적합합니다. 따라서 기능 개발 팀에 서현, 사용자 테스트 팀에 도현과 민지를 배치하는 것이 가장 균형 잡힌 선택입니다.

### ANSWER
A"
team_allocation-1,team_allocation,C,C,"경민과 서영은 모두 스토리라인 개발에 강점을 보인다. 경민은 이야기와 캐릭터 개발 경험이 풍부하고, 서영은 창의적 글쓰기와 스토리 아이디어 제안에 능하다. 반면 지훈은 두 분야 모두 경험이 부족하지만, 스토리 업무를 경민과 서영에게 맡기고 지훈을 그래픽 디자이너로 배정하는 선택이 가장 효율적이다.

### ANSWER
C"
team_allocation-2,team_allocation,A,A,"지훈은 스포츠 종목 이해도가 높고 선수 지원에 신속하므로 선수 관리에 적합하다. 서진은 관중 요구 처리에 능숙하고 민아가 조언을 잘 따르므로 관중 서비스 팀에서 민아를 보완할 수 있다. 민아는 지훈의 빠른 결정에 부담을 느끼므로 서진과 같은 팀에 배치하는 것이 낫다. 따라서 A안이 가장 효율적이다.

### ANSWER
A"
team_allocation-3,team_allocation,A,A,"수진은 시각적 창작과 미적 감각에 약점이 있지만, QA에 필요한 정확성은 더 부족합니다. 현우와 다혜는 모두 세부 사항을 잘 찾아내는 QA 능력이 뛰어납니다. 다혜는 그래픽 디자인에 명백히 부적합하고, 현우도 색상·레이아웃에 약점이 있어 그래픽 디자이너로는 적합하지 않습니다. 따라서 그래픽 디자이너는 수진, QA 테스터는 현우와 다혜가 가장 효율적입니다.

### ANSWER
A"
team_allocation-4,team_allocation,A,A,"세영은 프로그래밍 역량이 뛰어나 개발자 역할에 가장 적합하고, 다현은 사용자 피드백 분석에 강점이 있어 사용자 테스트 전문가로 적합하다. 우진은 프로그래밍에 약점이 있지만 다현과의 협업이 좋아 사용자 테스트 보조 역할을 맡을 수 있다. 따라서 A안이 가장 효율적인 배치이다.

### ANSWER
A"
team_allocation-5,team_allocation,A,A,"수현은 창의적 콘텐츠 제작에 강점이 있어 콘텐츠 팀에 적합하고, 지민은 기술 분석과 플랫폼 개선에 강점이 있어 플랫폼 팀에 적합하다. 동욱은 기술 문제 해결과 콘텐츠 제작 모두 가능하지만 수현과 과거 갈등이 있었으므로 같은 팀에 배치하지 않는 것이 좋다. 따라서 수현을 콘텐츠 팀에, 동욱과 지민을 플랫폼 팀에 배치하는 A가 가장 효율적이다.

### ANSWER
A"
team_allocation-6,team_allocation,A,A,"### ANSWER
A"
team_allocation-7,team_allocation,B,B,"Somin is the only person with strong technical and coding skills, so he should be assigned to the development team. Taeyeon and Jihyuk both have strengths in understanding and communicating with customers, making them suitable for the customer feedback team. Although Jihyuk and Taeyeon have a history of conflict, the other options place people in roles that directly contradict their abilities. Therefore, option B best utilizes each person's strengths while keeping the teams functional.

### ANSWER
B"
team_allocation-190,team_allocation,B,B,"미나는 통계 분석에 약하고 UX/UI에 강하므로 데이터 분석보다 UI 팀에 적합합니다. 지훈은 데이터 처리에 집중력과 데드라인 문제가 있고 미나와의 협업이 좋았으므로 미나와 함께 UI 팀에 배치하는 것이 좋습니다. 수현은 복잡한 데이터에 혼란을 겪지만 기술 구현에 자신이 있고, 미나·지훈과의 UI 협업은 부정적 요소가 많으므로 데이터 분석 팀에 배치하는 것이 최선입니다.

### ANSWER
B"
team_allocation-191,team_allocation,C,C,"제품 디자이너는 시각적 감각과 디자인 경험이 중요한데, 서현은 디자인 프로젝트 경험이 있으나 피드백이 좋지 않았고 지수와 태민은 미적 감각이 부족합니다. 피드백 분석가는 데이터 분석 능력이 핵심인데, 지수와 태민은 데이터 분석과 고객 피드백 해석에 강점을 보입니다. 반면 서현은 직관에 의존하고 숫자와 통계를 피하므로 분석가 역할에는 부적합합니다. 따라서 서현을 제품 디자이너로, 지수와 태민을 피드백 분석가로 배정하는 것이 가장 효율적입니다.

### ANSWER
C"
team_allocation-192,team_allocation,A,A,"지훈은 섬세한 관리 업무에 강점이 있고 창의적 광고 기획에는 자신이 없으므로 선수 관리팀에 적합하다. 서윤은 창의적인 광고 기획과 대중 연설에 강점이 있어 마케팅 팀에 적합하며, 다민은 서윤과 협력이 좋고 그녀의 아이디어를 존중하므로 마케팅 팀에서 보조 역할로 어울린다. 반면 다민을 선수 관리팀에 두거나 서윤을 선수 관리팀에 두는 것은 각자의 약점과 부합하지 않는다. 따라서 A안이 가장 효율적인 배치이다.

### ANSWER
A"
team_allocation-193,team_allocation,C,C,"지훈은 선수 관리 경험과 관계 형성 능력이 뛰어나므로 선수 관리 팀에 배치하는 것이 적합합니다. 수현은 마케팅 경력과 성과가 풍부하므로 마케팅 팀에 배치하는 것이 효율적입니다. 예진은 두 분야 모두 경험이 부족하지만, 마케팅 팀에서 수현을 보조하는 역할이 상대적으로 낫습니다. 또한 지훈과 다른 팀원들 사이의 갈등을 고려할 때 지훈을 분리하는 것이 바람직합니다.

### ANSWER
C"
team_allocation-194,team_allocation,B,B,"### ANSWER
B"
team_allocation-195,team_allocation,A,A,"자원봉사 관리 팀은 사람들과의 소통과 조율 능력이 핵심이므로, 대인 관계 능력이 뛰어난 사라가 가장 적합하다. 안전 관리 팀은 규정 준수와 세부 주의력이 중요하므로, 규율에 엄격한 동혁이 핵심 역할을 맡는 것이 바람직하다. 지민은 규칙을 자주 잊고 절차를 소홀히 하는 경향이 있어 안전 관리에 단독으로 맡기기보다 동혁의 철저한 관리 아래 두는 것이 낫다. 사라와 동혁의 갈등 가능성과 사라의 지민 간섭 문제를 고려할 때, 사라를 자원봉사 관리에, 동혁과 지민을 안전 관리에 배정하는 것이 가장 효율적이다.

### ANSWER
A"
team_allocation-196,team_allocation,A,A,"기훈은 농업과 유통 경험을 모두 갖추었지만, 유통 팀에 배치하면 물류 경험이 부족한 민지와 긍정적 협업 관계를 활용할 수 있다. 서현은 농업 디테일 이해가 뛰어나 생산 관리에 적합하고, 유통에서는 실수를 저질렀으므로 생산이 낫다. 민지는 유통 경험이 부족하지만 기훈과 협업이 좋으므로 유통 팀에서 기훈의 보완을 받을 수 있다. 서현과 민지의 갈등을 피하려면 두 사람을 다른 팀에 분리하는 것이 좋다. 따라서 생산 관리 팀에 서현, 유통 팀에 기훈과 민지를 배치하는 A가 가장 효율적이다.

### ANSWER
A"
team_allocation-197,team_allocation,A,A,"서현은 데이터 분석 경험이 풍부하지만 민수·보라와 의견 충돌 이력이 있어 함께 배치하기 어렵다. 반면 민수와 보라는 함께 높은 성과를 낸 경험이 있어 협업 효율이 높다. 따라서 서현을 실험 설계자로, 민수와 보라를 데이터 분석가로 배정하는 것이 가장 적절하다.

### ANSWER
A"
murder_mysteries-48,murder_mysteries,B,B,"세라는 살인 도구인 갈퀴를 정원 가꾸기에 사용한다고 직접 언급했고, 예린이 자신의 프로젝트를 맡게 된 점에서 범행 동기도 있다. 하영은 과거 수상한 이력이 있지만 살인 도구나 직접적인 동기와의 연결은 약하다. 따라서 세라가 살인자일 가능성이 가장 높다.

### ANSWER
B"
murder_mysteries-49,murder_mysteries,A,A,"하영은 갈퀴를 공연 도구로 사용하며 레슬링 링 정리도 맡고 있어 범행 도구에 대한 접근성과 사용 능력이 뛰어나다. 또한 사건 현장에 있었고 과거 여러 수상한 사건에 연루된 정황이 언급된다. 세라는 예린에 대한 불만이 있었지만 살인 도구와의 직접적 연관성은 약하다. 따라서 하영이 살인자일 가능성이 가장 높다.

### ANSWER
A"
murder_mysteries-50,murder_mysteries,A,B,"민서는 재욱이 자신의 지시에 비판적이었다는 점에서 갈등 관계가 있었고, 훈련 중 다른 사람들의 대화를 엿듣거나 정보를 통제하려는 모습을 보였다. 또한 보안팀과 정기적으로 만나며 경기장 구석에서 친목을 유지했는데, 이는 범행 도구인 소방도끼에 접근할 수 있는 위치에 있었음을 시사한다. 반면 채아는 무기 훈련을 받았지만 살해 동기가 뚜렷하지 않고, 경기장에서 재욱과 대화할 기회가 없었다고 답했다. 따라서 정황 증거와 동기, 접근성을 고려할 때 민서가 살인자일 가능성이 가장 높다.

### ANSWER
B"
murder_mysteries-51,murder_mysteries,B,B,"민서는 소방서 자원봉사와 재난 구조 훈련 경험으로 소방도끼 사용에 익숙하고, 재욱이 자신의 권위에 도전했다는 갈등 동기가 있다. 또한 경기장을 총괄하며 모든 경기를 녹화·분석하는 위치에 있어 사건 현장과 증거에 접근하기 쉬웠다. 채아도 무기 다루기 훈련 등으로 의심되지만, 살해 도구인 소방도끼와 직접 연결되는 결정적 단서는 민서에게 더 강하게 드러난다. 따라서 살인자일 가능성이 가장 높은 사람은 민서이다.

### ANSWER
B"
murder_mysteries-52,murder_mysteries,A,A,"서연은 윤선이 자신의 정치 전략을 부적합하다고 생각했다는 진술을 통해 갈등 관계가 드러나며, 이는 명확한 살해 동기가 된다. 반면 서율은 사격과 공포 소설, 보디빌딩 등 의심스러운 정황이 많지만 직접적인 동기는 나타나지 않는다. 또한 서연 역시 사격을 즐기고 실력이 늘었다고 하여 범행 수단을 사용할 능력이 있다. 따라서 동기와 능력을 고려할 때 서연이 살인자일 가능성이 가장 높다.

### ANSWER
A"
murder_mysteries-53,murder_mysteries,B,B,"서율은 피해자 윤선에게 운동 방식 비판과 개인사 유출 등으로 괴롭힘을 당했고, 사격 수업과 대회 출전 경험이 있어 공기총을 다룰 능력이 있다. 또한 레이저 태그 경기장을 자주 방문해 범행 장소에 익숙하다. 반면 서연은 사격 클럽 활동을 하지만 피해자와의 직접적 갈등 단서는 약하다. 따라서 서율이 가장 유력한 용의자이다.

### ANSWER
B"
murder_mysteries-54,murder_mysteries,A,A,"하운은 목수로서 장도리를 소지하고 있었고, 레이저 태그 경기장 옆 아파트에 거주하며 유효한 월간 패스로 경기장을 자주 방문했다. 또한 가현에게 여러 차례 구타와 모욕을 당한 뚜렷한 동기가 있다. 반면 서이는 관리 및 보안 업무를 맡고 공구 사용에 능숙하지만, 가현과의 갈등이나 직접적인 살해 동기가 구체적으로 드러나지 않는다. 따라서 살인자일 가능성이 가장 높은 사람은 하운이다.

### ANSWER
A"
murder_mysteries-55,murder_mysteries,B,A,"하운은 목수로서 장도리(살해 도구)를 사용해 왔고, 가현과의 감정적 갈등도 있었으며, 금속탐지기로 경계를 수색하는 등 수상한 행동을 보였다. 서이도 동기가 있지만 장도리와의 직접적 연관성은 하운만큼 강하지 않다.

### ANSWER
A"
object_placements-166,object_placements,B,B,"세 사람 모두 카드가 안내 데스크에 있다는 사실을 알고 있었고, 도현이가 수현이 카드를 휴게실로 옮긴 것을 인지했다는 언급은 없다. 따라서 도현이는 자신이 알고 있는 원래 위치인 안내 데스크를 가장 먼저 확인할 것이다.

### ANSWER
B"
object_placements-167,object_placements,C,C,"도현은 쿠폰을 지갑 안으로 옮겼다고 했으므로, 쿠폰을 찾기 위해 가장 먼저 확인할 곳은 지갑이다. 다른 장소들은 쿠폰이 있는 곳으로 언급되지 않았다.

### ANSWER
C"
object_placements-168,object_placements,D,B,"수현은 카드가 안내 데스크에 놓여 있다는 사실을 이미 알고 있었고, 이후 안내 데스크에서 카드를 집어 휴게실로 이동했기 때문에 카드를 찾기 위해 가장 먼저 확인할 곳은 안내 데스크이다.

### ANSWER
B"
object_placements-169,object_placements,C,C,"### ANSWER
C"
object_placements-170,object_placements,D,B,"### ANSWER
B"
object_placements-171,object_placements,A,C,"### ANSWER
C"
object_placements-172,object_placements,C,C,"### ANSWER
C"
object_placements-173,object_placements,B,B,"상준은 자신이 여권을 책상 서랍에 넣은 사실을 알고 있지만, 이후 주현이 그 여권을 가방으로 옮긴 장면은 보지 못했습니다. 따라서 여권을 찾기 위해 자신이 마지막으로 둔 책상 서랍을 가장 먼저 확인할 것입니다.

### ANSWER
B"
murder_mysteries-134,murder_mysteries,B,B,"승민은 과거 목수로 일하며 네일 건 사용 경험이 있고, 피해자가 자주 있던 장소를 마주 보는 클리닉을 운영해 범행 기회가 있었다. 또한 가족 재산 상속과 경제적 어려움이라는 동기도 있다. 반면 시우는 원한은 있지만 네일 건 사용 등 직접적인 범행 수단과의 연결은 약하다. 따라서 승민이 가장 유력하다.

### ANSWER
B"
murder_mysteries-135,murder_mysteries,A,B,"시우는 동료와 현장 감독의 증언으로 알리바이가 확보되었고, 승민은 옥상이 내려다보이는 클리닉 위치, 불필요한 물품 보관, 경제적 어려움, 상민에 대한 가족의 신뢰 등으로 동기와 기회가 의심된다. 따라서 살인자일 가능성이 가장 높은 사람은 승민이다.

### ANSWER
B"
murder_mysteries-136,murder_mysteries,A,A,"기주는 우빈의 새로운 인간관계에 대한 질투와 불만, 가족 균형을 중시하는 태도 등 명확한 살해 동기를 가지고 있다. 또한 경찰 근무와 장비 교육을 통해 전기충격기 사용에 필요한 지식을 갖추었고, 모텔 보안 시스템에 대한 이해와 장기 투숙 경험으로 범행에 유리한 환경을 알고 있었다. 반면 예린은 전기충격기를 다룰 수 있는 능력은 있으나 우빈과의 갈등이나 살해 동기가 구체적으로 드러나지 않는다. 따라서 살인자일 가능성이 가장 높은 사람은 기주이다.

### ANSWER
A"
murder_mysteries-137,murder_mysteries,B,A,"기주는 가족을 최우선으로 여기며 우빈의 외부 관계에 불만을 가졌고, 모텔 보안 시스템의 취약점을 알고 관리자와도 친분이 있다는 점에서 범행 동기와 수단, 기회를 모두 갖추고 있다. 예린은 해양 보안 훈련을 받았지만 모텔과의 구체적 연관성이나 직접적 동기는 상대적으로 약하다. 따라서 살인자일 가능성이 가장 높은 사람은 기주이다.

### ANSWER
A"
murder_mysteries-138,murder_mysteries,A,A,"### ANSWER
A"
murder_mysteries-139,murder_mysteries,B,B,"주란은 금속공예 기술을 가진 전문가로서 망치를 능숙하게 다룰 수 있고, 우성이 자신의 제안을 자주 거부했다는 점에서 살해 동기가 더 뚜렷하다. 또한 성당 근처에서 자주 목격되었고 그곳에서 도구를 구매한 정황도 있다. 시환은 새 망치를 가지고 있었지만 명확한 동기가 드러나지 않는다. 따라서 살인자일 가능성이 가장 높은 사람은 주란이다.

### ANSWER
B"
murder_mysteries-140,murder_mysteries,B,B,"하영은 화학 전공자로서 연구소에서 복잡한 실험을 수행하며 화학약품에 접근할 수 있는 전문 지식과 기회를 가지고 있다. 또한 유림의 휴대폰을 맡아볼 수 있었고, 등산 동행자로서 산장에서 함께 시간을 보낼 예정이었다. 반면 민서는 재정적 비리와 은닉 행위 등 의심스러운 점이 있지만 화학약품 살해와 직접 연결될 만한 전문성이나 현장 접근성은 상대적으로 약하다. 따라서 화학약품 스프레이를 사용한 살인범일 가능성은 하영이 가장 높다.

### ANSWER
B"
murder_mysteries-141,murder_mysteries,A,A,"민서는 화학 실험에 깊은 관심을 가지고 있고, 화학약품 스프레이와 관련된 장비를 특별히 주문한 정황이 있다. 또한 유림이 출판사의 비정상적인 자금 흐름을 감지했다는 점에서 민서에게는 살해 동기가 존재한다. 하영은 유림과 가까운 관계였지만 화학약품을 사용할 직접적인 수단이나 전문성이 부각되지 않았다. 따라서 살인자일 가능성이 가장 높은 사람은 민서이다.

### ANSWER
A"
team_allocation-104,team_allocation,A,A,"지훈은 영상 콘텐츠 제작 경험과 창의적 아이디어가 있어 콘텐츠 제작자 역할에 가장 적합하다. 반면 민지는 분석적 강점이 있고 소영은 관리·계획 능력이 있어 사용자 안전 관리 업무에 더 어울린다. 지훈을 안전 관리에 배치하면 규칙 준수와 세부 처리에 취약한 점이 문제가 되므로 피해야 한다. 따라서 지훈을 콘텐츠 제작자로, 민지와 소영을 사용자 안전 관리자로 배정하는 것이 효율적이다.

### ANSWER
A"
team_allocation-105,team_allocation,C,C,"제품 개발은 창의성과 유연한 전략이 필요하므로, 큰 그림을 보며 변화를 즐기는 은지가 적합하다. 유통 관리는 체계적이고 규범적인 절차를 따르는 업무이므로, 정확한 관리에 강한 미나와 규율과 프로세스를 중시하는 태환이 잘 맞는다. 또한 미나는 태환을 신뢰하고 태환은 다양한 사람과 협력하는 능력이 뛰어나 두 사람의 조합이 조화롭다. 반면 은지와 미나, 은지와 태환은 이전에 갈등이 있었으므로 같은 팀에 배치하는 것은 피해야 한다. 따라서 C안이 두 업무의 효율성을 모두 고려한 최선의 배정이다.

### ANSWER
C"
team_allocation-106,team_allocation,C,C,"수진은 커리큘럼 설계 경험이 풍부하지만 기술 문제와 고객 대화에 어려움이 있으므로 기술 지원보다는 커리큘럼 개발자로 배치하는 것이 적합합니다. 미나와 영호는 모두 기술 역량과 고객 지원 경험을 갖추고 있으며, 특히 두 사람은 협력 관계가 좋아 기술 지원 역할에 잘 어울립니다. 따라서 수진을 커리큘럼 개발자로, 미나와 영호를 기술 지원 담당자로 배정하는 것이 가장 효율적입니다.

### ANSWER
C"
team_allocation-107,team_allocation,A,A,"수현은 작곡 능력이 뛰어나지만 홍보에 약하므로 작곡 팀에 단독 배정하는 것이 적합하다. 대영과 지민은 소통 능력이 뛰어나고 서로 협력한 경험이 있어 프로모션 팀에 함께 배정하는 것이 효율적이다. 대영과 수현은 갈등이 있고 지민도 수현의 작업 방식을 비효율적으로 여기므로 같은 팀에 두는 것은 피해야 한다. 따라서 A안이 두 업무 모두에서 강점을 극대화하고 갈등을 최소화한다.

### ANSWER
A"
team_allocation-108,team_allocation,B,B,"### ANSWER
B"
team_allocation-109,team_allocation,A,A,"수현은 뛰어난 개발 능력과 문제 해결 능력을 갖추고 있어 기술 개발자 역할에 가장 적합합니다. 지오는 친절한 고객 응대와 복잡한 문제를 쉽게 설명하는 능력이 있어 고객 지원 전문가로 적합합니다. 다윤은 기술력이 부족하지만 열정을 바탕으로 고객 지원에서 보완 역할을 할 수 있습니다. 따라서 A안이 두 업무를 효율적으로 수행할 수 있는 최선의 배치입니다.

### ANSWER
A"
team_allocation-110,team_allocation,B,B,"지원은 프로그래밍 경험이 가장 많아 프로그래밍 팀에 적합하고, 현수와 다윤은 UI/UX 디자인 역량이 강해 디자인 팀에 적합하다. 다른 선택지들은 프로그래밍에 약한 인물을 배치하거나 UI/UX에 부적합한 지원을 포함하므로 효율적이지 않다.

### ANSWER
B"
team_allocation-111,team_allocation,A,A,"은지의 강점은 기술적 문제 해결이므로 연구 개발 팀에 배치하는 것이 적합하다. 반면 태훈과 세영은 창의성과 소통 능력이 뛰어나 마케팅 팀에서 효과적으로 활약할 수 있다. 또한 은지와 세영, 은지와 태훈 사이의 협업 갈등을 고려하면 은지를 분리하는 것이 바람직하다. 따라서 연구 개발 팀에는 은지, 마케팅 팀에는 세영과 태훈을 배정하는 것이 가장 효율적이다.

### ANSWER
A"
murder_mysteries-236,murder_mysteries,A,A,"### ANSWER
A"
murder_mysteries-237,murder_mysteries,B,B,"강우는 해인과 오랜 기간 긴밀히 협력하며 차량 이동을 함께했고, 해인이 조직에 대한 정보를 유출하고 자신의 프로젝트를 비판했다는 직접적인 동기가 있다. 또한 범죄 조직에서 신뢰를 잃으면 위험하다는 점을 언급하며 해인에 대한 불만을 드러냈다. 그는 목재 작업용 도끼를 항상 준비하고 작업 후 철저히 정리한다고 말해 범행 도구와 관련된 정황이 강하게 드러난다. 반면 주현은 과거 도끼 사용 경력이 있지만 해인과의 직접적인 갈등 동기는 약하다. 따라서 살인자일 가능성이 가장 높은 사람은 강우이다.

### ANSWER
B"
murder_mysteries-238,murder_mysteries,A,A,"연주는 피해자 해진에게 인종차별적인 발언을 들어 분노와 원한을 가졌고, 이는 명확한 살해 동기가 된다. 또한 그녀는 평소 에어건 사용에 능숙했고, 사건 당시 경기장 전체가 보이는 높은 전망대에 있었다는 점에서 범행에 필요한 실력과 위치적 조건을 모두 갖추고 있었다. 반면 다영은 특별한 갈등이나 직접적인 동기가 드러나지 않았고, 관찰이나 기록에 집착하는 성향이 보이지만 살인과 직접 연결되지는 않는다. 따라서 정황상 연주가 살인자일 가능성이 가장 높다.

### ANSWER
A"
murder_mysteries-239,murder_mysteries,B,B,"다영이는 에어건 사격 대회 입상 경력과 새 에어건 구매 사실, 온라인 포럼 활동 등 살인 도구와 직접적으로 연결되는 구체적인 단서를 가지고 있다. 반면 연주는 인종차별적 발언에 대한 감정적 상처와 메모 습관이 언급되지만, 실제 범행 능력이나 실행 가능성은 다영이보다 약하게 제시된다. 따라서 살인자일 가능성이 가장 높은 사람은 다영이다.

### ANSWER
B"
murder_mysteries-240,murder_mysteries,A,A,"준우는 호준이 자신의 경력에 영향을 줄 비밀을 폭로하려 한다는 강력한 동기가 있었고, 음악 작업실에서 독특한 펜을 사용하며 독침 펜과 연결될 가능성이 있다. 윤아도 갈등과 동기가 있지만 살인 무기인 독침 펜과 직접적으로 연결되는 증거는 제시되지 않았다. 따라서 살인자일 가능성이 가장 높은 사람은 준우이다.

### ANSWER
A"
murder_mysteries-241,murder_mysteries,B,B,"### ANSWER
B"
murder_mysteries-242,murder_mysteries,B,B,"현식은 뱀 농장과 동물 보호 센터에서 뱀을 다루고 독 추출 과정을 본 경험이 있어 뱀독을 이용한 살인 수단을 알고 있을 가능성이 높다. 또한 보안 카드를 취득해 회사 내부 기록과 금고에 접근할 수 있었고, CCTV에 금고 절도에 관여한 정황이 찍혀 있었다. 동훈이 보안 모니터링을 담당하며 CCTV를 확인할 수 있었다는 점에서 현식의 범행 동기와 기회가 충분히 드러난다. 반면 지환은 도박 빚과 육아 부담이 있었지만 뱀독 살인과 직접 연결될 만한 전문성이나 접근 권한이 부족하다. 따라서 살인자일 가능성이 가장 높은 사람은 현식이다.

### ANSWER
B"
murder_mysteries-243,murder_mysteries,A,A,"지환은 도박 빚으로 인한 금전적 절박함이라는 뚜렷한 범행 동기를 가지고 있으며, 화학 전공과 독성 물질에 대한 관심, 뱀 독성 동물 관리 훈련 이력 등 범행 수단과 관련된 지식과 경험을 갖추고 있다. 또한 유연 근무제로 자유로운 시간을 가질 수 있었다는 점도 용의자로서 유력하다. 반면 현식은 금고 절도와 번호 변경 등 의심스러운 행적이 있지만 뱀독 살인과 직접 연결될 만한 동기와 전문성은 부족하다. 따라서 살인자일 가능성이 가장 높은 사람은 지환이다.

### ANSWER
A"
object_placements-72,object_placements,D,D,"지영은 졸업증서가 처음 책상 위에 있었고, 이후 보람이나 민규가 옮기는 모습을 보지 못했기 때문에 여전히 책상에 있을 것이라고 생각한다. 따라서 지영이 가장 먼저 확인할 곳은 책상이다.

### ANSWER
D"
object_placements-73,object_placements,A,A,"### ANSWER
A"
object_placements-74,object_placements,A,A,"상민은 처음에 발표 자료가 가방에 있다는 사실을 알고 있었다. 수정이 가방에서 자료를 꺼내 연단 옆 테이블로 옮겼지만, 상민은 무대에서 발표 연습에 집중하고 있었기 때문에 그 이동을 인지했다는 내용이 없다. 따라서 상민이 발표 자료를 찾으러 할 때 자신이 마지막으로 알고 있던 위치인 가방을 가장 먼저 확인할 것이다. 보관함은 스피커가 있던 장소이고, 연단이나 테이블은 수정이 옮긴 이후의 위치이므로 상민의 초기 지식과 맞지 않는다.

### ANSWER
A"
object_placements-75,object_placements,B,B,"수정이는 세 사람 모두가 스피커의 위치를 보관함으로 알고 있었다는 사실을 공유하고 있었으므로, 스피커를 찾기 위해 가장 먼저 보관함을 확인할 것이다. 발표 자료는 가방에 있었지만 스피커는 보관함에 있었기 때문에 다른 장소는 우선순위가 아니다.

### ANSWER
B"
object_placements-76,object_placements,A,A,"The story explicitly states that all three people knew the presentation materials were in the bag. Jinwoo was aware of this fact, so he would naturally check the bag first when looking for the materials. Even though Sujeong later moved them to the table, Jinwoo’s initial knowledge points to the bag.

### ANSWER
A"
object_placements-77,object_placements,C,B,"진우는 처음에 스피커를 보관함에서 꺼냈고, 이후 상민이 스피커를 다시 보관함에 넣었기 때문에 스피커의 최종 위치는 보관함이다. 따라서 진우가 스피커를 찾기 위해 가장 먼저 확인할 곳은 보관함이다.

### ANSWER
B"
object_placements-78,object_placements,A,A,"상현은 처음에 물병이 경기장 대기 구역에 있다는 정보를 알고 있었다. 이후 세아가 물병을 출입구 책상으로 옮겼지만, 그때 상현은 다른 쪽을 주시하고 있어 이동을 보지 못했다. 또한 누군가가 그 사실을 상현에게 알려주었다는 언급도 없다. 따라서 상현이 물병을 찾으러 갈 때 가장 먼저 확인할 곳은 자신이 마지막으로 알고 있던 경기장 대기 구역이다.

### ANSWER
A"
object_placements-79,object_placements,A,A,"상현은 헬멧을 연습실 선반에서 경기장 대기 구역으로 직접 옮겼기 때문에, 헬멧의 현재 위치를 정확히 알고 있다. 따라서 헬멧을 찾을 때 가장 먼저 경기장 대기 구역을 확인할 것이다.

### ANSWER
A"
murder_mysteries-56,murder_mysteries,B,B,"준서는 롤러스케이트장을 정기적으로 방문해 현장에 익숙하고, 피해자 지우가 갑자기 연락을 끊었다는 동기가 있으며, 자위대 훈련과 호신용 경봉 구매로 범행 수단도 갖추고 있다. 반면 도언은 경봉 사용 훈련을 받았지만 롤러스케이트장과의 직접적 연관성이나 명확한 동기가 약하다. 따라서 살인자일 가능성이 가장 높은 사람은 준서이다.

### ANSWER
B"
murder_mysteries-57,murder_mysteries,A,A,"도언은 경봉 사용 훈련을 받았고, 피해자가 특정 집단의 교리를 위반하고 공개적으로 불만을 표출하자 ‘교리와 전통을 지키는 것이 목표’라며 규칙 위반을 중시했다는 점에서 강한 살해 동기가 있다. 또한 그의 집은 롤러스케이트장에서 도보 10분 거리로 범행 장소 접근성도 좋다. 반면 준서는 호신용 경봉과 훈련 경력이 있으나 지우와의 관계 소원함 외에 구체적이고 강력한 동기가 제시되지 않았다. 따라서 살인자일 가능성이 가장 높은 사람은 도언이다.

### ANSWER
A"
murder_mysteries-58,murder_mysteries,A,A,"병준은 폭발물 처리반 훈련 경력과 폭발물에 대한 전문적 지식을 갖추고 있어 뇌관 폭발이라는 범행 수법과 직접적으로 연결된다. 또한 롤러스케이트장이 그의 강의실 바로 옆에 있다는 점도 범행과 관련된 중요한 정황이다. 반면 서준은 명석과의 개인적 관계와 일부 정황이 있지만 폭발물과의 연관성은 제시되지 않았다. 따라서 살인자일 가능성이 가장 높은 사람은 병준이다.

### ANSWER
A"
murder_mysteries-59,murder_mysteries,B,A,"### ANSWER
A"
murder_mysteries-60,murder_mysteries,B,B,"루나는 청소 업무로 경기장과 공구 창고에 자유롭게 출입할 수 있었고, 경기 중 휴식 시간마다 경기장을 돌아다닐 기회가 있었습니다. 또한 채무 문제와 수금원의 경고, 다가오는 기한 등으로 인해 금전적 압박을 받고 있었습니다. 반면 예나는 도구 관리와 목공예 경험이 있지만 직접적인 살해 동기가 드러나지 않습니다. 따라서 범행 도구에 접근할 수 있고 동기도 있는 루나가 가장 유력한 용의자입니다.

### ANSWER
B"
murder_mysteries-61,murder_mysteries,A,A,"예나는 미영의 게시물로 인해 직업적 평판에 타격을 입었고, 미영의 소셜 미디어를 집요하게 확인했다는 점에서 명확한 동기가 있다. 또한 목공예를 취미로 하며 집에서 수리 작업을 한다고 했으므로, 노루발못뽑이 같은 도구를 쉽게 가질 수 있는 조건도 갖췄다. 반면 루나는 청소와 화학 물질 관련 단서가 있지만 살해 도구와 직접 연결되지는 않으며, 미영과의 개인적 원한도 뚜렷하지 않다. 따라서 살인자일 가능성이 가장 높은 사람은 예나이다.

### ANSWER
A"
murder_mysteries-62,murder_mysteries,B,B,"우빈은 라희가 자신의 비밀을 폭로하겠다고 위협했고, 실제로 뉴스에 제보한 일이 있었다는 점에서 살해 동기가 분명합니다. 또한 그는 쌍절곤 기술을 연구하고 실습해 왔으며, 무기에 깊은 관심을 보인 정황이 있습니다. 반면 세라는 라희와 가깝고 친밀한 관계로 묘사되며 살해 동기가 구체적으로 드러나지 않습니다. 따라서 살인자일 가능성이 가장 높은 사람은 우빈입니다.

### ANSWER
B"
murder_mysteries-63,murder_mysteries,A,,"세라는 쌍절곤을 사용하는 뮤지컬 배역을 맡아 무술을 익혔고, 번지 점프 장소에도 자주 갔다는 점에서 범행 도구와 현장 접근성이 모두 부합한다. 또한 라희가 세라의 에이전트와 자주 만났다는 정황은 세라에게"
team_allocation-8,team_allocation,C,C,"The best assignment avoids known conflicts and pairs the most effective collaborators. 수진 and 태호 have a proven successful working relationship, while 미나 has friction with both of them. Placing 미나 alone in system analysis uses her analytical skills, and putting 수진 and 태호 together in project management leverages their strong teamwork. This ensures both tasks are performed efficiently.

### ANSWER
C"
team_allocation-9,team_allocation,B,B,"소연은 창의적 기획과 문제 해결에 강점이 있어 상품 기획 팀에 배치하는 것이 적합하다. 민재는 고객 소통 능력이 뛰어나므로 고객 서비스 팀에 배치하는 것이 효율적이다. 다현은 고객 응대에 어려움이 있지만 규칙적인 업무 수행에 강점이 있으므로 서비스 팀에서 보조 역할을 맡는 것이 낫다. 따라서 상품 기획 팀에 소연, 고객 서비스 팀에 다현과 민재를 배정하는 것이 가장 균형적이다.

### ANSWER
B"
team_allocation-10,team_allocation,A,C,"강민은 여행 상품 기획 콘테스트 최우수상과 기획에 대한 깊은 관심으로 상품 기획 팀에 가장 적합합니다. 수진은 고객 응대에서 높은 평가를 받았고 대화를 즐기므로 고객 상담 팀에 잘 맞습니다. 혜진은 타인의 필요를 이해하고 해결책을 제시하는 능력이 뛰어나며 기획에서 실수 경험이 있어 상담 팀이 더 적합합니다. 따라서 강민을 기획 팀에, 수진과 혜진을 상담 팀에 배정하는 것이 효율적입니다.

### ANSWER
C"
team_allocation-11,team_allocation,B,B,"수빈은 세심함과 큰 그림을 그리는 능력이 있어 각본 팀에 가장 적합합니다. 민재는 기술 장비를 부담스러워하므로 촬영보다는 각본 쪽에 가깝지만, 복잡한 스토리라인을 싫어해 단독 각본보다는 수빈이 낫습니다. 다영은 감정 장면 이해와 추상적 구체화에 약하고 카메라 조작도 서툴러 어디에도 적합하지 않지만, 각본보다는 촬영 팀에 두는 편이 낫습니다. 따라서 수빈을 각본 팀에, 다영과 민재를 촬영 팀에 배정하는 것이 가장 효율적입니다.

### ANSWER
B"
team_allocation-12,team_allocation,B,B,"세연은 고객 서비스 경험과 세심함으로 환자 관리 팀에 가장 적합하며, 도윤과 하진은 기술 프로젝트 경험과 효율성, 빠른 문제 해결 능력으로 기술 개발 팀에 적합합니다. 또한 도윤과 하진은 협업 경험이 있어 기술 팀에서 시너지를 낼 수 있습니다. 따라서 두 업무를 모두 효율적으로 수행하려면 B안이 가장 적절합니다.

### ANSWER
B"
team_allocation-13,team_allocation,A,A,"The optimal assignment avoids placing 세영 in registration due to her error-prone record, and avoids pairing her with either 도훈 or 민지 because of past conflicts. 도훈 and 민지 work well together, so they should be grouped in registration, while 세영 handles program planning.

### ANSWER
A"
team_allocation-14,team_allocation,A,A,"서연은 절차 중심의 운영 경험이 있어 경기 운영 팀에 적합하고, 민서는 선수 개인 요구에 세심하게 대응하므로 선수 관리 팀에 적합하다. 지훈은 민서와 원활히 협력했고, 민서와 함께 선수 관리 팀에서 의사 결정을 지원할 수 있다. B는 민서를 운영에 배치해 강점을 살리지 못하고, C는 서연을 선수 관리에 배치해 개인적 관계 약점이 문제가 된다. 따라서 A가 두 업무의 효율성을 모두 고려한 최선의 배치이다.

### ANSWER
A"
team_allocation-15,team_allocation,A,A,"경기 운영 팀은 긴박한 상황 대처가 중요하므로 침착함과 위기 대처 능력이 있는 은지나 태영이 적합하다. 수현은 긴박한 상황에서 혼란스러워하므로 자원봉사 관리에 더 적합하다. 태영과 수현은 협업 경험이 많고 서로 존중하므로 함께 배치하는 것이 좋다. 은지는 태영·수현과 갈등 이력이 있어 자원봉사 관리 팀보다 단독으로 경기 운영 팀에 배치하는 것이 효율적이다.

### ANSWER
A"
object_placements-174,object_placements,D,D,"상준은 카메라가 처음에 테이블 위에 있었음을 알고 있었고, 민지가 카메라를 가방으로 옮기는 모습을 보지 못했다. 그는 주현에게 집중하느라 주변 상황을 관찰하지 않았으므로 카메라 위치가 바뀐 사실을 모른다. 따라서 자신이 마지막으로 알고 있던 위치인 테이블부터 확인하는 것이 가장 자연스럽다. 다른 장소들은 카메라와 관련된 정보가 없거나, 상준이 알지 못하는 이동 경로에 해당한다.

### ANSWER
D"
object_placements-175,object_placements,A,A,"주현은 민지의 손동작을 계속 지켜보았으므로, 민지가 테이블 위의 카메라를 가방 안으로 옮기는 것을 인지했을 것이다. 따라서 카메라를 찾을 때 가장 먼저 가방을 확인하는 것이 자연스럽다. 다른 장소들은 카메라의 최종 위치와 관련이 없다.

### ANSWER
A"
object_placements-176,object_placements,A,A,"민정이 서류를 선반으로 옮겼다는 직접적인 언급이 있다. 성민이 여권을 책상 위로 옮긴 것은 서류가 아니라 여권에 관한 내용이다. 주희가 여권을 여행 가방에 넣은 것도 서류와 무관하다. 따라서 민정이 서류를 찾기 위해 가장 먼저 확인할 곳은 자신이 서류를 둔 선반이다.

### ANSWER
A"
object_placements-177,object_placements,C,C,"민정은 성민이 여권을 책상 위로 옮기는 모습을 주의 깊게 보았기 때문에, 여권이 책상 위에 있음을 알 수 있다. 따라서 여권을 찾기 위해 가장 먼저 책상 위를 확인할 것이다.

### ANSWER
C"
object_placements-178,object_placements,D,D,"성민은 서류가 탁자 위에 있었음을 알고 있었고, 민정이 서류를 선반으로 옮긴 사실을 인지하지 못했으므로 자신이 마지막으로 알던 위치인 탁자부터 확인할 가능성이 높다.

### ANSWER
D"
object_placements-179,object_placements,C,C,"The story explicitly states that Seongmin moved the passport onto the desk, so he would know to check there first. The passport was not left on the shelf, in the travel bag, or on the table at the end. Therefore, the most logical first place for Seongmin to look is the desk.

### ANSWER
C"
object_placements-180,object_placements,A,D,"주희는 서류가 원래 탁자 위에 있다는 것을 알고 있었고, 민정이 서류를 선반으로 옮기는 것을 보지 못했다. 주희는 일정 점검에 집중한 나머지 주변 움직임에 주의를 기울이지 않았기 때문에 서류가 이동된 사실을 알지 못한다. 여권은 책상 위에 있었지만 서류의 위치와는 관련이 없다. 따라서 서류를 찾기 위해 가장 먼저 자신이 마지막으로 알고 있던 위치인 탁자 위를 확인할 것이다.

### ANSWER
D"
object_placements-181,object_placements,B,B,"주희는 여권을 책상 위에서 집어 여행 가방 안에 넣었고, 이후 성민이 여권을 책상 위로 옮겼지만 주희는 그 움직임을 인지하지 못했다. 따라서 주희가 여권을 찾을 때 자신이 마지막으로 둔 여행 가방을 가장 먼저 확인할 것이다.

### ANSWER
B"
murder_mysteries-244,murder_mysteries,B,A,"재원은 도축업자로서 도끼를 자주 사용하고 전문 지식을 갖추고 있으며, 도구를 철저히 관리하는 습관이 있습니다. 또한 희영과 공동 프로젝트를 여러 차례 진행했고, 스케이트 파크 주변을 자주 오갔다는 점이 연결됩니다. 반면 재형은 자전거를 이용하고 농장 활동을 한다는 진술 외에 살해 도구인 도끼와 직접적으로 연결될 만한 결정적 단서가 부족합니다. 따라서 살인자일 가능성이 가장 높은 사람은 재원입니다.

### ANSWER
A"
murder_mysteries-245,murder_mysteries,A,A,"재원은 도축업에 종사하며 도구 관리에 철저하고, 희영의 일정과 소셜 미디어 게시물을 통해 그녀를 만날 시점을 항상 알고 있었습니다. 또한 사업 실패와 채권자의 독촉으로 금전적 동기가 있었고, 스케이트 파크에 익숙하며 현장에서 긴장한 모습을 보였습니다. 반면 재형은 화학 물질과 지하실 등 의심스러운 면이 있지만 도끼 살인과 직접 연결될 증거는 약합니다. 따라서 살인자일 가능성이 가장 높은 사람은 재원입니다.

### ANSWER
A"
murder_mysteries-246,murder_mysteries,B,A,"진호는 보안 업체 경력으로 호신용 경봉 장비를 취급할 수 있었고, 스마트폰 보안 잠금과 새로운 번호 사용 등 은밀한 행동이 의심스럽습니다. 또한 희영과 함께 산장에 있었던 점이 결정적입니다. 유진은 경찰 경력이 있지만 직접적인 범행 동기나 단서가 약합니다.

### ANSWER
A"
murder_mysteries-247,murder_mysteries,A,A,"진호는 희영과 함께 산장에 있었고, 경호원 아르바이트 경험으로 호신용 경봉을 다룰 능력이 있으며, 결사 관련 문서를 둘러싼 은폐 동기가 있다. 반면 유진의 진술은 회사 기밀과 가족 식사 습관 등 정황일 뿐 살해 현장이나 범행 도구와 직접 연결되지 않는다. 따라서 살인자일 가능성이 가장 높은 사람은 진호이다.

### ANSWER
A"
murder_mysteries-248,murder_mysteries,B,B,"해경은 목공 작업과 다양한 도구 사용에 관심이 많고, 목재의 종류와 용도까지 배운 점에서 톱 사용에 익숙할 가능성이 높다. 또한 고대 전통 의례와 전문가와의 교류 등 의식적 동기를 암시하는 정황이 있다. 현서는 체육관 접근성은 있지만 톱에 대한 지식을 부인하고 뚜렷한 동기가 드러나지 않는다. 따라서 살인자일 가능성이 가장 높은 사람은 해경이다.

### ANSWER
B"
murder_mysteries-249,murder_mysteries,A,A,"희준이 현서의 과거 불명예스러운 일을 알고 있다는 듯 압박하고 조종하려 했다는 진술이 결정적입니다. 또한 현서는 전 레슬링 선수였고 체육관에 자주 드나들며 도구를 두고 갈 수 있는 환경적 접근성도 갖추고 있습니다. 반면 해경은 전통 의식과 지역 활동에 관심이 많을 뿐 희준과의 직접적인 갈등이나 살해 동기가 뚜렷하게 드러나지 않습니다. 따라서 살인자일 가능성이 가장 높은 사람은 현서입니다.

### ANSWER
A"
team_allocation-198,team_allocation,A,B,"### ANSWER
B"
team_allocation-199,team_allocation,C,B,"하람은 장기 전략과 큰 그림에 강점이 있어 아티스트 관리에 적합하고, 은지와 지후는 창의적 콘텐츠와 방향성 제시에 강점이 있어 마케팅 팀에 적합하다. 따라서 B가 가장 효율적인 배정이다.

### ANSWER
B"
team_allocation-200,team_allocation,B,B,"서진은 창의적 발굴 능력이 뛰어나 오디션 팀에 적합하고, 민재는 논리적 분석과 세부사항 처리에 강해 계약 관리 팀에 적합하다. 유라는 숫자와 계약 조건에 약하고 협업보다 개인 작업을 선호하므로, 두 핵심 인물을 각각 강점에 맞게 배치하는 B가 가장 효율적이다. A와 C는 서진이나 민재의 강점을 살리지 못하는 배치이다.

### ANSWER
B"
team_allocation-201,team_allocation,C,B,"다영은 디자인과 품질 관리 모두에서 강점을 보였고, 민재는 품질 관리에, 수현은 디자인에 강점이 있습니다. 디자인 팀에는 다영을 배치하여 창의성과 세부 검증을 모두 확보하고, 품질 관리 팀에는 민재를 중심으로 수현을 보조로 두는 것이 효율적입니다. 민재를 디자인에 배치하는 A는 디자인 역량 부족으로 부적합하며, 수현을 디자인에 배치하는 C는 다영과 민재의 갈등 및 수현의 세부 검증 약점이 문제가 됩니다. 따라서 두 업무를 모두 고려할 때 B가 가장 적절합니다.

### ANSWER
B"
team_allocation-202,team_allocation,B,B,"지훈은 창의성과 디테일 감각을 갖춘 디자인 전문가이므로 디자인 팀에 배치하는 것이 적합하다. 은지는 품질 관리 전문가로서 세부 대응 능력이 뛰어나고, 서준은 은지의 아이디어를 실용적으로 구현하는 데 능숙하므로 품질 관리 팀에 함께 배치하는 것이 효율적이다.

### ANSWER
B"
team_allocation-203,team_allocation,B,B,"### ANSWER
B"
team_allocation-204,team_allocation,A,A,"수현은 서버 스크립팅이나 코드 디버깅 같은 기술적 업무에서 어려움을 겪으므로 백엔드보다는 UI/UX 디자이너 역할이 더 적합합니다. 예린은 백엔드 개발 경험과 데이터베이스 관리 능력이 뛰어나므로 백엔드 개발자로 배정하는 것이 효율적입니다. 지훈은 과거 백엔드 경험이 있고 예린과 성공적인 협업 경험이 있으므로 백엔드 개발자로 함께하는 것이 좋습니다. 따라서 UI/UX 디자이너는 수현, 백엔드 개발자는 예린과 지훈으로 배정하는 것이 가장 적절합니다.

### ANSWER
A"
team_allocation-205,team_allocation,A,A,"수진은 디자인 역량이 뛰어나 디자인 팀에 적합하고, 은지는 판매 전략 성과가 좋아 판매 전략 팀에 적합합니다. 도형은 디자인 성과가 낮지만 열정이 있으므로 은지와 함께 판매 전략 팀에 배치하는 것이 효율적입니다.

### ANSWER
A"
murder_mysteries-142,murder_mysteries,A,A,"민수는 요리에 관심이 많고 주기적으로 요리 도구를 구매한다는 점이 중식도라는 흉기와 직접적으로 연결될 수 있는 강력한 단서입니다. 반면 서인의 차량 번호판 수집과 관련된 정황은 살인보다는 차량과 관련된 다른 범죄 가능성을 시사합니다. 또한 민수는 유림과의 관계에서 감정적 의존과 재결합에 대한 희망을 보였지만, 이혼을 막으려 했다는 표현은 갈등의 깊이를 암시합니다. 따라서 살인자일 가능성이 가장 높은 사람은 민수입니다.

### ANSWER
A"
murder_mysteries-143,murder_mysteries,B,B,"서인은 요리에 관심이 많아 흉기인 중식도 사용에 익숙할 가능성이 있고, 고립된 장소를 찾고 새로운 실험을 시도하려는 정황이 지하 벙커와 연결됩니다. 또한 가족과의 불화로 인한 스트레스가 범행 동기가 될 수 있습니다. 반면 민수는 유림에게 감정적으로 의지했던 관계로 보여 살인자일 가능성이 상대적으로 낮습니다.

### ANSWER
B"
murder_mysteries-144,murder_mysteries,B,B,"### ANSWER
B"
murder_mysteries-145,murder_mysteries,A,A,"하늘은 유빈의 작업에 깊이 영향을 받았고, 중식 요리를 즐겨 시도했다는 점에서 범행 도구인 중식도와 연결된다. 또한 유빈의 작업실과 농가에 자연스럽게 접근할 수 있었던 정황이 드러난다. 수민은 요리 도구와 체력, 농장 일 제안 등이 언급되지만 직접적인 살인 동기나 유빈과의 갈등은 뚜렷하지 않다. 따라서 정황 증거와 범행 도구의 연관성을 고려할 때 하늘이 가장 유력한 용의자이다.

### ANSWER
A"
murder_mysteries-146,murder_mysteries,A,A,"성렬은 피해자와 연인 관계였고, 살해 도구인 장도를 소장하고 있으며, 특히 오래된 장도에 특별한 의미가 있다고 말했다. 또한 피해자가 자신의 수상한 행동을 목격했다고 진술했고, 휴대전화 암호까지 알고 있었다. 반면 동현은 피해자와 가까운 사이도 아니고 살해 동기나 도구와의 연관성이 약하다. 따라서 살인자일 가능성이 가장 높은 사람은 성렬이다.

### ANSWER
A"
murder_mysteries-147,murder_mysteries,B,B,"동현은 유혜가 자신의 승진을 위한 회계 부정을 알고 있었다는 강력한 살해 동기를 가졌고, 그녀의 금요일 영화관 습관을 알고 있었으며 사건 현장 근처에서 시간을 보냈다. 또한 그가 있던 가게는 주방용 칼을 판매해 범행 도구와 직접 연결된다. 반면 성렬의 혐의는 약물 거래와 관련된 정황이지만 그가 제시한 설명과 직접적인 증거 연결이 부족하다. 형사가 마지막에 동현을 다시 찾아가기로 결심한 점도 동현이 유력 용의자임을 시사한다.

### ANSWER
B"
murder_mysteries-148,murder_mysteries,A,A,"현빈은 전기충격기라는 범행 도구와 직접적으로 연결될 수 있는 인물로, 전자 기기에 대한 깊은 관심과 전기충격기 판매점 방문 사실이 언급됩니다. 또한 피해자와 가까운 거리에서 살았고, 피해자에게 상처를 준 일도 있었습니다. 반면 보현은 소리 녹음과 도박 등의 의심스러운 행동이 있지만 살인 도구와의 직접적 연관성은 약합니다. 따라서 살인자일 가능성이 가장 높은 사람은 현빈입니다.

### ANSWER
A"
murder_mysteries-149,murder_mysteries,B,B,"보현은 연구소에서 전기충격기를 포함한 전기 장비를 다루며 관련 규정을 숙지하고 있어 범행 수단을 가질 수 있다. 또한 그녀는 도박으로 돈을 많이 잃었다는 언급이 있어 재정적 동기도 존재한다. 반면 현빈은 전기충격기와 직접적인 연관성이 없고, 살해 동기로 보기 어려운 사회적 오해나 감정 이해 부족만이 언급된다. 따라서 살인자일 가능성이 가장 높은 사람은 보현이다.

### ANSWER
B"
team_allocation-112,team_allocation,C,C,"민재는 UX/UI 디자이너로서 가장 강점이 뚜렷하고, 지우는 민재의 디자인을 보완한 경험이 있어 함께 배치하는 것이 효율적입니다. 반면 서현은 디자인 팀에서 갈등을 일으킨 이력이 있어 UX/UI보다는 의학 전문가 역할에 배치하는 것이 낫습니다. 민재를 의학 전문가로 두는 것은 의학 프로젝트 실패 경험과 교육 부족으로 위험하며, 지우 역시 의학 경험과 생물학 실패 이력이 있어 적합하지 않습니다. 따라서 서현을 의학 전문가로, 민재와 지우를 UX/UI 디자이너로 배정하는 것이 가장 균형적입니다.

### ANSWER
C"
team_allocation-113,team_allocation,A,A,"프로그램 기획은 세부적이고 체계적인 접근이 필요하므로 수진이나 태영이 적합하고, 홍보는 소통과 창의성이 중요하므로 미소와 태영이 적합하다. 미소는 즉흥적이고 세부에 약해 기획보다 홍보에 맞으며, 수진은 소통을 꺼려 홍보에 부적합하다. 따라서 A안이 두 업무를 가장 효율적으로 배치한 조합이다.

### ANSWER
A"
team_allocation-114,team_allocation,B,B,"지원은 이론 중심의 커리큘럼 개발에 강점이 있고, 현우는 학생 소통과 감정적 지원에 강점이 있으므로 각각의 핵심 팀에 배치하는 것이 효율적입니다. 은지는 실무적 문제 해결에 강점이 있어 학생 지원 팀에 보조적으로 배치하는 것이 적절합니다.

### ANSWER
B"
team_allocation-115,team_allocation,A,A,"태우는 사용자 경험에 강점이 있고 지수와 협업이 잘 되므로 사용자 경험 팀에 배치하는 것이 좋다. 서현은 백엔드 이해도와 창의성이 있지만 사용자 경험에서 비판을 받았으므로 기능 설계 팀에 적합하다. 지수는 시각 디자인에 강점이 있지만 사용자 흐름을 간과하므로 태우와 함께 사용자 경험 팀에서 보완하는 것이 효과적이다. 따라서 기능 설계 팀에 서현, 사용자 경험 팀에 지수와 태우를 배정하는 것이 최적이다.

### ANSWER
A"
team_allocation-116,team_allocation,C,,"지수는 행사 기획에 강점이 있지만 안전 관리 경험과 자격증이 없으므로 행사 운영 팀에 배치하는 것이 적절하다. 동민은 안전 관리에 특화되어 있고 행사 운영에는 어려움이 있으므로 안전 관리 팀에 배치해야 한다. 하연은 행사 운영과 안전 관리 모두에 역량이 있지만, 지수가 안전 팀에 갈 수 없으므로 안전 관리 팀에서 동민"
team_allocation-117,team_allocation,B,B,"수민은 창의적 글쓰기와 스토리텔링에 강점이 있지만 촬영 기술에는 약하고 은영과 충돌한 이력이 있습니다. 은영은 촬영과 장비 사용에 능숙하지만 대본 작성에는 어려움이 있습니다. 지호는 대본과 촬영 모두에서 뛰어나며 은영과도 협업이 잘 됩니다. 따라서 각본 팀에 수민을, 촬영 팀에 은영과 지호를 배정하는 것이 각자의 강점을 살리고 갈등을 피하는 최선의 조합입니다.

### ANSWER
B"
team_allocation-118,team_allocation,A,A,"서준은 창의적 글쓰기와 촬영 경험을 모두 갖췄지만 민지, 태현과 갈등 이력이 있어 함께 작업하기 어렵습니다. 민지는 창의적 글쓰기에 흥미가 없고 촬영 성과도 다소 부족하지만 태현과는 협업이 잘 됩니다. 태현은 시나리오 작법 이해도가 높지만 촬영에도 관심이 있고, 서준과는 논쟁 이력이 있습니다. 따라서 갈등을 피하고 효율성을 높이려면 서준을 각본 작성자로 단독 배치하고, 호흡이 맞는 민지와 태현을 촬영 팀원으로 배치하는 것이 가장 이상적입니다.

### ANSWER
A"
team_allocation-119,team_allocation,A,A,"서현은 각본 팀에서 성공 경험이 있고 창의적 글쓰기와 계획 수립에 강점이 있으므로 각본 팀에 배치하는 것이 적절합니다. 아라는 글쓰기에 흥미가 없고 즉흥적 활동을 선호하므로 촬영 팀에 적합합니다. 민수는 창의적 글쓰기에 흥미가 없고 글쓰기에 오랜 시간이 걸리므로 각본 팀보다는 촬영 팀에 두는 편이 낫습니다. 따라서 서현은 각본 팀, 민수와 아라는 촬영 팀으로 배정하는 A가 가장 효율적입니다.

### ANSWER
A"
murder_mysteries-64,murder_mysteries,A,A,"유찬은 무술 수업에서 교살 기술을 배웠다고 직접 밝혔고, 공원 관리인으로서 모든 구역에 자유롭게 이동할 수 있는 권한과 유연한 근무 시간을 가져 범행 현장에 접근할 수 있었다. 또한 사건 당일 번지 점프 장소 근처를 돌아다녔다고 스스로 인정했으며, 교살 장면이 나오는 스파이 영화를 반복적으로 시청한 점도 범행 가능성을 높인다. 반면 아영은 유현에게 협박당했다는 강한 동기가 있지만, 구체적인 범행 수단이나 현장 접근 정황은 제시되지 않았다. 따라서 가장 유력한 용의자는 유찬이다.

### ANSWER
A"
murder_mysteries-65,murder_mysteries,B,B,"아영은 겨울 산행 경험과 다양한 스카프 매듭법에 대한 지식을 갖고 있어 범행 수단인 스카프 교살과 직접적으로 연결된다. 또한 여행 일정과 번지 점프 예약을 단독으로 처리하여 사건 현장을 미리 계획했을 가능성이 크다. 유현이 아영의 과거를 알고 있어 불편한 대화를 했다는 점은 살해 동기가 될 수 있다. 반면 유찬은 현장 근처에서 목격되었지만 직업상 안전 점검 때문이었고, 살해 수단과 관련된 구체적인 정황은 약하다. 따라서 아영이 살인자일 가능성이 가장 높다.

### ANSWER
B"
murder_mysteries-66,murder_mysteries,B,B,"진혁은 주방칼에 대한 전문 지식과 관심이 많고, 범준이 그의 작품을 지속적으로 비난하며 괴롭혔다는 명확한 동기가 있다. 반면 영호는 종교 행사를 비웃음당한 정도의 약한 갈등만 있었고 범준과 좋은 시간을 보낼 계획도 있었다. 따라서 살인자일 가능성이 가장 높은 사람은 진혁이다.

### ANSWER
B"
murder_mysteries-67,murder_mysteries,A,B,"진혁은 주방칼 컬렉션을 소장하고 주방칼 연구에 관심이 있으며, 범준이 그의 작품을 지속적으로 비난하고 부정적 댓글을 달아 갈등이 컸다. 영호도 주방 도구를 빌린 적 있고 종교적 모욕을 당했지만, 직접적인 살인 도구와 관련된 단서는 진혁 쪽에 더 집중되어 있다. 또한 진혁은 밤에 글을 쓰며 늦은 시간 활동적이고, 범준과의 관계에서 강한 불만을 가졌다는 점이 정황 증거로 작용한다. 따라서 살인자일 가능성이 가장 높은 사람은 진혁이다.

### ANSWER
B"
murder_mysteries-68,murder_mysteries,B,B,"라희는 피해자 우성과 오래된 갈등이 있었고, 그날 비행기에 탑승해 승무원을 도우며 기내 주방에 접근할 수 있었습니다. 반면 성준은 숙련된 요리사이지만 사건 현장인 비행기에 있었다는 정황이 제시되지 않았습니다. 따라서 범행 동기와 기회를 모두 가진 라희가 살인자일 가능성이 가장 높습니다.

### ANSWER
B"
murder_mysteries-69,murder_mysteries,A,A,"성준은 고온의 기름을 다루는 요리 기술을 익혔고, 기름 관리에 능숙하며 요리 경연 대회에서 우승한 경력이 있습니다. 피해자가 끓는 기름 냄비로 살해된 점을 고려하면, 범행 수단에 대한 전문성이 가장 중요한 단서입니다. 라희는 범죄 소설과 법의학 자료를 참고하고 사람을 관찰하는 습관이 있지만, 직접적인 범행 수단과 연결되는 기술적 증거는 부족합니다. 따라서 살인자일 가능성이 가장 높은 사람은 성준입니다.

### ANSWER
A"
murder_mysteries-70,murder_mysteries,B,B,"상호는 특수 부대에서 복무하며 수류탄을 실제로 사용한 경험이 있고, 윤호와의 사이에 폭력적 갈등과 위협이 있었던 정황이 드러난다. 반면 소연은 역할 연구를 위한 군사 훈련과 연기적 몰입 능력이 언급되지만, 살해 동기나 직접적인 범행 정황은 상대적으로 약하다. 따라서 수류탄을 이용한 살인과 가장 밀접하게 연결되는 인물은 상호이다.

### ANSWER
B"
murder_mysteries-71,murder_mysteries,A,A,"소연은 전쟁 영화 촬영을 위해 군사 훈련과 장비 사용법을 배운 것으로 묘사되며, 수류탄을 사용할 수 있는 능력을 갖추었을 가능성이 높다. 또한 윤호가 영화계에서 중요한 평가자로서 그녀에게 부담을 주었다는 점은 살해 동기가 될 수 있다. 상호는 현장 주변에 흔적이 남아 있지만, 수류탄 사용과 직접적으로 연결될 만한 군사적 훈련이나 전문성은 제시되지 않았다. 따라서 살인자일 가능성이 가장 높은 사람은 소연이다.

### ANSWER
A"
object_placements-182,object_placements,D,D,"### ANSWER
D"
object_placements-183,object_placements,A,A,"유나는 처음에 수첩이 책상 위에 있다는 것을 알고 있었지만, 이후 책상 위의 수첩을 꺼내어 가방 안에 넣었다. 따라서 수첩을 찾으려면 가장 먼저 가방을 확인하는 것이 자연스럽다. 다른 장소들은 수첩이 이동한 이후의 위치와 관련이 없다.

### ANSWER
A"
object_placements-184,object_placements,B,C,"유나는 처음에 펜이 의자 위에 있다는 정보를 알고 있었다. 이후 동혁이 펜을 소파로 옮기고 지수가 다시 책상으로 옮겼지만, 유나는 그 과정을 주의 깊게 보지 않았다. 따라서 유나가 펜을 찾을 때 가장 먼저 확인할 곳은 자신이 마지막으로 알고 있던 위치인 의자이다.

### ANSWER
C"
object_placements-185,object_placements,C,D,"Jisoo herself moved the pen from the sofa to the desk, so she would know its most recent location. Although the pen was originally on the chair and later placed on the sofa, her final action placed it on the desk. Therefore, when looking for the pen, she would first check the desk.

### ANSWER
D"
object_placements-186,object_placements,A,A,"민수는 카메라를 가방에 넣는 순간 가방 안에 수첩이 있는 것을 직접 보았으므로, 수첩을 찾을 때 가장 먼저 가방을 확인할 것이다. 다른 장소들은 수첩의 현재 위치와 관련이 없다. 따라서 정답은 A이다.

### ANSWER
A"
object_placements-187,object_placements,A,A,"민수는 마지막에 카메라를 직접 가방에 넣었고, 그 순간 가방 안에 수첩이 있는 것도 확인했다. 따라서 민수는 카메라가 가방에 있다는 사실을 알고 있다. 카메라를 찾으려 한다면 자신이 넣은 가방을 가장 먼저 확인할 것이다. 다른 장소는 이전 위치나 다른 사람의 이동 가능성이 있지만, 가방이 가장 확실한 위치이다.

### ANSWER
A"
object_placements-188,object_placements,A,A,"서영은 지은이 탁자 위의 수첩을 가방 안으로 옮기는 순간을 가까이에서 유심히 지켜보았다. 따라서 서영은 수첩이 가방에 들어 있다는 사실을 알고 있다. 이후 민수가 카메라를 가방에 넣는 장면은 서영이 주의를 기울이지 않아 서영의 인식에 영향을 주지 않는다. 그러므로 서영이 수첩을 찾기 위해 가장 먼저 확인할 곳은 가방이다.

### ANSWER
A"
object_placements-189,object_placements,B,B,"서영은 카메라를 안방 서랍에서 거실 선반으로 직접 옮겼다. 이후 민수가 카메라를 가방에 넣는 모습을 서영은 보지 못했으므로, 자신이 마지막으로 둔 거실 선반을 가장 먼저 확인할 것이다.

### ANSWER
B"
object_placements-0,object_placements,D,D,"가람은 비행기 표를 처음에 침대 위에 있다고 알고 있었지만, 이후 자신이 직접 테이블 서랍으로 옮겼습니다. 수진이 그 표를 다시 작은가방으로 옮기는 장면을 가람은 보지 못했고 대화도 나누지 않았습니다. 따라서 가람이 알고 있는 마지막 표의 위치는 테이블 서랍입니다. 그러므로 가람은 비행기 표를 찾기 위해 가장 먼저 테이블 서랍을 확인할 것입니다.

### ANSWER
D"
object_placements-1,object_placements,B,B,"가람은 여권이 책장에 있다는 초기 정보만 알고 있으며, 이후 민호가 여권을 작은가방으로 옮기는 것을 보지 못했다. 수진이 작은가방에서 여권을 보았지만 가람은 그 장면을 목격하지 못했고 대화도 나누지 않았다. 따라서 가람이 가장 먼저 확인할 곳은 책장이다.

### ANSWER
B"
object_placements-2,object_placements,A,A,"민호는 가람이 비행기 표를 테이블 서랍에 넣는 것을 지켜보았고, 이후 수진이 그 표를 작은가방으로 옮기는 장면이 일어난 공간에 있었다. 따라서 민호는 표가 최종적으로 작은가방에 있음을 알 수 있다. 책장이나 침대 위는 더 이상 표가 있는 곳이 아니며, 테이블 서랍은 중간 보관 장소일 뿐이다. 그러므로 민호는 비행기 표를 찾기 위해 가장 먼저 작은가방을 확인할 것이다.

### ANSWER
A"
object_placements-3,object_placements,A,A,"민호는 여권을 직접 작은가방으로 옮겼기 때문에, 여권의 위치를 가장 정확히 알고 있다. 따라서 여권을 찾기 위해 가장 먼저 확인할 곳은 작은가방이다.

### ANSWER
A"
object_placements-4,object_placements,A,A,"수진이는 마지막에 비행기 표를 테이블 서랍에서 작은가방으로 옮겼고, 그 과정에서 여권도 작은가방에 있음을 확인했다. 따라서 수진이는 비행기 표가 작은가방에 있다는 것을 정확히 알고 있으므로, 가장 먼저 작은가방을 확인할 것이다.

### ANSWER
A"
object_placements-5,object_placements,A,A,"수진은 비행기 표를 작은가방으로 옮기면서 그 안에 여권이 함께 들어 있는 것을 직접 보았다. 따라서 여권의 현재 위치를 가장 확실히 알고 있으므로, 여권을 찾기 위해 가장 먼저 작은가방을 확인할 것이다. 책장은 원래 위치였지만 이미 민호가 옮긴 뒤이다. 침대 위와 테이블 서랍은 비행기 표와 관련된 장소이지 여권이 있는 곳이 아니다.

### ANSWER
A"
object_placements-6,object_placements,D,D,"미래는 악보를 자신이 직접 피아노 위로 옮겼기 때문에, 수진이 리셉션 장소로 옮긴 사실을 모르는 상태에서는 가장 먼저 피아노 위를 확인할 것이다. 대기실 선반은 원래 위치였지만 이미 옮긴 뒤이므로 첫 확인 장소가 아니다.

### ANSWER
D"
object_placements-7,object_placements,B,C,"### ANSWER
C"
murder_mysteries-150,murder_mysteries,B,B,"준혁은 화학 공장 경력으로 염산에 대한 지식을 갖추고 있고, 지하 벙커에 장비를 설치하며 접근 권한도 있었다. 또한 은영의 통화 상대까지 알 정도로 그녀와 가까운 관계였다. 반면 서이의 의심스러운 행동은 사서함과 CCTV와 관련되어 있어 염산 살해와 직접 연결되기 어렵다. 따라서 살인자일 가능성이 가장 높은 사람은 준혁이다.

### ANSWER
B"
murder_mysteries-151,murder_mysteries,A,A,"서이는 은영이 종교 집단의 교리에 어긋나는 발언을 해 고위 신도들의 불만을 샀다고 진술했으며, 집단의 규율과 화합을 중요하게 여기는 태도를 보였다. 또한 서이는 벙커의 경비와 안전을 책임지는 관리자로서 현장 접근이 용이하다. 반면 준혁은 은영과 친밀하고 신뢰하는 관계였으며 뚜렷한 범행 동기가 드러나지 않는다. 따라서 살인자일 가능성이 가장 높은 사람은 서이다.

### ANSWER
A"
murder_mysteries-152,murder_mysteries,A,A,"라희는 은진에게 직장에서 지속적인 비판과 스트레스를 받아왔고, 이는 강한 살해 동기가 된다. 또한 라희는 대장간 취미와 약재사로서 날카로운 도구를 다루는 능력이 있어 마체테를 사용한 범행 수단을 가질 가능성이 높다. 공원과 가까운 집, 공원을 자주 찾는 습관은 범행 장소와의 연관성을 보여준다. 반면 수진은 은진의 일정을 추적한 정황이 있지만 뚜렷한 동기나 범행 수단이 드러나지 않는다. 따라서 살인자일 가능성이 가장 높은 사람은 라희이다.

### ANSWER
A"
murder_mysteries-153,murder_mysteries,B,B,"수진은 은진에 대한 집착적 온라인 추적과 악성 메시지 등 명확한 동기를 가지고 있고, 공연 소품으로 마체테를 대여해 사용했으며, 범행 현장인 공원을 자주 드나들었다. 반면 라희는 은진과 친구 사이였을 뿐 살해 동기가 두드러지지 않고, 약재사로서 도구 사용이 언급되지만 직접적인 증거는 부족하다. 따라서 살인자일 가능성이 가장 높은 사람은 수진이다.

### ANSWER
B"
murder_mysteries-154,murder_mysteries,A,B,"명석은 희귀한 쌍절곤에 관심이 있었고, 의영의 부모와 법적 분쟁이 있었으며, 늦은 밤에 상자를 옮기고 방을 잠그는 등 수상한 행동을 보였다. 반면 제이는 쌍절곤을 연습하지만 살해 동기가 뚜렷하지 않다. 따라서 살인자일 가능성이 가장 높은 사람은 명석이다.

### ANSWER
B"
murder_mysteries-155,murder_mysteries,B,A,"제이는 의영의 스케줄을 지속적으로 물어보았고, 쌍절곤을 집에서 연습해 온 정황이 드러난다. 또한 피해자의 사업 결정에 영향을 줄 수 있는 위치에 있었으며, 주변인의 라이프스타일을 과도하게 캐묻는 등 범행을 준비한 흔적이 보인다. 반면 명석은 무기 수집과 관련된 단서가 있지만 직접적인 범행 동기나 준비 정황은 제이보다 약하다. 따라서 살인자일 가능성이 가장 높은 사람은 제이다.

### ANSWER
A"
murder_mysteries-156,murder_mysteries,B,B,"### ANSWER
B"
murder_mysteries-157,murder_mysteries,A,B,"자영이는 절단기 사용 경험이 있고, 늦은 밤 혼자 일하는 습관, 비닐봉지를 꽉 쥐는 행동, 이웃과의 접촉을 피하는 태도 등 여러 가지로 수상한 정황이 드러난다. 또한 형사가 그녀를 유력한 용의자로 주목하고 있다. 유혜는 절단기 시연 경험이 있지만 비교적 차분하고 협조적인 태도를 보인다. 따라서 살인자일 가능성이 가장 높은 사람은 자영이다.

### ANSWER
B"
object_placements-80,object_placements,D,D,"세아는 물병을 직접 들어 출입구 책상으로 옮겼기 때문에, 물병의 위치를 가장 정확히 알고 있는 인물이다. 이후 다른 인물이 물병을 옮겼다는 언급이 없으므로, 세아가 물병을 찾으러 간다면 자신이 마지막으로 둔 출입구 책상을 가장 먼저 확인할 것이다. 따라서 정답은 D이다.

### ANSWER
D"
object_placements-81,object_placements,B,C,"### ANSWER
C"
object_placements-82,object_placements,D,D,"세아가 물병을 출입구 책상으로 옮겼고, 정민은 주변 물품의 위치 변화를 살피며 이를 인지했다. 따라서 정민이 물병을 찾을 때 가장 먼저 확인할 곳은 출입구 책상이다. 경기장 대기 구역은 원래 위치였지만 이미 옮겨졌으므로 첫 확인 장소가 아니다. 연습실 선반이나 장비 보관함은 헬멧과 관련된 장소이다. 그러므로 정답은 D이다.

### ANSWER
D"
object_placements-83,object_placements,B,B,"정민은 자신이 헬멧을 장비 보관함에서 연습실 선반으로 옮겼으며, 이후 상현이 그 헬멧을 다시 옮기는 모습을 보지 못했다. 따라서 정민이 헬멧을 찾기 위해 가장 먼저 확인할 곳은 연습실 선반이다.

### ANSWER
B"
object_placements-84,object_placements,D,C,"### ANSWER
C"
object_placements-85,object_placements,A,A,"혜진은 처음에 약 상자가 거실 선반에 있다는 공통 정보만 알고 있었다. 호준이 방 책상으로 옮긴 장면과 선영이 주방 찬장으로 옮긴 장면은 혜진이 자리를 비우거나 시선을 돌린 사이에 일어났다. 따라서 혜진이 약 상자를 찾으러 갈 때 가장 먼저 확인할 곳은 원래 위치인 거실 선반이다.

### ANSWER
A"
object_placements-86,object_placements,C,C,"호준은 처음부터 수첩이 주방 찬장에 있다는 사실을 알고 있었다. 혜진이 수첩을 현관 서랍으로 옮기는 동안 호준은 거실에서 할머니를 살피며 약 복용 시점을 메모하느라 그 장면을 보지 못했다. 따라서 호준이 수첩을 찾기 위해 가장 먼저 확인할 곳은 자신이 알고 있는 원래 위치인 주방 찬장이다.

### ANSWER
C"
object_placements-87,object_placements,B,B,"호준은 약 상자를 직접 방 책상으로 옮겼고, 이후 선영이 주방 찬장으로 옮기는 모습을 보지 못했으므로, 자신이 마지막으로 둔 방 책상을 가장 먼저 확인할 것이다.

### ANSWER
B"
team_allocation-16,team_allocation,A,A,"소라는 아티스트 관리 경험이 풍부하고 소통과 조율 능력이 뛰어나므로 아티스트 관리 담당으로 가장 적합합니다. 민성은 안전 매뉴얼 작성 경험과 위급 상황에서의 침착함을 갖추어 관객 안전 담당에 적합합니다. 또한 지훈과 민성은 과거 협력 경험이 있고 업무 스타일이 유사하여 충돌이 적다는 점에서 함께 안전 업무를 맡는 것이 효율적입니다. 소라와 지훈, 소라와 민성은 의견 차이나 소통 문제가 있었으므로 같은 팀으로 배정하는 것은 피하는 것이 좋습니다. 따라서 아티스트 관리는 소라, 관객 안전은 민성과 지훈이 맡는 것이 가장 적절합니다.

### ANSWER
A"
team_allocation-17,team_allocation,B,B,"소영은 창의적이지만 안전 규정과 협업에 약하므로 연구 개발 팀에 배치하는 것이 적절하다. 지훈은 협업과 기본 실험 능력을 갖추고 있어 민정과 함께 실험실 관리 팀에서 안정적으로 역할을 할 수 있다. 민정은 실험실 관리와 안전 규정 준수에 가장 적합한 인재이다. 따라서 연구 개발 팀에 소영, 실험실 관리 팀에 민정과 지훈을 배치하는 것이 가장 효율적이다.

### ANSWER
B"
team_allocation-18,team_allocation,C,,다혜와 지훈은 개발 프로젝트 성공 경험과 분석적 문제 해결 능력이
team_allocation-19,team_allocation,C,B,"Seojun has strong writing skills but struggles with data analysis, so he should be assigned to document writing. Hyejin and Seojun have a known conflict, especially regarding writing criticism, so pairing them together would be inefficient. Jisoo also has a conflict with Seojun, but it is less directly related to writing tasks. Therefore, assigning Hyejin to data analysis and Seojun with Jisoo to document writing best balances abilities and minimizes major conflicts.

### ANSWER
B"
team_allocation-20,team_allocation,A,A,"서윤은 기획 업무에서 성공 경험과 세부 관리 능력이 뛰어나므로 기획 팀에 배치하는 것이 적합하다. 반면 민지와 재호는 함께 일했을 때 긍정적인 피드백을 주고받았고, 서로 협업이 잘 되므로 홍보 팀에 함께 배치하는 것이 좋다. 서윤은 민지 및 재호와 갈등 이력이 있어 같은 팀에 두는 것은 피해야 한다. 따라서 A안이 가장 효율적이다.

### ANSWER
A"
team_allocation-21,team_allocation,A,A,"후원사 유치 팀에는 후원사와의 관계 형성과 유지 능력이 가장 중요한데, 명준과 수영은 모두 후원사 유치 프로젝트에서 뛰어난 성과를 보였고 서로 협업 경험도 있습니다. 반면 다인은 후원사에게 명확하지 않은 발표를 한 경험이 있어 후원사 유치보다는 아티스트 관리에 배치하는 것이 낫습니다. 아티스트 관리 측면에서 다인도 완벽하지는 않지만, 수영은 예술 트렌드와 용어 이해가 부족하고 명준은 예술 이해 부족으로 아티스트 소통에 어려움이 있으므로 셋 중에서는 다인이 상대적으로 적합합니다. 따라서 두 업무를 모두 고려한 최적의 배치는 A안입니다.

### ANSWER
A"
team_allocation-22,team_allocation,A,A,"수연은 모델 관리 경험과 모델과의 소통 능력이 뛰어나므로 모델 관리 팀에 적합하고, 민지와 지혁은 대규모 이벤트 운영에서 강점을 보였으므로 이벤트 운영 팀에 배치하는 것이 효율적입니다. 다른 선택지들은 약점이나 갈등 관계가 업무 효율을 떨어뜨릴 가능성이 큽니다.

### ANSWER
A"
team_allocation-23,team_allocation,C,C,"Jiho는 창의적 프로그램 기획에 강점이 있으므로 프로그램 운영 팀에 배치하는 것이 적합하고, 서현은 규칙 준수와 안전 교육 성과가 뛰어나므로 안전 관리 팀에 배치하는 것이 적합하다. 민지는 안전 수칙 위반 이력과 위기 대응 부족이 있지만 세부 사항을 잘 포착하는 능력이 있어, 서현의 지도 아래 안전 관리 팀에서 보조 역할을 맡는 것이 현실적이다. 따라서 지호는 프로그램 운영 팀, 민지와 서현은 안전 관리 팀으로 배정하는 선택지가 가장 효율적이다.

### ANSWER
C"
murder_mysteries-72,murder_mysteries,A,A,"라희는 경찰 출신으로 경찰 장비를 개인적으로 보관하고 있었고, 살인 도구인 경찰봉에 접근할 수 있었습니다. 또한 감정적으로 무감각하고 냉담한 성향을 보이며, 상진의 개인 트레이너로서 신뢰 관계를 이용할 수 있었습니다. 유연은 인종차별적 발언으로 인한 불만이 있었지만, 살인 도구와 직접적으로 연결될 만한 단서는 부족합니다. 따라서 살인자일 가능성이 가장 높은 사람은 라희입니다.

### ANSWER
A"
murder_mysteries-73,murder_mysteries,B,B,"유연은 상진의 인종차별적 발언으로 인해 단체에서 배제되었고, 상진이 ""너 같은 사람은 이 방에 있을 자격이 없다""고 말한 직접적인 갈등이 있었다. 이는 강력한 살해 동기가 된다. 반면 라희는 상진과 오랜 신뢰 관계를 유지해 온 트레이너로, 뚜렷한 동기가 드러나지 않는다. 경찰봉이 라희의 소유라는 점은 의심스럽지만, 주방은 모든 거주자에게 개방된 공간이므로 누구나 사용할 수 있었고, 유연은 경찰 장비에 대한 관심과 지식을 갖고 있었다. 따라서 살인자일 가능성이 가장 높은 사람은 유연이다.

### ANSWER
B"
murder_mysteries-74,murder_mysteries,B,B,"### ANSWER
B"
murder_mysteries-75,murder_mysteries,A,A,"수호는 사건 현장인 옥상에서 정기적으로 관측을 했고, 피해자가 발견된 에어건이 그가 관리하는 장비라는 점에서 살인 도구와 직접적으로 연결됩니다. 또한 사격 동호회 활동과 대회 우승 경력은 에어건 사용 능력을 뒷받침합니다. 서빈이 법정에 제출한 문서가 수호의 불법 관측 프로젝트와 관련되어 있다는 의심은 명확한 살해 동기가 됩니다. 반면 나영은 종교적 갈등 가능성이 있으나 살인 도구나 현장과의 직접적 연관성이 약합니다. 따라서 가장 유력한 용의자는 수호입니다.

### ANSWER
A"
murder_mysteries-76,murder_mysteries,B,B,"### ANSWER
B"
murder_mysteries-77,murder_mysteries,A,A,"### ANSWER
A"
murder_mysteries-78,murder_mysteries,B,A,"연진은 목수 경험과 집 수리 취미가 있어 네일 건을 사용할 수 있는 능력을 갖추고 있으며, 방수 장갑을 착용하고 비 오는 날에도 산책하는 등 범행과 관련된 정황이 두드러진다. 반면 지율은 주방 기기 수리에 능숙할 뿐 네일 건과 직접적인 연관성이 약하고, 서율과의 관계도 우호적으로 묘사된다. 따라서 살인자일 가능성이 가장 높은 사람은 연진이다.

### ANSWER
A"
murder_mysteries-79,murder_mysteries,A,A,"살인 도구가 네일 건이라는 점에서 목공 기술을 가진 연진이 가장 유력하다. 본문은 연진이 고급 목공 기술 훈련을 받았고 목수 경력과 집 수리 경험이 있다고 명시한다. 지율은 통화 태도 등으로 의심을 사지만 살인 도구와 직접 연결되는 결정적 단서는 없다. 따라서 살인자일 가능성이 가장 높은 사람은 연진이다.

### ANSWER
A"
team_allocation-206,team_allocation,A,A,"서진은 창의적인 솔루션과 세부 검토에 강점이 있으므로 콘텐츠 제작에 가장 적합합니다. 다윤은 기술 문제 해결 경험과 효율적인 문제 해결 능력이 있어 기술 지원에 적합합니다. 민기는 기술적 세부 처리에 어려움이 있지만, 다윤과 함께 기술 지원에 배치되어 보조 역할을 맡는 것이 전체 업무 효율에 낫습니다. 따라서 콘텐츠 제작자로 서진, 기술 지원 담당자로 다윤과 민기를 배정하는 것이 가장 균형 잡힌 선택입니다.

### ANSWER
A"
team_allocation-207,team_allocation,B,B,"수진은 시각 디자인에 강점이 있어 게임 디자이너로 적합하고, 민지는 마케팅 능력과 소통 능력이 뛰어나 마케팅 전문가로 적합합니다. 태현은 마케팅 단독 업무에서는 어려움을 겪었지만 민지와 함께할 때 성공적이었으므로 민지와 같은 팀에 배치하는 것이 효율적입니다. 따라서 수진을 게임 디자이너로, 민지와 태현을 마케팅 전문가로 배정하는 것이 가장 균형 잡힌 선택입니다.

### ANSWER
B"
team_allocation-208,team_allocation,A,A,"민규는 백엔드 전문가이므로 반드시 백엔드 팀에 포함되어야 하며, 수현은 기본적인 백엔드 지식과 민규와의 협업 경험을 갖추고 있어 백엔드 역할에 적합하다. 서진은 백엔드 경험이 없고 창의적 디자인 역량이 뛰어나므로 사용자 경험 디자이너로 배치하는 것이 가장 효율적이다.

### ANSWER
A"
team_allocation-209,team_allocation,C,C,"편집 팀은 세부 사항에 강한 사람이 필요하므로, 경험 많고 꼼꼼한 서진이 가장 적합하다. 마케팅 팀은 창의성과 실행력이 모두 필요한데, 은영은 창의적 아이디어와 협력성을 갖추고 있고 민수는 실행력과 빠른 진행을 선호하므로 둘을 함께 배치하는 것이 효율적이다. 따라서 편집 팀에 서진, 마케팅 팀에 민수와 은영을 배정하는 것이 타당하다.

### ANSWER
C"
team_allocation-210,team_allocation,C,C,"수현은 편집에 강점이 있고 마케팅에는 비효율적이므로 편집 팀에 배치하는 것이 적합합니다. 민지는 마케팅에 강점이 있지만 편집에는 세부 검토가 부족하므로 마케팅 팀에 배치하는 것이 좋습니다. 지호는 편집과 마케팅 모두 능숙하면서도 민지와 긍정적인 협업을 보였으므로 마케팅 팀에서 민지와 함께하는 것이 효율적입니다. 또한 수현과 민지, 수현과 지호 사이의 갈등을 피하려면 수현을 편집 팀에 두는 것이 바람직합니다.

### ANSWER
C"
team_allocation-211,team_allocation,C,C,"### ANSWER
C"
team_allocation-212,team_allocation,B,B,"Sumi is the strongest judge due to her experience and taste evaluation skills, so she should be assigned to the judging team. Jiyoung is best suited for participant management because of her interpersonal strengths, and she has a proven successful working relationship with Hyunwoo. Hyunwoo lacks judging ability and conflicts with Sumi, so placing him with Jiyoung in participant management avoids friction. This combination best balances expertise and teamwork.

### ANSWER
B"
team_allocation-213,team_allocation,C,C,"수진은 사용자 테스트 경험이 풍부하므로 테스트 설계팀에 배치할 수 있고, 민지는 체계적인 계획 수립에 강점이 있어 데이터 분석팀에 적합합니다. 영호는 데이터 해석에도 다재다능함을 보이므로 민지와 함께 데이터 분석팀에서 협업하는 것이 효율적입니다. 또한 수진과 민지의 과거 갈등을 고려하여 두 사람을 분리하는 것이 팀 다이내믹상 바람직합니다. 따라서 테스트 설계팀에 수진, 데이터 분석팀에 민지와 영호를 배정하는 것이 가장 균형 잡힌 선택입니다.

### ANSWER
C"
team_allocation-120,team_allocation,C,C,"서현은 장비 활용과 상황 판단 능력이 뛰어나 촬영 팀에 적합하고, 지훈은 시각적 세부 구현 능력이 뛰어나 후반 작업 팀에 적합하다. 도영은 촬영 현장 문제 해결에 강점이 있지만 후반 작업의 시각적 집중력이 부족하므로, 지훈과 함께 후반 작업을 맡기면 지훈의 세부 능력이 이를 보완할 수 있다. 또한 도영과 지훈은 오랜 협력 관계로 팀워크가 좋고, 서현을 촬영 팀에 배치하면 도영-서현의 불화와 서현-지훈의 소통 문제를 피할 수 있다. 따라서 촬영 팀에 서현, 후반 작업 팀에 도영과 지훈을 배정하는 것이 가장 효율적이다.

### ANSWER
C"
team_allocation-121,team_allocation,C,A,"기훈은 편집 전문가이지만 촬영 감각이 부족하고, 서준은 촬영 시 카메라 흔들림과 조명 혼동이 잦아 촬영보다 후반 작업에 적합하다. 또한 기훈과 서준은 과거 갈등이 있어 같은 팀에 배치하지 않는 것이 좋다. 따라서 촬영 팀에는 기훈을, 후반 작업 팀에는 서준과 소영을 배치하는 것이 가장 효율적이다.

### ANSWER
A"
team_allocation-122,team_allocation,C,A,"### ANSWER
A"
team_allocation-123,team_allocation,B,B,"서연은 교육과정 설계와 워크숍 진행에 강점이 있어 강의 계획 팀에 배치하는 것이 적합합니다. 미나는 상담 경험과 학생과의 소통 능력이 뛰어나 학생 관리 팀에 적합하며, 태형도 소통 능력과 협업 경험이 있어 학생 관리 팀에서 미나와 잘 어울립니다. 또한 서연은 미나와 함께 일하기를 거부하므로 두 사람을 같은 팀에 두는 것은 피해야 합니다. 따라서 B안이 두 업무를 효율적으로 수행할 수 있는 최선의 배치입니다.

### ANSWER
B"
team_allocation-124,team_allocation,B,B,"서현은 데이터 분석과 공급업체 선정, 시장 조사에 강점이 있어 상품 소싱에 가장 적합합니다. 반면 고객의 감정을 이해하는 데 한계가 있어 고객 지원에는 부적합합니다. 미나는 고객 응대 경험과 외국어 능력, 문화적 이해로 고객 지원에 적합하고, 정우도 고객 맞춤 지원 능력이 뛰어나 고객 지원 팀에 잘 어울립니다. 따라서 상품 소싱 팀에는 서현, 고객 지원 팀에는 미나와 정우를 배치하는 것이 가장 효율적입니다.

### ANSWER
B"
team_allocation-125,team_allocation,A,A,"### ANSWER
A"
team_allocation-126,team_allocation,A,A,"하린은 창의적이고 고객 소통에 강점이 있어 제품 개발 팀에 적합하고, 도윤은 물류 경험과 체계적 업무 능력으로 유통 팀에 적합합니다. 서준도 체계적이고 반복적인 업무에 강점이 있어 유통 팀에 배치하는 것이 효율적입니다. B는 도윤을 제품 개발에, 하린을 유통에 배치해 각자의 강점을 살리지 못합니다. C는 서준을 제품 개발에 배치해 부족한 역량이 문제가 됩니다. 따라서 A가 가장 적절합니다.

### ANSWER
A"
team_allocation-127,team_allocation,B,B,"소영은 뛰어난 웹 개발 실력과 기술적 문제 해결 능력을 갖추고 있어 웹 개발자 역할에 가장 적합합니다. 지훈은 고객 불만 처리와 의사소통 능력이 뛰어나 고객 서비스 담당자로 적합합니다. 민재는 두 분야 모두 약점을 보이지만, 고객 서비스 업무에 보조적으로 배치하는 것이 가장 현실적입니다. 따라서 웹 개발자에 소영, 고객 서비스 담당자에 민재와 지훈을 배정하는 것이 효율적입니다.

### ANSWER
B"
object_placements-190,object_placements,A,A,"지은이는 자신이 직접 수첩을 탁자에서 가방으로 옮겼기 때문에, 수첩이 어디에 있는지 가장 잘 알고 있다. 따라서 수첩을 찾을 때 가장 먼저 가방을 확인할 것이다. 다른 장소들은 수첩이 있었던 이전 위치이거나 다른 물건과 관련된 위치이다.

### ANSWER
A"
object_placements-191,object_placements,C,C,"지은이는 처음에 카메라가 안방 서랍에 있다는 사실을 알고 있었고, 이후 서영이나 민수가 카메라를 옮기는 장면을 보지 못했기 때문에 가장 먼저 안방 서랍을 확인할 것이다.

### ANSWER
C"
object_placements-192,object_placements,B,B,B
object_placements-193,object_placements,B,B,"### ANSWER
B"
object_placements-194,object_placements,D,D,"지훈은 반지를 직접 정문 옆 선반으로 옮겨 두었기 때문에, 반지를 찾을 때 자신이 마지막으로 둔 장소인 정문 옆 선반을 가장 먼저 확인할 것이다. 다른 장소들은 이전 위치이거나 다른 인물이 옮긴 위치이므로 정답은 D이다.

### ANSWER
D"
object_placements-195,object_placements,A,A,"### ANSWER
A"
object_placements-196,object_placements,C,C,"혜민이는 반지가 처음에 연회장 테이블에 있었다는 사실을 알고 있었고, 이후 민석이나 지훈이 반지를 옮긴 과정을 직접 확인하지 못했다. 특히 지훈이 반지를 정문 옆 선반으로 옮기는 장면은 혜민이 보지 못했으므로, 그녀가 알고 있는 반지의 마지막 위치는 연회장 테이블이다. 따라서 혜민이는 반지를 찾기 위해 가장 먼저 연회장 테이블을 확인할 것이다.

### ANSWER
C"
object_placements-197,object_placements,A,A,"혜민이는 축가 USB를 직접 로비 상자로 옮겼기 때문에, USB의 위치를 가장 정확하게 알고 있는 인물이다. 이후 이야기에서 USB가 다시 옮겨졌다는 언급은 없다. 따라서 USB를 찾으러 갈 때 혜민이는 자신이 마지막으로 둔 장소인 로비 상자를 가장 먼저 확인할 것이다.

### ANSWER
A"
object_placements-8,object_placements,B,B,"수진은 이야기 속에서 악보를 리셉션 장소로 옮긴 뒤 그곳에서 카메라를 직접 보았기 때문에, 카메라의 위치를 가장 최근에 확인한 장소는 리셉션 장소이다. 따라서 카메라를 찾으러 갈 때 가장 먼저 확인할 곳은 리셉션 장소이다.

### ANSWER
B"
object_placements-9,object_placements,B,A,"재훈은 악보가 처음에 신부 대기실 선반 위에 있었다는 사실을 알고 있었고, 이후 미래가 피아노로 옮기거나 수진이 리셉션 장소로 옮기는 모습을 보지 못했다. 그는 무대 뒤에서 식순을 점검하느라 주변을 살피지 않았으므로, 자신이 마지막으로 알고 있던 위치인 대기실 선반을 가장 먼저 확인할 것이다.

### ANSWER
A"
object_placements-10,object_placements,C,C,C
object_placements-11,object_placements,B,B,"서연은 펜을 책상 위에서 교탁으로 직접 옮겼기 때문에, 펜의 현재 위치를 가장 정확히 알고 있다. 따라서 펜을 찾기 위해 가장 먼저 확인할 곳은 교탁이다.

### ANSWER
B"
object_placements-12,object_placements,D,C,"영민은 공책이 사물함에 있다는 사실을 알고 있었고, 곧장 찾으러 갈 채비를 했다. 이후에도 사물함에서 공책을 꺼내는 행동이 이어진다. 따라서 영민이 가장 먼저 확인할 곳은 사물함이다.

### ANSWER
C"
object_placements-13,object_placements,D,D,"### ANSWER
D"
object_placements-14,object_placements,D,D,"이야기에서 공책은 처음 사물함에 있었지만 영민이 가방으로 옮겼고, 이후 지훈이 공책을 들어 책상으로 옮겼다. 따라서 지훈이 공책을 찾으려면 현재 공책이 있는 책상을 가장 먼저 확인할 것이다.

### ANSWER
D"
object_placements-15,object_placements,D,D,"### ANSWER
D"
team_allocation-24,team_allocation,A,A,"수진은 창의적 설계 능력이 뛰어나지만 현장 관리 경험이 부족하므로 설계 팀에 단독 배치하는 것이 적합합니다. 민준과 태호는 모두 현장 관리와 문제 해결에 강점이 있고, 태호가 민준을 존중하며 따르는 관계라 시공 관리 팀으로 함께 배치하는 것이 효율적입니다. 수진과 민준, 수진과 태호 사이의 갈등 가능성도 피할 수 있습니다.

### ANSWER
A"
team_allocation-25,team_allocation,A,A,"서윤은 데이터 분석과 관리 업무에 강점이 있어 창의성과 분석력을 요구하는 메뉴 개발 팀에 적합합니다. 승호와 지민은 서로 협업한 경험이 긍정적이었지만, 둘 다 고객 응대에 어려움이 있으므로 고객 서비스 팀에 함께 배치하는 것이 가장 현실적인 선택입니다.

### ANSWER
A"
team_allocation-26,team_allocation,B,B,"서현은 창의성과 추진력이 뛰어나 이벤트 기획자 역할에 적합하지만, 소통 능력이 부족해 고객 상담에는 적합하지 않습니다. 도윤과 지수는 모두 고객과의 소통 능력이 뛰어나 고객 상담자 역할에 잘 맞습니다. 따라서 서현을 이벤트 기획자로, 도윤과 지수를 고객 상담자로 배정하는 것이 가장 효율적입니다.

### ANSWER
B"
team_allocation-27,team_allocation,A,A,"### ANSWER
A"
team_allocation-28,team_allocation,B,B,"세영과 아라는 서로 갈등이 있었고, 지훈과 세영도 갈등이 있었으므로 같은 팀에 배치하지 않는 것이 좋다. 반면 지훈과 아라는 협력 경험이 있어 함께 배치하는 것이 효율적이다. 따라서 지훈과 아라를 고객 피드백 팀에 두고, 세영을 레시피 개발 팀에 단독 배치하는 것이 갈등을 피하면서 두 업무를 모두 수행할 수 있는 최선의 선택이다.

### ANSWER
B"
team_allocation-29,team_allocation,B,B,"### ANSWER
B"
team_allocation-30,team_allocation,A,A,"서진은 뛰어난 조리 실력과 대인 기피 성향이 있어 주방에 배치하는 것이 가장 적합하다. 민지는 요리 자격증이 있지만 서비스에서 스트레스를 받았고, 태호는 서비스에 인내심이 부족하지만 민지와 함께일 때 유연해진다고 했으므로 둘을 서비스 팀으로 묶는 것이 효율적이다. 따라서 주방에 서진, 서비스에 민지와 태호를 배치하는 A가 최적이다.

### ANSWER
A"
team_allocation-31,team_allocation,B,B,"다영은 제품 개발에 가장 적합하고, 민수와 예린은 마케팅에 강점이 있으며 서로 협업 경험이 좋다. 다영과 민수, 다영과 예린의 갈등을 피하려면 다영을 제품 개발 팀에, 민수와 예린을 마케팅 전략 팀에 배치하는 것이 가장 효율적이다.

### ANSWER
B"
murder_mysteries-158,murder_mysteries,A,A,"세미는 피해자에게 빚을 지고 있었고, 목공과 기계 정비 경험으로 노루발못뽑이 같은 도구를 능숙하게 다룰 수 있으며, 동물원에 자주 출입하며 새장 수리에도 관여한 정황이 있다. 반면 병준은 동물원에 있었던 점 외에 살인 동기나 도구 사용과 직접 연결될 만한 결정적 단서가 부족하다. 따라서 살인자일 가능성이 가장 높은 사람은 세미이다.

### ANSWER
A"
murder_mysteries-159,murder_mysteries,B,B,"병준은 사건 당일 동물원에 있었고 목공 도구에 능숙하며 도구 관리에 철저합니다. 또한 재균이 병준의 상사의 비리를 조사하고 있었고, 병준은 회사 평판을 매우 중시한다는 점에서 강력한 살해 동기가 있습니다. 세미는 금전적 문제와 불안한 행동을 보이지만, 직접적인 범행 동기와 연결고리는 병준 쪽이 더 분명합니다.

### ANSWER
B"
murder_mysteries-160,murder_mysteries,A,A,A
murder_mysteries-161,murder_mysteries,B,B,"상우는 성당 행사에 자주 참석해 범행 장소에 익숙했고, 최근 해고와 금전적 어려움으로 재인에게 여러 차례 도움을 요청했다는 점에서 강한 동기가 있다. 또한 재인이 그의 생활 상태를 직접 확인했다는 진술은 갈등의 단서가 된다. 상우는 무기 수집과 구매 경로에 대한 깊은 관심을 보여 왔으며, 이는 작살총을 포함한 무기를 확보할 수 있는 가능성을 시사한다. 반면 민수는 작살총 사용법과 장비 접근성은 있지만, 뚜렷한 동기나 성당과의 연관성이 약하다. 따라서 종합적으로 볼 때 상우가 살인자일 가능성이 가장 높다.

### ANSWER
B"
murder_mysteries-162,murder_mysteries,A,B,"### ANSWER
B"
murder_mysteries-163,murder_mysteries,B,B,"정민은 살해 도구인 도끼를 소지하고 있었고, 도박 빚과 재형의 대형 계약 성사로 인한 금전적 동기가 뚜렷하다. 또한 그는 늦게까지 회사에 남는 습관이 있어 범행 기회도 있었다. 반면 유찬은 목공 기술과 보안 지식이 있지만 직접적인 도끼나 강한 동기가 제시되지 않았다. 따라서 정민이 가장 유력한 용의자이다.

### ANSWER
B"
murder_mysteries-164,murder_mysteries,A,A,A
murder_mysteries-165,murder_mysteries,B,B,"서은은 가족 사업 실패와 재정적 지원 거절이라는 명확한 동기를 가지고 있으며, 교도관으로서 도구에 접근할 수 있는 기회도 있다. 반면 유하는 송곳에 접근할 수 있었지만 뚜렷한 동기가 제시되지 않았고, 그녀의 일관된 행동은 용의자로서의 개연성을 낮춘다. 따라서 살인자일 가능성이 가장 높은 사람은 서은이다.

### ANSWER
B"
team_allocation-214,team_allocation,A,A,"지영은 논리적 접근과 문제 해결 과정에서 도움을 활용하는 강점이 있어 개발자 역할에 적합하다. 반면 다훈과 민지는 사용자 경험과 디자인 개선에 뛰어나고 사용자 피드백 반영에도 능숙하므로 UX 디자이너로 적합하다. 민지는 코딩에 어려움을 겪고 다훈도 기술적 문제 해결에 어려움이 있었으므로 개발자로는 부적합하다. 따라서 A가 가장 효율적인 배치이다.

### ANSWER
A"
team_allocation-215,team_allocation,C,C,"### ANSWER
C"
team_allocation-216,team_allocation,A,C,"### ANSWER
C"
team_allocation-217,team_allocation,A,A,"서연은 디자인 경험과 이해도가 가장 높아 전시 디자인 팀에 배치하는 것이 적합하다. 유민과 하진은 친밀한 관계와 협업 성공 경험이 있어 한 팀으로 묶는 것이 좋다. 서연과 유민은 갈등이 있어 같은 팀을 피해야 하며, 하진은 행정 강점을 살려 교육 프로그램 팀에 배치하는 것이 효율적이다. 따라서 A안이 가장 적절하다.

### ANSWER
A"
team_allocation-218,team_allocation,A,C,"하영은 연구 개발과 판매 전략 모두에서 뛰어난 성과를 보였고 세부 사항 처리에 강점이 있으므로 연구 개발 팀에 배치하는 것이 적절합니다. 동욱은 고객 커뮤니케이션과 판매 캠페인 성공 경험이 있으므로 판매 전략 팀에 적합합니다. 서진은 두 분야 모두에서 약점을 보이지만, 판매 전략 팀에서 동욱과 함께하는 것이 연구 개발 팀에 혼자 배치되는 것보다 낫습니다. 따라서 연구 개발 팀에 하영, 판매 전략 팀에 동욱과 서진을 배치하는 것이 두 업무의 효율성을 모두 고려한 최선의 선택입니다.

### ANSWER
C"
team_allocation-219,team_allocation,C,C,"하림은 시각적 감각과 창의적 아이디어 발전에 강점이 있으므로 게임 디자이너에 적합합니다. 도훈과 수진은 모두 체계적이고 분석적으로 오류를 찾아내는 데 능숙하므로 QA 테스터 역할에 잘 맞습니다. 수진은 디자인 소프트웨어 활용에 어려움이 있고, 도훈은 시각적 디자인에 열정이 없으므로 디자이너보다 QA에 더 적합합니다. 따라서 하림을 디자이너로, 도훈과 수진을 QA 테스터로 배정하는 것이 가장 효율적입니다.

### ANSWER
C"
team_allocation-220,team_allocation,C,C,"수현과 지훈은 신뢰 문제가 있고, 수현과 예린도 긴장 관계이므로 같은 팀에 배치하는 것은 비효율적입니다. 반면 예린과 지훈은 협업 경험이 좋고 서로를 신뢰하므로 함께 마케팅 전략 팀에 두는 것이 적합합니다. 수현은 기술 이해도와 문제 해결 능력이 뛰어나므로 연구 개발 팀에 단독으로 배치해도 효율적으로 업무를 수행할 수 있습니다. 따라서 갈등을 피하고 강점을 살리는 배치는 C안입니다.

### ANSWER
C"
team_allocation-221,team_allocation,C,C,"지훈은 분석 능력과 실험 경험이 뛰어나지만 환자와의 상호작용을 불편해하므로 연구 개발 팀에 적합하다. 다영은 조화와 소통을 중시하고 임상 관련 소통에서 평가가 높아 임상 시험 팀에 적합하다. 수진은 환자와의 상호작용과 경청 능력이 탁월하고 반복적인 실험 작업에 어려움을 겪으므로 임상 시험 팀에 적합하다. 따라서 연구 개발 팀에는 지훈, 임상 시험 팀에는 다영과 수진을 배치하는 것이 가장 효율적이다.

### ANSWER
C"
object_placements-88,object_placements,A,A,"민경은 처음에는 입장권이 옷장에 있다고 알고 있었지만, 성민이 옮기는 장면을 보지 못했다. 그러나 이후 민경이 카메라를 가방으로 옮기면서 가방 안에 있는 입장권을 직접 보았다. 따라서 그 시점 이후 민경은 입장권이 가방에 있다는 사실을 정확히 알게 되었다. 그러므로 입장권을 찾으려 할 때 가장 먼저 가방을 확인할 것이다.

### ANSWER
A"
object_placements-89,object_placements,A,A,"민경이는 지훈이 카메라를 거실 탁자로 옮기는 것을 지켜보았고, 이후 자신이 직접 카메라를 가방으로 옮겼습니다. 따라서 카메라의 현재 위치를 정확히 알고 있으므로, 찾기 위해 가장 먼저 확인할 곳은 가방입니다.

### ANSWER
A"
object_placements-90,object_placements,A,A,"성민은 입장권을 옷장에서 가방으로 직접 옮겼고, 이후 민경이 가방 안에서 입장권을 확인했으므로 입장권은 현재 가방에 있다. 따라서 성민이 입장권을 찾기 위해 가장 먼저 확인할 곳은 가방이다.

### ANSWER
A"
object_placements-91,object_placements,D,D,"성민은 카메라가 책상 서랍에 있다는 처음 정보만 알고 있으며, 이후 지훈과 민경이 카메라를 옮기는 장면을 보지 못했다. 따라서 성민이 가장 먼저 확인할 곳은 책상 서랍이다.

### ANSWER
D"
object_placements-92,object_placements,C,A,"지훈은 성민이 입장권을 옷장에서 가방으로 옮기는 손놀림을 보지 못했지만, 이후 민경이 카메라를 가방에 넣으며 가방 안의 입장권을 발견하는 장면을 주의 깊게 지켜보았다. 따라서 지훈은 입장권이 가방에 있음을 알게 되었으므로, 입장권을 찾기 위해 가장 먼저 가방을 확인할 것이다.

### ANSWER
A"
object_placements-93,object_placements,A,A,"지훈은 처음에 카메라가 책상 서랍에 있음을 알았지만, 자신이 직접 카메라를 거실 탁자로 옮겼다. 이후 민경이 카메라를 가방으로 옮기는 순간, 지훈은 민경의 대화와 손짓을 주의 깊게 살피며 준비 물품을 확인하려 했다. 따라서 지훈은 민경이 카메라를 가방에 넣는 것을 인지했을 가능성이 높다. 그러므로 카메라를 찾을 때 가장 먼저 가방을 확인할 것이다.

### ANSWER
A"
object_placements-94,object_placements,B,B,"Minwoo was near Jihyun and interacting with her when she placed the notebook in the drawer, so he likely observed the action. Unlike Soyoung, who was focused elsewhere, there is no indication Minwoo missed the move. Therefore, he would first check the drawer rather than the original desk location.

### ANSWER
B"
object_placements-95,object_placements,D,D,"민우는 자신이 휴대전화를 탁자로 옮겼고, 이후 소영이 그것을 가방으로 옮기는 모습을 보지 못했다. 따라서 민우의 기억 속 휴대전화 위치는 여전히 탁자 위이다. 그러므로 민우는 휴대전화를 찾기 위해 가장 먼저 탁자를 확인할 것이다.

### ANSWER
D"
murder_mysteries-80,murder_mysteries,B,B,"연진은 서진에게 매일 협박을 받아 불안과 스트레스를 겪었고, 사격 훈련을 받는 군인으로서 소총 사용에 능숙하다. 또한 등산 장소를 자주 찾고 자연 속에서 시간을 보내는 것을 선호해 범행 장소와도 관련이 깊다. 해경도 총기 경험이 있지만 직접적인 살해 동기와 위협 관계는 연진 쪽이 더 뚜렷하다.

### ANSWER
B"
murder_mysteries-81,murder_mysteries,A,A,"### ANSWER
A"
murder_mysteries-82,murder_mysteries,B,B,"희주는 네일 건 사용법을 알고 있고, 축구장에 은신처를 두고 야간에 드나들었다는 점에서 범행 현장 접근성이 높다. 또한 서호의 금전 문제와 수상한 거래, 장기 매매 대화를 알고 있어 동기가 더 뚜렷하다. 현도는 네일 건을 소유했지만 뚜렷한 동기가 드러나지 않는다.

### ANSWER
B"
murder_mysteries-83,murder_mysteries,A,A,"현도는 서호가 자신의 불법 스파이 회의를 도청하고 비밀 문건을 확보했다는 사실 때문에 살해 동기가 분명하다. 또한 현도는 오래된 건물을 관리하며 네일 건을 사용한다고 직접 진술하여 범행 도구에 접근할 수 있었다. 희주는 축구장과 공구, DNA 분석에 관심이 있었지만 직접적인 살해 동기는 제시되지 않았다. 따라서 살인자일 가능성이 가장 높은 사람은 현도이다.

### ANSWER
A"
murder_mysteries-84,murder_mysteries,B,A,"은우는 화학 전공자로서 독극물 연구 경험이 있고 독성 물질 관련 서적을 소유하고 있어 독극물 사용 능력이 있다. 또한 그날 행사에서 음료 서비스 책임자로 모든 준비물을 감독했기 때문에 독이 든 음료에 접근할 기회가 있었다. 더운 날씨에도 긴 소매와 긴 바지를 입고 있었고 팔에 화장 흔적이 있었다는 점은 증거를 숨기려는 정황으로 보인다. 해진도 화학 물질 접근 가능성과 질투 동기가 있지만, 직접 음료를 제공할 수 있는 위치에 있었던 은우가 살인자일 가능성이 더 높다.

### ANSWER
A"
murder_mysteries-85,murder_mysteries,A,A,"은우는 행사 음료 준비를 총괄해 독이 든 음료에 직접 접근할 수 있었고, 화학 전공과 독극물 연구 경험으로 범행 수단도 갖추고 있었다. 또한 원찬이 자신의 프로젝트로 실직했다는 소문과 관련된 동기도 존재한다. 해진 역시 화학 지식과 질투심이라는 동기가 있지만, 음료에 직접 접근했다는 단서는 제시되지 않았다. 따라서 살인자일 가능성이 가장 높은 사람은 은우이다.

### ANSWER
A"
murder_mysteries-86,murder_mysteries,A,A,"### ANSWER
A"
murder_mysteries-87,murder_mysteries,B,A,"제욱은 정희와 오랫동안 연락하지 않았다고 말하지만, 정희가 여름 바비큐나 생일 파티에 빠지지 않고 참석했다는 사실과 모순되어 거짓말을 하고 있을 가능성이 크다. 또한 그는 감정 표현이 거의 없고 무표정하며 냉담한 태도를 보여 범죄적 무감각함이 드러난다. 반면 정은은 불안해하지만 이는 용의자로서의 긴장으로 설명될 수 있고, 오히려 자신의 행동을 솔직하게 설명한다. 따라서 살인자일 가능성이 가장 높은 사람은 제욱이다.

### ANSWER
A"
team_allocation-128,team_allocation,A,A,"서진은 디자인 경험과 창의성이 뛰어나 웹 디자이너에 적합하고, 물류에서는 실수가 있었으므로 디자인에 배치하는 것이 좋습니다. 나연은 물류 관리 성공 경험과 꼼꼼함이 있으나 디자인 소프트웨어에 약하고 시각적 디자인에 흥미가 없어 물류 관리에 적합합니다. 동민은 예술적 감각이 부족해 디자인에 부적합하고 자원 관리에서 실수가 있었지만, 나연과 함께 물류를 맡는 것이 나은 선택입니다. 따라서 서진을 웹 디자이너로, 나연과 동민을 물류 관리자로 배정하는 A가 가장 효율적입니다.

### ANSWER
A"
team_allocation-129,team_allocation,C,C,"수진은 숫자와 데이터를 바탕으로 한 판매 전략에 강점이 있어 판매 관리 팀에 가장 적합합니다. 영훈은 데이터 분석과 계획 수립에 약하고, 미나는 계산 실수가 있어 고객 서비스 팀에 배치하는 것이 낫습니다. 또한 수진과 영훈의 갈등을 피하려면 둘을 분리하는 것이 좋습니다. 따라서 판매 관리 팀에 수진, 고객 서비스 팀에 미나와 영훈을 배정하는 C가 가장 효율적입니다.

### ANSWER
C"
team_allocation-130,team_allocation,A,A,"서현은 판매 현장 경험과 체계적인 업무 방식이 강점이므로 판매 관리에 적합하고, 마케팅 성과가 저조했던 점을 고려하면 마케팅보다 판매 관리가 낫다. 도훈은 창의성과 소비자 심리 이해, 마케팅 캠페인 성과가 뛰어나므로 마케팅 팀에 배치하는 것이 효율적이다. 지우는 도훈과 긍정적인 관계를 유지하고 있어 마케팅 팀에서 협력이 원활할 수 있다. 또한 서현과 도훈, 서현과 지우의 갈등 가능성을 피하려면 서현을 분리하는 것이 좋다. 따라서 A안이 두 업무를 모두 효율적으로 수행할 수 있는 최선의 배치이다.

### ANSWER
A"
team_allocation-131,team_allocation,B,B,"민재는 시각 디자인 전문가이므로 전시 디자인 팀에 배치하는 것이 적절하며, 참가자 관리에는 적합하지 않다. 서현과 민재는 협업 시 의사소통 문제가 있었으므로 같은 팀에 두는 것은 피해야 한다. 지우는 민재와 오랜 친구로 서로를 잘 이해하므로 디자인 팀에서 민재와 함께하는 것이 효율적이다. 참가자 관리는 과거 관련 경험이 있는 서현이 맡는 것이 가장 합리적이다.

### ANSWER
B"
team_allocation-132,team_allocation,C,C,"수현은 농업 기술과 생산 관리 경험이 풍부하므로 생산 관리 팀에 가장 적합하다. 반면 판매·유통은 고객 응대가 중요한데 수현은 고객 불만 처리에 문제가 있었고, 도영과 민지는 서로 협업 시너지가 있으며 수현과의 갈등을 피해야 한다. 도영과 민지를 판매 팀에 함께 배치하면 그들의 신뢰 관계가 업무 효율을 높일 수 있다. 따라서 생산 관리 팀에 수현, 판매 및 유통 팀에 도영과 민지를 배정하는 C가 최선이다.

### ANSWER
C"
team_allocation-133,team_allocation,B,B,"The program planning team needs systematic, detailed planning, which matches Somi’s strengths. The promotion team needs creative writing and collaboration, where Nayoung excels and Jihun’s technical support helps her. Option B avoids placing Somi and Nayoung together, preventing their known conflict, while using each person’s best abilities. Options A and C place people in roles that conflict with their weaknesses.

### ANSWER
B"
team_allocation-134,team_allocation,A,A,A
team_allocation-135,team_allocation,A,A,"수민은 창의적 기획과 문제 해결에 강점이 있지만 홍보에는 불편함을 느끼므로 기획 팀에 적합합니다. 지현은 홍보 분야에서 뛰어난 능력을 보이지만 기획에는 어려움을 겪으므로 홍보 팀에 적합합니다. 도영은 두 분야 모두 능숙하고 지현과 협력 경험이 좋으므로 홍보 팀에 배치하는 것이 효율적입니다. 또한 수민과 지현의 갈등 가능성을 피할 수 있는 조합이 필요합니다. 따라서 A안이 각자의 강점을 살리고 팀워크를 고려한 최선의 배치입니다.

### ANSWER
A"
object_placements-16,object_placements,A,A,"나영은 도서관 이용 규칙에 대해 알고 있으며, 세 사람 모두 노트북은 사용 섹션에 놓여 있다는 사실을 분명히 알고 있었다. 따라서 나영이 노트북을 찾으러 간다면 가장 먼저 사용 섹션을 확인하는 것이 자연스럽다. 다른 장소들은 참고서적이나 자료와 관련된 위치이거나, 민지가 노트북을 옮긴 이후의 상황과 관련된다. 그러므로 정답은 사용 섹션이다.

### ANSWER
A"
object_placements-17,object_placements,B,B,"민지는 처음에 참고서적이 열람실에 있다는 정보를 알고 있었고, 준호가 자료 보관실로 옮긴 것을 보지 못했으므로, 참고서적을 찾기 위해 가장 먼저 확인할 곳은 열람실이다.

### ANSWER
B"
object_placements-18,object_placements,A,A,"준호는 처음에 모든 사람이 노트북이 사용 섹션에 있다는 사실을 알고 있었고, 이후 민지가 노트북을 탁자로 옮긴 상황을 준호가 주의 깊게 보지 못했으므로, 준호는 자신이 알고 있는 정보에 따라 사용 섹션을 가장 먼저 확인할 것이다.

### ANSWER
A"
object_placements-19,object_placements,C,C,"### ANSWER
C"
object_placements-20,object_placements,D,D,D
object_placements-21,object_placements,C,C,"미래는 처음에 수첩이 자료실 서가에 있다는 정보를 알고 있었다. 유진이 수첩을 열람실 테이블로 옮겼지만, 유진은 주의를 끌지 않으려 조용히 움직였고 미래는 다른 곳에 집중하고 있었다. 따라서 미래는 수첩의 위치가 바뀌었다는 사실을 인지하지 못했을 가능성이 크다. 그러므로 미래는 수첩을 찾기 위해 가장 먼저 원래 위치였던 자료실 서가를 확인할 것이다.

### ANSWER
C"
object_placements-22,object_placements,D,D,"승현은 USB 드라이브를 직접 개인 칸막이로 가져갔기 때문에, 자신이 마지막으로 둔 장소를 가장 먼저 확인할 것이다. 다른 장소들은 이전 위치이거나 다른 사람이 옮긴 곳이므로 우선순위가 아니다.

### ANSWER
D"
object_placements-23,object_placements,C,C,"Seunghyun was focused on his own research records when Eugene silently moved the notebook from the archive shelf to the reading room table, so he did not witness the change. Later, his attention was on Miree’s handling of the USB drive, not the notebook. Therefore, his belief about the notebook’s location remains the original place where it was first known to be. He would first check the archive shelf.

### ANSWER
C"
murder_mysteries-166,murder_mysteries,B,B,"하늘은 소방서 인턴십에서 화재 진압 훈련을 받으며 도끼 사용법을 배웠고, 피해자에게 커피를 직접 배달하며 집에 접근할 수 있었다. 또한 경제적 어려움과 직장 내 갈등 등 범행 동기가 될 만한 요소가 있었다. 반면 현빈은 출입 가능성과 이혼 관련 동기가 있지만, 소방도끼 사용과 직접적으로 연결되는 결정적 단서는 부족하다. 따라서 살인자일 가능성이 가장 높은 사람은 하늘이다.

### ANSWER
B"
murder_mysteries-167,murder_mysteries,A,A,"### ANSWER
A"
murder_mysteries-168,murder_mysteries,A,B,"이진은 동물원에서 뱀에 대한 지식을 쌓았고, 동물 관련 물품에 접근할 수 있는 열쇠를 가지고 있어 뱀독을 확보할 수 있었습니다. 또한 그는 가족을 위해 음식을 준비하면서 정작 자신은 그 음식을 절대 먹지 않는다는 점이 매우 의심스럽습니다. 피해자가 주방에서 뱀독으로 사망한 점을 고려하면, 음식에 독을 넣을 기회가 있었던 이진이 범인일 가능성이 가장 높습니다. 시현은 동기와 뱀 지식이 있지만 주방이나 음식과 직접적인 연관성이 약합니다.

### ANSWER
B"
murder_mysteries-169,murder_mysteries,B,B,"이진은 동물원에서 뱀을 관리하며 뱀독에 접근할 수 있는 열쇠를 소지하고 있고, 피해자 지완이 과거 자신에게 협박성 메시지를 보냈다고 진술해 살해 동기가 있다. 반면 시현은 뱀에 대한 지식과 수상한 행동이 있지만 직접적인 동기가 드러나지 않는다. 따라서 살인자일 가능성이 가장 높은 사람은 이진이다.

### ANSWER
B"
murder_mysteries-170,murder_mysteries,A,B,"지경은 사건과 관련된 여러 정황 증거가 두드러진다. 그는 준기의 집에서 열린 요리 수업에 참석했고, 마지막 목격 장소에서 빠르게 벗어난 점, 점심시간마다 사라지고 옷을 갈아입는 등 은밀한 행동 패턴을 보인다. 또한 군사 훈련과 사격 훈련을 받아 명중률이 높다는 점은 사냥용 칼보다 오히려 정확한 범행 수단과 관련될 가능성을 시사한다. 반면 보현은 사냥과 칼에 대한 배경이 있지만, 형사에게 자신의 활동을 비교적 개방적으로 설명하며 직접적인 의심 행동이 드러나지 않는다. 따라서 여러 단서를 종합할 때 지경이 살인자일 가능성이 더 높다.

### ANSWER
B"
murder_mysteries-171,murder_mysteries,B,A,"보현은 사냥용 칼을 소지하고 있었고, 야생 동물 해체 워크숍과 생존 수업에 참여한 기록이 있어 살해 도구와 직접적으로 연결된다. 또한 긴 외출, 택배 이용, 어두운 집과 밤의 이상한 소리 등 수상한 정황이 많이 발견되었다. 반면 지경은 사냥과 군사 훈련 경력이 있지만 살해 도구나 사건 현장과 직접 연결되는 증거는 부족하다. 따라서 살인자일 가능성이 가장 높은 사람은 보현이다.

### ANSWER
A"
murder_mysteries-172,murder_mysteries,B,B,"The evidence points more strongly to Siwook: Junwoo threatened Siwook and his family, giving Siwook a clear motive. Siwook frequently visited the motel, had woodworking tools and skills with circular saws, and often lost track of time while working. Hanbin had access to tools but no direct motive was established. Therefore, Siwook is the most likely murderer.

### ANSWER
B"
murder_mysteries-173,murder_mysteries,A,A,"### ANSWER
A"
object_placements-198,object_placements,C,C,"소희는 처음에 교과서가 책장에 있다는 것을 알고 있었지만, 이후 해민이 교과서를 책상으로 옮기는 것을 가까이에서 보았다. 진수가 교과서를 가방에 넣는 모습은 소희가 다른 곳을 보느라 보지 못했다. 따라서 소희가 알고 있는 교과서의 마지막 위치는 책상이다. 그러므로 소희는 교과서를 찾기 위해 가장 먼저 책상을 확인할 것이다.

### ANSWER
C"
object_placements-199,object_placements,D,D,"### ANSWER
D"
object_placements-200,object_placements,A,A,"The textbook was initially on the bookshelf, then moved to the desk, and finally Jinsoo placed it into his bag. Since Jinsoo himself moved it into the bag, he would know to check there first. The other locations no longer hold the textbook. Therefore, the first place he would check is his bag.

### ANSWER
A"
object_placements-201,object_placements,B,B,"진수는 소희가 펜을 책장으로 옮기는 모습을 보지 못했고, 처음에 모두가 펜이 사물함에 있다고 알고 있었다. 따라서 진수가 펜을 찾기 위해 가장 먼저 확인할 장소는 자신이 알고 있는 원래 위치인 사물함이다.

### ANSWER
B"
object_placements-202,object_placements,C,D,"Hae-min knew the textbook was originally on the bookshelf and did not see Jin-su move it into his bag, since he was looking away and not paying attention. Therefore, the most logical first place for Hae-min to check is the last known location of the textbook, which is the bookshelf.

### ANSWER
D"
object_placements-203,object_placements,B,B,"해민은 처음에 펜이 사물함에 있다는 사실을 알고 있었고, 소희가 펜을 책장으로 옮기는 장면을 주의 깊게 보지 않았다. 따라서 해민이 펜을 찾을 때 가장 먼저 확인할 곳은 기존에 알고 있던 사물함이다.

### ANSWER
B"
object_placements-204,object_placements,C,C,"동수는 자신이 물병을 직접 연습장 한쪽으로 옮겨 바닥에 내려놓았기 때문에, 그 위치를 가장 먼저 확인할 것이다. 이후 다른 인물이 물병을 옮겼다는 언급은 없다. 따라서 물병이 있는 곳은 연습장 한쪽이다.

### ANSWER
C"
object_placements-205,object_placements,B,B,"동수는 처음에 축구공이 락커룸에 있다는 것을 알고 있었지만, 승희가 공을 벤치로 옮기는 모습을 시야 범위 안에서 보았다. 이후 찬우가 공을 연습장 한쪽으로 옮겼을 때 동수는 수비에 몰두하여 그 움직임을 보지 못했다. 따라서 동수가 가장 먼저 확인할 장소는 자신이 마지막으로 본 공의 위치인 벤치이다.

### ANSWER
B"
team_allocation-32,team_allocation,C,C,"나영은 시간 관리와 조직화 능력이 뛰어나 생산 관리에 가장 적합하고, 민지도 실용적이고 꼼꼼한 업무 처리로 생산 관리에 강점을 보인다. 반면 세현은 디자인 패턴을 고수하는 경향이 있어 디자이너 역할에 상대적으로 가깝지만, 마감일 준수와 세부 관리에는 약하다. 따라서 디자이너는 세현, 생산 관리는 나영과 민지가 맡는 것이 효율적이다.

### ANSWER
C"
team_allocation-33,team_allocation,B,B,"서연은 기획과 자료 준비에 강점이 있으므로 프로그램 기획 팀에 배정하는 것이 효율적입니다. 동우와 은지는 모두 홍보와 대중 소통에 강점을 가지고 있으므로 홍보 팀에 배정하는 것이 적절합니다. 물론 동우와 은지 사이에 갈등 가능성이 있지만, 다른 선택지들은 서연을 홍보에 배치하거나 은지를 기획에 배치하는 등 강점 활용 측면에서 더 부적합합니다. 따라서 각자의 전문성을 최대한 살릴 수 있는 B안이 가장 합리적입니다.

### ANSWER
B"
team_allocation-34,team_allocation,B,B,"서준은 개발 능력이 뛰어나고 마케팅에는 관심이 없으므로 개발자 역할이 적합하다. 민수는 마케팅 성과가 뛰어나고 개발에는 의지가 없으므로 마케터 역할이 적합하다. 나영은 개발과 마케팅 모두에 능하므로 마케팅 팀에 배치하여 민수와 협력하게 하는 것이 효율적이다. 따라서 두 업무의 적합성을 고려할 때 B안이 가장 타당하다.

### ANSWER
B"
team_allocation-35,team_allocation,C,A,"미라는 창의적 기획 경험과 혁신적인 아이디어 제안 능력이 뛰어나므로 기획 팀에 가장 적합합니다. 영호는 고객 서비스 경험과 사회적 상호작용 능력이 강해 후원자 관리 팀에 잘 어울립니다. 수진은 대인 소통에 어려움이 있지만 숫자와 문서 작업에 강하므로 후원자 관리 팀에서 내부 업무를 맡는 것이 효율적입니다. 따라서 A안이 두 업무를 모두 고려한 최선의 배치입니다.

### ANSWER
A"
team_allocation-36,team_allocation,A,A,"영훈은 홍보 경험과 창의적 문제 해결 능력, 대중 소통 능력을 갖추었지만 기부자 관리에도 탁월하므로, 홍보에는 발표와 창의성이 강한 수진을, 기부자 관리에는 소통과 관계 관리에 강한 영훈과 팀 조화를 돕는 미나를 배치하는 것이 가장 효율적입니다. B는 기부자 관리 팀에 데이터 관리와 소통에 약한 인원이 모이고, C는 홍보에 부적합한 미나를 배치하므로 적절하지 않습니다.

### ANSWER
A"
team_allocation-37,team_allocation,C,C,"소희는 창의적 전략가로서 혼자 일할 때 강점을 발휘하므로 기획 팀에 단독 배치하는 것이 적합하다. 재민과 경수는 과거 협력 경험이 있고, 경수가 재민의 아이디어를 잘 실행하므로 한 팀으로 묶는 것이 시너지를 낸다. 다른 조합은 갈등이나 약점이 부각되기 쉽다. 따라서 캠페인 기획 팀에 소희, 홍보 팀에 경수와 재민을 배치하는 것이 가장 효율적이다.

### ANSWER
C"
team_allocation-38,team_allocation,A,A,"Suhyeon has conflicts with both Doyoung and Minji, so placing her separately avoids friction. Doyoung and Minji have a proven successful collaboration, making them a good pair. Suhyeon’s strength in donation planning and data-based strategy suits the donation recruitment team. Minji’s internal management skills fit event operations, with Doyoung supporting via data analysis. Thus option A best balances strengths and minimizes conflicts.

### ANSWER
A"
team_allocation-39,team_allocation,C,B,"지훈은 컴퓨터 공학 전공과 IT 시스템 문제 해결 경험으로 기술 컨설턴트에 가장 적합하다. 민서는 고객 소통 능력이 뛰어나 고객 관리자 역할에 잘 맞는다. 수현은 기술 분석과 고객 이해에 약점이 있지만 창의성을 살려 고객 관리 업무를 보조하는 것이 효율적이다. 따라서 기술 컨설턴트는 지훈, 고객 관리자는 민서와 수현으로 배정하는 것이 최선이다.

### ANSWER
B"
murder_mysteries-88,murder_mysteries,B,B,"보현은 정원 가꾸기와 친구의 정원 용품점을 통해 제초제를 구할 수 있고, 화학 전공과 독성 물질 관련 경험으로 살해 수단에 대한 지식을 갖추고 있다. 또한 병원 기록과 장기 이식 절차에 개입된 정황이 있어 범행 동기가 의심된다. 강호는 은둔적 성향이 보이지만 직접적인 범행 동기나 수단이 뚜렷하지 않다. 따라서 살인자일 가능성이 가장 높은 사람은 보현이다.

### ANSWER
B"
murder_mysteries-89,murder_mysteries,A,A,"강호는 제초제에 대한 화학적 지식과 연구소 경험, 창고 접근 권한을 가지고 있으며, 성영이 자신의 불법 자금 거래를 목격했다는 강력한 동기가 있다. 또한 성영의 일정을 관리하며 주말에도 함께 일했고, 창고에서 제초제를 쉽게 입수할 수 있었다. 반면 보현은 병원 정보 접근 등 의심스러운 점이 있지만 살인과 직접 연결될 만한 증거는 상대적으로 약하다. 따라서 살인자일 가능성이 가장 높은 사람은 강호이다.

### ANSWER
A"
murder_mysteries-90,murder_mysteries,B,B,"민수는 세미로부터 인종차별적 모욕을 당했고, 부메랑 던지기에 능숙하며 주말마다 연습하는 등 살해 수단과 동기를 모두 갖추고 있다. 해원도 부메랑을 다루지만 명확한 범행 동기가 드러나지 않는다. 따라서 살인자일 가능성이 가장 높은 사람은 민수이다.

### ANSWER
B"
murder_mysteries-91,murder_mysteries,A,A,"### ANSWER
A"
murder_mysteries-92,murder_mysteries,B,B,"Seongbin had a clear motive, as Sehee criticized him and was involved in a threatening letter incident. He was also seen moving near Sehee despite claiming to have watched from afar, suggesting he was not truthful. Additionally, he had learned to operate advanced machinery, giving him the means to use the laser cutter. Hyunjin had technical skill and access, but no strong motive was presented. Thus, Seongbin is the most likely suspect.

### ANSWER
B"
murder_mysteries-93,murder_mysteries,A,A,"Hyunjin has direct experience with laser cutters through his engineering and factory work, and he was present at the wrestling ring as a trainer. His motive is also stronger because Sehee threatened to expose his corruption and witnessed his secret meeting involving dangerous transactions. Seongbin uses advanced equipment but has less direct connection to the murder scene and weapon.

### ANSWER
A"
team_allocation-222,team_allocation,B,B,"영수는 기술 지원 경험이 풍부하므로 기술 지원에 배치해야 하며, 서진은 창의적 글쓰기와 디자인 능력이 있어 콘텐츠 제작에 적합하다. 민아는 기술적 어려움이 있었지만 협업에 능숙하므로 영수와 함께 기술 지원을 맡는 것이 낫다. 또한 서진과 영수, 서진과 민아 사이의 충돌 이력을 고려하면 서진을 콘텐츠 제작에 단독 배치하는 것이 바람직하다.

### ANSWER
B"
team_allocation-223,team_allocation,C,C,"수민은 창의적이고 유연한 아이디어 생성에 강점이 있어 스토리보드 팀에 적합하고, 예진은 세부적인 기술 역량과 장기 집중력이 뛰어나 애니메이션 팀에 적합합니다. 지호는 두 영역 모두에 약점이 있지만, 주어진 선택지 중에서는 애니메이션 팀에 배치하는 것이 가장 균형 잡힌 조합입니다. 따라서 C가 가장 효율적인 배정입니다.

### ANSWER
C"
team_allocation-224,team_allocation,A,C,"원두 선택에는 커피 맛에 대한 감각이 가장 중요하다. 지민과 수영은 커피 맛을 구분하는 데 어려움이 있는 반면, 현우는 커피의 신맛과 쓴맛에 민감하므로 원두 선택 팀에 현우가 적합하다. 인테리어 디자인은 지민이 디자인 선호도를 가지고 있고 수영이 실용적 관점을 제공할 수 있어 나머지 둘을 배치하는 것이 가장 효율적이다.

### ANSWER
C"
team_allocation-225,team_allocation,B,B,"Sumin’s technical precision and data-focused skills align best with production management, while Jihye’s creativity and Taeyoung’s market insight fit the sales strategy team. Taeyoung and Jihye have a proven successful collaboration, whereas Sumin has had conflicts with both, so separating Sumin is more efficient. This assignment leverages each person’s strengths and minimizes interpersonal friction. Thus, the optimal arrangement is Sumin in production, with Jihye and Taeyoung in sales.

### ANSWER
B"
team_allocation-226,team_allocation,B,B,"수민은 제품 개발 경험과 엔지니어링 역량이 뛰어나 제품 설계에 적합하지만, 마케팅 경험 부족과 발표 부담이 있어 마케팅보다는 설계에 배치하는 것이 효율적입니다. 지훈은 마케팅 캠페인 성공 경험과 발표 능력이 뛰어나 마케팅 팀에 적합하며, 태연과는 신뢰 관계로 협업 성과가 높았습니다. 반면 수민과 태연, 수민과 지훈은 갈등 관계이므로 같은 팀에 배치하는 것은 피해야 합니다. 따라서 제품 설계에 수민, 마케팅 캠페인에 지훈과 태연을 배치하는 것이 가장 효율적입니다.

### ANSWER
B"
team_allocation-227,team_allocation,B,B,"서현은 고객 대면 서비스 경험이 풍부하고 체계적이므로 판매자 지원에 적합합니다. 민기는 사용자 중심 설계 원칙을 잘 이해하므로 사용자 경험 팀에 적합합니다. 수진은 UI 디자인 경험이 부족하지만 민기와 협업이 잘 되므로 민기와 함께 배치하는 것이 좋습니다. 또한 서현과 수진은 과거 갈등이 있었으므로 같은 팀에 두지 않는 것이 바람직합니다.

### ANSWER
B"
team_allocation-228,team_allocation,B,,동민은 후원자 이벤트 주최 경험과 대면 미팅에서 긍정적 피드백을 받았으므로 후원자 관리팀에 배치하는 것이 적합하다. 지원은 사람을 직접 대하는 데 큰 부담이 없어 자원봉사 관리팀의 대중 소통 역할을 맡을 수 있다.
team_allocation-229,team_allocation,A,B,"여행 일정 기획 팀은 다양한 의견을 수렴하고 조율하는 능력이 중요한데, 영호는 자신의 의견을 강하게 주장하면서도 다양한 의견을 수용하고 발전시키는 능력이 있어 적합합니다. 고객 서비스 팀은 창의적 문제 해결이 핵심인데, 미나는 혁신적인 아이디어와 경청 능력으로 가장 잘 맞습니다. 수진은 세부 사항과 정확성에 강점이 있어 고객 서비스에서 세심한 업무를 보조할 수 있습니다. 따라서 영호를 기획 팀에, 미나와 수진을 서비스 팀에 배정하는 것이 효율적입니다.

### ANSWER
B"
object_placements-24,object_placements,D,A,"Eugene initially knew the USB drive was on the reading room table, but he then observed Mirea move it to her personal locker. While Seunghyun later moved it to a private cubicle, Eugene was focused on Mirea’s work area and library tidiness, so he likely did not see that transfer. Therefore, Eugene’s last known location for the USB drive is the personal locker. He would check there first.

### ANSWER
A"
object_placements-25,object_placements,B,B,"유진은 처음에 수첩을 자료실 서가에서 열람실 테이블로 직접 옮겼다. 이후 이야기에서 수첩이 다시 이동되었다는 언급은 없고, USB 드라이브의 이동만 다루어진다. 따라서 유진이 수첩을 찾으러 간다면 가장 먼저 열람실 테이블을 확인할 것이다.

### ANSWER
B"
object_placements-26,object_placements,B,B,"도연은 USB를 책상에서 서랍으로 옮겼다고 이야기에 명시되어 있다. 따라서 USB를 찾으려면 가장 먼저 서랍을 확인하는 것이 논리적이다. 금고에는 백업 하드 드라이브가 보관되어 있고, 서버실은 백업 하드 드라이브와 관련된 장소이므로 USB와 직접적인 관련이 없다. 책상은 원래 USB가 있던 곳이지만 도연이 이미 옮겼으므로 첫 확인 장소로는 서랍이 더 적절하다.

### ANSWER
B"
object_placements-27,object_placements,A,A,"도연이 마지막으로 백업 하드 드라이브를 금고로 옮겼기 때문에, 도연이 그 하드 드라이브를 찾으러 간다면 가장 먼저 금고를 확인할 것이다.

### ANSWER
A"
object_placements-28,object_placements,D,D,"상혁은 USB가 책상 위에 있다는 정보를 마지막으로 알고 있었고, 도연이 USB를 서랍으로 옮기는 장면을 보지 못했으므로 USB를 찾기 위해 가장 먼저 책상을 확인할 것이다.

### ANSWER
D"
object_placements-29,object_placements,C,C,"상혁은 백업 하드 드라이브를 직접 서버실로 옮긴 뒤, 이후 도연이 그것을 금고로 옮기는 모습을 보지 못했다. 그는 컴퓨터 화면의 보안 검증 보고서에 집중하고 있었기 때문에 도연의 움직임을 인지하지 못했다. 따라서 상혁이 마지막으로 알고 있는 백업 하드 드라이브의 위치는 서버실이다. 그러므로 상혁은 가장 먼저 서버실을 확인할 것이다.

### ANSWER
C"
object_placements-30,object_placements,B,B,"도연이 USB를 서랍으로 옮기는 과정을 지수에게 실시간으로 설명했기 때문에, 지수는 USB가 서랍에 있다는 사실을 알고 있다. 이후 금고로 옮겨진 것은 백업 하드 드라이브이므로 USB와 무관하다. 따라서 지수가 USB를 찾기 위해 가장 먼저 확인할 곳은 서랍이다.

### ANSWER
B"
object_placements-31,object_placements,A,A,"지수는 백업 하드 드라이브가 원래 금고에 있었다는 정보만 알고 있었고, 서버실로 이동된 사실은 도연만 알았기 때문에 가장 먼저 금고를 확인할 것이다.

### ANSWER
A"
object_placements-96,object_placements,C,C,"소영은 처음에 수첩이 책상 위에 있다는 것을 알고 있었다. 지현이 수첩을 서랍에 넣는 장면은 소영이 발표 자료를 검토하느라 보지 못했다. 따라서 소영의 기억 속 수첩 위치는 여전히 책상 위이다. 그러므로 소영은 수첩을 찾기 위해 가장 먼저 책상을 확인할 것이다.

### ANSWER
C"
object_placements-97,object_placements,A,A,"소영은 자신이 탁자 위에 있던 휴대전화를 가방으로 옮겼기 때문에, 휴대전화의 현재 위치를 정확히 알고 있다. 따라서 휴대전화를 찾으러 할 때 가장 먼저 가방을 확인하는 것이 자연스럽다. 다른 장소인 서랍이나 책상은 휴대전화와 관련된 마지막 이동 경로에 해당하지 않는다.

### ANSWER
A"
object_placements-98,object_placements,B,B,"지현은 이야기에서 수첩을 서랍에 넣는 행동을 직접 했습니다. 따라서 수첩을 찾기 위해 가장 먼저 확인할 곳은 서랍입니다. 다른 선택지인 가방, 책상, 탁자는 수첩의 최종 위치와 관련이 없습니다. 그러므로 정답은 B입니다.

### ANSWER
B"
object_placements-99,object_placements,A,A,"지현은 처음에 휴대전화가 가방에 있다는 것을 알고 있었고, 이후 이동하는 장면을 보지 못했으므로 여전히 가방에 있을 것이라고 생각한다. 따라서 가장 먼저 가방을 확인할 것이다.

### ANSWER
A"
object_placements-100,object_placements,D,D,"민우는 처음에 수첩이 가방에 있다는 사실을 알고 있었지만, 이후 직접 수첩을 가방에서 꺼내 책상 위로 옮겼다. 따라서 수첩을 찾을 때 가장 먼저 확인할 곳은 자신이 마지막으로 둔 책상이다. 다른 장소들은 수연이나 지현이 캘린더를 옮긴 위치와 관련되므로 수첩과는 무관하다. 그러므로 민우는 책상을 가장 먼저 확인할 것이다.

### ANSWER
D"
object_placements-101,object_placements,D,D,"Minwoo initially knew the calendar was on the desk, and he was distracted when Suyeon moved it to the living room shelf. He was also busy on the opposite side when Jihyun later moved it to the drawer. Therefore, his last known location for the calendar is still the desk, so he would check there first.

### ANSWER
D"
object_placements-102,object_placements,A,A,"수연은 수첩이 원래 가방에 있다는 사실을 알고 있었고, 민우가 수첩을 책상으로 옮기는 장면을 보지 못했기 때문에 가장 먼저 가방을 확인할 것이다.

### ANSWER
A"
object_placements-103,object_placements,C,B,"Suyeon herself moved the calendar to the living room shelf, so that is the last location she knows. She was in another room when Jihyun later moved it to the drawer, and there is no indication she saw this change. Therefore, she would first check the living room shelf. The desk was only the original location before Suyeon moved it, and the bag contains the notebook, not the calendar.

### ANSWER
B"
team_allocation-136,team_allocation,C,C,"수민은 동물 돌보기에 열정이 있고 알레르기가 없어 동물 관리 팀에 가장 적합합니다. 재호는 의사소통과 강의 경험이 있어 교육 팀에 적합합니다. 예진은 소극적이고 알레르기가 심해 동물 관리보다는 교육 팀에 배치하는 것이 낫습니다. 또한 수민과 다른 두 사람 사이에 갈등이 있었으므로 수민을 단독으로 동물 관리 팀에 두는 것이 효율적입니다.

### ANSWER
C"
team_allocation-137,team_allocation,A,B,"민재는 전시 기획 경험과 문제 파악 능력이 뛰어나지만 서현과의 소통이 다소 어색하므로, 기획보다는 해설에서 강점을 발휘하는 것이 좋다. 은지는 프로젝트 관리와 체계적 사고에 강해 기획 팀을 맡는 것이 적합하다. 서현은 예술 감상에 관심이 많아 해설 팀에 배치하되, 은지와의 과거 갈등을 피하기 위해 은지와 같은 팀보다는 민재와 함께하는 편이 낫다. 민재와 은지는 협업 경험이 좋아 서로 다른 팀에 있어도 원활히 소통할 수 있다. 따라서 전시 기획은 은지, 해설은 민재와 서현으로 구성하는 것이 가장 효율적이다.

### ANSWER
B"
team_allocation-138,team_allocation,B,B,"세진은 공간 배치와 디자인에 뛰어난 강점이 있으므로 부스 배치 팀에 배정하는 것이 효율적입니다. 다른 선택지들은 세진을 홍보 팀에 두어 그의 약점을 노출시키고, 부스 배치에 약한 인물들을 배치하는 문제가 있습니다. 따라서 세진을 부스 배치 팀에, 나영과 도훈을 홍보 팀에 배정하는 B가 가장 적절합니다.

### ANSWER
B"
team_allocation-139,team_allocation,B,B,"민지와 지완은 긍정적인 협력 경험이 있어 함께 일하는 것이 가장 효율적이다. 반면 민지와 수현은 서로를 불편해하고, 수현과 지완은 과거에 심한 갈등을 겪었으므로 같은 팀에 배치하면 안 된다. 따라서 민지와 지완을 같은 팀에 두는 선택이 필요하며, 보기 중 이를 만족하는 것은 B이다.

### ANSWER
B"
team_allocation-140,team_allocation,A,A,"서준과 민아는 과거 갈등으로 같은 팀에 배치하기 어려우므로 C는 부적합하다. 민아는 안전 관리에 적합하고 영훈과의 협력 경험이 긍정적이므로 둘을 같은 팀에 두는 A가 효과적이다. B는 민아를 경기 운영에 배치하여 그녀의 강점을 살리지 못하고 영훈과의 협력도 활용하지 못한다. 따라서 두 업무의 효율성을 고려할 때 A가 가장 적절한 배정이다.

### ANSWER
A"
team_allocation-141,team_allocation,B,B,"수민은 프로그램 기획에서 성공 경험이 많고 창의적인 강점이 있어 프로그램 기획 팀에 적합합니다. 하린은 세부 주의력과 안전 관리 성공 경험이 뛰어나 안전 관리 팀에 적합합니다. 지호는 안전 프로젝트에서 실수가 많았지만 하린과 함께라면 보완될 수 있습니다. 따라서 수민을 프로그램 기획에, 지호와 하린을 안전 관리에 배치하는 것이 가장 효율적입니다.

### ANSWER
B"
team_allocation-142,team_allocation,C,C,C
team_allocation-143,team_allocation,A,A,"도윤과 하영은 대인 관계와 소셜 미디어 홍보에 강점이 있으므로 홍보 팀에 배치하는 것이 적합합니다. 서준은 기획 경험이 있지만 대중 접촉과 홍보 활동을 꺼리므로 프로그램 기획 팀에 단독으로 배치하는 것이 효율적입니다. 또한 서준과 도윤, 서준과 하영 사이의 갈등을 피하려면 서준을 다른 사람들과 분리하는 것이 좋습니다. 도윤이나 하영을 기획 팀에 두는 것은 각각 세부 계획의 약점과 마감 기한 문제로 비효율적입니다. 따라서 A안이 가장 적절합니다.

### ANSWER
A"
murder_mysteries-174,murder_mysteries,A,A,"이레는 지연이 자신의 비밀 프로젝트를 공개하려 한다는 사실에 두려움을 느꼈고, 이는 직장에서 해고당할 위험과 직결된 강력한 살해 동기가 된다. 또한 이레는 페인트볼 경기장에서 지연과 자주 훈련하며 현장에 익숙했고, 공구 수집과 수리 취미를 가진 점에서 송곳을 사용할 수 있는 능력도 갖추고 있다. 반면 다희는 지연에게 괴롭힘을 당했지만 직접적인 위협이나 급박한 동기가 드러나지 않았고, 오히려 두려움을 느끼며 회피하는 행동을 보였다. 따라서 살인자일 가능성이 가장 높은 사람은 이레이다.

### ANSWER
A"
murder_mysteries-175,murder_mysteries,B,A,"Ire shows clear suspicious behavior, including hiding his appearance, reacting defensively about the secret project, and having both motive and access to tools like the murder weapon. Dahui, despite being bullied, did not display the same level of incriminating behavior during questioning.

### ANSWER
A"
murder_mysteries-176,murder_mysteries,B,A,"### ANSWER
A"
murder_mysteries-177,murder_mysteries,A,A,"동주는 이안과의 사업 자금 문제 및 소송으로 직접적인 갈등 관계에 있었고, 벙커 설계도를 입수할 수 있었으며 석궁 클럽 활동과 사냥 경험 등 범행 수단과 기회를 모두 갖추고 있다. 반면 주리는 재정적 의문점이 있지만 살해 동기가 상대적으로 약하다. 따라서 살인자일 가능성이 가장 높은 사람은 동주이다.

### ANSWER
A"
murder_mysteries-178,murder_mysteries,B,B,"수연은 연극에서 폭파 장치의 사용법을 능숙하게 시연했고, 폭파 전문가와의 연락 이력도 있으며, 실제 모형 샘플까지 소지하고 있었다. 반면 보미는 라디오 방송용 화학 물질과 음향 장비를 가진 것으로 묘사될 뿐 폭탄 제조나 폭파와 직접적인 연관이 없다. 따라서 시한폭탄을 이용한 살인 사건의 용의자로는 수연이 가장 유력하다.

### ANSWER
B"
murder_mysteries-179,murder_mysteries,A,A,"보미는 라디오 DJ로서 다양한 화학 물질을 활용해 왔고, 특수 화학 물질을 조달한 공급업체와의 접촉 기록이 있어 시한폭탄 제조에 필요한 지식과 수단을 갖추고 있다. 또한 가인이 방송에서 가족의 논란이 될 만한 과거를 폭로했다는 점은 보미에게 강한 살해 동기가 된다. 반면 수연은 벙커의 위치를 알고 있었을 뿐 폭탄 제조와 직접 연결될 만한 결정적 단서가 부족하다. 따라서 살인자일 가능성이 가장 높은 사람은 보미이다.

### ANSWER
A"
murder_mysteries-180,murder_mysteries,B,A,"하성은 연우가 자신을 직장에서 제거하려 했고, 자신의 프로젝트를 가로챘다고 믿는 등 명확한 동기를 가지고 있다. 또한 미리 작성한 이메일을 한밤중에 발송하는 습관, 사격 연습 후 총기를 소유한 기록, 비밀스러운 회합 장소 유지 등 범죄와 연관될 수 있는 정황이 다수 제시된다. 준혁은 사격 실력과 보안이 철저한 보관실 등 의심스러운 요소가 있지만, 하성에 비해 직접적인 살해 동기가 약하게 드러난다. 따라서 가장 유력한 용의자는 하성이다.

### ANSWER
A"
murder_mysteries-181,murder_mysteries,A,B,"### ANSWER
B"
team_allocation-40,team_allocation,C,C,"다윤과 서하는 마케팅·판매 분석과 고객 이해에 강점이 있고 서로 협력도 잘 되므로 판매 전략 팀에 함께 배치하는 것이 효율적입니다. 예준은 소통과 디자인 모두 약하고 다른 팀원들과 갈등이 잦았으므로, 혼자 제품 디자인 팀에 배치하는 것이 팀 전체의 마찰을 줄이는 방법입니다. 따라서 제품 디자인 팀에 예준, 판매 전략 팀에 다윤과 서하를 배치하는 C가 가장 적합합니다.

### ANSWER
C"
team_allocation-41,team_allocation,C,C,"수민과 아영은 둘 다 데이터 분석에 강점이 있고 데이터 작업을 선호하므로 데이터 분석 팀에 배치하는 것이 효율적입니다. 지훈은 디자인과 데이터 모두에 능숙하지 않지만, 수민·아영과 갈등이 있으므로 그들과 분리하는 것이 좋습니다. 따라서 지훈을 사용자 인터페이스 팀에, 수민과 아영을 데이터 분석 팀에 배정하는 것이 가장 적절합니다.

### ANSWER
C"
team_allocation-42,team_allocation,C,C,"지훈은 과학적 열정과 실험적 상상력이 있으나 행정 업무에 취약하므로 연구 개발 팀에 배치하는 것이 적절하다. 반면 민지와 서영은 행정 경험과 문서 처리 능력, 의사소통 능력이 뛰어나므로 행정 관리 팀에 배치하는 것이 효율적이다. 따라서 연구 개발 팀에 지훈, 행정 관리 팀에 민지와 서영을 배정하는 것이 최선이다.

### ANSWER
C"
team_allocation-43,team_allocation,B,B,"세아는 창의적 아이디어 제시에 강점이 있어 기능 설계에 적합하고, 수혁은 규칙 준수와 꼼꼼한 검토에 강점이 있어 보안 검토에 적합하다. 민지는 보안 규정 이해가 부족하므로 보안보다는 창의적 업무에 더 어울리지만, 세아가 기능 설계에 더 적합하므로 민지는 보안 팀에 배정되더라도 수혁이 보완할 수 있다. 다른 선택지들은 수혁을 기능 설계에 두거나 세아를 보안 검토에 두어 각자의 강점을 활용하지 못한다. 따라서 B가 가장 효율적인 배정이다.

### ANSWER
B"
team_allocation-44,team_allocation,B,A,"수연은 창의성과 대중 소통 능력이 뛰어나 마케팅에 가장 적합합니다. 민수는 과학적 해석에는 약하지만 큰 그림과 팀워크 능력이 있어 제품 개발에 상대적으로 나은 선택입니다. 지혜는 창의적 표현과 팀 조화에 어려움이 있어 핵심 역할보다는 보조 역할이 적절합니다. 따라서 제품 개발은 민수, 마케팅은 수연과 지혜로 배정하는 것이 가장 효율적입니다.

### ANSWER
A"
team_allocation-45,team_allocation,B,C,"지훈은 식품 과학 전공과 성공적인 제품 개발 경험으로 제품 개발자로서 가장 적합합니다. 채영은 창의적 문제 해결에 강점이 있으나 마케팅 성과가 낮았고, 예은은 협력 능력이 뛰어나지만 데이터 분석과 시각 자료에 약점이 있어 마케팅 보조 역할이 적절합니다. 따라서 제품 개발은 지훈, 마케팅은 예은과 채영이 협력하는 조합이 가장 효율적입니다. 다른 선택지들은 각자의 핵심 강점을 제대로 활용하지 못합니다.

### ANSWER
C"
team_allocation-46,team_allocation,C,C,"Soohyuk has a history of conflict with both Daeun and Minjae, so pairing him with either would risk inefficiency. Daeun and Minjae have a proven positive working relationship and complementary skills in both design and field management. Therefore, the best arrangement is to place Soohyuk alone in the design team and assign Daeun and Minjae together to the field management team. This minimizes interpersonal friction while maximizing each person’s strengths.

### ANSWER
C"
team_allocation-47,team_allocation,B,B,"성민은 큰 그림과 전체 전략을 선호하므로 게임 디자이너 역할에 가장 적합하고, 지우는 세부 사항에 철저하고 논리적이므로 QA 테스트 담당자에 적합합니다. 다혜는 프로세스 관리에 강점이 있지만 창의성과 세부 집중력이 부족하므로 보조적인 QA 역할로 배치하는 것이 합리적입니다.

### ANSWER
B"
murder_mysteries-182,murder_mysteries,A,A,"### ANSWER
A"
murder_mysteries-183,murder_mysteries,B,A,"도연은 폭발물 설계도를 구매했다는 보고가 있었고, 화학 공장에서 폭발물 제조에 필요한 화학 물질을 다루며 공장에서 빼돌린 재료와 관련된 흔적이 연결됩니다. 유나도 화학 연구 경험과 피해자 일정 파악 가능성이 있지만, 도연에게는 구체적인 실행 증거가 더 직접적으로 제시됩니다. 따라서 살인자일 가능성이 가장 높은 사람은 도연입니다.

### ANSWER
A"
murder_mysteries-184,murder_mysteries,A,A,"은진은 회사 보안 팀에서 근무하며 보안 절차와 감사 보고서를 검토·승인하는 역할을 맡아 사내 보안 체계에 정통하다. 또한 펜싱과 사냥을 즐기며 관련 장비를 수집하는 등 흉기 사용에 익숙한 면모를 보인다. 지훈의 인종차별적 발언에 대해 불쾌감과 짜증을 드러내며 강한 감정적 동기도 가지고 있었다. 반면 새봄은 조용하고 소란을 피하지 않으려는 성향이 강하고, 정치적 폭로를 조심하려 했을 뿐 직접적 범행 능력이나 보안 지식이 부각되지 않는다. 따라서 사내 보안을 잘 알고 흉기 사용에 능숙한 은진이 살인자일 가능성이 가장 높다.

### ANSWER
A"
murder_mysteries-185,murder_mysteries,B,B,"새봄은 지훈이 자신의 정치적 라이벌과 관련된 비밀 정보를 수집하고 있었다는 점에서 살해 동기가 분명하게 드러난다. 또한 그녀는 사냥을 즐기고 최근 새 사냥 장비를 구입했다는 점에서 범행 도구인 사냥용 칼과 연결된다. 은진은 보안 경력과 비밀스러운 행동으로 의심을 받지만, 구체적인 동기가 제시되지 않았다. 따라서 살인자일 가능성이 가장 높은 사람은 새봄이다.

### ANSWER
B"
murder_mysteries-186,murder_mysteries,B,B,"영규는 사격 클럽에서 정밀한 사격 실력을 갖춘 명사수로, 공기총에 의한 살인에 필요한 수단을 가지고 있습니다. 또한 찬우의 부주의한 행동으로 중요한 공연 기회를 잃었다는 강한 동기가 있으며, 사건 발생 전 등산 장소 근처에 있었다는 정황도 있습니다. 태현도 불법 거래 목격이라는 동기가 있지만, 사격 능력이나 현장 연관성은 영규보다 약합니다. 따라서 살인자일 가능성이 가장 높은 사람은 영규입니다.

### ANSWER
B"
murder_mysteries-187,murder_mysteries,A,A,"### ANSWER
A"
object_placements-206,object_placements,D,D,"Seunghee originally knew the water bottle was in the car trunk. When Dongsoo moved it to the practice field, she was focused on organizing the roster and did not see him. Therefore, she would not know it had been moved. She would first check the car trunk.

### ANSWER
D"
object_placements-207,object_placements,C,B,"Seunghee initially knew the ball was in the locker room, but she personally moved it to the bench. After that, she was focused on organizing the roster and did not see Chanwoo move the ball to the practice field. Therefore, her last known location for the ball is the bench, so she would check there first.

### ANSWER
B"
object_placements-208,object_placements,C,D,"Initially, all three knew the water bottle was in the car trunk. Chanwoo was focused on strategy and did not see Dongsoo move the bottle to the practice field side. Therefore, Chanwoo would still believe the bottle is in the car trunk. He would first check there.

### ANSWER
D"
object_placements-209,object_placements,C,C,"Chanwoo initially knew the ball was in the locker room, but Seunghee later moved it to the bench without Chanwoo observing her actions. However, the story then states that Chanwoo himself moved the soccer ball to one side of the practice field and placed it on the ground. Since he performed this action, he would know its current location. Therefore, when looking for the ball, he would first check the practice field side where he left it.

### ANSWER
C"
object_placements-210,object_placements,B,B,"### ANSWER
B"
object_placements-211,object_placements,D,D,"수진은 처음에 풍선이 서랍에 있다는 것을 알고 있었지만, 지훈이 서랍에서 풍선을 꺼내 파티 장소로 옮겼습니다. 이후 지훈과 수진은 가까이서 대화하며 지훈이 손에 든 물건을 자연스럽게 보여주었으므로, 수진은 풍선이 파티 장소에 있음을 알게 됩니다. 따라서 수진은 풍선을 찾기 위해 가장 먼저 파티 장소를 확인할 것입니다.

### ANSWER
D"
object_placements-212,object_placements,C,C,"지훈은 채영이 카드를 책상에서 서랍으로 옮기는 것을 보지 못했고, 이후 서랍에서 풍선을 꺼낼 때도 카드를 알아채지 못했다. 따라서 지훈은 카드가 여전히 작업 책상에 있다고 믿는다. 카드가 가방으로 옮겨진 것도 보지 못했으므로, 가장 먼저 작업 책상을 확인할 것이다.

### ANSWER
C"
object_placements-213,object_placements,D,D,"지훈은 처음에 풍선이 서랍에 있다는 것을 알고 있었지만, 이후 직접 서랍에서 풍선을 꺼내 파티 장소로 옮겼다. 따라서 풍선을 찾으려 할 때 자신이 옮긴 장소인 파티 장소를 가장 먼저 확인할 것이다. 카드의 이동은 풍선의 위치와 무관하며, 다른 선택지들은 풍선이 최종적으로 놓인 곳이 아니다. 그러므로 정답은 D이다.

### ANSWER
D"
team_allocation-230,team_allocation,B,B,"수민은 과학적 연구개발에 강점이 있고, 지호는 창의적 마케팅에 강점이 있습니다. 다영은 지호와 협업이 잘 되고 통계 분석을 중시하므로 마케팅 팀에서 지호를 보조하는 것이 적합합니다. 또한 수민과 다영의 갈등을 피하려면 둘을 분리하는 것이 좋습니다. 따라서 연구개발에 수민, 마케팅에 다영과 지호를 배치하는 것이 가장 효율적입니다.

### ANSWER
B"
team_allocation-231,team_allocation,B,B,"Suhyeon is best suited for planning due to her analytical and reporting strengths, while Yerin and Jaeho both have relevant promotion experience. Option A places Yerin in planning despite her creative promotion strengths, and Option C places Jaeho in planning despite his lack of attention to detail. Therefore, assigning Suhyeon to planning and Yerin and Jaeho to promotion best utilizes each person's abilities.

### ANSWER
B"
team_allocation-232,team_allocation,A,A,"동민은 사용자 교육 경험과 소통 능력이 뛰어나므로 사용자 교육 팀에 배치하는 것이 적절하다. 현수는 기술 관련 프로젝트 경험이 일부 있으나 성공적이지 못했고, 지아는 기술적 세부 이해가 부족하므로 시스템 설계에는 현수가 상대적으로 나은 선택이다. 또한 동민과 현수는 잦은 충돌과 신뢰 부족으로 함께 배치하기 어렵고, 지아와 동민의 갈등은 상대적으로 덜 심각하게 묘사된다. 따라서 시스템 설계 팀에 현수, 사용자 교육 팀에 동민과 지아를 배정하는 A가 가장 효율적이다.

### ANSWER
A"
team_allocation-233,team_allocation,B,A,"이벤트 기획 팀은 창의성과 유연함이 중요하므로, 자유롭고 창의적인 방식을 선호하는 지훈이 가장 적합합니다. 반면 후원자 관리 팀은 세부 계획과 대인 관계 유지가 필요한데, 민수와 세영 모두 대인 관계에 어려움이 있지만 다른 선택지보다 상대적으로 나은 조합입니다. 세영이나 민수를 이벤트 기획에 배치하는 것은 그들의 성향상 적합하지 않습니다. 따라서 지훈을 이벤트 기획 팀에, 민수와 세영을 후원자 관리 팀에 배정하는 것이 최선입니다.

### ANSWER
A"
team_allocation-234,team_allocation,B,C,"### ANSWER
C"
team_allocation-235,team_allocation,B,A,"수진은 기획과 아이디어에서 강점을 보이므로 콘텐츠 제작자로 적합하고, 영훈은 기술 문제 해결 능력이 뛰어나 기술 지원원으로 적합합니다. 또한 수진과 영훈은 협력 경험이 좋아 시너지를 낼 수 있습니다. 따라서 A가 가장 효율적인 배치입니다.

### ANSWER
A"
team_allocation-236,team_allocation,B,A,"### ANSWER
A"
team_allocation-237,team_allocation,B,B,"지수는 창의적 기획에 강점이 있으므로 상품 기획 팀에 배치하는 것이 적합하다. 미영과 성훈은 과거에 성공적으로 협업한 경험이 있고, 마케팅 전략과 콘텐츠 개발에 각각 강점이 있어 마케팅 팀으로 함께 배치하는 것이 효율적이다. 또한 지수와 미영의 갈등을 피할 수 있는 구성이다. 따라서 B안이 가장 적절하다.

### ANSWER
B"
object_placements-104,object_placements,A,A,"지현은 처음에 수첩이 가방 안에 있다는 사실을 알고 있었다. 이후 민우가 수첩을 책상으로 옮겼지만, 지현은 민우가 어떤 물건을 옮기는지 세세히 확인하지 않았다고 했다. 따라서 지현이 수첩을 찾을 때 가장 먼저 확인할 곳은 원래 알고 있던 가방이다.

### ANSWER
A"
object_placements-105,object_placements,C,C,"지현은 마지막에 캘린더를 서랍 안으로 직접 옮겼기 때문에, 캘린더의 현재 위치를 가장 정확히 알고 있다. 따라서 캘린더를 찾으려 할 때 가장 먼저 서랍을 확인할 것이다. 다른 장소들은 이전 위치이거나 다른 사람이 옮긴 물건의 위치에 해당한다.

### ANSWER
C"
object_placements-106,object_placements,A,B,"영수는 USB를 직접 작업대 서랍으로 옮겼기 때문에, 자신이 마"
object_placements-107,object_placements,D,D,"### ANSWER
D"
object_placements-108,object_placements,A,A,"은혁은 마지막에 USB를 보안 금고로 직접 옮겼기 때문에 USB의 위치를 정확히 알고 있다. 따라서 USB를 찾기 위해 가장 먼저 보안 금고를 확인할 것이다. 다른 장소들은 이전 위치나 다른 사람이 옮긴 장소이므로 첫 확인 대상이 아니다.

### ANSWER
A"
object_placements-109,object_placements,D,D,"은혁은 지민이 노트북을 창고 선반으로 옮기기 전에 보관 계획을 언급받았으므로, 노트북의 위치를 알고 있다. 따라서 노트북을 찾기 위해 가장 먼저 창고 선반을 확인할 것이다.

### ANSWER
D"
object_placements-110,object_placements,B,C,"지민은 USB가 작업대 서랍으로 옮겨진 사실은 알고 있었지만, 이후 은혁이 USB를 보안 금고로 옮길 때는 다른 일에 집중하고 있어 그 이동을 인지하지 못했다. 따라서 지민이 가장 먼저 확인할 곳은 자신이 마지막으로 알고 있던 작업대 서랍이다.

### ANSWER
C"
object_placements-111,object_placements,D,D,"지민이 노트북을 창고 선반으로 옮겼다고 이야기에 명시되어 있다. 따라서 노트북을 찾으려면 가장 먼저 창고 선반을 확인해야 한다. USB는 작업대 서랍과 보안 금고로 옮겨졌으므로 노트북 위치와 관련이 없다. 실험실 책상은 원래 위치였지만 지민이 옮긴 뒤에는 아니다. 그러므로 정답은 D이다.

### ANSWER
D"
team_allocation-144,team_allocation,B,C,"프로그램 개발 팀은 창의적인 아이디어와 협력, 조율이 핵심인데, 소미는 창의적 제안과 의견 조율 능력을 모두 갖추고 있어 가장 적합하다. 참여자 관리 팀은 소통과 관리 능력이 중요한데, 다희는 조율과 협력에 강점이 있고, 영훈은 소통에 어려움이 있지만 확고한 방향 제시가 가능하므로 다희와 함께 배치하는 것이 효율적이다.

### ANSWER
C"
team_allocation-145,team_allocation,A,A,"영민은 안전 규정 준수와 문제 예방에 강점이 있으므로 안전 관리 팀에 배치하는 것이 적절하다. 수현은 안전 사고 경험과 세부 사항 누락 경향이 있어 안전 업무보다는 관리적 강점을 살릴 수 있는 프로그램 기획 팀에 두는 것이 낫다. 지안은 구조적 업무를 선호하지만 안전 관련 실수 이력이 있으므로, 영민의 안전 전문성이 이를 보완해 줄 수 있다. 따라서 A안이 두 업무의 효율성을 가장 잘 고려한 배치이다.

### ANSWER
A"
team_allocation-146,team_allocation,C,C,"현장 관리 팀은 빠른 판단과 문제 해결 능력이 필요한데, 상호와 민지는 모두 이 능력이 뛰어나고 과거 공동 프로젝트를 성공적으로 수행한 경험이 있어 함께 배치하는 것이 효과적입니다. 민지는 대중 앞에서 말하는 것을 불편해하므로 모집 팀보다 현장 관리에 적합하고, 상호도 소통에 어려움이 있어 현장 관리에 더 적합합니다. 지은은 현장 대처 능력이 부족하지만 자원봉사자 모집 팀에 배치하는 것이 세 사람 중 가장 균형 잡힌 선택입니다. 따라서 C가 가장 효율적인 배치입니다.

### ANSWER
C"
team_allocation-147,team_allocation,C,B,"### ANSWER
B"
team_allocation-148,team_allocation,A,A,"수현은 편집 경험이 풍부하고 문장 구조 개선에 능하며 협력적이므로 편집자에 적합하다. 민정은 시각 예술과 디자인 전문성 및 수상 경력이 있어 디자이너에 적합하다. 지호는 시각 예술 전공으로 디자인에 관심과 열정이 높아 디자이너로 적합하다. 반면 다른 배정들은 각자의 강점을 활용하지 못해 비효율적이다. 따라서 A가 가장 효율적인 배정이다.

### ANSWER
A"
team_allocation-149,team_allocation,B,B,"서진은 편집 경험과 세심함이 뛰어나지만 마케팅 성과가 낮고 건우·민지와 갈등 이력이 있으므로 편집 팀에 배치하는 것이 적합하다. 건우와 민지는 마케팅 경험과 성공적인 협업 이력이 있어 마케팅 팀에 함께 배치하는 것이 효율적이다. 따라서 B가 최적의 선택이다.

### ANSWER
B"
team_allocation-150,team_allocation,A,A,"수현은 편집 능력이 뛰어나고, 지훈은 디자인 능력이 뛰어나며, 미나는 디자인 관련 역량과 큰 그림을 보는 강점이 있다. 따라서 편집은 수현이, 디자인은 지훈과 미나가 맡는 것이 각자의 강점을 살리는 최적의 배치이다.

### ANSWER
A"
team_allocation-151,team_allocation,C,B,"지우는 편집 경험과 언어학적 전문성이 뛰어나므로 편집자 역할에 가장 적합하다. 민재는 마케팅 전공과 성공 경험을 갖추고 있어 마케터 역할에 적합하다. 수현은 편집에 위험이 있고 마케팅 실패 경험이 있지만, 두 역할 중에서는 마케터로 보조하는 것이 낫다. 따라서 편집자에 지우, 마케터에 민재와 수현을 배정하는 것이 효율적이다.

### ANSWER
B"
object_placements-214,object_placements,A,A,"채영은 생일 카드를 처음에 작업 책상에 두었지만, 이후 서랍으로 옮겼고 마지막에는 서랍에서 가방으로 옮겼다. 따라서 카드의 최종 위치는 가방이다. 채영은 자신이 마지막으로 카드를 가방에 넣었음을 알고 있으므로, 카드를 찾기 위해 가장 먼저 가방을 확인할 것이다.

### ANSWER
A"
object_placements-215,object_placements,D,D,"채영은 처음에 풍선이 서랍에 있다는 것을 알고 있었지만, 지훈이 서랍에서 풍선을 꺼내 파티 장소로 옮기는 모습을 바로 옆에서 지켜보았다. 따라서 채영은 풍선이 더 이상 서랍에 없다는 사실을 인지하고 있었을 가능성이 높다. 그러므로 풍선을 찾을 때 가장 먼저 확인할 곳은 파티 장소이다.

### ANSWER
D"
object_placements-216,object_placements,D,D,"서윤은 USB를 선반에서 책상으로 직접 옮겼기 때문에, USB의 현재 위치를 정확히 알고 있다. 따라서 USB를 찾으려 할 때 가장 먼저 책상을 확인할 것이다. 다른 장소들은 폴더나 다른 상황과 관련된 위치이다.

### ANSWER
D"
object_placements-217,object_placements,B,B,"서윤은 처음에 폴더가 책상에 있음을 알았지만, 현우가 폴더를 사물함으로 옮기는 모습을 가까이서 살폈다. 이후 채영이 사물함에서 폴더를 가방으로 옮길 때 서윤은 무대 쪽에 있어 그 장면을 보지 못했다. 따라서 서윤이 폴더를 찾으러 갈 때 가장 먼저 확인할 곳은 사물함이다.

### ANSWER
B"
object_placements-218,object_placements,C,C,"채영은 USB가 원래 선반에 있었음을 알고 있었고, 서윤이 USB를 책상으로 옮기는 장면을 주의 깊게 보지 못했다. 따라서 채영이 가장 먼저 확인할 곳은 자신이 마지막으로 알고 있던 위치인 선반이다.

### ANSWER
C"
object_placements-219,object_placements,A,A,"채영이는 마지막에 사물함에서 폴더를 꺼내 가방으로 옮겼기 때문에, 폴더의 현재 위치를 정확히 알고 있다. 따라서 폴더를 찾으려 할 때 가장 먼저 가방을 확인하는 것이 자연스럽다. 다른 장소들은 이전 위치나 다른 사람이 옮긴 곳이지만, 최종 이동은 채영이 직접 했기 때문이다.

### ANSWER
A"
team_allocation-48,team_allocation,B,B,"은지는 창의적 업무를 선호하므로 게임 디자이너에 적합하고, 수민은 검증된 QA 능력과 세심함을 갖추었으며 태훈은 기술적 오류 탐지에 강점이 있어 QA 팀으로 함께 배치하는 것이 효율적이다. 또한 수민과 태훈은 협력 경험이 있어 갈등이 적다. A와 C는 각각 적성에 맞지 않는 배치이거나 갈등을 유발한다.

### ANSWER
B"
team_allocation-49,team_allocation,B,B,"수현은 게임 개발과 디자인에 강점이 있지만 도영, 민지와 갈등 이력이 있어 마케팅 팀에 두는 것보다 게임 디자이너로 단독 배치하는 편이 낫습니다. 도영은 마케팅 전문성과 성과가 뛰어나고, 민지는 도영을 신뢰하고 지지하므로 둘을 마케팅 팀으로 묶는 것이 협업 효율을 높입니다. 따라서 게임 디자이너는 수현, 마케팅 전문가는 도영과 민지로 배정하는 것이 가장 적절합니다.

### ANSWER
B"
team_allocation-50,team_allocation,A,A,"Nayoung is clearly best suited for QA due to her meticulous, detail-oriented nature and consistency, while Suhyeon is the most passionate and creative candidate for game design, with strong knowledge of trends. Jihun, though also creative, possesses excellent bug-finding and systematic skills, making him a valuable addition to QA rather than displacing Suhyeon from design. Option B fails because Nayoung is unsuited for creative design and Suhyeon is unsuited for QA. Option C also misuses Suhyeon in QA and ignores his design strengths. Therefore, assigning Suhyeon as designer and Nayoung and Jihun as QA best utilizes each person's strengths.

### ANSWER
A"
team_allocation-51,team_allocation,C,C,"수진은 창의적이고 직관적인 사고를 선호하므로 게임 디자이너 역할에 적합하다. 영민은 논리적 문제 해결과 기계적 업무에 강하지만 시각적 디자인에는 관심이 없어 마케터에 더 어울린다. 지현은 실용적이고 절차를 중시하며 영민과 과거에 좋은 호흡을 보였으므로 마케팅 팀에서 함께하는 것이 효율적이다. 또한 수진과 지현은 갈등 이력이 있어 같은 팀에 배치하지 않는 것이 바람직하다. 따라서 게임 디자이너는 수진, 마케터는 영민과 지현으로 배정하는 것이 최선이다.

### ANSWER
C"
team_allocation-52,team_allocation,A,B,"영철은 게임 디자이너로서 가장 강력한 경험과 창의적 역량을 갖추고 있으므로 디자이너로 배치하는 것이 적절하다. 민석은 마케팅 캠페인 성공 경험과 전략 연구에 대한 관심이 높아 마케터로 적합하다. 수진은 마케팅 경험이 있으므로 마케팅 팀에 포함시키는 것이 효율적이다. 다른 선택지들은 핵심 역할에 부적합한 인물을 배치하므로 최선의 선택은 B이다.

### ANSWER
B"
team_allocation-53,team_allocation,B,B,"서연은 대현, 수진과 모두 갈등 이력이 있어 분리하는 것이 중요하다. 대현과 수진은 협업이 원활하고 서로 보완적이므로 함께 배치하는 것이 효율적이다. 서연은 교육학 이해와 창의적 문제 해결 능력이 있어 커리큘럼 개발에 적합하다. 따라서 커리큘럼 개발 팀에 서연, 교육 실행 팀에 대현과 수진을 배치하는 것이 최선이다.

### ANSWER
B"
team_allocation-54,team_allocation,C,B,"### ANSWER
B"
team_allocation-55,team_allocation,A,A,"### ANSWER
A"
object_placements-112,object_placements,C,C,"민정은 처음에 노트북이 책상 위에 있다는 정보를 알고 있었다. 상우가 노트북을 테이블로 옮겼을 때 민정은 반대 방향을 보고 있어 그 사실을 보지 못했다. 이후에도 민정은 상우의 작업보다는 자신의 발표 자료와 영호와의 대화에 집중했다. 따라서 민정은 여전히 노트북이 책상에 있다고 생각하므로 가장 먼저 책상을 확인할 것이다.

### ANSWER
C"
object_placements-113,object_placements,C,C,"민정은 처음에 시계가 로비에 있다는 것을 알았지만, 자신이 직접 시계를 서랍으로 옮겼다. 이후 영호가 시계를 책상으로 옮겼고, 민정은 영호가 있는 방향을 바라보며 대화하고 있었으므로 그 이동을 목격했을 것이다. 따라서 민정이 가장 최근에 인지한 시계의 위치는 책상이다. 그러므로 민정은 시계를 찾기 위해 책상을 가장 먼저 확인할 것이다.

### ANSWER
C"
object_placements-114,object_placements,D,D,"상우는 처음에 노트북이 책상 위에 있다는 것을 알고 있었지만, 이후 자신이 노트북을 테이블 위로 옮겼다. 따라서 노트북의 현재 위치를 가장 정확히 아는 사람은 상우이며, 그는 자신이 옮긴 테이블을 가장 먼저 확인할 것이다. 다른 장소들은 이야기 속에서 노트북과 직접 연결되지 않았다.

### ANSWER
D"
object_placements-115,object_placements,C,C,"상우는 처음에 시계가 로비에 있다는 것만 알고 있었지만, 민정이 서랍으로 옮기는 모습은 보지 못했다. 이후 영호가 시계를 책상으로 옮겼고, 상우는 영호가 있는 쪽을 바라보며 준비 상황을 점검하고 있었으므로 그 장면을 보았을 것이다. 따라서 상우가 시계를 찾을 때 가장 먼저 확인할 곳은 책상이다.

### ANSWER
C"
object_placements-116,object_placements,D,D,"영호는 상우의 작업 상황을 직접 확인하며 노트북이 테이블로 옮겨지는 것을 알고 있었다. 또한 세 사람은 필요한 물건들의 위치를 정확히 파악하고 있었다고 언급된다. 따라서 영호는 노트북을 찾기 위해 가장 먼저 테이블을 확인할 것이다.

### ANSWER
D"
object_placements-117,object_placements,C,C,"영호는 마지막에 시계를 책상으로 옮겨 바로 앞에 두었으므로, 시계를 찾을 때 가장 먼저 책상을 확인할 것이다.

### ANSWER
C"
object_placements-118,object_placements,B,B,"민재는 선물이 중간 선반으로 옮겨지는 것을 직접 목격했고, 이후 자신이 그 선물을 중간 선반에서 비밀 보관함으로 옮겼기 때문에 선물의 현재 위치를 정확히 알고 있다. 따라서 선물을 찾기 위해 가장 먼저 확인할 곳은 비밀 보관함이다.

### ANSWER
B"
object_placements-119,object_placements,A,A,"민재는 처음에 수첩이 긴 테이블 위에 있다는 사실을 알고 있었고, 태훈이 수첩을 작은 서랍으로 옮기는 장면을 보지 못했다. 또한 지영이 옮긴 것은 선물이었으며 수첩은 아니었다. 따라서 민재가 수첩을 찾을 때 가장 먼저 확인할 곳은 자신이 마지막으로 알고 있던 위치인 긴 테이블이다.

### ANSWER
A"
team_allocation-152,team_allocation,B,B,"지수는 편집 전문가로서 세부 관리에 강점이 있으므로 편집 역할에 가장 적합하고, 소라는 창의적 마케팅 전략과 네트워크가 뛰어나므로 마케팅 역할에 적합하다. 현우는 마케팅 트렌드와 빠른 결정력을 갖추어 마케팅 팀에서 소라를 보완할 수 있다. 소라를 편집에 배치하거나 현우만 편집에 두는 것은 각자의 강점을 살리지 못한다. 따라서 B가 두 업무를 효율적으로 수행하는 최적의 배치이다.

### ANSWER
B"
team_allocation-153,team_allocation,C,B,"영호는 작가와의 원활한 소통과 세부 업무 처리 능력을 갖추고 있어 저자 관리에 가장 적합합니다. 미나는 창의적 아이디어와 큰 그림을 보는 능력이 뛰어나 마케팅에 잘 어울립니다. 수진은 두 분야 모두 약점이 있지만, 마케팅 팀에서 미나와 함께할 때 보완될 가능성이 있습니다. 따라서 저자 관리는 영호, 마케팅은 미나와 수진으로 배정하는 것이 효율적입니다.

### ANSWER
B"
team_allocation-154,team_allocation,A,A,"서현은 디자인에 강점이 있고 도연은 마케팅과 데이터 분석에 강점이 있으므로, 각자의 전문성을 살리는 배정이 가장 효율적입니다. 진우는 두 분야 모두 뚜렷한 강점이 없으므로 보조적인 마케팅 역할에 포함하는 것이 적절합니다. 따라서 그래픽 디자이너는 서현, 마케팅 전략가는 도연과 진우로 구성한 A안이 최적입니다.

### ANSWER
A"
team_allocation-155,team_allocation,C,C,"세훈은 모델과의 소통 능력과 모델 관리 경험이 뛰어나므로 모델 관리 팀에 배치하는 것이 적합합니다. 영진은 무대 세팅과 디자인에 강점이 있으므로 무대 운영 팀에 배치하는 것이 효율적입니다. 수미는 두 분야 모두 능력이 부족하지만 남은 자리인 무대 운영 팀에 배치하는 것이 가장 현실적입니다. 다른 선택지들은 핵심 인물을 부적합한 역할에 두거나 더 큰 갈등을 유발하므로 C가 최선입니다.

### ANSWER
C"
team_allocation-156,team_allocation,A,A,"소희는 문법과 편집 능력이 뛰어나 콘텐츠 편집자로 적합하고, 민지는 카메라 장비와 촬영 능력이 뛰어나 사진 촬영자로 적합하다. 도현은 글쓰기와 촬영 모두 부족하고 팀워크 문제도 있어 어느 역할에도 적합하지 않다. 따라서 소희를 편집자, 민지를 촬영자로 배정하는 것이 가장 효율적이다. 보기 중 A가 이 배정을 포함하므로 정답이다.

### ANSWER
A"
team_allocation-157,team_allocation,C,C,"### ANSWER
C"
team_allocation-238,team_allocation,C,C,"소영은 UI/UX 디자인에 강점이 있고 데이터 분석에는 흥미가 없으므로 UI/UX 디자이너로 배정하는 것이 적합합니다. 미나와 지훈은 모두 데이터 분석 능력이 뛰어나고 과거 협력도 원활했으므로 데이터 분석가로 함께 배정하는 것이 효율적입니다. 다른 선택지들은 갈등 관계를 포함하거나 부적합한 인물을 분석가로 배정하는 문제가 있습니다. 따라서 C 조합이 가장 효과적입니다.

### ANSWER
C"
team_allocation-239,team_allocation,B,B,"마케팅 업무는 영훈과 민지가 가장 적합하다. 영훈은 마케팅 전공과 시장 조사 경험, 민지는 프로모션 캠페인 설계와 예산 관리 능력이 있다. 반면 수미는 대중 프로모션 이해도가 부족하므로 마케팅보다는 게임 디자이너로 배정하는 것이 낫다. 비록 수미가 디자인 소프트웨어에 약하지만, 다른 두 사람도 디자인 경험이 부족하고, 마케팅의 효율성을 고려할 때 B안이 두 업무를 모두 고려한 최선이다.

### ANSWER
B"
team_allocation-240,team_allocation,B,B,"수민은 건축 설계에서 뛰어난 문제 해결 능력과 성과를 보였으므로 건축 설계자로 적합합니다. 도윤은 마케팅 프로젝트 경험과 창의적 아이디어에서 탁월한 성과를 냈으므로 마케팅 전문가로 가장 적합합니다. 혜진은 건축과 마케팅 모두에서 뚜렷한 약점을 보이지만, 두 핵심 역할에 가장 적합한 인물을 배치하는 것이 효율적입니다. 따라서 건축 설계자에 수민, 마케팅 전문가에 도윤과 혜진을 배정하는 것이 가장 균형 잡힌 선택입니다.

### ANSWER
B"
team_allocation-241,team_allocation,A,A,"수현은 레시피 개발에 전문성이 뚜렷하므로 레시피 개발 팀에 배치하는 것이 효율적입니다. 도영은 조직적이고 체계적인 강점이 있고, 지민은 제품 디자인에 관심이 있으므로 포장 디자인 팀에 두는 것이 적절합니다. B와 C는 핵심 인물을 부적합한 팀에 배치하여 효율성이 떨어집니다. 따라서 A안이 가장 균형 잡힌 선택입니다.

### ANSWER
A"
team_allocation-242,team_allocation,A,A,"미나는 개발에 약점이 있고 고객 피드백 수집에 강점이 있으므로 피드백 팀에 배치해야 한다. 현수는 고객 응대와 소통에 강점이 있고 미나와 협업이 잘 되므로 함께 피드백 팀에 두는 것이 효율적이다. 지원은 소통과 피드백 해석에 어려움이 있지만 프로그래밍 프로젝트 경험이 있으므로 개발 팀에 배치하는 것이 상대적으로 낫다. 지원과 미나를 같은 팀에 두면 갈등이 생길 수 있으므로 분리하는 것이 좋다. 따라서 A안이 가장 적절하다.

### ANSWER
A"
team_allocation-243,team_allocation,C,C,"### ANSWER
C"
team_allocation-244,team_allocation,C,B,"운영 관리 팀은 세부 사항과 프로세스 관리가 중요하므로 분석적이고 관리에 능한 동혁이 필수적이다. 고객 경험 팀은 고객에게 직접 서비스를 전달하므로 대인 관계와 감정적 지원에 강점이 있는 지민이 적합하다. 수아는 고객 소통을 꺼리고 세부 관리에 약하며 동혁·지민과 갈등 이력이 있어 단독 배치보다는 동혁과 함께 운영 관리 팀에 두는 것이 낫다. A는 운영 팀에 수아와 지민을 두어 세부 관리가 취약하고, C는 고객 경험 팀에 수아를 두어 부적합하다. 따라서 B가 두 업무를 모두 고려한 최선의 선택이다.

### ANSWER
B"
team_allocation-245,team_allocation,B,B,"수현은 UI 디자인에 강점이 있고 개발에는 약하므로 UI 디자이너로 배치하는 것이 적합합니다. 예진은 소프트웨어 개발에서 긍정적 평가를 받았으므로 개발자로 활용하는 것이 효율적입니다. 재민은 개발 능력이 부족하지만 예진과 협업이 잘 되므로 예진과 함께 개발팀에 두는 것이 낫습니다. A와 C는 강점을 제대로 활용하지 못하거나 갈등을 유발할 수 있습니다.

### ANSWER
B"
team_allocation-246,team_allocation,A,A,"지훈은 UI/UX에 강점이 있고 사용자 테스트 분석 능력이 뛰어나므로 사용자 경험 팀에 배치하는 것이 적절하다. 미영은 데이터 보안 전문가로서 보안 팀을 이끌기에 가장 적합하며, 수진은 미영과 좋은 관계를 유지하고 협업 경험이 있으므로 보안 팀에서 미영을 보조하는 것이 효율적이다. 반면 수진을 UX 팀에 두는 것은 디자인 센스 부족으로 적합하지 않고, 지훈과 수진 또는 지훈과 미영의 갈등 관계를 고려할 때 이들을 같은 팀에 배치하는 것은 피해야 한다. 따라서 A안이 두 업무를 모두 고려한 최선의 선택이다.

### ANSWER
A"
team_allocation-247,team_allocation,B,B,"서연은 창의적 아이디어와 기획 경험이 뛰어나므로 캠페인 기획 팀에 배치하는 것이 적절하다. 도훈은 대규모 자원봉사 프로젝트 관리 성공 경험과 갈등 해결 능력이 있어 자원봉사자 관리 팀에 적합하다. 예지는 자원봉사 리더십과 관계 형성 능력이 있으나 일정 관리가 약하므로, 구조적이고 실용적인 도훈과 함께 자원봉사자 관리 팀에 배치하면 보완이 가능하다. 따라서 캠페인 기획 팀에 서연, 자원봉사자 관리 팀에 도훈과 예지를 배치하는 것이 가장 효율적이다.

### ANSWER
B"
team_allocation-248,team_allocation,C,C,"수현은 홍보 경험과 창의적 콘텐츠 제작 능력이 뛰어나지만 현장에서 약하므로 홍보 팀원이 적합합니다. 재민은 대인관계와 야외 활동 경험이 풍부하지만 창의적 글쓰기에 약하므로 현장 활동 팀원이 적합합니다. 나영은 대중 앞에 나서는 것을 두려워하고 홍보 자료 제작에 어려움이 있으므로 현장 활동에 배정하는 것이 낫습니다. 따라서 최적의 배정은 C입니다.

### ANSWER
C"
team_allocation-249,team_allocation,A,A,"소영은 소프트웨어 개발 경험이 풍부하고 코딩에 강한 열정을 가진 유일한 인물이므로 개발자 역할에 가장 적합하다. 지훈과 태민은 모두 피드백 분석 능력과 관련 훈련 또는 전공을 갖추고 있어 피드백 분석가로 적절하다. 태민이나 지훈을 개발자로 배치하는 것은 프로그래밍 능력 부족으로 업무 효율이 떨어진다. 따라서 개발자에 소영, 피드백 분석가에 지훈과 태민을 배정하는 것이 두 업무를 모두 효율적으로 수행할 수 있는 최선의 선택이다.

### ANSWER
A"
object_placements-120,object_placements,D,D,"지영은 선물을 직접 중간 선반으로 옮겼기 때문에, 자신이 마지막으로 둔 곳인 중간 선반을 가장 먼저 확인할 것이다.

### ANSWER
D"
object_placements-121,object_placements,C,C,"### ANSWER
C"
object_placements-122,object_placements,B,B,"태훈은 민재가 선물을 비밀 보관함으로 옮기는 과정을 주의 깊게 지켜보았으므로, 선물의 현재 위치를 알고 있다. 따라서 선물을 찾기 위해 가장 먼저 비밀 보관함을 확인할 것이다.

### ANSWER
B"
object_placements-123,object_placements,C,C,"태훈이는 처음에 수첩을 긴 테이블에서 작은 서랍으로 직접 옮겼다. 이후 이야기에서 수첩이 다른 곳으로 이동했다는 언급은 없고, 선물만 중간 선반과 비밀 보관함으로 옮겨졌다. 따라서 태훈이는 자신이 마지막으로 둔 장소인 작은 서랍을 가장 먼저 확인할 것이다.

### ANSWER
C"
object_placements-124,object_placements,B,B,"민재는 유나가 기록 카드를 손에서 실험실 서랍으로 옮겨 보관하는 과정을 직접 확인했다. 따라서 기록 카드의 현재 위치를 알고 있는 민재는 그것을 찾기 위해 가장 먼저 실험실 서랍을 확인할 것이다. 다른 장소들은 기록 카드가 원래 있던 곳이나 약품과 관련된 곳이므로 정답이 아니다.

### ANSWER
B"
object_placements-125,object_placements,A,A,"민재는 화학 약품이 보관 캐비닛에 있다는 사실을 처음부터 알고 있었고, 마지막에 직접 약품을 캐비닛에 넣었기 때문에 약품을 찾을 때 가장 먼저 보관 캐비닛을 확인할 것이다.

### ANSWER
A"
team_allocation-56,team_allocation,C,A,"### ANSWER
A"
team_allocation-57,team_allocation,C,C,"채은은 디자인에 강점이 있고 백엔드 개발에 어려움을 겪었으므로 사용자 경험 디자이너로 적합하다. 민지는 백엔드 개발 경험과 기술 역량이 뛰어나므로 백엔드 개발자로 적합하다. 지후는 백엔드 경험은 부족하지만 민지와 협업이 원활하고 시스템 아키텍처에 관심이 있어 백엔드 팀에 보조적으로 배치하는 것이 낫다. 따라서 C안이 팀의 강점을 가장 잘 살린다.

### ANSWER
C"
team_allocation-58,team_allocation,C,C,"지훈은 디자인과 인증 모두에 능하지만 수민과 자주 충돌하므로 둘을 분리하는 것이 좋다. 수민은 인증 절차 관리에 뛰어나고 예림과의 협업 경험이 좋으므로 인증 업무에 함께 배치하는 것이 효율적이다. 지훈은 제품 디자이너로서 강력한 디자인 역량을 발휘할 수 있다. 따라서 지훈을 디자이너로, 수민과 예림을 인증 담당으로 두는 C가 가장 균형 잡힌 선택이다.

### ANSWER
C"
team_allocation-59,team_allocation,C,C,"민수는 사용자 경험 디자인에서 최고의 성과를 낸 강점이 있으므로 UX 디자인 팀에 배치하는 것이 적절하다. 세아는 민수와 협력할 때 높은 성과를 내고 서로를 보완하므로 같은 UX 팀에 두는 것이 좋다. 유진은 콘텐츠 관리 프로젝트 경험이 있고 자신의 실수를 인정하며 개선하려는 태도를 보이므로 콘텐츠 관리 팀에 배치하는 것이 가장 균형 잡힌 선택이다.

### ANSWER
C"
team_allocation-60,team_allocation,C,C,"Seojin has strong design expertise but is weak in consumer psychology and market trends, so he should not be placed in sales. Yeonghun is the strongest in sales strategy and market understanding, while Mina combines design skills with communication and sales experience. Assigning Seojin as product designer and Mina/Yeonghun as sales strategists best utilizes each person’s strengths. Therefore, the optimal arrangement is option C.

### ANSWER
C"
team_allocation-61,team_allocation,B,B,"서준은 코칭 경험과 조율 능력이 뛰어나 코칭 스태프 팀에 적합하고, 지훈은 선수 모집 경험이 있으나 코칭 시 갈등이 잦았으므로 모집 팀에 배치하는 것이 좋다. 유진은 모집 능력이 뛰어나지만 코칭에는 관심과 경험이 부족하므로, 서준과의 친분을 고려해 코칭 팀에서 보조 역할을 맡는 것이 낫다. 지훈과 서준은 의견 충돌이 크므로 분리하는 것이 필수적이며, 지훈과 유진도 갈등 이력이 있어 함께 두지 않는 것이 안전하다. 따라서 지훈을 선수 모집 팀에, 서준과 유진을 코칭 스태프 팀에 두는 B안이 갈등을 최소화하면서 각자의 강점을 활용하는 최선의 선택이다.

### ANSWER
B"
team_allocation-62,team_allocation,B,B,"지훈은 요리 경험이 풍부하고 독립적으로 일하는 것을 선호하므로 요리 팀에 적합합니다. 미진은 고객 응대 능력이 뛰어나 서비스 팀에 가장 적합합니다. 수현은 요리보다 계획과 분석에 강점이 있지만, 미진과 협업한 경험이 있고 주방보다는 서비스 팀에서 나은 역할을 할 수 있습니다. 따라서 요리 팀에 지훈, 서비스 팀에 미진과 수현을 배치하는 것이 가장 효율적입니다.

### ANSWER
B"
team_allocation-63,team_allocation,C,C,"서현은 제품 개발에서 강점을 보였고 유통에서는 약점을 보였으므로 제품 개발자로 적합합니다. 동욱과 지민은 모두 유통 관리에서 성과를 냈으므로 유통 관리자로 배치하는 것이 효율적입니다. 이렇게 하면 서현과 동욱, 서현과 지민 사이의 갈등을 피할 수 있습니다. 따라서 가장 적합한 배치는 제품 개발자 서현, 유통 관리자 동욱과 지민입니다.

### ANSWER
C"
